时间戳,台区编号,负荷值,温度,是否节假日
2026-01-01 00:00:00,STATION_A_01,277.3,1.1,True
2026-01-01 01:00:00,STATION_A_01,263.03,-1.3,True
2026-01-01 02:00:00,STATION_A_01,281.0,0.6,True
2026-01-01 03:00:00,STATION_A_01,294.77,1.0,True
2026-01-01 04:00:00,STATION_A_01,324.25,1.0,True
2026-01-01 05:00:00,STATION_A_01,370.92,1.4,True
2026-01-01 06:00:00,STATION_A_01,457.82,1.3,True
2026-01-01 07:00:00,STATION_A_01,454.62,1.9,True
2026-01-01 08:00:00,STATION_A_01,549.9,4.9,True
2026-01-01 09:00:00,STATION_A_01,558.2,6.1,True
2026-01-01 10:00:00,STATION_A_01,635.83,6.4,True
2026-01-01 11:00:00,STATION_A_01,662.74,9.7,True
2026-01-01 12:00:00,STATION_A_01,644.1,8.5,True
2026-01-01 13:00:00,STATION_A_01,711.88,9.7,True
2026-01-01 14:00:00,STATION_A_01,685.73,12.9,True
2026-01-01 15:00:00,STATION_A_01,623.81,12.2,True
2026-01-01 16:00:00,STATION_A_01,657.47,10.5,True
2026-01-01 17:00:00,STATION_A_01,623.43,10.8,True
2026-01-01 18:00:00,STATION_A_01,569.31,9.7,True
2026-01-01 19:00:00,STATION_A_01,490.79,5.1,True
2026-01-01 20:00:00,STATION_A_01,428.99,6.0,True
2026-01-01 21:00:00,STATION_A_01,393.2,5.6,True
2026-01-01 22:00:00,STATION_A_01,350.06,3.8,True
2026-01-01 23:00:00,STATION_A_01,307.69,3.2,True
2026-01-02 00:00:00,STATION_A_01,265.15,3.1,True
2026-01-02 01:00:00,STATION_A_01,268.66,0.5,True
2026-01-02 02:00:00,STATION_A_01,278.47,-0.9,True
2026-01-02 03:00:00,STATION_A_01,277.34,0.6,True
2026-01-02 04:00:00,STATION_A_01,336.26,-0.0,True
2026-01-02 05:00:00,STATION_A_01,406.01,0.7,True
2026-01-02 06:00:00,STATION_A_01,438.42,1.4,True
2026-01-02 07:00:00,STATION_A_01,510.43,5.6,True
2026-01-02 08:00:00,STATION_A_01,545.47,1.6,True
2026-01-02 09:00:00,STATION_A_01,593.23,5.2,True
2026-01-02 10:00:00,STATION_A_01,648.62,7.1,True
2026-01-02 11:00:00,STATION_A_01,655.62,7.5,True
2026-01-02 12:00:00,STATION_A_01,673.3,10.7,True
2026-01-02 13:00:00,STATION_A_01,735.55,11.4,True
2026-01-02 14:00:00,STATION_A_01,730.45,11.0,True
2026-01-02 15:00:00,STATION_A_01,651.79,10.9,True
2026-01-02 16:00:00,STATION_A_01,662.24,10.9,True
2026-01-02 17:00:00,STATION_A_01,593.51,10.3,True
2026-01-02 18:00:00,STATION_A_01,549.1,9.5,True
2026-01-02 19:00:00,STATION_A_01,493.93,8.2,True
2026-01-02 20:00:00,STATION_A_01,444.48,7.4,True
2026-01-02 21:00:00,STATION_A_01,377.9,6.6,True
2026-01-02 22:00:00,STATION_A_01,347.9,2.8,True
2026-01-02 23:00:00,STATION_A_01,300.01,1.7,True
2026-01-03 00:00:00,STATION_A_01,247.26,-0.3,True
2026-01-03 01:00:00,STATION_A_01,228.57,2.0,True
2026-01-03 02:00:00,STATION_A_01,260.32,0.7,True
2026-01-03 03:00:00,STATION_A_01,265.61,0.8,True
2026-01-03 04:00:00,STATION_A_01,299.25,-1.3,True
2026-01-03 05:00:00,STATION_A_01,313.23,3.1,True
2026-01-03 06:00:00,STATION_A_01,367.54,1.1,True
2026-01-03 07:00:00,STATION_A_01,446.94,3.2,True
2026-01-03 08:00:00,STATION_A_01,483.13,5.4,True
2026-01-03 09:00:00,STATION_A_01,489.73,4.6,True
2026-01-03 10:00:00,STATION_A_01,585.42,6.5,True
2026-01-03 11:00:00,STATION_A_01,584.27,8.7,True
2026-01-03 12:00:00,STATION_A_01,645.32,13.1,True
2026-01-03 13:00:00,STATION_A_01,619.68,10.9,True
2026-01-03 14:00:00,STATION_A_01,619.5,13.0,True
2026-01-03 15:00:00,STATION_A_01,620.48,12.7,True
2026-01-03 16:00:00,STATION_A_01,547.53,11.5,True
2026-01-03 17:00:00,STATION_A_01,507.13,9.3,True
2026-01-03 18:00:00,STATION_A_01,475.6,10.9,True
2026-01-03 19:00:00,STATION_A_01,441.41,6.7,True
2026-01-03 20:00:00,STATION_A_01,361.41,9.1,True
2026-01-03 21:00:00,STATION_A_01,313.13,6.0,True
2026-01-03 22:00:00,STATION_A_01,301.03,1.2,True
2026-01-03 23:00:00,STATION_A_01,256.4,2.6,True
2026-01-04 00:00:00,STATION_A_01,306.84,2.7,False
2026-01-04 01:00:00,STATION_A_01,283.04,0.7,False
2026-01-04 02:00:00,STATION_A_01,303.79,1.3,False
2026-01-04 03:00:00,STATION_A_01,335.88,-0.7,False
2026-01-04 04:00:00,STATION_A_01,387.61,-1.1,False
2026-01-04 05:00:00,STATION_A_01,415.23,1.0,False
2026-01-04 06:00:00,STATION_A_01,514.79,2.0,False
2026-01-04 07:00:00,STATION_A_01,537.58,2.6,False
2026-01-04 08:00:00,STATION_A_01,600.29,5.9,False
2026-01-04 09:00:00,STATION_A_01,711.17,4.8,False
2026-01-04 10:00:00,STATION_A_01,731.66,7.6,False
2026-01-04 11:00:00,STATION_A_01,750.98,8.7,False
2026-01-04 12:00:00,STATION_A_01,786.35,7.8,False
2026-01-04 13:00:00,STATION_A_01,837.04,9.0,False
2026-01-04 14:00:00,STATION_A_01,831.42,11.2,False
2026-01-04 15:00:00,STATION_A_01,744.24,13.7,False
2026-01-04 16:00:00,STATION_A_01,725.72,11.8,False
2026-01-04 17:00:00,STATION_A_01,677.63,8.5,False
2026-01-04 18:00:00,STATION_A_01,594.47,6.0,False
2026-01-04 19:00:00,STATION_A_01,550.48,9.5,False
2026-01-04 20:00:00,STATION_A_01,487.47,7.2,False
2026-01-04 21:00:00,STATION_A_01,444.62,7.2,False
2026-01-04 22:00:00,STATION_A_01,392.08,3.4,False
2026-01-04 23:00:00,STATION_A_01,332.89,3.5,False
2026-01-05 00:00:00,STATION_A_01,351.89,3.0,False
2026-01-05 01:00:00,STATION_A_01,352.99,0.6,False
2026-01-05 02:00:00,STATION_A_01,347.37,0.0,False
2026-01-05 03:00:00,STATION_A_01,390.76,0.4,False
2026-01-05 04:00:00,STATION_A_01,426.47,1.2,False
2026-01-05 05:00:00,STATION_A_01,469.82,1.1,False
2026-01-05 06:00:00,STATION_A_01,535.92,3.2,False
2026-01-05 07:00:00,STATION_A_01,659.45,2.6,False
2026-01-05 08:00:00,STATION_A_01,697.01,2.9,False
2026-01-05 09:00:00,STATION_A_01,813.22,8.3,False
2026-01-05 10:00:00,STATION_A_01,812.8,6.6,False
2026-01-05 11:00:00,STATION_A_01,881.58,8.0,False
2026-01-05 12:00:00,STATION_A_01,976.48,9.7,False
2026-01-05 13:00:00,STATION_A_01,877.05,10.7,False
2026-01-05 14:00:00,STATION_A_01,841.37,10.7,False
2026-01-05 15:00:00,STATION_A_01,912.41,11.4,False
2026-01-05 16:00:00,STATION_A_01,804.3,11.2,False
2026-01-05 17:00:00,STATION_A_01,769.24,10.9,False
2026-01-05 18:00:00,STATION_A_01,687.29,7.0,False
2026-01-05 19:00:00,STATION_A_01,634.46,10.9,False
2026-01-05 20:00:00,STATION_A_01,536.94,7.2,False
2026-01-05 21:00:00,STATION_A_01,484.18,6.6,False
2026-01-05 22:00:00,STATION_A_01,435.45,2.8,False
2026-01-05 23:00:00,STATION_A_01,370.24,2.6,False
2026-01-06 00:00:00,STATION_A_01,346.84,1.2,False
2026-01-06 01:00:00,STATION_A_01,341.75,2.9,False
2026-01-06 02:00:00,STATION_A_01,337.85,-0.1,False
2026-01-06 03:00:00,STATION_A_01,378.29,1.3,False
2026-01-06 04:00:00,STATION_A_01,430.79,-0.2,False
2026-01-06 05:00:00,STATION_A_01,480.89,0.6,False
2026-01-06 06:00:00,STATION_A_01,550.79,1.8,False
2026-01-06 07:00:00,STATION_A_01,629.01,4.7,False
2026-01-06 08:00:00,STATION_A_01,686.71,2.3,False
2026-01-06 09:00:00,STATION_A_01,789.91,4.4,False
2026-01-06 10:00:00,STATION_A_01,871.75,5.0,False
2026-01-06 11:00:00,STATION_A_01,860.94,7.4,False
2026-01-06 12:00:00,STATION_A_01,918.93,8.9,False
2026-01-06 13:00:00,STATION_A_01,905.69,8.8,False
2026-01-06 14:00:00,STATION_A_01,915.36,10.4,False
2026-01-06 15:00:00,STATION_A_01,923.56,9.0,False
2026-01-06 16:00:00,STATION_A_01,845.41,10.1,False
2026-01-06 17:00:00,STATION_A_01,724.07,12.2,False
2026-01-06 18:00:00,STATION_A_01,714.85,10.3,False
2026-01-06 19:00:00,STATION_A_01,657.54,9.0,False
2026-01-06 20:00:00,STATION_A_01,552.67,6.2,False
2026-01-06 21:00:00,STATION_A_01,505.66,4.1,False
2026-01-06 22:00:00,STATION_A_01,419.54,3.2,False
2026-01-06 23:00:00,STATION_A_01,364.86,3.2,False
2026-01-07 00:00:00,STATION_A_01,358.33,3.1,False
2026-01-07 01:00:00,STATION_A_01,325.61,2.3,False
2026-01-07 02:00:00,STATION_A_01,353.65,1.4,False
2026-01-07 03:00:00,STATION_A_01,402.4,-0.4,False
2026-01-07 04:00:00,STATION_A_01,401.47,0.7,False
2026-01-07 05:00:00,STATION_A_01,467.19,0.9,False
2026-01-07 06:00:00,STATION_A_01,537.51,1.9,False
2026-01-07 07:00:00,STATION_A_01,629.84,5.7,False
2026-01-07 08:00:00,STATION_A_01,695.81,2.5,False
2026-01-07 09:00:00,STATION_A_01,811.32,5.7,False
2026-01-07 10:00:00,STATION_A_01,860.19,8.9,False
2026-01-07 11:00:00,STATION_A_01,892.86,7.0,False
2026-01-07 12:00:00,STATION_A_01,910.76,9.1,False
2026-01-07 13:00:00,STATION_A_01,928.54,10.2,False
2026-01-07 14:00:00,STATION_A_01,879.01,11.1,False
2026-01-07 15:00:00,STATION_A_01,904.4,9.6,False
2026-01-07 16:00:00,STATION_A_01,800.55,12.1,False
2026-01-07 17:00:00,STATION_A_01,796.81,11.6,False
2026-01-07 18:00:00,STATION_A_01,734.96,10.5,False
2026-01-07 19:00:00,STATION_A_01,636.79,7.8,False
2026-01-07 20:00:00,STATION_A_01,555.13,7.6,False
2026-01-07 21:00:00,STATION_A_01,496.88,5.0,False
2026-01-07 22:00:00,STATION_A_01,387.96,4.2,False
2026-01-07 23:00:00,STATION_A_01,390.04,5.9,False
2026-01-08 00:00:00,STATION_A_01,356.15,2.3,False
2026-01-08 01:00:00,STATION_A_01,347.3,-0.1,False
2026-01-08 02:00:00,STATION_A_01,366.5,1.0,False
2026-01-08 03:00:00,STATION_A_01,385.13,-1.0,False
2026-01-08 04:00:00,STATION_A_01,414.22,-0.7,False
2026-01-08 05:00:00,STATION_A_01,488.05,0.1,False
2026-01-08 06:00:00,STATION_A_01,560.55,1.7,False
2026-01-08 07:00:00,STATION_A_01,635.57,4.5,False
2026-01-08 08:00:00,STATION_A_01,710.84,5.4,False
2026-01-08 09:00:00,STATION_A_01,803.85,6.7,False
2026-01-08 10:00:00,STATION_A_01,803.01,6.2,False
2026-01-08 11:00:00,STATION_A_01,885.54,8.2,False
2026-01-08 12:00:00,STATION_A_01,949.73,10.3,False
2026-01-08 13:00:00,STATION_A_01,862.76,10.1,False
2026-01-08 14:00:00,STATION_A_01,914.63,11.1,False
2026-01-08 15:00:00,STATION_A_01,862.5,12.1,False
2026-01-08 16:00:00,STATION_A_01,824.49,11.0,False
2026-01-08 17:00:00,STATION_A_01,751.77,11.2,False
2026-01-08 18:00:00,STATION_A_01,703.46,11.9,False
2026-01-08 19:00:00,STATION_A_01,674.76,8.7,False
2026-01-08 20:00:00,STATION_A_01,535.36,9.0,False
2026-01-08 21:00:00,STATION_A_01,471.28,6.8,False
2026-01-08 22:00:00,STATION_A_01,412.65,2.9,False
2026-01-08 23:00:00,STATION_A_01,410.45,2.1,False
2026-01-09 00:00:00,STATION_A_01,352.78,1.2,False
2026-01-09 01:00:00,STATION_A_01,348.58,0.4,False
2026-01-09 02:00:00,STATION_A_01,353.61,0.7,False
2026-01-09 03:00:00,STATION_A_01,374.43,1.4,False
2026-01-09 04:00:00,STATION_A_01,429.1,2.3,False
2026-01-09 05:00:00,STATION_A_01,534.18,1.8,False
2026-01-09 06:00:00,STATION_A_01,588.13,1.7,False
2026-01-09 07:00:00,STATION_A_01,615.85,0.9,False
2026-01-09 08:00:00,STATION_A_01,724.89,4.8,False
2026-01-09 09:00:00,STATION_A_01,755.18,6.2,False
2026-01-09 10:00:00,STATION_A_01,785.05,7.8,False
2026-01-09 11:00:00,STATION_A_01,914.1,11.5,False
2026-01-09 12:00:00,STATION_A_01,948.27,11.6,False
2026-01-09 13:00:00,STATION_A_01,954.84,11.9,False
2026-01-09 14:00:00,STATION_A_01,896.49,10.3,False
2026-01-09 15:00:00,STATION_A_01,877.87,11.1,False
2026-01-09 16:00:00,STATION_A_01,859.66,11.4,False
2026-01-09 17:00:00,STATION_A_01,789.22,10.0,False
2026-01-09 18:00:00,STATION_A_01,699.88,10.7,False
2026-01-09 19:00:00,STATION_A_01,599.67,9.4,False
2026-01-09 20:00:00,STATION_A_01,563.96,6.3,False
2026-01-09 21:00:00,STATION_A_01,511.39,7.6,False
2026-01-09 22:00:00,STATION_A_01,415.4,4.9,False
2026-01-09 23:00:00,STATION_A_01,396.82,1.4,False
2026-01-10 00:00:00,STATION_A_01,320.11,2.3,False
2026-01-10 01:00:00,STATION_A_01,315.98,1.8,False
2026-01-10 02:00:00,STATION_A_01,326.17,2.1,False
2026-01-10 03:00:00,STATION_A_01,333.42,0.3,False
2026-01-10 04:00:00,STATION_A_01,360.2,1.9,False
2026-01-10 05:00:00,STATION_A_01,425.95,1.7,False
2026-01-10 06:00:00,STATION_A_01,510.3,0.8,False
2026-01-10 07:00:00,STATION_A_01,549.57,1.8,False
2026-01-10 08:00:00,STATION_A_01,610.32,6.2,False
2026-01-10 09:00:00,STATION_A_01,642.65,7.7,False
2026-01-10 10:00:00,STATION_A_01,784.03,8.1,False
2026-01-10 11:00:00,STATION_A_01,801.39,10.8,False
2026-01-10 12:00:00,STATION_A_01,825.84,11.4,False
2026-01-10 13:00:00,STATION_A_01,840.39,11.8,False
2026-01-10 14:00:00,STATION_A_01,820.59,10.5,False
2026-01-10 15:00:00,STATION_A_01,772.58,13.8,False
2026-01-10 16:00:00,STATION_A_01,734.99,12.2,False
2026-01-10 17:00:00,STATION_A_01,676.77,10.6,False
2026-01-10 18:00:00,STATION_A_01,684.0,9.4,False
2026-01-10 19:00:00,STATION_A_01,571.9,9.3,False
2026-01-10 20:00:00,STATION_A_01,487.66,5.7,False
2026-01-10 21:00:00,STATION_A_01,441.95,7.1,False
2026-01-10 22:00:00,STATION_A_01,369.08,3.7,False
2026-01-10 23:00:00,STATION_A_01,360.56,4.0,False
2026-01-11 00:00:00,STATION_A_01,309.99,1.8,False
2026-01-11 01:00:00,STATION_A_01,314.17,1.2,False
2026-01-11 02:00:00,STATION_A_01,329.25,0.1,False
2026-01-11 03:00:00,STATION_A_01,347.3,0.6,False
2026-01-11 04:00:00,STATION_A_01,384.15,3.3,False
2026-01-11 05:00:00,STATION_A_01,435.44,3.2,False
2026-01-11 06:00:00,STATION_A_01,495.3,2.9,False
2026-01-11 07:00:00,STATION_A_01,550.43,3.5,False
2026-01-11 08:00:00,STATION_A_01,617.41,5.9,False
2026-01-11 09:00:00,STATION_A_01,723.98,7.7,False
2026-01-11 10:00:00,STATION_A_01,737.97,6.8,False
2026-01-11 11:00:00,STATION_A_01,759.58,9.0,False
2026-01-11 12:00:00,STATION_A_01,791.85,8.0,False
2026-01-11 13:00:00,STATION_A_01,846.53,12.4,False
2026-01-11 14:00:00,STATION_A_01,825.69,14.1,False
2026-01-11 15:00:00,STATION_A_01,796.75,11.9,False
2026-01-11 16:00:00,STATION_A_01,734.62,9.1,False
2026-01-11 17:00:00,STATION_A_01,702.8,11.8,False
2026-01-11 18:00:00,STATION_A_01,613.86,9.2,False
2026-01-11 19:00:00,STATION_A_01,557.45,8.3,False
2026-01-11 20:00:00,STATION_A_01,513.97,8.5,False
2026-01-11 21:00:00,STATION_A_01,449.43,6.7,False
2026-01-11 22:00:00,STATION_A_01,370.5,4.4,False
2026-01-11 23:00:00,STATION_A_01,333.2,2.8,False
2026-01-12 00:00:00,STATION_A_01,362.99,2.6,False
2026-01-12 01:00:00,STATION_A_01,373.1,1.1,False
2026-01-12 02:00:00,STATION_A_01,337.45,-0.3,False
2026-01-12 03:00:00,STATION_A_01,394.31,0.5,False
2026-01-12 04:00:00,STATION_A_01,415.3,1.5,False
2026-01-12 05:00:00,STATION_A_01,485.0,1.4,False
2026-01-12 06:00:00,STATION_A_01,558.32,0.8,False
2026-01-12 07:00:00,STATION_A_01,630.74,4.8,False
2026-01-12 08:00:00,STATION_A_01,701.45,1.7,False
2026-01-12 09:00:00,STATION_A_01,784.58,5.9,False
2026-01-12 10:00:00,STATION_A_01,828.34,7.1,False
2026-01-12 11:00:00,STATION_A_01,844.5,9.3,False
2026-01-12 12:00:00,STATION_A_01,944.04,11.0,False
2026-01-12 13:00:00,STATION_A_01,953.36,12.5,False
2026-01-12 14:00:00,STATION_A_01,946.29,10.9,False
2026-01-12 15:00:00,STATION_A_01,842.45,12.6,False
2026-01-12 16:00:00,STATION_A_01,853.58,12.0,False
2026-01-12 17:00:00,STATION_A_01,803.69,9.1,False
2026-01-12 18:00:00,STATION_A_01,689.81,12.6,False
2026-01-12 19:00:00,STATION_A_01,641.26,7.5,False
2026-01-12 20:00:00,STATION_A_01,564.15,8.4,False
2026-01-12 21:00:00,STATION_A_01,528.97,6.9,False
2026-01-12 22:00:00,STATION_A_01,466.68,5.4,False
2026-01-12 23:00:00,STATION_A_01,368.61,3.1,False
2026-01-13 00:00:00,STATION_A_01,394.27,3.6,False
2026-01-13 01:00:00,STATION_A_01,341.52,-0.2,False
2026-01-13 02:00:00,STATION_A_01,375.15,1.1,False
2026-01-13 03:00:00,STATION_A_01,404.89,0.3,False
2026-01-13 04:00:00,STATION_A_01,422.28,0.3,False
2026-01-13 05:00:00,STATION_A_01,505.98,2.2,False
2026-01-13 06:00:00,STATION_A_01,564.98,3.9,False
2026-01-13 07:00:00,STATION_A_01,654.4,3.3,False
2026-01-13 08:00:00,STATION_A_01,722.58,6.0,False
2026-01-13 09:00:00,STATION_A_01,819.5,6.6,False
2026-01-13 10:00:00,STATION_A_01,848.74,6.8,False
2026-01-13 11:00:00,STATION_A_01,887.29,8.9,False
2026-01-13 12:00:00,STATION_A_01,956.87,10.0,False
2026-01-13 13:00:00,STATION_A_01,950.39,10.4,False
2026-01-13 14:00:00,STATION_A_01,945.34,12.3,False
2026-01-13 15:00:00,STATION_A_01,872.18,12.3,False
2026-01-13 16:00:00,STATION_A_01,816.11,9.9,False
2026-01-13 17:00:00,STATION_A_01,771.65,9.3,False
2026-01-13 18:00:00,STATION_A_01,702.04,10.9,False
2026-01-13 19:00:00,STATION_A_01,660.53,8.3,False
2026-01-13 20:00:00,STATION_A_01,587.44,8.3,False
2026-01-13 21:00:00,STATION_A_01,495.61,7.5,False
2026-01-13 22:00:00,STATION_A_01,460.4,3.6,False
2026-01-13 23:00:00,STATION_A_01,411.3,2.1,False
2026-01-14 00:00:00,STATION_A_01,366.73,4.7,False
2026-01-14 01:00:00,STATION_A_01,343.63,2.2,False
2026-01-14 02:00:00,STATION_A_01,383.77,0.7,False
2026-01-14 03:00:00,STATION_A_01,391.84,-0.1,False
2026-01-14 04:00:00,STATION_A_01,440.68,0.6,False
2026-01-14 05:00:00,STATION_A_01,492.85,0.4,False
2026-01-14 06:00:00,STATION_A_01,550.98,3.7,False
2026-01-14 07:00:00,STATION_A_01,610.64,2.9,False
2026-01-14 08:00:00,STATION_A_01,734.71,6.5,False
2026-01-14 09:00:00,STATION_A_01,767.13,6.1,False
2026-01-14 10:00:00,STATION_A_01,939.76,6.8,False
2026-01-14 11:00:00,STATION_A_01,861.0,8.8,False
2026-01-14 12:00:00,STATION_A_01,883.41,7.3,False
2026-01-14 13:00:00,STATION_A_01,950.74,11.2,False
2026-01-14 14:00:00,STATION_A_01,973.76,11.7,False
2026-01-14 15:00:00,STATION_A_01,897.46,13.1,False
2026-01-14 16:00:00,STATION_A_01,866.46,9.7,False
2026-01-14 17:00:00,STATION_A_01,738.54,12.8,False
2026-01-14 18:00:00,STATION_A_01,702.56,11.5,False
2026-01-14 19:00:00,STATION_A_01,620.4,10.9,False
2026-01-14 20:00:00,STATION_A_01,531.83,8.0,False
2026-01-14 21:00:00,STATION_A_01,501.75,7.8,False
2026-01-14 22:00:00,STATION_A_01,405.15,3.4,False
2026-01-14 23:00:00,STATION_A_01,375.38,4.7,False
2026-01-15 00:00:00,STATION_A_01,357.78,1.8,False
2026-01-15 01:00:00,STATION_A_01,344.47,-0.1,False
2026-01-15 02:00:00,STATION_A_01,,-0.0,False
2026-01-15 03:00:00,STATION_A_01,397.98,1.2,False
2026-01-15 04:00:00,STATION_A_01,453.73,0.3,False
2026-01-15 05:00:00,STATION_A_01,513.33,2.3,False
2026-01-15 06:00:00,STATION_A_01,593.04,0.6,False
2026-01-15 07:00:00,STATION_A_01,645.48,1.4,False
2026-01-15 08:00:00,STATION_A_01,728.44,6.9,False
2026-01-15 09:00:00,STATION_A_01,805.1,7.8,False
2026-01-15 10:00:00,STATION_A_01,855.44,6.8,False
2026-01-15 11:00:00,STATION_A_01,885.02,9.4,False
2026-01-15 12:00:00,STATION_A_01,915.86,11.8,False
2026-01-15 13:00:00,STATION_A_01,909.85,11.9,False
2026-01-15 14:00:00,STATION_A_01,940.53,12.2,False
2026-01-15 15:00:00,STATION_A_01,894.96,13.5,False
2026-01-15 16:00:00,STATION_A_01,832.03,11.1,False
2026-01-15 17:00:00,STATION_A_01,773.32,11.5,False
2026-01-15 18:00:00,STATION_A_01,691.05,10.6,False
2026-01-15 19:00:00,STATION_A_01,668.56,9.1,False
2026-01-15 20:00:00,STATION_A_01,572.76,7.7,False
2026-01-15 21:00:00,STATION_A_01,485.95,6.8,False
2026-01-15 22:00:00,STATION_A_01,453.35,5.3,False
2026-01-15 23:00:00,STATION_A_01,386.94,2.7,False
2026-01-16 00:00:00,STATION_A_01,347.65,3.8,False
2026-01-16 01:00:00,STATION_A_01,368.49,0.8,False
2026-01-16 02:00:00,STATION_A_01,358.86,1.2,False
2026-01-16 03:00:00,STATION_A_01,389.21,0.9,False
2026-01-16 04:00:00,STATION_A_01,441.82,1.9,False
2026-01-16 05:00:00,STATION_A_01,521.6,-0.6,False
2026-01-16 06:00:00,STATION_A_01,572.25,3.9,False
2026-01-16 07:00:00,STATION_A_01,620.14,3.2,False
2026-01-16 08:00:00,STATION_A_01,736.54,6.8,False
2026-01-16 09:00:00,STATION_A_01,779.67,6.2,False
2026-01-16 10:00:00,STATION_A_01,909.97,8.1,False
2026-01-16 11:00:00,STATION_A_01,899.95,11.8,False
2026-01-16 12:00:00,STATION_A_01,856.51,10.3,False
2026-01-16 13:00:00,STATION_A_01,950.99,13.0,False
2026-01-16 14:00:00,STATION_A_01,992.67,12.1,False
2026-01-16 15:00:00,STATION_A_01,950.06,12.8,False
2026-01-16 16:00:00,STATION_A_01,908.9,12.2,False
2026-01-16 17:00:00,STATION_A_01,765.53,12.6,False
2026-01-16 18:00:00,STATION_A_01,746.71,9.9,False
2026-01-16 19:00:00,STATION_A_01,631.82,8.4,False
2026-01-16 20:00:00,STATION_A_01,577.26,7.5,False
2026-01-16 21:00:00,STATION_A_01,480.08,6.9,False
2026-01-16 22:00:00,STATION_A_01,432.12,5.1,False
2026-01-16 23:00:00,STATION_A_01,386.4,4.9,False
2026-01-17 00:00:00,STATION_A_01,332.81,4.5,False
2026-01-17 01:00:00,STATION_A_01,322.74,0.9,False
2026-01-17 02:00:00,STATION_A_01,325.86,0.6,False
2026-01-17 03:00:00,STATION_A_01,331.97,-0.4,False
2026-01-17 04:00:00,STATION_A_01,385.06,4.0,False
2026-01-17 05:00:00,STATION_A_01,431.02,2.4,False
2026-01-17 06:00:00,STATION_A_01,519.97,3.5,False
2026-01-17 07:00:00,STATION_A_01,594.75,2.5,False
2026-01-17 08:00:00,STATION_A_01,661.38,5.4,False
2026-01-17 09:00:00,STATION_A_01,681.38,7.5,False
2026-01-17 10:00:00,STATION_A_01,680.99,8.0,False
2026-01-17 11:00:00,STATION_A_01,745.05,10.9,False
2026-01-17 12:00:00,STATION_A_01,860.75,13.5,False
2026-01-17 13:00:00,STATION_A_01,817.17,10.5,False
2026-01-17 14:00:00,STATION_A_01,798.59,11.0,False
2026-01-17 15:00:00,STATION_A_01,840.21,11.3,False
2026-01-17 16:00:00,STATION_A_01,787.11,14.1,False
2026-01-17 17:00:00,STATION_A_01,701.12,12.9,False
2026-01-17 18:00:00,STATION_A_01,631.97,10.6,False
2026-01-17 19:00:00,STATION_A_01,569.34,9.7,False
2026-01-17 20:00:00,STATION_A_01,509.44,7.3,False
2026-01-17 21:00:00,STATION_A_01,468.22,8.0,False
2026-01-17 22:00:00,STATION_A_01,395.88,5.0,False
2026-01-17 23:00:00,STATION_A_01,358.11,3.8,False
2026-01-18 00:00:00,STATION_A_01,336.79,3.8,False
2026-01-18 01:00:00,STATION_A_01,301.92,1.9,False
2026-01-18 02:00:00,STATION_A_01,332.17,1.3,False
2026-01-18 03:00:00,STATION_A_01,345.79,1.4,False
2026-01-18 04:00:00,STATION_A_01,356.0,2.6,False
2026-01-18 05:00:00,STATION_A_01,410.74,4.1,False
2026-01-18 06:00:00,STATION_A_01,487.97,3.7,False
2026-01-18 07:00:00,STATION_A_01,583.42,5.2,False
2026-01-18 08:00:00,STATION_A_01,642.1,5.3,False
2026-01-18 09:00:00,STATION_A_01,706.33,6.1,False
2026-01-18 10:00:00,STATION_A_01,806.86,9.2,False
2026-01-18 11:00:00,STATION_A_01,760.98,9.9,False
2026-01-18 12:00:00,STATION_A_01,821.42,9.1,False
2026-01-18 13:00:00,STATION_A_01,839.94,11.3,False
2026-01-18 14:00:00,STATION_A_01,801.2,12.2,False
2026-01-18 15:00:00,STATION_A_01,797.5,11.9,False
2026-01-18 16:00:00,STATION_A_01,713.48,14.1,False
2026-01-18 17:00:00,STATION_A_01,737.11,12.3,False
2026-01-18 18:00:00,STATION_A_01,625.01,12.5,False
2026-01-18 19:00:00,STATION_A_01,614.34,10.1,False
2026-01-18 20:00:00,STATION_A_01,506.24,8.5,False
2026-01-18 21:00:00,STATION_A_01,460.61,5.9,False
2026-01-18 22:00:00,STATION_A_01,390.46,5.6,False
2026-01-18 23:00:00,STATION_A_01,349.82,4.3,False
2026-01-19 00:00:00,STATION_A_01,361.14,1.5,False
2026-01-19 01:00:00,STATION_A_01,360.21,1.6,False
2026-01-19 02:00:00,STATION_A_01,372.87,1.3,False
2026-01-19 03:00:00,STATION_A_01,387.2,2.0,False
2026-01-19 04:00:00,STATION_A_01,442.89,2.3,False
2026-01-19 05:00:00,STATION_A_01,494.9,1.6,False
2026-01-19 06:00:00,STATION_A_01,622.99,3.7,False
2026-01-19 07:00:00,STATION_A_01,650.61,4.1,False
2026-01-19 08:00:00,STATION_A_01,768.17,2.2,False
2026-01-19 09:00:00,STATION_A_01,794.22,6.5,False
2026-01-19 10:00:00,STATION_A_01,868.44,9.8,False
2026-01-19 11:00:00,STATION_A_01,865.46,7.8,False
2026-01-19 12:00:00,STATION_A_01,922.23,11.1,False
2026-01-19 13:00:00,STATION_A_01,953.98,13.7,False
2026-01-19 14:00:00,STATION_A_01,989.12,11.5,False
2026-01-19 15:00:00,STATION_A_01,914.89,12.6,False
2026-01-19 16:00:00,STATION_A_01,902.93,10.8,False
2026-01-19 17:00:00,STATION_A_01,818.37,13.8,False
2026-01-19 18:00:00,STATION_A_01,771.15,10.9,False
2026-01-19 19:00:00,STATION_A_01,652.2,9.9,False
2026-01-19 20:00:00,STATION_A_01,625.81,10.1,False
2026-01-19 21:00:00,STATION_A_01,498.01,7.9,False
2026-01-19 22:00:00,STATION_A_01,433.79,4.6,False
2026-01-19 23:00:00,STATION_A_01,382.14,3.6,False
2026-01-20 00:00:00,STATION_A_01,399.85,3.8,False
2026-01-20 01:00:00,STATION_A_01,370.02,1.6,False
2026-01-20 02:00:00,STATION_A_01,365.45,-0.7,False
2026-01-20 03:00:00,STATION_A_01,416.67,1.6,False
2026-01-20 04:00:00,STATION_A_01,456.79,0.0,False
2026-01-20 05:00:00,STATION_A_01,541.98,4.3,False
2026-01-20 06:00:00,STATION_A_01,546.84,3.5,False
2026-01-20 07:00:00,STATION_A_01,648.37,3.3,False
2026-01-20 08:00:00,STATION_A_01,718.92,4.9,False
2026-01-20 09:00:00,STATION_A_01,746.49,4.9,False
2026-01-20 10:00:00,STATION_A_01,895.01,7.2,False
2026-01-20 11:00:00,STATION_A_01,901.3,11.1,False
2026-01-20 12:00:00,STATION_A_01,963.77,13.7,False
2026-01-20 13:00:00,STATION_A_01,1028.02,12.8,False
2026-01-20 14:00:00,STATION_A_01,928.04,12.4,False
2026-01-20 15:00:00,STATION_A_01,896.9,12.1,False
2026-01-20 16:00:00,STATION_A_01,867.16,11.3,False
2026-01-20 17:00:00,STATION_A_01,830.34,14.4,False
2026-01-20 18:00:00,STATION_A_01,717.07,10.8,False
2026-01-20 19:00:00,STATION_A_01,640.87,12.5,False
2026-01-20 20:00:00,STATION_A_01,600.51,10.3,False
2026-01-20 21:00:00,STATION_A_01,514.74,5.1,False
2026-01-20 22:00:00,STATION_A_01,414.98,5.0,False
2026-01-20 23:00:00,STATION_A_01,382.97,3.6,False
2026-01-21 00:00:00,STATION_A_01,390.17,3.2,False
2026-01-21 01:00:00,STATION_A_01,365.76,2.4,False
2026-01-21 02:00:00,STATION_A_01,360.89,5.5,False
2026-01-21 03:00:00,STATION_A_01,397.92,0.4,False
2026-01-21 04:00:00,STATION_A_01,447.48,2.2,False
2026-01-21 05:00:00,STATION_A_01,521.56,3.2,False
2026-01-21 06:00:00,STATION_A_01,552.18,3.3,False
2026-01-21 07:00:00,STATION_A_01,636.92,4.6,False
2026-01-21 08:00:00,STATION_A_01,739.75,4.6,False
2026-01-21 09:00:00,STATION_A_01,801.26,7.4,False
2026-01-21 10:00:00,STATION_A_01,882.66,9.3,False
2026-01-21 11:00:00,STATION_A_01,873.13,10.4,False
2026-01-21 12:00:00,STATION_A_01,953.78,11.8,False
2026-01-21 13:00:00,STATION_A_01,988.56,13.7,False
2026-01-21 14:00:00,STATION_A_01,958.28,13.7,False
2026-01-21 15:00:00,STATION_A_01,917.25,12.9,False
2026-01-21 16:00:00,STATION_A_01,,11.2,False
2026-01-21 17:00:00,STATION_A_01,781.28,11.3,False
2026-01-21 18:00:00,STATION_A_01,731.73,10.9,False
2026-01-21 19:00:00,STATION_A_01,686.1,10.3,False
2026-01-21 20:00:00,STATION_A_01,,8.1,False
2026-01-21 21:00:00,STATION_A_01,,6.2,False
2026-01-21 22:00:00,STATION_A_01,,4.4,False
2026-01-21 23:00:00,STATION_A_01,,2.6,False
2026-01-22 00:00:00,STATION_A_01,,3.1,False
2026-01-22 01:00:00,STATION_A_01,,0.8,False
2026-01-22 02:00:00,STATION_A_01,378.59,0.8,False
2026-01-22 03:00:00,STATION_A_01,413.89,1.3,False
2026-01-22 04:00:00,STATION_A_01,470.83,0.4,False
2026-01-22 05:00:00,STATION_A_01,527.62,3.0,False
2026-01-22 06:00:00,STATION_A_01,562.31,4.3,False
2026-01-22 07:00:00,STATION_A_01,637.21,3.9,False
2026-01-22 08:00:00,STATION_A_01,732.79,5.4,False
2026-01-22 09:00:00,STATION_A_01,793.52,8.0,False
2026-01-22 10:00:00,STATION_A_01,833.12,7.9,False
2026-01-22 11:00:00,STATION_A_01,900.73,9.2,False
2026-01-22 12:00:00,STATION_A_01,928.88,12.7,False
2026-01-22 13:00:00,STATION_A_01,932.32,13.2,False
2026-01-22 14:00:00,STATION_A_01,934.34,13.4,False
2026-01-22 15:00:00,STATION_A_01,953.03,14.0,False
2026-01-22 16:00:00,STATION_A_01,874.34,10.3,False
2026-01-22 17:00:00,STATION_A_01,876.8,13.8,False
2026-01-22 18:00:00,STATION_A_01,739.96,11.7,False
2026-01-22 19:00:00,STATION_A_01,652.22,11.4,False
2026-01-22 20:00:00,STATION_A_01,582.32,9.3,False
2026-01-22 21:00:00,STATION_A_01,515.36,7.5,False
2026-01-22 22:00:00,STATION_A_01,456.25,5.6,False
2026-01-22 23:00:00,STATION_A_01,431.55,5.1,False
2026-01-23 00:00:00,STATION_A_01,361.69,3.1,False
2026-01-23 01:00:00,STATION_A_01,373.55,3.7,False
2026-01-23 02:00:00,STATION_A_01,375.51,0.2,False
2026-01-23 03:00:00,STATION_A_01,380.36,1.3,False
2026-01-23 04:00:00,STATION_A_01,461.83,4.6,False
2026-01-23 05:00:00,STATION_A_01,533.91,1.9,False
2026-01-23 06:00:00,STATION_A_01,565.4,3.3,False
2026-01-23 07:00:00,STATION_A_01,659.6,3.6,False
2026-01-23 08:00:00,STATION_A_01,692.24,6.4,False
2026-01-23 09:00:00,STATION_A_01,772.82,6.6,False
2026-01-23 10:00:00,STATION_A_01,901.96,8.7,False
2026-01-23 11:00:00,STATION_A_01,902.38,11.2,False
2026-01-23 12:00:00,STATION_A_01,910.38,10.5,False
2026-01-23 13:00:00,STATION_A_01,965.05,13.2,False
2026-01-23 14:00:00,STATION_A_01,930.02,13.8,False
2026-01-23 15:00:00,STATION_A_01,902.64,14.2,False
2026-01-23 16:00:00,STATION_A_01,893.16,13.0,False
2026-01-23 17:00:00,STATION_A_01,776.27,16.1,False
2026-01-23 18:00:00,STATION_A_01,714.19,12.6,False
2026-01-23 19:00:00,STATION_A_01,664.26,10.6,False
2026-01-23 20:00:00,STATION_A_01,603.62,7.9,False
2026-01-23 21:00:00,STATION_A_01,534.35,7.4,False
2026-01-23 22:00:00,STATION_A_01,440.13,7.8,False
2026-01-23 23:00:00,STATION_A_01,416.63,6.8,False
2026-01-24 00:00:00,STATION_A_01,319.85,5.4,False
2026-01-24 01:00:00,STATION_A_01,340.45,3.7,False
2026-01-24 02:00:00,STATION_A_01,315.9,0.7,False
2026-01-24 03:00:00,STATION_A_01,371.66,2.6,False
2026-01-24 04:00:00,STATION_A_01,387.69,0.7,False
2026-01-24 05:00:00,STATION_A_01,482.89,1.0,False
2026-01-24 06:00:00,STATION_A_01,524.98,3.9,False
2026-01-24 07:00:00,STATION_A_01,561.5,5.4,False
2026-01-24 08:00:00,STATION_A_01,638.2,7.2,False
2026-01-24 09:00:00,STATION_A_01,732.86,8.2,False
2026-01-24 10:00:00,STATION_A_01,796.0,9.6,False
2026-01-24 11:00:00,STATION_A_01,807.45,9.1,False
2026-01-24 12:00:00,STATION_A_01,837.04,11.3,False
2026-01-24 13:00:00,STATION_A_01,867.18,10.5,False
2026-01-24 14:00:00,STATION_A_01,839.77,10.5,False
2026-01-24 15:00:00,STATION_A_01,773.15,14.0,False
2026-01-24 16:00:00,STATION_A_01,746.37,12.0,False
2026-01-24 17:00:00,STATION_A_01,719.87,13.4,False
2026-01-24 18:00:00,STATION_A_01,678.5,12.8,False
2026-01-24 19:00:00,STATION_A_01,615.96,9.6,False
2026-01-24 20:00:00,STATION_A_01,529.2,9.7,False
2026-01-24 21:00:00,STATION_A_01,,6.8,False
2026-01-24 22:00:00,STATION_A_01,408.03,4.0,False
2026-01-24 23:00:00,STATION_A_01,347.64,5.0,False
2026-01-25 00:00:00,STATION_A_01,328.0,3.2,False
2026-01-25 01:00:00,STATION_A_01,311.6,2.3,False
2026-01-25 02:00:00,STATION_A_01,315.42,4.7,False
2026-01-25 03:00:00,STATION_A_01,360.27,0.3,False
2026-01-25 04:00:00,STATION_A_01,400.47,2.8,False
2026-01-25 05:00:00,STATION_A_01,463.21,1.7,False
2026-01-25 06:00:00,STATION_A_01,525.58,4.9,False
2026-01-25 07:00:00,STATION_A_01,588.73,5.3,False
2026-01-25 08:00:00,STATION_A_01,664.53,6.7,False
2026-01-25 09:00:00,STATION_A_01,714.21,6.5,False
2026-01-25 10:00:00,STATION_A_01,780.91,8.2,False
2026-01-25 11:00:00,STATION_A_01,791.01,11.5,False
2026-01-25 12:00:00,STATION_A_01,848.83,13.7,False
2026-01-25 13:00:00,STATION_A_01,866.85,13.0,False
2026-01-25 14:00:00,STATION_A_01,818.53,11.9,False
2026-01-25 15:00:00,STATION_A_01,813.47,13.6,False
2026-01-25 16:00:00,STATION_A_01,753.49,15.9,False
2026-01-25 17:00:00,STATION_A_01,702.73,12.6,False
2026-01-25 18:00:00,STATION_A_01,626.87,13.4,False
2026-01-25 19:00:00,STATION_A_01,610.45,9.6,False
2026-01-25 20:00:00,STATION_A_01,535.8,9.1,False
2026-01-25 21:00:00,STATION_A_01,461.66,8.5,False
2026-01-25 22:00:00,STATION_A_01,426.21,6.8,False
2026-01-25 23:00:00,STATION_A_01,354.54,4.1,False
2026-01-26 00:00:00,STATION_A_01,415.61,2.9,False
2026-01-26 01:00:00,STATION_A_01,362.68,4.2,False
2026-01-26 02:00:00,STATION_A_01,379.18,3.9,False
2026-01-26 03:00:00,STATION_A_01,400.11,4.1,False
2026-01-26 04:00:00,STATION_A_01,459.26,4.6,False
2026-01-26 05:00:00,STATION_A_01,530.46,3.2,False
2026-01-26 06:00:00,STATION_A_01,585.28,3.5,False
2026-01-26 07:00:00,STATION_A_01,706.52,6.6,False
2026-01-26 08:00:00,STATION_A_01,748.93,7.2,False
2026-01-26 09:00:00,STATION_A_01,822.72,6.6,False
2026-01-26 10:00:00,STATION_A_01,849.2,8.0,False
2026-01-26 11:00:00,STATION_A_01,938.34,11.1,False
2026-01-26 12:00:00,STATION_A_01,950.34,11.5,False
2026-01-26 13:00:00,STATION_A_01,944.58,12.5,False
2026-01-26 14:00:00,STATION_A_01,929.08,14.4,False
2026-01-26 15:00:00,STATION_A_01,1011.73,14.2,False
2026-01-26 16:00:00,STATION_A_01,869.6,14.7,False
2026-01-26 17:00:00,STATION_A_01,774.14,10.3,False
2026-01-26 18:00:00,STATION_A_01,725.37,12.0,False
2026-01-26 19:00:00,STATION_A_01,664.85,11.4,False
2026-01-26 20:00:00,STATION_A_01,599.81,7.4,False
2026-01-26 21:00:00,STATION_A_01,526.33,7.0,False
2026-01-26 22:00:00,STATION_A_01,465.03,5.4,False
2026-01-26 23:00:00,STATION_A_01,397.49,5.1,False
2026-01-27 00:00:00,STATION_A_01,381.24,5.9,False
2026-01-27 01:00:00,STATION_A_01,355.34,5.5,False
2026-01-27 02:00:00,STATION_A_01,368.66,1.6,False
2026-01-27 03:00:00,STATION_A_01,393.78,3.0,False
2026-01-27 04:00:00,STATION_A_01,435.67,3.2,False
2026-01-27 05:00:00,STATION_A_01,536.02,3.6,False
2026-01-27 06:00:00,STATION_A_01,603.4,4.5,False
2026-01-27 07:00:00,STATION_A_01,689.74,5.5,False
2026-01-27 08:00:00,STATION_A_01,745.73,8.5,False
2026-01-27 09:00:00,STATION_A_01,839.41,9.2,False
2026-01-27 10:00:00,STATION_A_01,825.25,8.0,False
2026-01-27 11:00:00,STATION_A_01,955.29,11.6,False
2026-01-27 12:00:00,STATION_A_01,963.31,12.9,False
2026-01-27 13:00:00,STATION_A_01,988.96,13.1,False
2026-01-27 14:00:00,STATION_A_01,970.33,14.6,False
2026-01-27 15:00:00,STATION_A_01,895.64,13.6,False
2026-01-27 16:00:00,STATION_A_01,833.91,13.5,False
2026-01-27 17:00:00,STATION_A_01,797.54,12.8,False
2026-01-27 18:00:00,STATION_A_01,760.28,9.4,False
2026-01-27 19:00:00,STATION_A_01,683.97,10.6,False
2026-01-27 20:00:00,STATION_A_01,561.87,8.6,False
2026-01-27 21:00:00,STATION_A_01,499.91,6.5,False
2026-01-27 22:00:00,STATION_A_01,443.96,8.3,False
2026-01-27 23:00:00,STATION_A_01,402.66,5.8,False
2026-01-28 00:00:00,STATION_A_01,359.75,4.0,False
2026-01-28 01:00:00,STATION_A_01,349.26,2.5,False
2026-01-28 02:00:00,STATION_A_01,,3.0,False
2026-01-28 03:00:00,STATION_A_01,409.17,3.7,False
2026-01-28 04:00:00,STATION_A_01,436.96,1.7,False
2026-01-28 05:00:00,STATION_A_01,516.05,3.2,False
2026-01-28 06:00:00,STATION_A_01,612.67,5.1,False
2026-01-28 07:00:00,STATION_A_01,638.26,2.9,False
2026-01-28 08:00:00,STATION_A_01,741.31,6.5,False
2026-01-28 09:00:00,STATION_A_01,848.77,7.5,False
2026-01-28 10:00:00,STATION_A_01,868.91,9.3,False
2026-01-28 11:00:00,STATION_A_01,911.09,10.2,False
2026-01-28 12:00:00,STATION_A_01,999.03,12.1,False
2026-01-28 13:00:00,STATION_A_01,959.91,15.1,False
2026-01-28 14:00:00,STATION_A_01,997.27,13.0,False
2026-01-28 15:00:00,STATION_A_01,944.14,13.9,False
2026-01-28 16:00:00,STATION_A_01,871.82,15.7,False
2026-01-28 17:00:00,STATION_A_01,833.88,12.1,False
2026-01-28 18:00:00,STATION_A_01,755.92,14.1,False
2026-01-28 19:00:00,STATION_A_01,693.55,10.8,False
2026-01-28 20:00:00,STATION_A_01,580.34,11.6,False
2026-01-28 21:00:00,STATION_A_01,519.82,9.0,False
2026-01-28 22:00:00,STATION_A_01,455.72,7.0,False
2026-01-28 23:00:00,STATION_A_01,418.92,5.2,False
2026-01-29 00:00:00,STATION_A_01,365.18,3.4,False
2026-01-29 01:00:00,STATION_A_01,381.66,3.4,False
2026-01-29 02:00:00,STATION_A_01,385.04,3.9,False
2026-01-29 03:00:00,STATION_A_01,390.17,2.6,False
2026-01-29 04:00:00,STATION_A_01,476.33,2.4,False
2026-01-29 05:00:00,STATION_A_01,560.16,3.0,False
2026-01-29 06:00:00,STATION_A_01,613.13,5.4,False
2026-01-29 07:00:00,STATION_A_01,704.01,6.8,False
2026-01-29 08:00:00,STATION_A_01,750.93,5.9,False
2026-01-29 09:00:00,STATION_A_01,773.79,7.3,False
2026-01-29 10:00:00,STATION_A_01,827.1,10.0,False
2026-01-29 11:00:00,STATION_A_01,940.56,12.7,False
2026-01-29 12:00:00,STATION_A_01,942.56,13.4,False
2026-01-29 13:00:00,STATION_A_01,941.76,11.4,False
2026-01-29 14:00:00,STATION_A_01,960.6,13.1,False
2026-01-29 15:00:00,STATION_A_01,952.75,12.5,False
2026-01-29 16:00:00,STATION_A_01,839.77,13.1,False
2026-01-29 17:00:00,STATION_A_01,809.38,14.9,False
2026-01-29 18:00:00,STATION_A_01,789.13,10.3,False
2026-01-29 19:00:00,STATION_A_01,646.14,9.0,False
2026-01-29 20:00:00,STATION_A_01,611.34,8.6,False
2026-01-29 21:00:00,STATION_A_01,511.63,8.5,False
2026-01-29 22:00:00,STATION_A_01,466.67,7.5,False
2026-01-29 23:00:00,STATION_A_01,425.68,6.0,False
2026-01-30 00:00:00,STATION_A_01,389.63,5.7,False
2026-01-30 01:00:00,STATION_A_01,381.28,1.3,False
2026-01-30 02:00:00,STATION_A_01,364.55,4.3,False
2026-01-30 03:00:00,STATION_A_01,426.1,2.3,False
2026-01-30 04:00:00,STATION_A_01,444.55,3.8,False
2026-01-30 05:00:00,STATION_A_01,525.65,1.9,False
2026-01-30 06:00:00,STATION_A_01,599.3,4.3,False
2026-01-30 07:00:00,STATION_A_01,683.72,5.8,False
2026-01-30 08:00:00,STATION_A_01,759.54,8.2,False
2026-01-30 09:00:00,STATION_A_01,799.43,6.3,False
2026-01-30 10:00:00,STATION_A_01,844.64,9.7,False
2026-01-30 11:00:00,STATION_A_01,963.26,9.7,False
2026-01-30 12:00:00,STATION_A_01,971.34,12.8,False
2026-01-30 13:00:00,STATION_A_01,1014.73,14.0,False
2026-01-30 14:00:00,STATION_A_01,963.77,15.1,False
2026-01-30 15:00:00,STATION_A_01,889.14,13.1,False
2026-01-30 16:00:00,STATION_A_01,917.11,14.7,False
2026-01-30 17:00:00,STATION_A_01,813.8,14.7,False
2026-01-30 18:00:00,STATION_A_01,760.51,10.2,False
2026-01-30 19:00:00,STATION_A_01,657.94,11.8,False
2026-01-30 20:00:00,STATION_A_01,629.09,10.9,False
2026-01-30 21:00:00,STATION_A_01,505.83,8.0,False
2026-01-30 22:00:00,STATION_A_01,453.72,5.4,False
2026-01-30 23:00:00,STATION_A_01,412.57,6.7,False
2026-01-31 00:00:00,STATION_A_01,322.29,3.0,False
2026-01-31 01:00:00,STATION_A_01,329.81,3.3,False
2026-01-31 02:00:00,STATION_A_01,354.08,3.0,False
2026-01-31 03:00:00,STATION_A_01,355.65,3.7,False
2026-01-31 04:00:00,STATION_A_01,409.9,2.3,False
2026-01-31 05:00:00,STATION_A_01,415.4,2.8,False
2026-01-31 06:00:00,STATION_A_01,523.34,4.6,False
2026-01-31 07:00:00,STATION_A_01,586.7,6.8,False
2026-01-31 08:00:00,STATION_A_01,643.39,9.7,False
2026-01-31 09:00:00,STATION_A_01,754.34,6.6,False
2026-01-31 10:00:00,STATION_A_01,773.28,10.2,False
2026-01-31 11:00:00,STATION_A_01,819.62,9.8,False
2026-01-31 12:00:00,STATION_A_01,840.27,13.5,False
2026-01-31 13:00:00,STATION_A_01,802.96,12.0,False
2026-01-31 14:00:00,STATION_A_01,817.96,12.9,False
2026-01-31 15:00:00,STATION_A_01,852.86,13.2,False
2026-01-31 16:00:00,STATION_A_01,724.93,13.6,False
2026-01-31 17:00:00,STATION_A_01,707.96,13.6,False
2026-01-31 18:00:00,STATION_A_01,653.81,12.9,False
2026-01-31 19:00:00,STATION_A_01,630.23,11.2,False
2026-01-31 20:00:00,STATION_A_01,538.98,8.2,False
2026-01-31 21:00:00,STATION_A_01,451.46,9.3,False
2026-01-31 22:00:00,STATION_A_01,423.61,6.9,False
2026-01-31 23:00:00,STATION_A_01,353.26,7.1,False
2026-02-01 00:00:00,STATION_A_01,347.85,3.7,False
2026-02-01 01:00:00,STATION_A_01,311.36,1.8,False
2026-02-01 02:00:00,STATION_A_01,348.68,3.1,False
2026-02-01 03:00:00,STATION_A_01,357.66,4.5,False
2026-02-01 04:00:00,STATION_A_01,390.79,3.3,False
2026-02-01 05:00:00,STATION_A_01,457.34,3.5,False
2026-02-01 06:00:00,STATION_A_01,530.54,3.5,False
2026-02-01 07:00:00,STATION_A_01,584.47,7.8,False
2026-02-01 08:00:00,STATION_A_01,676.99,5.8,False
2026-02-01 09:00:00,STATION_A_01,713.88,7.6,False
2026-02-01 10:00:00,STATION_A_01,801.31,10.6,False
2026-02-01 11:00:00,STATION_A_01,839.72,9.0,False
2026-02-01 12:00:00,STATION_A_01,851.95,13.9,False
2026-02-01 13:00:00,STATION_A_01,849.65,14.0,False
2026-02-01 14:00:00,STATION_A_01,858.48,14.9,False
2026-02-01 15:00:00,STATION_A_01,843.22,14.7,False
2026-02-01 16:00:00,STATION_A_01,841.43,13.6,False
2026-02-01 17:00:00,STATION_A_01,753.38,12.0,False
2026-02-01 18:00:00,STATION_A_01,687.56,12.2,False
2026-02-01 19:00:00,STATION_A_01,659.93,10.1,False
2026-02-01 20:00:00,STATION_A_01,535.75,10.5,False
2026-02-01 21:00:00,STATION_A_01,469.49,9.5,False
2026-02-01 22:00:00,STATION_A_01,416.19,8.9,False
2026-02-01 23:00:00,STATION_A_01,350.78,6.3,False
2026-02-02 00:00:00,STATION_A_01,376.86,5.8,False
2026-02-02 01:00:00,STATION_A_01,365.87,3.4,False
2026-02-02 02:00:00,STATION_A_01,391.57,2.7,False
2026-02-02 03:00:00,STATION_A_01,410.87,3.6,False
2026-02-02 04:00:00,STATION_A_01,464.11,2.8,False
2026-02-02 05:00:00,STATION_A_01,545.06,4.1,False
2026-02-02 06:00:00,STATION_A_01,616.75,3.4,False
2026-02-02 07:00:00,STATION_A_01,673.82,4.8,False
2026-02-02 08:00:00,STATION_A_01,738.93,7.9,False
2026-02-02 09:00:00,STATION_A_01,863.31,9.7,False
2026-02-02 10:00:00,STATION_A_01,917.79,8.9,False
2026-02-02 11:00:00,STATION_A_01,889.2,12.2,False
2026-02-02 12:00:00,STATION_A_01,962.09,11.9,False
2026-02-02 13:00:00,STATION_A_01,988.95,13.4,False
2026-02-02 14:00:00,STATION_A_01,999.49,15.6,False
2026-02-02 15:00:00,STATION_A_01,972.6,15.1,False
2026-02-02 16:00:00,STATION_A_01,903.06,14.9,False
2026-02-02 17:00:00,STATION_A_01,848.07,15.7,False
2026-02-02 18:00:00,STATION_A_01,759.2,11.7,False
2026-02-02 19:00:00,STATION_A_01,662.55,10.2,False
2026-02-02 20:00:00,STATION_A_01,594.11,9.2,False
2026-02-02 21:00:00,STATION_A_01,526.34,8.4,False
2026-02-02 22:00:00,STATION_A_01,462.23,4.4,False
2026-02-02 23:00:00,STATION_A_01,386.95,5.7,False
2026-02-03 00:00:00,STATION_A_01,378.48,4.1,False
2026-02-03 01:00:00,STATION_A_01,374.18,4.9,False
2026-02-03 02:00:00,STATION_A_01,380.12,3.8,False
2026-02-03 03:00:00,STATION_A_01,410.9,2.5,False
2026-02-03 04:00:00,STATION_A_01,471.0,4.1,False
2026-02-03 05:00:00,STATION_A_01,506.57,4.8,False
2026-02-03 06:00:00,STATION_A_01,566.04,3.9,False
2026-02-03 07:00:00,STATION_A_01,671.17,5.4,False
2026-02-03 08:00:00,STATION_A_01,778.95,4.6,False
2026-02-03 09:00:00,STATION_A_01,881.67,7.4,False
2026-02-03 10:00:00,STATION_A_01,920.46,9.3,False
2026-02-03 11:00:00,STATION_A_01,896.1,11.6,False
2026-02-03 12:00:00,STATION_A_01,967.38,11.5,False
2026-02-03 13:00:00,STATION_A_01,994.7,12.9,False
2026-02-03 14:00:00,STATION_A_01,981.59,12.6,False
2026-02-03 15:00:00,STATION_A_01,962.9,14.5,False
2026-02-03 16:00:00,STATION_A_01,867.75,14.6,False
2026-02-03 17:00:00,STATION_A_01,835.13,14.0,False
2026-02-03 18:00:00,STATION_A_01,770.67,12.7,False
2026-02-03 19:00:00,STATION_A_01,700.0,9.7,False
2026-02-03 20:00:00,STATION_A_01,584.21,9.5,False
2026-02-03 21:00:00,STATION_A_01,521.01,8.3,False
2026-02-03 22:00:00,STATION_A_01,420.1,6.9,False
2026-02-03 23:00:00,STATION_A_01,406.35,6.1,False
2026-02-04 00:00:00,STATION_A_01,377.76,6.6,False
2026-02-04 01:00:00,STATION_A_01,,5.0,False
2026-02-04 02:00:00,STATION_A_01,387.14,2.3,False
2026-02-04 03:00:00,STATION_A_01,414.75,4.1,False
2026-02-04 04:00:00,STATION_A_01,427.6,4.3,False
2026-02-04 05:00:00,STATION_A_01,531.82,3.1,False
2026-02-04 06:00:00,STATION_A_01,582.27,6.0,False
2026-02-04 07:00:00,STATION_A_01,692.81,5.9,False
2026-02-04 08:00:00,STATION_A_01,726.53,5.7,False
2026-02-04 09:00:00,STATION_A_01,835.57,9.4,False
2026-02-04 10:00:00,STATION_A_01,889.39,10.5,False
2026-02-04 11:00:00,STATION_A_01,957.18,11.3,False
2026-02-04 12:00:00,STATION_A_01,982.14,12.7,False
2026-02-04 13:00:00,STATION_A_01,979.61,12.8,False
2026-02-04 14:00:00,STATION_A_01,925.5,14.9,False
2026-02-04 15:00:00,STATION_A_01,898.55,14.3,False
2026-02-04 16:00:00,STATION_A_01,880.51,14.4,False
2026-02-04 17:00:00,STATION_A_01,835.18,14.1,False
2026-02-04 18:00:00,STATION_A_01,745.28,11.4,False
2026-02-04 19:00:00,STATION_A_01,697.05,10.6,False
2026-02-04 20:00:00,STATION_A_01,596.85,7.7,False
2026-02-04 21:00:00,STATION_A_01,510.9,9.6,False
2026-02-04 22:00:00,STATION_A_01,460.7,6.0,False
2026-02-04 23:00:00,STATION_A_01,419.77,6.3,False
2026-02-05 00:00:00,STATION_A_01,390.23,5.5,False
2026-02-05 01:00:00,STATION_A_01,400.09,4.9,False
2026-02-05 02:00:00,STATION_A_01,376.89,2.2,False
2026-02-05 03:00:00,STATION_A_01,415.58,3.4,False
2026-02-05 04:00:00,STATION_A_01,472.47,5.6,False
2026-02-05 05:00:00,STATION_A_01,528.79,6.3,False
2026-02-05 06:00:00,STATION_A_01,592.83,6.3,False
2026-02-05 07:00:00,STATION_A_01,645.98,6.6,False
2026-02-05 08:00:00,STATION_A_01,749.01,6.3,False
2026-02-05 09:00:00,STATION_A_01,805.43,9.8,False
2026-02-05 10:00:00,STATION_A_01,846.22,10.2,False
2026-02-05 11:00:00,STATION_A_01,923.16,12.4,False
2026-02-05 12:00:00,STATION_A_01,944.5,12.1,False
2026-02-05 13:00:00,STATION_A_01,1011.27,13.6,False
2026-02-05 14:00:00,STATION_A_01,1001.28,14.5,False
2026-02-05 15:00:00,STATION_A_01,919.97,14.8,False
2026-02-05 16:00:00,STATION_A_01,893.03,14.9,False
2026-02-05 17:00:00,STATION_A_01,783.13,13.1,False
2026-02-05 18:00:00,STATION_A_01,750.27,11.3,False
2026-02-05 19:00:00,STATION_A_01,693.46,13.7,False
2026-02-05 20:00:00,STATION_A_01,621.77,13.5,False
2026-02-05 21:00:00,STATION_A_01,516.91,9.6,False
2026-02-05 22:00:00,STATION_A_01,483.62,6.0,False
2026-02-05 23:00:00,STATION_A_01,395.41,5.4,False
2026-02-06 00:00:00,STATION_A_01,369.95,5.8,False
2026-02-06 01:00:00,STATION_A_01,385.74,5.9,False
2026-02-06 02:00:00,STATION_A_01,409.56,2.3,False
2026-02-06 03:00:00,STATION_A_01,424.96,3.4,False
2026-02-06 04:00:00,STATION_A_01,466.09,4.0,False
2026-02-06 05:00:00,STATION_A_01,489.84,5.4,False
2026-02-06 06:00:00,STATION_A_01,562.15,4.8,False
2026-02-06 07:00:00,STATION_A_01,687.9,4.5,False
2026-02-06 08:00:00,STATION_A_01,755.06,8.4,False
2026-02-06 09:00:00,STATION_A_01,806.59,10.5,False
2026-02-06 10:00:00,STATION_A_01,905.07,10.4,False
2026-02-06 11:00:00,STATION_A_01,955.93,12.4,False
2026-02-06 12:00:00,STATION_A_01,1015.49,12.5,False
2026-02-06 13:00:00,STATION_A_01,998.36,12.9,False
2026-02-06 14:00:00,STATION_A_01,1025.48,15.7,False
2026-02-06 15:00:00,STATION_A_01,952.77,15.1,False
2026-02-06 16:00:00,STATION_A_01,899.94,15.1,False
2026-02-06 17:00:00,STATION_A_01,871.08,15.7,False
2026-02-06 18:00:00,STATION_A_01,739.26,11.8,False
2026-02-06 19:00:00,STATION_A_01,753.24,11.3,False
2026-02-06 20:00:00,STATION_A_01,613.86,10.8,False
2026-02-06 21:00:00,STATION_A_01,538.61,8.5,False
2026-02-06 22:00:00,STATION_A_01,476.26,8.7,False
2026-02-06 23:00:00,STATION_A_01,446.16,6.2,False
2026-02-07 00:00:00,STATION_A_01,350.78,4.1,False
2026-02-07 01:00:00,STATION_A_01,313.44,4.5,False
2026-02-07 02:00:00,STATION_A_01,358.16,4.1,False
2026-02-07 03:00:00,STATION_A_01,364.18,4.8,False
2026-02-07 04:00:00,STATION_A_01,413.35,4.4,False
2026-02-07 05:00:00,STATION_A_01,447.19,5.0,False
2026-02-07 06:00:00,STATION_A_01,543.6,5.7,False
2026-02-07 07:00:00,STATION_A_01,590.42,6.3,False
2026-02-07 08:00:00,STATION_A_01,677.01,7.0,False
2026-02-07 09:00:00,STATION_A_01,732.94,9.6,False
2026-02-07 10:00:00,STATION_A_01,850.39,10.3,False
2026-02-07 11:00:00,STATION_A_01,898.3,14.0,False
2026-02-07 12:00:00,STATION_A_01,868.7,14.8,False
2026-02-07 13:00:00,STATION_A_01,878.62,14.8,False
2026-02-07 14:00:00,STATION_A_01,856.14,15.0,False
2026-02-07 15:00:00,STATION_A_01,872.92,14.7,False
2026-02-07 16:00:00,STATION_A_01,788.05,13.1,False
2026-02-07 17:00:00,STATION_A_01,730.02,13.8,False
2026-02-07 18:00:00,STATION_A_01,698.5,13.3,False
2026-02-07 19:00:00,STATION_A_01,593.58,12.3,False
2026-02-07 20:00:00,STATION_A_01,533.87,11.3,False
2026-02-07 21:00:00,STATION_A_01,443.01,10.4,False
2026-02-07 22:00:00,STATION_A_01,422.78,7.1,False
2026-02-07 23:00:00,STATION_A_01,394.47,5.8,False
2026-02-08 00:00:00,STATION_A_01,350.84,7.2,False
2026-02-08 01:00:00,STATION_A_01,349.99,5.5,False
2026-02-08 02:00:00,STATION_A_01,332.14,3.6,False
2026-02-08 03:00:00,STATION_A_01,372.59,3.7,False
2026-02-08 04:00:00,STATION_A_01,399.25,3.9,False
2026-02-08 05:00:00,STATION_A_01,465.63,4.6,False
2026-02-08 06:00:00,STATION_A_01,549.62,6.0,False
2026-02-08 07:00:00,STATION_A_01,607.93,9.7,False
2026-02-08 08:00:00,STATION_A_01,642.95,8.2,False
2026-02-08 09:00:00,STATION_A_01,708.07,10.2,False
2026-02-08 10:00:00,STATION_A_01,760.17,8.8,False
2026-02-08 11:00:00,STATION_A_01,856.69,11.6,False
2026-02-08 12:00:00,STATION_A_01,932.36,14.8,False
2026-02-08 13:00:00,STATION_A_01,920.85,14.6,False
2026-02-08 14:00:00,STATION_A_01,812.02,9.5,False
2026-02-08 15:00:00,STATION_A_01,,15.7,False
2026-02-08 16:00:00,STATION_A_01,825.5,17.0,False
2026-02-08 17:00:00,STATION_A_01,702.69,11.8,False
2026-02-08 18:00:00,STATION_A_01,669.94,15.1,False
2026-02-08 19:00:00,STATION_A_01,629.81,8.9,False
2026-02-08 20:00:00,STATION_A_01,546.29,12.0,False
2026-02-08 21:00:00,STATION_A_01,448.64,9.4,False
2026-02-08 22:00:00,STATION_A_01,422.53,5.2,False
2026-02-08 23:00:00,STATION_A_01,342.63,7.2,False
2026-02-09 00:00:00,STATION_A_01,386.84,7.0,False
2026-02-09 01:00:00,STATION_A_01,394.45,5.1,False
2026-02-09 02:00:00,STATION_A_01,390.21,4.9,False
2026-02-09 03:00:00,STATION_A_01,413.66,3.5,False
2026-02-09 04:00:00,STATION_A_01,485.04,1.9,False
2026-02-09 05:00:00,STATION_A_01,553.0,5.6,False
2026-02-09 06:00:00,STATION_A_01,637.67,7.7,False
2026-02-09 07:00:00,STATION_A_01,711.28,8.1,False
2026-02-09 08:00:00,STATION_A_01,799.79,5.7,False
2026-02-09 09:00:00,STATION_A_01,867.32,7.7,False
2026-02-09 10:00:00,STATION_A_01,918.52,9.9,False
2026-02-09 11:00:00,STATION_A_01,962.54,10.4,False
2026-02-09 12:00:00,STATION_A_01,982.46,13.5,False
2026-02-09 13:00:00,STATION_A_01,958.89,14.8,False
2026-02-09 14:00:00,STATION_A_01,957.76,13.1,False
2026-02-09 15:00:00,STATION_A_01,950.47,16.0,False
2026-02-09 16:00:00,STATION_A_01,918.34,15.6,False
2026-02-09 17:00:00,STATION_A_01,889.04,13.7,False
2026-02-09 18:00:00,STATION_A_01,770.33,13.2,False
2026-02-09 19:00:00,STATION_A_01,715.32,10.0,False
2026-02-09 20:00:00,STATION_A_01,633.7,10.6,False
2026-02-09 21:00:00,STATION_A_01,531.34,9.6,False
2026-02-09 22:00:00,STATION_A_01,481.12,8.4,False
2026-02-09 23:00:00,STATION_A_01,418.33,7.3,False
2026-02-10 00:00:00,STATION_A_01,408.97,6.0,False
2026-02-10 01:00:00,STATION_A_01,388.79,4.5,False
2026-02-10 02:00:00,STATION_A_01,374.68,4.6,False
2026-02-10 03:00:00,STATION_A_01,424.49,5.3,False
2026-02-10 04:00:00,STATION_A_01,498.82,4.2,False
2026-02-10 05:00:00,STATION_A_01,532.74,5.2,False
2026-02-10 06:00:00,STATION_A_01,620.87,5.5,False
2026-02-10 07:00:00,STATION_A_01,705.16,6.1,False
2026-02-10 08:00:00,STATION_A_01,744.59,8.8,False
2026-02-10 09:00:00,STATION_A_01,862.97,9.0,False
2026-02-10 10:00:00,STATION_A_01,867.9,11.5,False
2026-02-10 11:00:00,STATION_A_01,940.95,12.4,False
2026-02-10 12:00:00,STATION_A_01,1030.64,13.2,False
2026-02-10 13:00:00,STATION_A_01,1016.5,14.0,False
2026-02-10 14:00:00,STATION_A_01,982.87,14.4,False
2026-02-10 15:00:00,STATION_A_01,977.47,13.2,False
2026-02-10 16:00:00,STATION_A_01,911.08,15.5,False
2026-02-10 17:00:00,STATION_A_01,848.92,14.7,False
2026-02-10 18:00:00,STATION_A_01,791.23,14.6,False
2026-02-10 19:00:00,STATION_A_01,675.2,11.8,False
2026-02-10 20:00:00,STATION_A_01,613.07,13.4,False
2026-02-10 21:00:00,STATION_A_01,531.19,9.3,False
2026-02-10 22:00:00,STATION_A_01,446.31,7.2,False
2026-02-10 23:00:00,STATION_A_01,409.38,5.8,False
2026-02-11 00:00:00,STATION_A_01,413.4,3.8,False
2026-02-11 01:00:00,STATION_A_01,386.44,6.8,False
2026-02-11 02:00:00,STATION_A_01,373.82,6.1,False
2026-02-11 03:00:00,STATION_A_01,400.38,5.0,False
2026-02-11 04:00:00,STATION_A_01,470.98,3.4,False
2026-02-11 05:00:00,STATION_A_01,566.9,7.2,False
2026-02-11 06:00:00,STATION_A_01,608.86,5.5,False
2026-02-11 07:00:00,STATION_A_01,725.47,6.7,False
2026-02-11 08:00:00,STATION_A_01,784.15,10.1,False
2026-02-11 09:00:00,STATION_A_01,864.02,10.6,False
2026-02-11 10:00:00,STATION_A_01,872.0,13.9,False
2026-02-11 11:00:00,STATION_A_01,996.15,12.8,False
2026-02-11 12:00:00,STATION_A_01,984.13,13.2,False
2026-02-11 13:00:00,STATION_A_01,1036.96,13.8,False
2026-02-11 14:00:00,STATION_A_01,967.64,12.9,False
2026-02-11 15:00:00,STATION_A_01,,15.0,False
2026-02-11 16:00:00,STATION_A_01,926.63,16.5,False
2026-02-11 17:00:00,STATION_A_01,846.14,15.3,False
2026-02-11 18:00:00,STATION_A_01,786.42,13.7,False
2026-02-11 19:00:00,STATION_A_01,688.15,11.4,False
2026-02-11 20:00:00,STATION_A_01,599.84,11.5,False
2026-02-11 21:00:00,STATION_A_01,568.7,11.1,False
2026-02-11 22:00:00,STATION_A_01,491.14,8.9,False
2026-02-11 23:00:00,STATION_A_01,412.81,7.3,False
2026-02-12 00:00:00,STATION_A_01,400.72,5.0,False
2026-02-12 01:00:00,STATION_A_01,372.35,6.2,False
2026-02-12 02:00:00,STATION_A_01,376.69,0.8,False
2026-02-12 03:00:00,STATION_A_01,439.64,4.8,False
2026-02-12 04:00:00,STATION_A_01,445.78,7.7,False
2026-02-12 05:00:00,STATION_A_01,556.39,3.3,False
2026-02-12 06:00:00,STATION_A_01,609.01,5.7,False
2026-02-12 07:00:00,STATION_A_01,690.37,7.1,False
2026-02-12 08:00:00,STATION_A_01,787.74,7.9,False
2026-02-12 09:00:00,STATION_A_01,869.52,11.2,False
2026-02-12 10:00:00,STATION_A_01,890.6,11.9,False
2026-02-12 11:00:00,STATION_A_01,991.27,12.9,False
2026-02-12 12:00:00,STATION_A_01,1002.33,14.8,False
2026-02-12 13:00:00,STATION_A_01,964.78,14.7,False
2026-02-12 14:00:00,STATION_A_01,992.64,19.1,False
2026-02-12 15:00:00,STATION_A_01,1014.16,15.6,False
2026-02-12 16:00:00,STATION_A_01,971.56,15.5,False
2026-02-12 17:00:00,STATION_A_01,874.33,12.7,False
2026-02-12 18:00:00,STATION_A_01,745.05,13.2,False
2026-02-12 19:00:00,STATION_A_01,708.37,14.1,False
2026-02-12 20:00:00,STATION_A_01,633.69,9.8,False
2026-02-12 21:00:00,STATION_A_01,553.54,7.4,False
2026-02-12 22:00:00,STATION_A_01,488.01,8.6,False
2026-02-12 23:00:00,STATION_A_01,430.6,8.9,False
2026-02-13 00:00:00,STATION_A_01,392.92,6.2,False
2026-02-13 01:00:00,STATION_A_01,375.11,4.8,False
2026-02-13 02:00:00,STATION_A_01,367.83,2.5,False
2026-02-13 03:00:00,STATION_A_01,430.43,5.1,False
2026-02-13 04:00:00,STATION_A_01,478.36,5.5,False
2026-02-13 05:00:00,STATION_A_01,550.84,3.1,False
2026-02-13 06:00:00,STATION_A_01,587.18,7.5,False
2026-02-13 07:00:00,STATION_A_01,713.04,8.2,False
2026-02-13 08:00:00,STATION_A_01,834.59,10.0,False
2026-02-13 09:00:00,STATION_A_01,856.72,10.8,False
2026-02-13 10:00:00,STATION_A_01,917.49,12.3,False
2026-02-13 11:00:00,STATION_A_01,979.95,13.4,False
2026-02-13 12:00:00,STATION_A_01,1072.13,15.0,False
2026-02-13 13:00:00,STATION_A_01,975.49,12.7,False
2026-02-13 14:00:00,STATION_A_01,1008.26,13.6,False
2026-02-13 15:00:00,STATION_A_01,942.73,14.7,False
2026-02-13 16:00:00,STATION_A_01,902.45,15.3,False
2026-02-13 17:00:00,STATION_A_01,853.62,15.3,False
2026-02-13 18:00:00,STATION_A_01,816.18,14.4,False
2026-02-13 19:00:00,STATION_A_01,742.2,14.2,False
2026-02-13 20:00:00,STATION_A_01,626.62,12.9,False
2026-02-13 21:00:00,STATION_A_01,534.08,9.1,False
2026-02-13 22:00:00,STATION_A_01,517.73,9.0,False
2026-02-13 23:00:00,STATION_A_01,419.9,6.4,False
2026-02-14 00:00:00,STATION_A_01,340.59,6.0,False
2026-02-14 01:00:00,STATION_A_01,317.14,5.8,False
2026-02-14 02:00:00,STATION_A_01,364.59,0.8,False
2026-02-14 03:00:00,STATION_A_01,388.01,7.6,False
2026-02-14 04:00:00,STATION_A_01,454.79,5.5,False
2026-02-14 05:00:00,STATION_A_01,453.49,4.7,False
2026-02-14 06:00:00,STATION_A_01,571.23,8.6,False
2026-02-14 07:00:00,STATION_A_01,616.71,7.0,False
2026-02-14 08:00:00,STATION_A_01,706.3,8.9,False
2026-02-14 09:00:00,STATION_A_01,710.3,9.6,False
2026-02-14 10:00:00,STATION_A_01,852.89,13.6,False
2026-02-14 11:00:00,STATION_A_01,878.85,12.8,False
2026-02-14 12:00:00,STATION_A_01,881.87,14.3,False
2026-02-14 13:00:00,STATION_A_01,912.76,16.4,False
2026-02-14 14:00:00,STATION_A_01,859.6,16.2,False
2026-02-14 15:00:00,STATION_A_01,838.32,15.7,False
2026-02-14 16:00:00,STATION_A_01,798.56,16.9,False
2026-02-14 17:00:00,STATION_A_01,705.5,18.1,False
2026-02-14 18:00:00,STATION_A_01,708.39,14.5,False
2026-02-14 19:00:00,STATION_A_01,641.67,13.1,False
2026-02-14 20:00:00,STATION_A_01,530.94,11.9,False
2026-02-14 21:00:00,STATION_A_01,483.31,11.8,False
2026-02-14 22:00:00,STATION_A_01,416.21,8.1,False
2026-02-14 23:00:00,STATION_A_01,380.41,7.2,False
2026-02-15 00:00:00,STATION_A_01,340.77,4.6,False
2026-02-15 01:00:00,STATION_A_01,328.52,4.1,False
2026-02-15 02:00:00,STATION_A_01,361.33,4.4,False
2026-02-15 03:00:00,STATION_A_01,375.41,4.7,False
2026-02-15 04:00:00,STATION_A_01,450.13,7.1,False
2026-02-15 05:00:00,STATION_A_01,478.67,6.2,False
2026-02-15 06:00:00,STATION_A_01,527.22,5.3,False
2026-02-15 07:00:00,STATION_A_01,643.25,6.7,False
2026-02-15 08:00:00,STATION_A_01,703.88,10.6,False
2026-02-15 09:00:00,STATION_A_01,774.93,11.7,False
2026-02-15 10:00:00,STATION_A_01,847.17,11.8,False
2026-02-15 11:00:00,STATION_A_01,837.9,12.6,False
2026-02-15 12:00:00,STATION_A_01,881.38,15.6,False
2026-02-15 13:00:00,STATION_A_01,889.51,13.9,False
2026-02-15 14:00:00,STATION_A_01,845.51,16.2,False
2026-02-15 15:00:00,STATION_A_01,849.94,18.6,False
2026-02-15 16:00:00,STATION_A_01,851.86,15.9,False
2026-02-15 17:00:00,STATION_A_01,762.63,14.2,False
2026-02-15 18:00:00,STATION_A_01,656.93,14.8,False
2026-02-15 19:00:00,STATION_A_01,583.93,12.6,False
2026-02-15 20:00:00,STATION_A_01,577.48,10.2,False
2026-02-15 21:00:00,STATION_A_01,477.19,11.3,False
2026-02-15 22:00:00,STATION_A_01,411.64,10.3,False
2026-02-15 23:00:00,STATION_A_01,373.43,7.3,False
2026-02-16 00:00:00,STATION_A_01,293.61,6.1,True
2026-02-16 01:00:00,STATION_A_01,316.25,4.5,True
2026-02-16 02:00:00,STATION_A_01,305.42,4.9,True
2026-02-16 03:00:00,STATION_A_01,350.34,4.3,True
2026-02-16 04:00:00,STATION_A_01,374.23,3.9,True
2026-02-16 05:00:00,STATION_A_01,445.91,8.0,True
2026-02-16 06:00:00,STATION_A_01,488.54,7.1,True
2026-02-16 07:00:00,STATION_A_01,564.44,8.4,True
2026-02-16 08:00:00,STATION_A_01,627.37,10.1,True
2026-02-16 09:00:00,STATION_A_01,686.18,11.4,True
2026-02-16 10:00:00,STATION_A_01,731.5,11.4,True
2026-02-16 11:00:00,STATION_A_01,755.78,13.6,True
2026-02-16 12:00:00,STATION_A_01,839.46,14.1,True
2026-02-16 13:00:00,STATION_A_01,769.97,15.8,True
2026-02-16 14:00:00,STATION_A_01,787.0,16.2,True
2026-02-16 15:00:00,STATION_A_01,762.71,15.6,True
2026-02-16 16:00:00,STATION_A_01,733.34,14.2,True
2026-02-16 17:00:00,STATION_A_01,662.0,15.5,True
2026-02-16 18:00:00,STATION_A_01,619.37,14.2,True
2026-02-16 19:00:00,STATION_A_01,545.53,11.0,True
2026-02-16 20:00:00,STATION_A_01,458.06,12.6,True
2026-02-16 21:00:00,STATION_A_01,425.53,11.7,True
2026-02-16 22:00:00,STATION_A_01,359.85,12.2,True
2026-02-16 23:00:00,STATION_A_01,314.71,7.3,True
2026-02-17 00:00:00,STATION_A_01,311.89,6.0,True
2026-02-17 01:00:00,STATION_A_01,307.17,4.5,True
2026-02-17 02:00:00,STATION_A_01,316.19,5.5,True
2026-02-17 03:00:00,STATION_A_01,341.85,5.3,True
2026-02-17 04:00:00,STATION_A_01,349.18,4.3,True
2026-02-17 05:00:00,STATION_A_01,405.47,5.6,True
2026-02-17 06:00:00,STATION_A_01,518.95,4.3,True
2026-02-17 07:00:00,STATION_A_01,529.33,9.0,True
2026-02-17 08:00:00,STATION_A_01,626.64,8.3,True
2026-02-17 09:00:00,STATION_A_01,657.05,10.6,True
2026-02-17 10:00:00,STATION_A_01,726.56,10.3,True
2026-02-17 11:00:00,STATION_A_01,746.99,12.7,True
2026-02-17 12:00:00,STATION_A_01,804.22,14.2,True
2026-02-17 13:00:00,STATION_A_01,801.05,15.4,True
2026-02-17 14:00:00,STATION_A_01,776.51,16.5,True
2026-02-17 15:00:00,STATION_A_01,736.15,17.9,True
2026-02-17 16:00:00,STATION_A_01,731.79,16.9,True
2026-02-17 17:00:00,STATION_A_01,645.21,16.6,True
2026-02-17 18:00:00,STATION_A_01,623.36,16.3,True
2026-02-17 19:00:00,STATION_A_01,600.74,14.1,True
2026-02-17 20:00:00,STATION_A_01,509.11,12.1,True
2026-02-17 21:00:00,STATION_A_01,437.19,11.9,True
2026-02-17 22:00:00,STATION_A_01,374.1,10.6,True
2026-02-17 23:00:00,STATION_A_01,313.11,8.7,True
2026-02-18 00:00:00,STATION_A_01,296.79,5.1,True
2026-02-18 01:00:00,STATION_A_01,316.38,4.9,True
2026-02-18 02:00:00,STATION_A_01,302.65,5.1,True
2026-02-18 03:00:00,STATION_A_01,327.82,6.2,True
2026-02-18 04:00:00,STATION_A_01,373.28,5.4,True
2026-02-18 05:00:00,STATION_A_01,410.96,7.3,True
2026-02-18 06:00:00,STATION_A_01,465.75,8.4,True
2026-02-18 07:00:00,STATION_A_01,549.89,9.4,True
2026-02-18 08:00:00,STATION_A_01,595.89,10.8,True
2026-02-18 09:00:00,STATION_A_01,,9.5,True
2026-02-18 10:00:00,STATION_A_01,706.51,12.8,True
2026-02-18 11:00:00,STATION_A_01,779.86,12.8,True
2026-02-18 12:00:00,STATION_A_01,784.29,12.7,True
2026-02-18 13:00:00,STATION_A_01,794.26,15.2,True
2026-02-18 14:00:00,STATION_A_01,807.41,17.7,True
2026-02-18 15:00:00,STATION_A_01,762.37,16.9,True
2026-02-18 16:00:00,STATION_A_01,719.75,18.5,True
2026-02-18 17:00:00,STATION_A_01,686.64,15.8,True
2026-02-18 18:00:00,STATION_A_01,630.13,17.6,True
2026-02-18 19:00:00,STATION_A_01,548.72,13.8,True
2026-02-18 20:00:00,STATION_A_01,488.74,12.3,True
2026-02-18 21:00:00,STATION_A_01,415.85,9.3,True
2026-02-18 22:00:00,STATION_A_01,364.84,10.8,True
2026-02-18 23:00:00,STATION_A_01,345.82,7.5,True
2026-02-19 00:00:00,STATION_A_01,316.84,6.2,True
2026-02-19 01:00:00,STATION_A_01,308.38,7.6,True
2026-02-19 02:00:00,STATION_A_01,315.11,6.9,True
2026-02-19 03:00:00,STATION_A_01,,6.7,True
2026-02-19 04:00:00,STATION_A_01,385.58,5.1,True
2026-02-19 05:00:00,STATION_A_01,441.91,6.1,True
2026-02-19 06:00:00,STATION_A_01,503.44,6.9,True
2026-02-19 07:00:00,STATION_A_01,550.3,9.1,True
2026-02-19 08:00:00,STATION_A_01,646.57,11.3,True
2026-02-19 09:00:00,STATION_A_01,682.06,11.4,True
2026-02-19 10:00:00,STATION_A_01,744.32,14.7,True
2026-02-19 11:00:00,STATION_A_01,775.37,14.8,True
2026-02-19 12:00:00,STATION_A_01,799.57,14.5,True
2026-02-19 13:00:00,STATION_A_01,780.64,16.7,True
2026-02-19 14:00:00,STATION_A_01,812.34,18.3,True
2026-02-19 15:00:00,STATION_A_01,844.61,18.8,True
2026-02-19 16:00:00,STATION_A_01,719.11,17.7,True
2026-02-19 17:00:00,STATION_A_01,678.9,15.8,True
2026-02-19 18:00:00,STATION_A_01,607.64,14.6,True
2026-02-19 19:00:00,STATION_A_01,543.5,14.4,True
2026-02-19 20:00:00,STATION_A_01,515.01,14.4,True
2026-02-19 21:00:00,STATION_A_01,418.53,11.5,True
2026-02-19 22:00:00,STATION_A_01,370.86,10.1,True
2026-02-19 23:00:00,STATION_A_01,318.84,8.3,True
2026-02-20 00:00:00,STATION_A_01,304.47,6.7,True
2026-02-20 01:00:00,STATION_A_01,286.12,6.1,True
2026-02-20 02:00:00,STATION_A_01,319.75,5.9,True
2026-02-20 03:00:00,STATION_A_01,370.84,7.6,True
2026-02-20 04:00:00,STATION_A_01,372.51,5.4,True
2026-02-20 05:00:00,STATION_A_01,403.96,6.3,True
2026-02-20 06:00:00,STATION_A_01,504.52,6.1,True
2026-02-20 07:00:00,STATION_A_01,539.56,9.2,True
2026-02-20 08:00:00,STATION_A_01,646.31,11.3,True
2026-02-20 09:00:00,STATION_A_01,671.66,13.0,True
2026-02-20 10:00:00,STATION_A_01,713.9,12.7,True
2026-02-20 11:00:00,STATION_A_01,764.93,14.5,True
2026-02-20 12:00:00,STATION_A_01,815.79,14.8,True
2026-02-20 13:00:00,STATION_A_01,796.9,16.5,True
2026-02-20 14:00:00,STATION_A_01,781.06,16.8,True
2026-02-20 15:00:00,STATION_A_01,764.69,16.7,True
2026-02-20 16:00:00,STATION_A_01,697.98,16.6,True
2026-02-20 17:00:00,STATION_A_01,688.36,16.4,True
2026-02-20 18:00:00,STATION_A_01,580.14,14.7,True
2026-02-20 19:00:00,STATION_A_01,545.72,13.6,True
2026-02-20 20:00:00,STATION_A_01,502.85,14.6,True
2026-02-20 21:00:00,STATION_A_01,434.26,14.4,True
2026-02-20 22:00:00,STATION_A_01,385.88,8.3,True
2026-02-20 23:00:00,STATION_A_01,337.68,6.9,True
2026-02-21 00:00:00,STATION_A_01,287.22,6.1,True
2026-02-21 01:00:00,STATION_A_01,277.16,6.3,True
2026-02-21 02:00:00,STATION_A_01,280.29,6.9,True
2026-02-21 03:00:00,STATION_A_01,307.63,6.4,True
2026-02-21 04:00:00,STATION_A_01,341.65,6.1,True
2026-02-21 05:00:00,STATION_A_01,372.64,7.1,True
2026-02-21 06:00:00,STATION_A_01,411.2,6.5,True
2026-02-21 07:00:00,STATION_A_01,495.62,8.2,True
2026-02-21 08:00:00,STATION_A_01,555.8,9.8,True
2026-02-21 09:00:00,STATION_A_01,621.3,9.3,True
2026-02-21 10:00:00,STATION_A_01,622.95,11.2,True
2026-02-21 11:00:00,STATION_A_01,657.52,12.6,True
2026-02-21 12:00:00,STATION_A_01,712.39,16.0,True
2026-02-21 13:00:00,STATION_A_01,706.91,16.3,True
2026-02-21 14:00:00,STATION_A_01,654.97,17.3,True
2026-02-21 15:00:00,STATION_A_01,688.27,14.5,True
2026-02-21 16:00:00,STATION_A_01,602.67,14.8,True
2026-02-21 17:00:00,STATION_A_01,579.14,16.8,True
2026-02-21 18:00:00,STATION_A_01,571.78,11.8,True
2026-02-21 19:00:00,STATION_A_01,520.28,15.5,True
2026-02-21 20:00:00,STATION_A_01,413.75,10.5,True
2026-02-21 21:00:00,STATION_A_01,374.72,12.3,True
2026-02-21 22:00:00,STATION_A_01,334.03,8.8,True
2026-02-21 23:00:00,STATION_A_01,317.2,9.8,True
2026-02-22 00:00:00,STATION_A_01,271.85,11.3,True
2026-02-22 01:00:00,STATION_A_01,264.65,3.8,True
2026-02-22 02:00:00,STATION_A_01,291.67,6.8,True
2026-02-22 03:00:00,STATION_A_01,294.79,3.6,True
2026-02-22 04:00:00,STATION_A_01,342.18,6.5,True
2026-02-22 05:00:00,STATION_A_01,359.79,6.3,True
2026-02-22 06:00:00,STATION_A_01,429.99,7.6,True
2026-02-22 07:00:00,STATION_A_01,461.22,7.5,True
2026-02-22 08:00:00,STATION_A_01,526.55,10.9,True
2026-02-22 09:00:00,STATION_A_01,617.58,9.6,True
2026-02-22 10:00:00,STATION_A_01,644.54,14.3,True
2026-02-22 11:00:00,STATION_A_01,673.16,13.6,True
2026-02-22 12:00:00,STATION_A_01,684.44,13.6,True
2026-02-22 13:00:00,STATION_A_01,704.96,18.1,True
2026-02-22 14:00:00,STATION_A_01,710.42,16.6,True
2026-02-22 15:00:00,STATION_A_01,704.48,19.2,True
2026-02-22 16:00:00,STATION_A_01,586.71,18.2,True
2026-02-22 17:00:00,STATION_A_01,582.98,15.2,True
2026-02-22 18:00:00,STATION_A_01,550.36,15.2,True
2026-02-22 19:00:00,STATION_A_01,488.57,14.3,True
2026-02-22 20:00:00,STATION_A_01,439.33,14.7,True
2026-02-22 21:00:00,STATION_A_01,383.6,12.0,True
2026-02-22 22:00:00,STATION_A_01,330.8,10.2,True
2026-02-22 23:00:00,STATION_A_01,293.81,8.5,True
2026-02-23 00:00:00,STATION_A_01,400.54,7.5,False
2026-02-23 01:00:00,STATION_A_01,408.9,8.3,False
2026-02-23 02:00:00,STATION_A_01,393.74,6.2,False
2026-02-23 03:00:00,STATION_A_01,435.31,5.5,False
2026-02-23 04:00:00,STATION_A_01,490.57,5.5,False
2026-02-23 05:00:00,STATION_A_01,584.39,6.1,False
2026-02-23 06:00:00,STATION_A_01,625.16,5.9,False
2026-02-23 07:00:00,STATION_A_01,739.16,7.8,False
2026-02-23 08:00:00,STATION_A_01,832.97,11.9,False
2026-02-23 09:00:00,STATION_A_01,874.3,11.3,False
2026-02-23 10:00:00,STATION_A_01,936.06,13.8,False
2026-02-23 11:00:00,STATION_A_01,982.83,11.3,False
2026-02-23 12:00:00,STATION_A_01,1017.35,16.1,False
2026-02-23 13:00:00,STATION_A_01,1068.65,16.1,False
2026-02-23 14:00:00,STATION_A_01,1035.06,16.3,False
2026-02-23 15:00:00,STATION_A_01,1002.88,17.3,False
2026-02-23 16:00:00,STATION_A_01,906.44,16.3,False
2026-02-23 17:00:00,STATION_A_01,847.28,13.8,False
2026-02-23 18:00:00,STATION_A_01,859.33,16.6,False
2026-02-23 19:00:00,STATION_A_01,711.59,14.6,False
2026-02-23 20:00:00,STATION_A_01,615.56,12.6,False
2026-02-23 21:00:00,STATION_A_01,582.86,10.4,False
2026-02-23 22:00:00,STATION_A_01,493.17,8.4,False
2026-02-23 23:00:00,STATION_A_01,446.03,9.1,False
2026-02-24 00:00:00,STATION_A_01,403.06,9.6,False
2026-02-24 01:00:00,STATION_A_01,389.68,7.1,False
2026-02-24 02:00:00,STATION_A_01,402.7,4.6,False
2026-02-24 03:00:00,STATION_A_01,416.19,6.4,False
2026-02-24 04:00:00,STATION_A_01,487.16,6.2,False
2026-02-24 05:00:00,STATION_A_01,561.27,7.9,False
2026-02-24 06:00:00,STATION_A_01,674.4,8.5,False
2026-02-24 07:00:00,STATION_A_01,719.1,5.3,False
2026-02-24 08:00:00,STATION_A_01,735.13,10.9,False
2026-02-24 09:00:00,STATION_A_01,875.55,10.4,False
2026-02-24 10:00:00,STATION_A_01,1036.01,11.4,False
2026-02-24 11:00:00,STATION_A_01,1026.98,14.2,False
2026-02-24 12:00:00,STATION_A_01,999.9,16.1,False
2026-02-24 13:00:00,STATION_A_01,1061.74,14.5,False
2026-02-24 14:00:00,STATION_A_01,1002.59,17.8,False
2026-02-24 15:00:00,STATION_A_01,949.92,18.1,False
2026-02-24 16:00:00,STATION_A_01,934.42,17.1,False
2026-02-24 17:00:00,STATION_A_01,881.98,15.4,False
2026-02-24 18:00:00,STATION_A_01,748.85,14.4,False
2026-02-24 19:00:00,STATION_A_01,688.96,15.7,False
2026-02-24 20:00:00,STATION_A_01,634.53,11.3,False
2026-02-24 21:00:00,STATION_A_01,548.49,13.0,False
2026-02-24 22:00:00,STATION_A_01,496.34,10.1,False
2026-02-24 23:00:00,STATION_A_01,419.64,8.9,False
2026-02-25 00:00:00,STATION_A_01,416.18,5.8,False
2026-02-25 01:00:00,STATION_A_01,378.69,6.8,False
2026-02-25 02:00:00,STATION_A_01,429.46,7.2,False
2026-02-25 03:00:00,STATION_A_01,412.12,4.7,False
2026-02-25 04:00:00,STATION_A_01,471.15,7.1,False
2026-02-25 05:00:00,STATION_A_01,565.03,7.1,False
2026-02-25 06:00:00,STATION_A_01,671.94,7.1,False
2026-02-25 07:00:00,STATION_A_01,726.65,10.1,False
2026-02-25 08:00:00,STATION_A_01,818.33,7.7,False
2026-02-25 09:00:00,STATION_A_01,881.17,12.2,False
2026-02-25 10:00:00,STATION_A_01,913.68,15.2,False
2026-02-25 11:00:00,STATION_A_01,982.1,16.3,False
2026-02-25 12:00:00,STATION_A_01,987.91,16.2,False
2026-02-25 13:00:00,STATION_A_01,996.13,16.2,False
2026-02-25 14:00:00,STATION_A_01,1046.39,16.4,False
2026-02-25 15:00:00,STATION_A_01,960.36,17.0,False
2026-02-25 16:00:00,STATION_A_01,958.92,17.8,False
2026-02-25 17:00:00,STATION_A_01,841.2,15.6,False
2026-02-25 18:00:00,STATION_A_01,811.69,16.7,False
2026-02-25 19:00:00,STATION_A_01,707.31,17.2,False
2026-02-25 20:00:00,STATION_A_01,667.18,13.2,False
2026-02-25 21:00:00,STATION_A_01,564.14,10.3,False
2026-02-25 22:00:00,STATION_A_01,512.02,8.8,False
2026-02-25 23:00:00,STATION_A_01,427.74,10.1,False
2026-02-26 00:00:00,STATION_A_01,407.84,7.9,False
2026-02-26 01:00:00,STATION_A_01,382.44,8.2,False
2026-02-26 02:00:00,STATION_A_01,401.23,6.0,False
2026-02-26 03:00:00,STATION_A_01,435.51,7.4,False
2026-02-26 04:00:00,STATION_A_01,478.62,6.4,False
2026-02-26 05:00:00,STATION_A_01,534.53,6.3,False
2026-02-26 06:00:00,STATION_A_01,605.04,7.6,False
2026-02-26 07:00:00,STATION_A_01,661.51,7.8,False
2026-02-26 08:00:00,STATION_A_01,774.77,12.9,False
2026-02-26 09:00:00,STATION_A_01,902.2,11.8,False
2026-02-26 10:00:00,STATION_A_01,896.92,14.2,False
2026-02-26 11:00:00,STATION_A_01,953.75,14.1,False
2026-02-26 12:00:00,STATION_A_01,1099.06,14.6,False
2026-02-26 13:00:00,STATION_A_01,1022.1,16.5,False
2026-02-26 14:00:00,STATION_A_01,1046.07,18.6,False
2026-02-26 15:00:00,STATION_A_01,1024.66,16.9,False
2026-02-26 16:00:00,STATION_A_01,972.71,16.3,False
2026-02-26 17:00:00,STATION_A_01,836.47,17.0,False
2026-02-26 18:00:00,STATION_A_01,798.83,16.5,False
2026-02-26 19:00:00,STATION_A_01,680.55,16.7,False
2026-02-26 20:00:00,STATION_A_01,692.03,13.9,False
2026-02-26 21:00:00,STATION_A_01,527.99,12.8,False
2026-02-26 22:00:00,STATION_A_01,473.96,11.5,False
2026-02-26 23:00:00,STATION_A_01,424.41,7.9,False
2026-02-27 00:00:00,STATION_A_01,386.67,7.0,False
2026-02-27 01:00:00,STATION_A_01,415.81,6.0,False
2026-02-27 02:00:00,STATION_A_01,442.73,5.1,False
2026-02-27 03:00:00,STATION_A_01,433.29,7.5,False
2026-02-27 04:00:00,STATION_A_01,469.56,7.1,False
2026-02-27 05:00:00,STATION_A_01,515.85,7.4,False
2026-02-27 06:00:00,STATION_A_01,632.66,5.1,False
2026-02-27 07:00:00,STATION_A_01,714.3,11.8,False
2026-02-27 08:00:00,STATION_A_01,788.12,9.6,False
2026-02-27 09:00:00,STATION_A_01,891.86,14.6,False
2026-02-27 10:00:00,STATION_A_01,965.6,11.8,False
2026-02-27 11:00:00,STATION_A_01,1015.56,13.9,False
2026-02-27 12:00:00,STATION_A_01,1025.32,13.4,False
2026-02-27 13:00:00,STATION_A_01,1007.58,17.3,False
2026-02-27 14:00:00,STATION_A_01,1061.17,16.1,False
2026-02-27 15:00:00,STATION_A_01,1005.06,16.4,False
2026-02-27 16:00:00,STATION_A_01,982.65,15.8,False
2026-02-27 17:00:00,STATION_A_01,910.22,17.8,False
2026-02-27 18:00:00,STATION_A_01,767.16,16.9,False
2026-02-27 19:00:00,STATION_A_01,686.89,17.1,False
2026-02-27 20:00:00,STATION_A_01,622.13,12.8,False
2026-02-27 21:00:00,STATION_A_01,539.87,12.4,False
2026-02-27 22:00:00,STATION_A_01,506.26,9.2,False
2026-02-27 23:00:00,STATION_A_01,446.97,9.0,False
2026-02-28 00:00:00,STATION_A_01,373.82,7.7,False
2026-02-28 01:00:00,STATION_A_01,355.1,8.0,False
2026-02-28 02:00:00,STATION_A_01,362.67,8.1,False
2026-02-28 03:00:00,STATION_A_01,405.04,7.9,False
2026-02-28 04:00:00,STATION_A_01,441.45,5.9,False
2026-02-28 05:00:00,STATION_A_01,494.9,8.7,False
2026-02-28 06:00:00,STATION_A_01,592.09,8.3,False
2026-02-28 07:00:00,STATION_A_01,639.76,9.1,False
2026-02-28 08:00:00,STATION_A_01,703.9,10.0,False
2026-02-28 09:00:00,STATION_A_01,757.83,11.6,False
2026-02-28 10:00:00,STATION_A_01,860.88,15.8,False
2026-02-28 11:00:00,STATION_A_01,924.24,15.4,False
2026-02-28 12:00:00,STATION_A_01,913.01,16.4,False
2026-02-28 13:00:00,STATION_A_01,966.82,16.7,False
2026-02-28 14:00:00,STATION_A_01,851.74,20.5,False
2026-02-28 15:00:00,STATION_A_01,884.53,19.4,False
2026-02-28 16:00:00,STATION_A_01,839.55,16.7,False
2026-02-28 17:00:00,STATION_A_01,761.48,16.7,False
2026-02-28 18:00:00,STATION_A_01,771.64,15.9,False
2026-02-28 19:00:00,STATION_A_01,636.5,15.2,False
2026-02-28 20:00:00,STATION_A_01,555.69,12.9,False
2026-02-28 21:00:00,STATION_A_01,494.99,12.9,False
2026-02-28 22:00:00,STATION_A_01,404.61,12.7,False
2026-02-28 23:00:00,STATION_A_01,379.15,8.0,False
2026-03-01 00:00:00,STATION_A_01,373.28,7.1,False
2026-03-01 01:00:00,STATION_A_01,343.38,7.0,False
2026-03-01 02:00:00,STATION_A_01,350.46,6.5,False
2026-03-01 03:00:00,STATION_A_01,407.53,9.3,False
2026-03-01 04:00:00,STATION_A_01,455.8,8.3,False
2026-03-01 05:00:00,STATION_A_01,503.9,8.8,False
2026-03-01 06:00:00,STATION_A_01,555.32,8.2,False
2026-03-01 07:00:00,STATION_A_01,633.41,9.3,False
2026-03-01 08:00:00,STATION_A_01,693.16,9.2,False
2026-03-01 09:00:00,STATION_A_01,755.4,13.3,False
2026-03-01 10:00:00,STATION_A_01,811.49,14.4,False
2026-03-01 11:00:00,STATION_A_01,868.85,16.7,False
2026-03-01 12:00:00,STATION_A_01,883.68,16.1,False
2026-03-01 13:00:00,STATION_A_01,876.06,17.0,False
2026-03-01 14:00:00,STATION_A_01,924.12,18.0,False
2026-03-01 15:00:00,STATION_A_01,895.72,19.0,False
2026-03-01 16:00:00,STATION_A_01,892.97,16.0,False
2026-03-01 17:00:00,STATION_A_01,764.97,18.1,False
2026-03-01 18:00:00,STATION_A_01,721.37,16.3,False
2026-03-01 19:00:00,STATION_A_01,646.55,14.0,False
2026-03-01 20:00:00,STATION_A_01,560.1,11.4,False
2026-03-01 21:00:00,STATION_A_01,508.67,12.3,False
2026-03-01 22:00:00,STATION_A_01,448.02,12.8,False
2026-03-01 23:00:00,STATION_A_01,394.95,11.8,False
2026-03-02 00:00:00,STATION_A_01,407.4,9.0,False
2026-03-02 01:00:00,STATION_A_01,394.96,10.1,False
2026-03-02 02:00:00,STATION_A_01,391.48,7.2,False
2026-03-02 03:00:00,STATION_A_01,431.38,8.2,False
2026-03-02 04:00:00,STATION_A_01,485.17,6.7,False
2026-03-02 05:00:00,STATION_A_01,541.64,7.2,False
2026-03-02 06:00:00,STATION_A_01,652.74,7.8,False
2026-03-02 07:00:00,STATION_A_01,758.13,7.3,False
2026-03-02 08:00:00,STATION_A_01,786.67,12.7,False
2026-03-02 09:00:00,STATION_A_01,900.41,11.8,False
2026-03-02 10:00:00,STATION_A_01,924.76,13.0,False
2026-03-02 11:00:00,STATION_A_01,1000.85,13.9,False
2026-03-02 12:00:00,STATION_A_01,1019.24,16.2,False
2026-03-02 13:00:00,STATION_A_01,1077.99,19.5,False
2026-03-02 14:00:00,STATION_A_01,1019.87,20.4,False
2026-03-02 15:00:00,STATION_A_01,1047.9,16.1,False
2026-03-02 16:00:00,STATION_A_01,951.82,17.5,False
2026-03-02 17:00:00,STATION_A_01,872.0,16.1,False
2026-03-02 18:00:00,STATION_A_01,777.64,17.7,False
2026-03-02 19:00:00,STATION_A_01,735.01,15.7,False
2026-03-02 20:00:00,STATION_A_01,663.93,13.3,False
2026-03-02 21:00:00,STATION_A_01,570.14,12.7,False
2026-03-02 22:00:00,STATION_A_01,535.81,10.6,False
2026-03-02 23:00:00,STATION_A_01,467.07,11.8,False
2026-03-03 00:00:00,STATION_A_01,407.65,9.4,False
2026-03-03 01:00:00,STATION_A_01,396.48,8.7,False
2026-03-03 02:00:00,STATION_A_01,418.94,4.2,False
2026-03-03 03:00:00,STATION_A_01,431.94,7.1,False
2026-03-03 04:00:00,STATION_A_01,517.48,9.9,False
2026-03-03 05:00:00,STATION_A_01,572.36,9.5,False
2026-03-03 06:00:00,STATION_A_01,650.2,6.6,False
2026-03-03 07:00:00,STATION_A_01,746.98,9.6,False
2026-03-03 08:00:00,STATION_A_01,863.6,9.8,False
2026-03-03 09:00:00,STATION_A_01,899.1,14.8,False
2026-03-03 10:00:00,STATION_A_01,958.04,14.4,False
2026-03-03 11:00:00,STATION_A_01,1067.68,14.6,False
2026-03-03 12:00:00,STATION_A_01,1082.5,16.7,False
2026-03-03 13:00:00,STATION_A_01,1046.45,14.4,False
2026-03-03 14:00:00,STATION_A_01,1047.44,16.8,False
2026-03-03 15:00:00,STATION_A_01,1021.48,18.3,False
2026-03-03 16:00:00,STATION_A_01,974.62,19.1,False
2026-03-03 17:00:00,STATION_A_01,852.01,15.2,False
2026-03-03 18:00:00,STATION_A_01,771.3,16.2,False
2026-03-03 19:00:00,STATION_A_01,707.65,16.7,False
2026-03-03 20:00:00,STATION_A_01,623.55,12.5,False
2026-03-03 21:00:00,STATION_A_01,553.37,13.1,False
2026-03-03 22:00:00,STATION_A_01,509.16,11.5,False
2026-03-03 23:00:00,STATION_A_01,443.26,12.1,False
2026-03-04 00:00:00,STATION_A_01,415.93,8.6,False
2026-03-04 01:00:00,STATION_A_01,384.71,7.8,False
2026-03-04 02:00:00,STATION_A_01,406.5,8.5,False
2026-03-04 03:00:00,STATION_A_01,455.25,5.7,False
2026-03-04 04:00:00,STATION_A_01,508.78,7.3,False
2026-03-04 05:00:00,STATION_A_01,552.22,7.5,False
2026-03-04 06:00:00,STATION_A_01,649.65,8.8,False
2026-03-04 07:00:00,STATION_A_01,787.5,11.1,False
2026-03-04 08:00:00,STATION_A_01,815.97,12.1,False
2026-03-04 09:00:00,STATION_A_01,874.2,12.0,False
2026-03-04 10:00:00,STATION_A_01,958.33,14.5,False
2026-03-04 11:00:00,STATION_A_01,1019.89,17.4,False
2026-03-04 12:00:00,STATION_A_01,,15.8,False
2026-03-04 13:00:00,STATION_A_01,,17.8,False
2026-03-04 14:00:00,STATION_A_01,,18.0,False
2026-03-04 15:00:00,STATION_A_01,,18.3,False
2026-03-04 16:00:00,STATION_A_01,,16.3,False
2026-03-04 17:00:00,STATION_A_01,,19.4,False
2026-03-04 18:00:00,STATION_A_01,801.11,15.9,False
2026-03-04 19:00:00,STATION_A_01,727.58,16.9,False
2026-03-04 20:00:00,STATION_A_01,648.3,13.6,False
2026-03-04 21:00:00,STATION_A_01,585.18,12.2,False
2026-03-04 22:00:00,STATION_A_01,497.58,13.0,False
2026-03-04 23:00:00,STATION_A_01,453.23,11.4,False
2026-03-05 00:00:00,STATION_A_01,406.25,9.3,False
2026-03-05 01:00:00,STATION_A_01,410.98,9.1,False
2026-03-05 02:00:00,STATION_A_01,419.63,7.3,False
2026-03-05 03:00:00,STATION_A_01,460.72,7.5,False
2026-03-05 04:00:00,STATION_A_01,512.09,6.9,False
2026-03-05 05:00:00,STATION_A_01,579.67,9.3,False
2026-03-05 06:00:00,STATION_A_01,645.34,8.3,False
2026-03-05 07:00:00,STATION_A_01,739.3,12.0,False
2026-03-05 08:00:00,STATION_A_01,848.94,11.2,False
2026-03-05 09:00:00,STATION_A_01,877.63,13.0,False
2026-03-05 10:00:00,STATION_A_01,945.29,15.4,False
2026-03-05 11:00:00,STATION_A_01,1025.56,15.8,False
2026-03-05 12:00:00,STATION_A_01,1067.46,16.6,False
2026-03-05 13:00:00,STATION_A_01,1032.84,17.8,False
2026-03-05 14:00:00,STATION_A_01,1049.62,19.4,False
2026-03-05 15:00:00,STATION_A_01,1016.15,17.8,False
2026-03-05 16:00:00,STATION_A_01,892.15,18.2,False
2026-03-05 17:00:00,STATION_A_01,891.94,17.8,False
2026-03-05 18:00:00,STATION_A_01,814.79,18.0,False
2026-03-05 19:00:00,STATION_A_01,729.79,15.7,False
2026-03-05 20:00:00,STATION_A_01,680.63,16.7,False
2026-03-05 21:00:00,STATION_A_01,544.68,12.9,False
2026-03-05 22:00:00,STATION_A_01,486.08,11.4,False
2026-03-05 23:00:00,STATION_A_01,407.11,10.2,False
2026-03-06 00:00:00,STATION_A_01,408.12,7.6,False
2026-03-06 01:00:00,STATION_A_01,398.3,7.1,False
2026-03-06 02:00:00,STATION_A_01,407.79,7.2,False
2026-03-06 03:00:00,STATION_A_01,465.64,9.0,False
2026-03-06 04:00:00,STATION_A_01,515.92,7.8,False
2026-03-06 05:00:00,STATION_A_01,570.91,7.8,False
2026-03-06 06:00:00,STATION_A_01,640.73,10.7,False
2026-03-06 07:00:00,STATION_A_01,761.19,12.3,False
2026-03-06 08:00:00,STATION_A_01,819.9,13.3,False
2026-03-06 09:00:00,STATION_A_01,874.53,12.2,False
2026-03-06 10:00:00,STATION_A_01,910.7,14.0,False
2026-03-06 11:00:00,STATION_A_01,1005.79,18.1,False
2026-03-06 12:00:00,STATION_A_01,1082.58,17.4,False
2026-03-06 13:00:00,STATION_A_01,1151.05,17.6,False
2026-03-06 14:00:00,STATION_A_01,1057.21,19.4,False
2026-03-06 15:00:00,STATION_A_01,994.61,19.9,False
2026-03-06 16:00:00,STATION_A_01,929.28,17.8,False
2026-03-06 17:00:00,STATION_A_01,918.45,18.3,False
2026-03-06 18:00:00,STATION_A_01,770.57,18.2,False
2026-03-06 19:00:00,STATION_A_01,749.86,14.6,False
2026-03-06 20:00:00,STATION_A_01,668.68,14.7,False
2026-03-06 21:00:00,STATION_A_01,578.98,11.9,False
2026-03-06 22:00:00,STATION_A_01,497.89,10.7,False
2026-03-06 23:00:00,STATION_A_01,458.05,9.8,False
2026-03-07 00:00:00,STATION_A_01,368.38,10.0,False
2026-03-07 01:00:00,STATION_A_01,346.59,8.1,False
2026-03-07 02:00:00,STATION_A_01,389.98,7.2,False
2026-03-07 03:00:00,STATION_A_01,390.56,7.9,False
2026-03-07 04:00:00,STATION_A_01,453.8,6.6,False
2026-03-07 05:00:00,STATION_A_01,459.73,9.1,False
2026-03-07 06:00:00,STATION_A_01,598.23,10.8,False
2026-03-07 07:00:00,STATION_A_01,681.52,10.5,False
2026-03-07 08:00:00,STATION_A_01,724.52,11.7,False
2026-03-07 09:00:00,STATION_A_01,809.73,13.8,False
2026-03-07 10:00:00,STATION_A_01,871.42,12.3,False
2026-03-07 11:00:00,STATION_A_01,880.89,16.7,False
2026-03-07 12:00:00,STATION_A_01,948.23,21.0,False
2026-03-07 13:00:00,STATION_A_01,913.84,18.0,False
2026-03-07 14:00:00,STATION_A_01,910.77,18.5,False
2026-03-07 15:00:00,STATION_A_01,937.09,19.8,False
2026-03-07 16:00:00,STATION_A_01,884.4,20.7,False
2026-03-07 17:00:00,STATION_A_01,775.19,19.3,False
2026-03-07 18:00:00,STATION_A_01,705.89,14.7,False
2026-03-07 19:00:00,STATION_A_01,634.32,16.8,False
2026-03-07 20:00:00,STATION_A_01,588.16,17.9,False
2026-03-07 21:00:00,STATION_A_01,485.45,14.2,False
2026-03-07 22:00:00,STATION_A_01,448.14,10.6,False
2026-03-07 23:00:00,STATION_A_01,406.58,11.0,False
2026-03-08 00:00:00,STATION_A_01,365.94,8.0,False
2026-03-08 01:00:00,STATION_A_01,369.78,10.1,False
2026-03-08 02:00:00,STATION_A_01,363.24,7.0,False
2026-03-08 03:00:00,STATION_A_01,393.42,8.0,False
2026-03-08 04:00:00,STATION_A_01,427.73,7.1,False
2026-03-08 05:00:00,STATION_A_01,521.39,8.0,False
2026-03-08 06:00:00,STATION_A_01,558.63,11.4,False
2026-03-08 07:00:00,STATION_A_01,657.72,10.8,False
2026-03-08 08:00:00,STATION_A_01,723.71,11.4,False
2026-03-08 09:00:00,STATION_A_01,766.79,12.1,False
2026-03-08 10:00:00,STATION_A_01,838.51,12.7,False
2026-03-08 11:00:00,STATION_A_01,947.07,14.7,False
2026-03-08 12:00:00,STATION_A_01,939.25,17.5,False
2026-03-08 13:00:00,STATION_A_01,909.43,19.4,False
2026-03-08 14:00:00,STATION_A_01,942.82,18.2,False
2026-03-08 15:00:00,STATION_A_01,899.09,20.9,False
2026-03-08 16:00:00,STATION_A_01,960.94,18.0,False
2026-03-08 17:00:00,STATION_A_01,804.72,18.0,False
2026-03-08 18:00:00,STATION_A_01,716.57,16.1,False
2026-03-08 19:00:00,STATION_A_01,682.88,17.5,False
2026-03-08 20:00:00,STATION_A_01,537.8,17.5,False
2026-03-08 21:00:00,STATION_A_01,505.94,11.4,False
2026-03-08 22:00:00,STATION_A_01,474.65,11.7,False
2026-03-08 23:00:00,STATION_A_01,395.57,12.3,False
2026-03-09 00:00:00,STATION_A_01,392.77,8.0,False
2026-03-09 01:00:00,STATION_A_01,401.2,9.5,False
2026-03-09 02:00:00,STATION_A_01,439.52,9.7,False
2026-03-09 03:00:00,STATION_A_01,457.47,8.2,False
2026-03-09 04:00:00,STATION_A_01,489.68,9.0,False
2026-03-09 05:00:00,STATION_A_01,559.75,11.0,False
2026-03-09 06:00:00,STATION_A_01,641.08,12.1,False
2026-03-09 07:00:00,STATION_A_01,749.51,10.8,False
2026-03-09 08:00:00,STATION_A_01,865.15,11.6,False
2026-03-09 09:00:00,STATION_A_01,940.28,12.5,False
2026-03-09 10:00:00,STATION_A_01,991.54,16.2,False
2026-03-09 11:00:00,STATION_A_01,981.06,14.8,False
2026-03-09 12:00:00,STATION_A_01,1013.03,17.2,False
2026-03-09 13:00:00,STATION_A_01,1093.92,18.6,False
2026-03-09 14:00:00,STATION_A_01,1012.58,18.4,False
2026-03-09 15:00:00,STATION_A_01,1021.3,19.5,False
2026-03-09 16:00:00,STATION_A_01,986.95,22.1,False
2026-03-09 17:00:00,STATION_A_01,871.47,18.3,False
2026-03-09 18:00:00,STATION_A_01,797.62,17.1,False
2026-03-09 19:00:00,STATION_A_01,738.61,17.7,False
2026-03-09 20:00:00,STATION_A_01,666.35,15.4,False
2026-03-09 21:00:00,STATION_A_01,595.77,15.4,False
2026-03-09 22:00:00,STATION_A_01,516.14,12.5,False
2026-03-09 23:00:00,STATION_A_01,453.6,10.7,False
2026-03-10 00:00:00,STATION_A_01,408.2,7.7,False
2026-03-10 01:00:00,STATION_A_01,392.54,7.0,False
2026-03-10 02:00:00,STATION_A_01,411.74,6.2,False
2026-03-10 03:00:00,STATION_A_01,459.11,8.7,False
2026-03-10 04:00:00,STATION_A_01,511.66,6.8,False
2026-03-10 05:00:00,STATION_A_01,532.64,10.5,False
2026-03-10 06:00:00,STATION_A_01,637.44,9.9,False
2026-03-10 07:00:00,STATION_A_01,773.22,10.7,False
2026-03-10 08:00:00,STATION_A_01,830.73,11.4,False
2026-03-10 09:00:00,STATION_A_01,863.98,14.5,False
2026-03-10 10:00:00,STATION_A_01,1058.99,14.3,False
2026-03-10 11:00:00,STATION_A_01,1030.45,15.4,False
2026-03-10 12:00:00,STATION_A_01,1079.3,19.1,False
2026-03-10 13:00:00,STATION_A_01,1091.52,19.0,False
2026-03-10 14:00:00,STATION_A_01,1051.48,18.9,False
2026-03-10 15:00:00,STATION_A_01,1005.63,20.1,False
2026-03-10 16:00:00,STATION_A_01,1051.6,19.2,False
2026-03-10 17:00:00,STATION_A_01,941.73,19.1,False
2026-03-10 18:00:00,STATION_A_01,853.12,16.8,False
2026-03-10 19:00:00,STATION_A_01,757.82,19.1,False
2026-03-10 20:00:00,STATION_A_01,633.33,14.6,False
2026-03-10 21:00:00,STATION_A_01,601.56,15.7,False
2026-03-10 22:00:00,STATION_A_01,491.67,12.2,False
2026-03-10 23:00:00,STATION_A_01,458.02,12.1,False
2026-03-11 00:00:00,STATION_A_01,396.05,10.9,False
2026-03-11 01:00:00,STATION_A_01,379.6,10.5,False
2026-03-11 02:00:00,STATION_A_01,424.93,7.6,False
2026-03-11 03:00:00,STATION_A_01,440.86,9.7,False
2026-03-11 04:00:00,STATION_A_01,471.63,10.8,False
2026-03-11 05:00:00,STATION_A_01,587.18,8.8,False
2026-03-11 06:00:00,STATION_A_01,705.79,10.1,False
2026-03-11 07:00:00,STATION_A_01,779.9,10.6,False
2026-03-11 08:00:00,STATION_A_01,822.95,12.1,False
2026-03-11 09:00:00,STATION_A_01,911.53,16.0,False
2026-03-11 10:00:00,STATION_A_01,1011.14,14.2,False
2026-03-11 11:00:00,STATION_A_01,1074.59,15.6,False
2026-03-11 12:00:00,STATION_A_01,1054.7,19.8,False
2026-03-11 13:00:00,STATION_A_01,1080.34,19.5,False
2026-03-11 14:00:00,STATION_A_01,1078.98,21.8,False
2026-03-11 15:00:00,STATION_A_01,1054.45,18.9,False
2026-03-11 16:00:00,STATION_A_01,976.69,19.5,False
2026-03-11 17:00:00,STATION_A_01,908.14,18.0,False
2026-03-11 18:00:00,STATION_A_01,871.41,18.1,False
2026-03-11 19:00:00,STATION_A_01,776.14,14.6,False
2026-03-11 20:00:00,STATION_A_01,668.96,16.3,False
2026-03-11 21:00:00,STATION_A_01,611.93,14.4,False
2026-03-11 22:00:00,STATION_A_01,500.97,12.5,False
2026-03-11 23:00:00,STATION_A_01,480.44,10.8,False
2026-03-12 00:00:00,STATION_A_01,429.17,9.1,False
2026-03-12 01:00:00,STATION_A_01,456.7,10.2,False
2026-03-12 02:00:00,STATION_A_01,403.67,7.3,False
2026-03-12 03:00:00,STATION_A_01,443.82,9.2,False
2026-03-12 04:00:00,STATION_A_01,515.59,11.2,False
2026-03-12 05:00:00,STATION_A_01,585.69,11.1,False
2026-03-12 06:00:00,STATION_A_01,703.57,8.4,False
2026-03-12 07:00:00,STATION_A_01,728.07,10.7,False
2026-03-12 08:00:00,STATION_A_01,858.79,13.2,False
2026-03-12 09:00:00,STATION_A_01,950.6,14.0,False
2026-03-12 10:00:00,STATION_A_01,1007.27,13.9,False
2026-03-12 11:00:00,STATION_A_01,1001.6,17.3,False
2026-03-12 12:00:00,STATION_A_01,1122.82,18.0,False
2026-03-12 13:00:00,STATION_A_01,1128.18,21.2,False
2026-03-12 14:00:00,STATION_A_01,1092.77,19.1,False
2026-03-12 15:00:00,STATION_A_01,1044.29,21.0,False
2026-03-12 16:00:00,STATION_A_01,991.4,17.9,False
2026-03-12 17:00:00,STATION_A_01,911.65,17.7,False
2026-03-12 18:00:00,STATION_A_01,851.94,18.9,False
2026-03-12 19:00:00,STATION_A_01,747.22,18.2,False
2026-03-12 20:00:00,STATION_A_01,639.95,14.4,False
2026-03-12 21:00:00,STATION_A_01,557.35,14.2,False
2026-03-12 22:00:00,STATION_A_01,495.65,11.1,False
2026-03-12 23:00:00,STATION_A_01,459.25,11.2,False
2026-03-13 00:00:00,STATION_A_01,421.78,11.3,False
2026-03-13 01:00:00,STATION_A_01,413.86,8.9,False
2026-03-13 02:00:00,STATION_A_01,429.66,8.6,False
2026-03-13 03:00:00,STATION_A_01,445.88,7.4,False
2026-03-13 04:00:00,STATION_A_01,535.49,8.1,False
2026-03-13 05:00:00,STATION_A_01,573.62,11.6,False
2026-03-13 06:00:00,STATION_A_01,650.18,10.4,False
2026-03-13 07:00:00,STATION_A_01,759.92,10.3,False
2026-03-13 08:00:00,STATION_A_01,780.78,12.5,False
2026-03-13 09:00:00,STATION_A_01,890.29,12.3,False
2026-03-13 10:00:00,STATION_A_01,1019.22,14.5,False
2026-03-13 11:00:00,STATION_A_01,975.76,18.7,False
2026-03-13 12:00:00,STATION_A_01,1114.61,18.0,False
2026-03-13 13:00:00,STATION_A_01,1141.57,21.3,False
2026-03-13 14:00:00,STATION_A_01,1059.0,19.5,False
2026-03-13 15:00:00,STATION_A_01,1049.97,19.8,False
2026-03-13 16:00:00,STATION_A_01,1024.59,20.4,False
2026-03-13 17:00:00,STATION_A_01,901.38,15.9,False
2026-03-13 18:00:00,STATION_A_01,860.62,18.5,False
2026-03-13 19:00:00,STATION_A_01,730.62,17.0,False
2026-03-13 20:00:00,STATION_A_01,650.06,17.5,False
2026-03-13 21:00:00,STATION_A_01,563.74,15.5,False
2026-03-13 22:00:00,STATION_A_01,516.39,11.6,False
2026-03-13 23:00:00,STATION_A_01,475.31,13.1,False
2026-03-14 00:00:00,STATION_A_01,370.01,10.2,False
2026-03-14 01:00:00,STATION_A_01,346.22,8.5,False
2026-03-14 02:00:00,STATION_A_01,358.36,9.3,False
2026-03-14 03:00:00,STATION_A_01,407.69,8.6,False
2026-03-14 04:00:00,STATION_A_01,478.31,10.9,False
2026-03-14 05:00:00,STATION_A_01,517.81,10.0,False
2026-03-14 06:00:00,STATION_A_01,574.47,10.8,False
2026-03-14 07:00:00,STATION_A_01,676.87,12.7,False
2026-03-14 08:00:00,STATION_A_01,729.87,14.3,False
2026-03-14 09:00:00,STATION_A_01,796.98,15.4,False
2026-03-14 10:00:00,STATION_A_01,840.05,17.5,False
2026-03-14 11:00:00,STATION_A_01,961.63,17.9,False
2026-03-14 12:00:00,STATION_A_01,862.1,18.5,False
2026-03-14 13:00:00,STATION_A_01,983.11,20.7,False
2026-03-14 14:00:00,STATION_A_01,931.02,19.6,False
2026-03-14 15:00:00,STATION_A_01,903.65,20.0,False
2026-03-14 16:00:00,STATION_A_01,921.24,21.8,False
2026-03-14 17:00:00,STATION_A_01,788.11,21.2,False
2026-03-14 18:00:00,STATION_A_01,719.24,18.4,False
2026-03-14 19:00:00,STATION_A_01,656.97,16.7,False
2026-03-14 20:00:00,STATION_A_01,591.62,17.7,False
2026-03-14 21:00:00,STATION_A_01,503.67,15.5,False
2026-03-14 22:00:00,STATION_A_01,425.31,13.5,False
2026-03-14 23:00:00,STATION_A_01,390.73,11.4,False
2026-03-15 00:00:00,STATION_A_01,390.03,11.0,False
2026-03-15 01:00:00,STATION_A_01,364.16,9.7,False
2026-03-15 02:00:00,STATION_A_01,379.26,8.4,False
2026-03-15 03:00:00,STATION_A_01,399.41,9.2,False
2026-03-15 04:00:00,STATION_A_01,439.98,9.5,False
2026-03-15 05:00:00,STATION_A_01,542.05,9.3,False
2026-03-15 06:00:00,STATION_A_01,579.9,11.7,False
2026-03-15 07:00:00,STATION_A_01,650.51,13.4,False
2026-03-15 08:00:00,STATION_A_01,766.1,14.3,False
2026-03-15 09:00:00,STATION_A_01,789.13,14.2,False
2026-03-15 10:00:00,STATION_A_01,853.14,16.9,False
2026-03-15 11:00:00,STATION_A_01,918.97,17.4,False
2026-03-15 12:00:00,STATION_A_01,948.46,17.0,False
2026-03-15 13:00:00,STATION_A_01,967.39,20.2,False
2026-03-15 14:00:00,STATION_A_01,1018.08,20.1,False
2026-03-15 15:00:00,STATION_A_01,929.82,23.2,False
2026-03-15 16:00:00,STATION_A_01,799.23,21.7,False
2026-03-15 17:00:00,STATION_A_01,819.49,20.2,False
2026-03-15 18:00:00,STATION_A_01,739.51,18.8,False
2026-03-15 19:00:00,STATION_A_01,662.56,17.6,False
2026-03-15 20:00:00,STATION_A_01,589.59,14.9,False
2026-03-15 21:00:00,STATION_A_01,512.29,12.6,False
2026-03-15 22:00:00,STATION_A_01,450.35,12.2,False
2026-03-15 23:00:00,STATION_A_01,412.56,11.9,False
2026-03-16 00:00:00,STATION_A_01,417.14,8.2,False
2026-03-16 01:00:00,STATION_A_01,399.99,9.3,False
2026-03-16 02:00:00,STATION_A_01,470.3,9.1,False
2026-03-16 03:00:00,STATION_A_01,447.65,8.9,False
2026-03-16 04:00:00,STATION_A_01,514.81,8.6,False
2026-03-16 05:00:00,STATION_A_01,552.66,9.5,False
2026-03-16 06:00:00,STATION_A_01,667.64,12.9,False
2026-03-16 07:00:00,STATION_A_01,728.07,12.8,False
2026-03-16 08:00:00,STATION_A_01,827.38,12.6,False
2026-03-16 09:00:00,STATION_A_01,955.92,14.6,False
2026-03-16 10:00:00,STATION_A_01,1008.84,16.1,False
2026-03-16 11:00:00,STATION_A_01,1067.2,16.6,False
2026-03-16 12:00:00,STATION_A_01,1013.37,17.7,False
2026-03-16 13:00:00,STATION_A_01,1162.2,20.7,False
2026-03-16 14:00:00,STATION_A_01,1035.48,19.6,False
2026-03-16 15:00:00,STATION_A_01,1102.8,18.9,False
2026-03-16 16:00:00,STATION_A_01,1028.54,20.0,False
2026-03-16 17:00:00,STATION_A_01,941.56,19.7,False
2026-03-16 18:00:00,STATION_A_01,816.06,16.3,False
2026-03-16 19:00:00,STATION_A_01,757.55,17.5,False
2026-03-16 20:00:00,STATION_A_01,654.87,17.3,False
2026-03-16 21:00:00,STATION_A_01,584.71,15.3,False
2026-03-16 22:00:00,STATION_A_01,509.43,16.1,False
2026-03-16 23:00:00,STATION_A_01,427.24,13.6,False
2026-03-17 00:00:00,STATION_A_01,442.95,12.7,False
2026-03-17 01:00:00,STATION_A_01,413.52,13.4,False
2026-03-17 02:00:00,STATION_A_01,419.07,10.4,False
2026-03-17 03:00:00,STATION_A_01,451.22,9.5,False
2026-03-17 04:00:00,STATION_A_01,520.68,10.7,False
2026-03-17 05:00:00,STATION_A_01,566.29,9.4,False
2026-03-17 06:00:00,STATION_A_01,613.9,11.1,False
2026-03-17 07:00:00,STATION_A_01,765.19,11.3,False
2026-03-17 08:00:00,STATION_A_01,857.7,13.9,False
2026-03-17 09:00:00,STATION_A_01,917.91,14.1,False
2026-03-17 10:00:00,STATION_A_01,954.83,15.5,False
2026-03-17 11:00:00,STATION_A_01,1052.13,18.1,False
2026-03-17 12:00:00,STATION_A_01,1027.4,18.6,False
2026-03-17 13:00:00,STATION_A_01,1055.23,17.4,False
2026-03-17 14:00:00,STATION_A_01,1054.66,18.5,False
2026-03-17 15:00:00,STATION_A_01,1080.28,19.0,False
2026-03-17 16:00:00,STATION_A_01,982.75,19.2,False
2026-03-17 17:00:00,STATION_A_01,910.6,20.2,False
2026-03-17 18:00:00,STATION_A_01,900.91,19.1,False
2026-03-17 19:00:00,STATION_A_01,764.65,19.0,False
2026-03-17 20:00:00,STATION_A_01,675.35,17.3,False
2026-03-17 21:00:00,STATION_A_01,577.92,16.2,False
2026-03-17 22:00:00,STATION_A_01,504.39,14.3,False
2026-03-17 23:00:00,STATION_A_01,425.86,12.5,False
2026-03-18 00:00:00,STATION_A_01,441.71,12.4,False
2026-03-18 01:00:00,STATION_A_01,422.2,11.3,False
2026-03-18 02:00:00,STATION_A_01,424.63,10.1,False
2026-03-18 03:00:00,STATION_A_01,459.12,11.0,False
2026-03-18 04:00:00,STATION_A_01,528.72,6.9,False
2026-03-18 05:00:00,STATION_A_01,554.08,9.9,False
2026-03-18 06:00:00,STATION_A_01,654.29,10.8,False
2026-03-18 07:00:00,STATION_A_01,726.15,13.7,False
2026-03-18 08:00:00,STATION_A_01,896.74,15.5,False
2026-03-18 09:00:00,STATION_A_01,954.96,13.3,False
2026-03-18 10:00:00,STATION_A_01,920.28,18.2,False
2026-03-18 11:00:00,STATION_A_01,995.65,16.4,False
2026-03-18 12:00:00,STATION_A_01,1080.44,17.6,False
2026-03-18 13:00:00,STATION_A_01,1079.03,19.5,False
2026-03-18 14:00:00,STATION_A_01,1035.36,20.0,False
2026-03-18 15:00:00,STATION_A_01,1123.35,18.7,False
2026-03-18 16:00:00,STATION_A_01,1008.65,21.2,False
2026-03-18 17:00:00,STATION_A_01,942.7,20.7,False
2026-03-18 18:00:00,STATION_A_01,824.75,20.2,False
2026-03-18 19:00:00,STATION_A_01,776.26,17.3,False
2026-03-18 20:00:00,STATION_A_01,660.1,16.5,False
2026-03-18 21:00:00,STATION_A_01,581.06,15.1,False
2026-03-18 22:00:00,STATION_A_01,527.4,15.7,False
2026-03-18 23:00:00,STATION_A_01,435.89,9.0,False
2026-03-19 00:00:00,STATION_A_01,452.17,10.1,False
2026-03-19 01:00:00,STATION_A_01,419.32,10.4,False
2026-03-19 02:00:00,STATION_A_01,447.52,8.5,False
2026-03-19 03:00:00,STATION_A_01,445.02,9.3,False
2026-03-19 04:00:00,STATION_A_01,499.97,9.7,False
2026-03-19 05:00:00,STATION_A_01,563.46,9.6,False
2026-03-19 06:00:00,STATION_A_01,,11.4,False
2026-03-19 07:00:00,STATION_A_01,759.76,13.2,False
2026-03-19 08:00:00,STATION_A_01,832.62,13.5,False
2026-03-19 09:00:00,STATION_A_01,895.78,14.6,False
2026-03-19 10:00:00,STATION_A_01,955.2,16.4,False
2026-03-19 11:00:00,STATION_A_01,1052.04,17.9,False
2026-03-19 12:00:00,STATION_A_01,1070.3,17.0,False
2026-03-19 13:00:00,STATION_A_01,1073.37,20.5,False
2026-03-19 14:00:00,STATION_A_01,1147.17,20.0,False
2026-03-19 15:00:00,STATION_A_01,1051.21,22.2,False
2026-03-19 16:00:00,STATION_A_01,1044.55,21.3,False
2026-03-19 17:00:00,STATION_A_01,912.13,21.4,False
2026-03-19 18:00:00,STATION_A_01,854.47,17.9,False
2026-03-19 19:00:00,STATION_A_01,757.43,17.6,False
2026-03-19 20:00:00,STATION_A_01,630.74,15.2,False
2026-03-19 21:00:00,STATION_A_01,617.68,14.4,False
2026-03-19 22:00:00,STATION_A_01,515.13,15.3,False
2026-03-19 23:00:00,STATION_A_01,475.44,14.3,False
2026-03-20 00:00:00,STATION_A_01,417.95,10.0,False
2026-03-20 01:00:00,STATION_A_01,415.23,10.0,False
2026-03-20 02:00:00,STATION_A_01,416.3,9.9,False
2026-03-20 03:00:00,STATION_A_01,483.57,10.5,False
2026-03-20 04:00:00,STATION_A_01,523.52,7.9,False
2026-03-20 05:00:00,STATION_A_01,596.29,8.6,False
2026-03-20 06:00:00,STATION_A_01,703.15,12.0,False
2026-03-20 07:00:00,STATION_A_01,790.55,10.2,False
2026-03-20 08:00:00,STATION_A_01,871.1,13.4,False
2026-03-20 09:00:00,STATION_A_01,884.61,15.5,False
2026-03-20 10:00:00,STATION_A_01,977.46,17.3,False
2026-03-20 11:00:00,STATION_A_01,1019.2,17.9,False
2026-03-20 12:00:00,STATION_A_01,1118.36,18.8,False
2026-03-20 13:00:00,STATION_A_01,1108.94,21.1,False
2026-03-20 14:00:00,STATION_A_01,1037.72,21.0,False
2026-03-20 15:00:00,STATION_A_01,1049.75,20.1,False
2026-03-20 16:00:00,STATION_A_01,950.02,20.7,False
2026-03-20 17:00:00,STATION_A_01,929.93,20.6,False
2026-03-20 18:00:00,STATION_A_01,800.0,21.3,False
2026-03-20 19:00:00,STATION_A_01,774.77,19.1,False
2026-03-20 20:00:00,STATION_A_01,681.05,18.3,False
2026-03-20 21:00:00,STATION_A_01,629.03,14.7,False
2026-03-20 22:00:00,STATION_A_01,534.19,13.4,False
2026-03-20 23:00:00,STATION_A_01,457.55,12.4,False
2026-03-21 00:00:00,STATION_A_01,389.46,11.4,False
2026-03-21 01:00:00,STATION_A_01,350.37,9.5,False
2026-03-21 02:00:00,STATION_A_01,365.94,11.7,False
2026-03-21 03:00:00,STATION_A_01,413.62,11.0,False
2026-03-21 04:00:00,STATION_A_01,422.3,9.8,False
2026-03-21 05:00:00,STATION_A_01,518.62,11.5,False
2026-03-21 06:00:00,STATION_A_01,570.94,11.8,False
2026-03-21 07:00:00,STATION_A_01,672.57,13.6,False
2026-03-21 08:00:00,STATION_A_01,720.1,12.4,False
2026-03-21 09:00:00,STATION_A_01,833.34,15.3,False
2026-03-21 10:00:00,STATION_A_01,884.3,16.9,False
2026-03-21 11:00:00,STATION_A_01,977.41,19.0,False
2026-03-21 12:00:00,STATION_A_01,962.2,18.6,False
2026-03-21 13:00:00,STATION_A_01,946.19,17.3,False
2026-03-21 14:00:00,STATION_A_01,953.85,19.5,False
2026-03-21 15:00:00,STATION_A_01,888.25,21.0,False
2026-03-21 16:00:00,STATION_A_01,896.79,20.9,False
2026-03-21 17:00:00,STATION_A_01,838.75,22.3,False
2026-03-21 18:00:00,STATION_A_01,813.79,20.1,False
2026-03-21 19:00:00,STATION_A_01,656.38,18.4,False
2026-03-21 20:00:00,STATION_A_01,587.33,16.9,False
2026-03-21 21:00:00,STATION_A_01,509.63,16.9,False
2026-03-21 22:00:00,STATION_A_01,461.01,13.4,False
2026-03-21 23:00:00,STATION_A_01,415.12,12.7,False
2026-03-22 00:00:00,STATION_A_01,378.8,10.4,False
2026-03-22 01:00:00,STATION_A_01,383.29,12.5,False
2026-03-22 02:00:00,STATION_A_01,371.39,10.8,False
2026-03-22 03:00:00,STATION_A_01,423.96,9.3,False
2026-03-22 04:00:00,STATION_A_01,466.51,10.2,False
2026-03-22 05:00:00,STATION_A_01,520.3,11.5,False
2026-03-22 06:00:00,STATION_A_01,586.93,11.4,False
2026-03-22 07:00:00,STATION_A_01,728.82,12.2,False
2026-03-22 08:00:00,STATION_A_01,728.63,13.4,False
2026-03-22 09:00:00,STATION_A_01,831.65,16.0,False
2026-03-22 10:00:00,STATION_A_01,862.52,16.6,False
2026-03-22 11:00:00,STATION_A_01,992.29,17.9,False
2026-03-22 12:00:00,STATION_A_01,994.16,17.9,False
2026-03-22 13:00:00,STATION_A_01,951.49,20.5,False
2026-03-22 14:00:00,STATION_A_01,981.72,20.8,False
2026-03-22 15:00:00,STATION_A_01,942.71,20.8,False
2026-03-22 16:00:00,STATION_A_01,870.27,21.2,False
2026-03-22 17:00:00,STATION_A_01,845.57,21.4,False
2026-03-22 18:00:00,STATION_A_01,761.04,20.4,False
2026-03-22 19:00:00,STATION_A_01,677.63,19.1,False
2026-03-22 20:00:00,STATION_A_01,593.41,16.8,False
2026-03-22 21:00:00,STATION_A_01,529.19,15.0,False
2026-03-22 22:00:00,STATION_A_01,462.36,13.0,False
2026-03-22 23:00:00,STATION_A_01,411.46,12.3,False
2026-03-23 00:00:00,STATION_A_01,422.57,11.9,False
2026-03-23 01:00:00,STATION_A_01,445.52,10.0,False
2026-03-23 02:00:00,STATION_A_01,416.46,10.6,False
2026-03-23 03:00:00,STATION_A_01,473.77,9.1,False
2026-03-23 04:00:00,STATION_A_01,515.69,8.5,False
2026-03-23 05:00:00,STATION_A_01,629.39,12.0,False
2026-03-23 06:00:00,STATION_A_01,654.6,11.3,False
2026-03-23 07:00:00,STATION_A_01,745.46,12.0,False
2026-03-23 08:00:00,STATION_A_01,825.35,13.1,False
2026-03-23 09:00:00,STATION_A_01,948.11,16.3,False
2026-03-23 10:00:00,STATION_A_01,960.43,18.9,False
2026-03-23 11:00:00,STATION_A_01,1045.94,18.1,False
2026-03-23 12:00:00,STATION_A_01,1015.54,19.4,False
2026-03-23 13:00:00,STATION_A_01,1119.46,21.9,False
2026-03-23 14:00:00,STATION_A_01,1079.26,19.0,False
2026-03-23 15:00:00,STATION_A_01,1008.75,23.7,False
2026-03-23 16:00:00,STATION_A_01,1047.87,24.1,False
2026-03-23 17:00:00,STATION_A_01,895.28,17.4,False
2026-03-23 18:00:00,STATION_A_01,879.04,19.6,False
2026-03-23 19:00:00,STATION_A_01,747.25,17.7,False
2026-03-23 20:00:00,STATION_A_01,714.84,17.0,False
2026-03-23 21:00:00,STATION_A_01,609.38,15.4,False
2026-03-23 22:00:00,STATION_A_01,504.01,15.4,False
2026-03-23 23:00:00,STATION_A_01,452.68,13.0,False
2026-03-24 00:00:00,STATION_A_01,442.47,10.9,False
2026-03-24 01:00:00,STATION_A_01,417.7,10.9,False
2026-03-24 02:00:00,STATION_A_01,430.8,11.2,False
2026-03-24 03:00:00,STATION_A_01,488.71,9.0,False
2026-03-24 04:00:00,STATION_A_01,509.05,8.6,False
2026-03-24 05:00:00,STATION_A_01,596.16,13.5,False
2026-03-24 06:00:00,STATION_A_01,700.19,11.3,False
2026-03-24 07:00:00,STATION_A_01,788.66,13.0,False
2026-03-24 08:00:00,STATION_A_01,851.56,14.0,False
2026-03-24 09:00:00,STATION_A_01,930.18,16.6,False
2026-03-24 10:00:00,STATION_A_01,949.73,19.5,False
2026-03-24 11:00:00,STATION_A_01,1026.82,19.4,False
2026-03-24 12:00:00,STATION_A_01,1113.1,18.0,False
2026-03-24 13:00:00,STATION_A_01,1107.34,19.1,False
2026-03-24 14:00:00,STATION_A_01,1103.94,20.8,False
2026-03-24 15:00:00,STATION_A_01,1105.45,21.2,False
2026-03-24 16:00:00,STATION_A_01,969.81,19.2,False
2026-03-24 17:00:00,STATION_A_01,932.64,21.7,False
2026-03-24 18:00:00,STATION_A_01,862.84,18.6,False
2026-03-24 19:00:00,STATION_A_01,748.91,20.6,False
2026-03-24 20:00:00,STATION_A_01,712.46,19.6,False
2026-03-24 21:00:00,STATION_A_01,614.11,15.7,False
2026-03-24 22:00:00,STATION_A_01,528.98,15.1,False
2026-03-24 23:00:00,STATION_A_01,498.22,11.8,False
2026-03-25 00:00:00,STATION_A_01,411.51,12.9,False
2026-03-25 01:00:00,STATION_A_01,422.44,10.7,False
2026-03-25 02:00:00,STATION_A_01,439.95,9.4,False
2026-03-25 03:00:00,STATION_A_01,453.95,10.2,False
2026-03-25 04:00:00,STATION_A_01,529.48,10.2,False
2026-03-25 05:00:00,STATION_A_01,572.58,10.9,False
2026-03-25 06:00:00,STATION_A_01,695.54,13.3,False
2026-03-25 07:00:00,STATION_A_01,797.19,12.4,False
2026-03-25 08:00:00,STATION_A_01,866.52,16.7,False
2026-03-25 09:00:00,STATION_A_01,880.79,14.5,False
2026-03-25 10:00:00,STATION_A_01,979.33,19.5,False
2026-03-25 11:00:00,STATION_A_01,1089.84,17.6,False
2026-03-25 12:00:00,STATION_A_01,1104.22,20.0,False
2026-03-25 13:00:00,STATION_A_01,1010.14,20.3,False
2026-03-25 14:00:00,STATION_A_01,1151.62,21.0,False
2026-03-25 15:00:00,STATION_A_01,1074.25,22.6,False
2026-03-25 16:00:00,STATION_A_01,985.14,23.3,False
2026-03-25 17:00:00,STATION_A_01,975.42,22.3,False
2026-03-25 18:00:00,STATION_A_01,838.8,19.6,False
2026-03-25 19:00:00,STATION_A_01,751.07,19.1,False
2026-03-25 20:00:00,STATION_A_01,688.58,16.7,False
2026-03-25 21:00:00,STATION_A_01,633.76,15.0,False
2026-03-25 22:00:00,STATION_A_01,554.71,13.4,False
2026-03-25 23:00:00,STATION_A_01,475.79,12.9,False
2026-03-26 00:00:00,STATION_A_01,442.35,12.6,False
2026-03-26 01:00:00,STATION_A_01,435.27,9.1,False
2026-03-26 02:00:00,STATION_A_01,416.23,10.8,False
2026-03-26 03:00:00,STATION_A_01,480.65,12.5,False
2026-03-26 04:00:00,STATION_A_01,511.69,12.3,False
2026-03-26 05:00:00,STATION_A_01,603.69,10.8,False
2026-03-26 06:00:00,STATION_A_01,675.29,10.7,False
2026-03-26 07:00:00,STATION_A_01,784.03,14.0,False
2026-03-26 08:00:00,STATION_A_01,863.89,12.0,False
2026-03-26 09:00:00,STATION_A_01,842.52,17.6,False
2026-03-26 10:00:00,STATION_A_01,1022.34,17.4,False
2026-03-26 11:00:00,STATION_A_01,1095.28,21.2,False
2026-03-26 12:00:00,STATION_A_01,1123.22,18.1,False
2026-03-26 13:00:00,STATION_A_01,1113.87,22.1,False
2026-03-26 14:00:00,STATION_A_01,1169.75,21.5,False
2026-03-26 15:00:00,STATION_A_01,1083.29,21.4,False
2026-03-26 16:00:00,STATION_A_01,1032.14,20.0,False
2026-03-26 17:00:00,STATION_A_01,979.33,21.8,False
2026-03-26 18:00:00,STATION_A_01,872.09,21.0,False
2026-03-26 19:00:00,STATION_A_01,747.16,21.2,False
2026-03-26 20:00:00,STATION_A_01,623.45,18.9,False
2026-03-26 21:00:00,STATION_A_01,587.97,15.6,False
2026-03-26 22:00:00,STATION_A_01,540.11,13.7,False
2026-03-26 23:00:00,STATION_A_01,465.14,11.9,False
2026-03-27 00:00:00,STATION_A_01,448.55,14.2,False
2026-03-27 01:00:00,STATION_A_01,426.73,10.7,False
2026-03-27 02:00:00,STATION_A_01,456.07,12.8,False
2026-03-27 03:00:00,STATION_A_01,466.27,11.5,False
2026-03-27 04:00:00,STATION_A_01,535.02,11.4,False
2026-03-27 05:00:00,STATION_A_01,609.01,11.2,False
2026-03-27 06:00:00,STATION_A_01,718.14,13.3,False
2026-03-27 07:00:00,STATION_A_01,726.17,13.6,False
2026-03-27 08:00:00,STATION_A_01,848.49,14.5,False
2026-03-27 09:00:00,STATION_A_01,974.35,17.2,False
2026-03-27 10:00:00,STATION_A_01,1073.43,17.7,False
2026-03-27 11:00:00,STATION_A_01,1082.7,18.2,False
2026-03-27 12:00:00,STATION_A_01,1097.17,21.0,False
2026-03-27 13:00:00,STATION_A_01,1150.17,21.1,False
2026-03-27 14:00:00,STATION_A_01,1142.45,22.3,False
2026-03-27 15:00:00,STATION_A_01,1060.58,21.4,False
2026-03-27 16:00:00,STATION_A_01,1030.7,20.3,False
2026-03-27 17:00:00,STATION_A_01,986.1,23.3,False
2026-03-27 18:00:00,STATION_A_01,920.27,22.2,False
2026-03-27 19:00:00,STATION_A_01,793.29,20.3,False
2026-03-27 20:00:00,STATION_A_01,684.26,17.4,False
2026-03-27 21:00:00,STATION_A_01,598.2,16.1,False
2026-03-27 22:00:00,STATION_A_01,537.6,16.7,False
2026-03-27 23:00:00,STATION_A_01,470.14,13.3,False
2026-03-28 00:00:00,STATION_A_01,387.4,11.8,False
2026-03-28 01:00:00,STATION_A_01,,14.0,False
2026-03-28 02:00:00,STATION_A_01,402.39,11.1,False
2026-03-28 03:00:00,STATION_A_01,398.98,13.1,False
2026-03-28 04:00:00,STATION_A_01,457.28,9.5,False
2026-03-28 05:00:00,STATION_A_01,529.63,12.4,False
2026-03-28 06:00:00,STATION_A_01,643.73,15.1,False
2026-03-28 07:00:00,STATION_A_01,671.12,13.8,False
2026-03-28 08:00:00,STATION_A_01,742.87,14.8,False
2026-03-28 09:00:00,STATION_A_01,818.53,15.1,False
2026-03-28 10:00:00,STATION_A_01,950.36,19.3,False
2026-03-28 11:00:00,STATION_A_01,853.81,18.4,False
2026-03-28 12:00:00,STATION_A_01,943.44,20.3,False
2026-03-28 13:00:00,STATION_A_01,1082.78,19.9,False
2026-03-28 14:00:00,STATION_A_01,998.17,23.8,False
2026-03-28 15:00:00,STATION_A_01,910.72,23.5,False
2026-03-28 16:00:00,STATION_A_01,897.4,21.9,False
2026-03-28 17:00:00,STATION_A_01,837.23,20.0,False
2026-03-28 18:00:00,STATION_A_01,783.88,22.3,False
2026-03-28 19:00:00,STATION_A_01,725.89,18.9,False
2026-03-28 20:00:00,STATION_A_01,610.8,16.7,False
2026-03-28 21:00:00,STATION_A_01,518.65,14.5,False
2026-03-28 22:00:00,STATION_A_01,477.92,14.4,False
2026-03-28 23:00:00,STATION_A_01,406.19,12.1,False
2026-03-29 00:00:00,STATION_A_01,371.78,12.0,False
2026-03-29 01:00:00,STATION_A_01,352.19,12.8,False
2026-03-29 02:00:00,STATION_A_01,364.67,10.9,False
2026-03-29 03:00:00,STATION_A_01,403.45,11.6,False
2026-03-29 04:00:00,STATION_A_01,446.19,10.5,False
2026-03-29 05:00:00,STATION_A_01,534.84,12.0,False
2026-03-29 06:00:00,STATION_A_01,577.86,15.1,False
2026-03-29 07:00:00,STATION_A_01,607.64,13.5,False
2026-03-29 08:00:00,STATION_A_01,734.5,15.7,False
2026-03-29 09:00:00,STATION_A_01,822.73,14.8,False
2026-03-29 10:00:00,STATION_A_01,881.2,19.9,False
2026-03-29 11:00:00,STATION_A_01,999.69,18.9,False
2026-03-29 12:00:00,STATION_A_01,958.96,21.9,False
2026-03-29 13:00:00,STATION_A_01,1021.12,21.3,False
2026-03-29 14:00:00,STATION_A_01,979.54,22.8,False
2026-03-29 15:00:00,STATION_A_01,948.17,23.0,False
2026-03-29 16:00:00,STATION_A_01,874.46,21.5,False
2026-03-29 17:00:00,STATION_A_01,835.47,22.8,False
2026-03-29 18:00:00,STATION_A_01,742.65,19.7,False
2026-03-29 19:00:00,STATION_A_01,687.62,20.4,False
2026-03-29 20:00:00,STATION_A_01,599.0,17.7,False
2026-03-29 21:00:00,STATION_A_01,512.33,17.2,False
2026-03-29 22:00:00,STATION_A_01,482.36,14.8,False
2026-03-29 23:00:00,STATION_A_01,423.56,14.1,False
2026-03-30 00:00:00,STATION_A_01,432.45,11.6,False
2026-03-30 01:00:00,STATION_A_01,429.64,12.3,False
2026-03-30 02:00:00,STATION_A_01,438.13,11.5,False
2026-03-30 03:00:00,STATION_A_01,460.01,10.7,False
2026-03-30 04:00:00,STATION_A_01,531.36,11.4,False
2026-03-30 05:00:00,STATION_A_01,589.47,12.2,False
2026-03-30 06:00:00,STATION_A_01,664.29,12.2,False
2026-03-30 07:00:00,STATION_A_01,733.49,13.9,False
2026-03-30 08:00:00,STATION_A_01,857.41,14.2,False
2026-03-30 09:00:00,STATION_A_01,971.72,19.7,False
2026-03-30 10:00:00,STATION_A_01,1000.47,19.5,False
2026-03-30 11:00:00,STATION_A_01,1176.51,19.9,False
2026-03-30 12:00:00,STATION_A_01,1150.81,22.2,False
2026-03-30 13:00:00,STATION_A_01,1179.75,19.3,False
2026-03-30 14:00:00,STATION_A_01,1147.49,19.1,False
2026-03-30 15:00:00,STATION_A_01,1151.68,21.9,False
2026-03-30 16:00:00,STATION_A_01,997.72,20.5,False
2026-03-30 17:00:00,STATION_A_01,868.08,21.4,False
2026-03-30 18:00:00,STATION_A_01,855.57,21.0,False
2026-03-30 19:00:00,STATION_A_01,793.76,20.8,False
2026-03-30 20:00:00,STATION_A_01,691.58,17.0,False
2026-03-30 21:00:00,STATION_A_01,609.31,17.4,False
2026-03-30 22:00:00,STATION_A_01,555.51,15.5,False
2026-03-30 23:00:00,STATION_A_01,481.68,14.6,False
2026-03-31 00:00:00,STATION_A_01,452.66,12.4,False
2026-03-31 01:00:00,STATION_A_01,414.36,13.8,False
2026-03-31 02:00:00,STATION_A_01,423.55,11.5,False
2026-03-31 03:00:00,STATION_A_01,502.36,13.6,False
2026-03-31 04:00:00,STATION_A_01,533.15,10.7,False
2026-03-31 05:00:00,STATION_A_01,590.78,13.1,False
2026-03-31 06:00:00,STATION_A_01,673.62,13.0,False
2026-03-31 07:00:00,STATION_A_01,761.73,13.8,False
2026-03-31 08:00:00,STATION_A_01,848.71,16.3,False
2026-03-31 09:00:00,STATION_A_01,912.11,16.6,False
2026-03-31 10:00:00,STATION_A_01,973.78,15.2,False
2026-03-31 11:00:00,STATION_A_01,1076.21,16.1,False
2026-03-31 12:00:00,STATION_A_01,1095.55,22.4,False
2026-03-31 13:00:00,STATION_A_01,1174.65,23.3,False
2026-03-31 14:00:00,STATION_A_01,1130.46,24.6,False
2026-03-31 15:00:00,STATION_A_01,1094.09,22.5,False
2026-03-31 16:00:00,STATION_A_01,1001.59,20.8,False
2026-03-31 17:00:00,STATION_A_01,951.68,21.3,False
2026-03-31 18:00:00,STATION_A_01,882.14,20.9,False
2026-03-31 19:00:00,STATION_A_01,799.89,18.6,False
2026-03-31 20:00:00,STATION_A_01,687.25,20.5,False
2026-03-31 21:00:00,STATION_A_01,627.72,19.7,False
2026-03-31 22:00:00,STATION_A_01,532.33,16.2,False
2026-03-31 23:00:00,STATION_A_01,489.63,14.3,False
2026-01-01 00:00:00,STATION_C_01,261.0,1.9,True
2026-01-01 01:00:00,STATION_C_01,280.41,3.4,True
2026-01-01 02:00:00,STATION_C_01,274.19,0.8,True
2026-01-01 03:00:00,STATION_C_01,292.25,1.5,True
2026-01-01 04:00:00,STATION_C_01,335.43,-1.0,True
2026-01-01 05:00:00,STATION_C_01,367.33,1.5,True
2026-01-01 06:00:00,STATION_C_01,429.78,0.9,True
2026-01-01 07:00:00,STATION_C_01,459.57,3.4,True
2026-01-01 08:00:00,STATION_C_01,561.01,5.0,True
2026-01-01 09:00:00,STATION_C_01,590.88,5.7,True
2026-01-01 10:00:00,STATION_C_01,664.13,9.9,True
2026-01-01 11:00:00,STATION_C_01,668.21,10.1,True
2026-01-01 12:00:00,STATION_C_01,691.49,10.9,True
2026-01-01 13:00:00,STATION_C_01,672.51,11.3,True
2026-01-01 14:00:00,STATION_C_01,713.45,13.1,True
2026-01-01 15:00:00,STATION_C_01,652.64,9.4,True
2026-01-01 16:00:00,STATION_C_01,627.83,12.6,True
2026-01-01 17:00:00,STATION_C_01,593.64,9.2,True
2026-01-01 18:00:00,STATION_C_01,543.39,8.9,True
2026-01-01 19:00:00,STATION_C_01,455.76,9.1,True
2026-01-01 20:00:00,STATION_C_01,424.84,8.6,True
2026-01-01 21:00:00,STATION_C_01,386.19,4.3,True
2026-01-01 22:00:00,STATION_C_01,326.21,3.6,True
2026-01-01 23:00:00,STATION_C_01,293.62,3.0,True
2026-01-02 00:00:00,STATION_C_01,275.74,1.6,True
2026-01-02 01:00:00,STATION_C_01,265.6,1.9,True
2026-01-02 02:00:00,STATION_C_01,264.36,4.5,True
2026-01-02 03:00:00,STATION_C_01,295.72,0.7,True
2026-01-02 04:00:00,STATION_C_01,342.34,-0.5,True
2026-01-02 05:00:00,STATION_C_01,362.26,-0.6,True
2026-01-02 06:00:00,STATION_C_01,423.19,1.4,True
2026-01-02 07:00:00,STATION_C_01,461.93,1.8,True
2026-01-02 08:00:00,STATION_C_01,559.86,4.8,True
2026-01-02 09:00:00,STATION_C_01,592.83,6.2,True
2026-01-02 10:00:00,STATION_C_01,621.03,6.6,True
2026-01-02 11:00:00,STATION_C_01,677.07,10.8,True
2026-01-02 12:00:00,STATION_C_01,667.45,8.7,True
2026-01-02 13:00:00,STATION_C_01,678.86,10.3,True
2026-01-02 14:00:00,STATION_C_01,661.35,11.8,True
2026-01-02 15:00:00,STATION_C_01,650.0,12.3,True
2026-01-02 16:00:00,STATION_C_01,670.97,12.6,True
2026-01-02 17:00:00,STATION_C_01,580.05,11.0,True
2026-01-02 18:00:00,STATION_C_01,551.5,10.9,True
2026-01-02 19:00:00,STATION_C_01,471.87,7.7,True
2026-01-02 20:00:00,STATION_C_01,440.95,8.2,True
2026-01-02 21:00:00,STATION_C_01,363.28,6.8,True
2026-01-02 22:00:00,STATION_C_01,331.99,6.1,True
2026-01-02 23:00:00,STATION_C_01,,1.0,True
2026-01-03 00:00:00,STATION_C_01,261.69,0.8,True
2026-01-03 01:00:00,STATION_C_01,240.63,2.0,True
2026-01-03 02:00:00,STATION_C_01,237.01,-2.8,True
2026-01-03 03:00:00,STATION_C_01,267.57,0.8,True
2026-01-03 04:00:00,STATION_C_01,313.81,1.7,True
2026-01-03 05:00:00,STATION_C_01,312.98,0.3,True
2026-01-03 06:00:00,STATION_C_01,367.28,1.3,True
2026-01-03 07:00:00,STATION_C_01,424.82,1.7,True
2026-01-03 08:00:00,STATION_C_01,471.34,3.7,True
2026-01-03 09:00:00,STATION_C_01,518.77,5.2,True
2026-01-03 10:00:00,STATION_C_01,539.1,6.4,True
2026-01-03 11:00:00,STATION_C_01,624.87,7.6,True
2026-01-03 12:00:00,STATION_C_01,584.33,9.3,True
2026-01-03 13:00:00,STATION_C_01,617.23,10.2,True
2026-01-03 14:00:00,STATION_C_01,637.61,13.3,True
2026-01-03 15:00:00,STATION_C_01,595.26,10.8,True
2026-01-03 16:00:00,STATION_C_01,545.91,11.5,True
2026-01-03 17:00:00,STATION_C_01,500.59,9.8,True
2026-01-03 18:00:00,STATION_C_01,475.04,9.0,True
2026-01-03 19:00:00,STATION_C_01,417.62,6.5,True
2026-01-03 20:00:00,STATION_C_01,381.79,5.3,True
2026-01-03 21:00:00,STATION_C_01,316.23,4.3,True
2026-01-03 22:00:00,STATION_C_01,300.92,4.6,True
2026-01-03 23:00:00,STATION_C_01,262.99,4.3,True
2026-01-04 00:00:00,STATION_C_01,313.18,-0.2,False
2026-01-04 01:00:00,STATION_C_01,317.98,0.4,False
2026-01-04 02:00:00,STATION_C_01,306.42,-1.2,False
2026-01-04 03:00:00,STATION_C_01,327.44,-0.0,False
2026-01-04 04:00:00,STATION_C_01,368.19,1.8,False
2026-01-04 05:00:00,STATION_C_01,423.87,0.5,False
2026-01-04 06:00:00,STATION_C_01,485.02,1.9,False
2026-01-04 07:00:00,STATION_C_01,534.76,4.8,False
2026-01-04 08:00:00,STATION_C_01,571.45,4.9,False
2026-01-04 09:00:00,STATION_C_01,661.61,4.9,False
2026-01-04 10:00:00,STATION_C_01,,7.4,False
2026-01-04 11:00:00,STATION_C_01,769.43,7.6,False
2026-01-04 12:00:00,STATION_C_01,823.84,10.2,False
2026-01-04 13:00:00,STATION_C_01,853.89,11.2,False
2026-01-04 14:00:00,STATION_C_01,811.85,9.5,False
2026-01-04 15:00:00,STATION_C_01,803.21,11.5,False
2026-01-04 16:00:00,STATION_C_01,746.31,11.0,False
2026-01-04 17:00:00,STATION_C_01,715.92,11.3,False
2026-01-04 18:00:00,STATION_C_01,655.61,10.7,False
2026-01-04 19:00:00,STATION_C_01,569.92,9.2,False
2026-01-04 20:00:00,STATION_C_01,499.43,6.9,False
2026-01-04 21:00:00,STATION_C_01,424.49,7.0,False
2026-01-04 22:00:00,STATION_C_01,375.64,3.4,False
2026-01-04 23:00:00,STATION_C_01,332.79,1.5,False
2026-01-05 00:00:00,STATION_C_01,362.25,-1.9,False
2026-01-05 01:00:00,STATION_C_01,336.27,1.0,False
2026-01-05 02:00:00,STATION_C_01,352.26,-0.4,False
2026-01-05 03:00:00,STATION_C_01,351.31,0.8,False
2026-01-05 04:00:00,STATION_C_01,453.59,-1.8,False
2026-01-05 05:00:00,STATION_C_01,482.57,0.3,False
2026-01-05 06:00:00,STATION_C_01,563.34,2.5,False
2026-01-05 07:00:00,STATION_C_01,659.69,1.9,False
2026-01-05 08:00:00,STATION_C_01,708.22,4.9,False
2026-01-05 09:00:00,STATION_C_01,807.95,5.2,False
2026-01-05 10:00:00,STATION_C_01,791.71,7.3,False
2026-01-05 11:00:00,STATION_C_01,945.91,9.4,False
2026-01-05 12:00:00,STATION_C_01,935.3,10.9,False
2026-01-05 13:00:00,STATION_C_01,917.43,10.8,False
2026-01-05 14:00:00,STATION_C_01,946.19,10.2,False
2026-01-05 15:00:00,STATION_C_01,837.39,10.8,False
2026-01-05 16:00:00,STATION_C_01,819.9,12.0,False
2026-01-05 17:00:00,STATION_C_01,808.71,9.4,False
2026-01-05 18:00:00,STATION_C_01,655.83,9.6,False
2026-01-05 19:00:00,STATION_C_01,640.89,8.2,False
2026-01-05 20:00:00,STATION_C_01,565.76,7.2,False
2026-01-05 21:00:00,STATION_C_01,520.83,4.7,False
2026-01-05 22:00:00,STATION_C_01,404.95,2.3,False
2026-01-05 23:00:00,STATION_C_01,405.4,3.8,False
2026-01-06 00:00:00,STATION_C_01,348.59,3.2,False
2026-01-06 01:00:00,STATION_C_01,340.54,-1.0,False
2026-01-06 02:00:00,STATION_C_01,340.43,1.1,False
2026-01-06 03:00:00,STATION_C_01,369.34,1.7,False
2026-01-06 04:00:00,STATION_C_01,435.07,1.3,False
2026-01-06 05:00:00,STATION_C_01,468.72,0.7,False
2026-01-06 06:00:00,STATION_C_01,570.48,0.9,False
2026-01-06 07:00:00,STATION_C_01,614.84,3.3,False
2026-01-06 08:00:00,STATION_C_01,673.0,4.8,False
2026-01-06 09:00:00,STATION_C_01,757.01,6.1,False
2026-01-06 10:00:00,STATION_C_01,839.81,7.2,False
2026-01-06 11:00:00,STATION_C_01,866.67,7.4,False
2026-01-06 12:00:00,STATION_C_01,904.66,10.4,False
2026-01-06 13:00:00,STATION_C_01,935.6,11.3,False
2026-01-06 14:00:00,STATION_C_01,938.04,11.5,False
2026-01-06 15:00:00,STATION_C_01,866.08,11.6,False
2026-01-06 16:00:00,STATION_C_01,800.26,13.3,False
2026-01-06 17:00:00,STATION_C_01,774.04,10.0,False
2026-01-06 18:00:00,STATION_C_01,715.26,11.4,False
2026-01-06 19:00:00,STATION_C_01,598.12,7.8,False
2026-01-06 20:00:00,STATION_C_01,539.63,8.7,False
2026-01-06 21:00:00,STATION_C_01,476.33,7.5,False
2026-01-06 22:00:00,STATION_C_01,426.79,4.2,False
2026-01-06 23:00:00,STATION_C_01,374.62,5.2,False
2026-01-07 00:00:00,STATION_C_01,365.39,2.7,False
2026-01-07 01:00:00,STATION_C_01,327.44,0.2,False
2026-01-07 02:00:00,STATION_C_01,336.93,0.2,False
2026-01-07 03:00:00,STATION_C_01,380.55,1.9,False
2026-01-07 04:00:00,STATION_C_01,427.58,1.8,False
2026-01-07 05:00:00,STATION_C_01,464.19,-0.0,False
2026-01-07 06:00:00,STATION_C_01,545.81,2.0,False
2026-01-07 07:00:00,STATION_C_01,622.37,3.5,False
2026-01-07 08:00:00,STATION_C_01,695.13,4.0,False
2026-01-07 09:00:00,STATION_C_01,777.56,8.8,False
2026-01-07 10:00:00,STATION_C_01,813.11,7.7,False
2026-01-07 11:00:00,STATION_C_01,923.04,8.7,False
2026-01-07 12:00:00,STATION_C_01,921.63,11.3,False
2026-01-07 13:00:00,STATION_C_01,890.06,10.4,False
2026-01-07 14:00:00,STATION_C_01,909.36,12.6,False
2026-01-07 15:00:00,STATION_C_01,881.87,9.5,False
2026-01-07 16:00:00,STATION_C_01,868.39,10.8,False
2026-01-07 17:00:00,STATION_C_01,757.91,12.1,False
2026-01-07 18:00:00,STATION_C_01,724.62,11.8,False
2026-01-07 19:00:00,STATION_C_01,633.05,7.9,False
2026-01-07 20:00:00,STATION_C_01,587.73,6.4,False
2026-01-07 21:00:00,STATION_C_01,512.15,6.7,False
2026-01-07 22:00:00,STATION_C_01,434.11,3.9,False
2026-01-07 23:00:00,STATION_C_01,382.42,3.0,False
2026-01-08 00:00:00,STATION_C_01,363.91,3.2,False
2026-01-08 01:00:00,STATION_C_01,345.72,0.7,False
2026-01-08 02:00:00,STATION_C_01,378.69,-1.6,False
2026-01-08 03:00:00,STATION_C_01,387.2,-1.0,False
2026-01-08 04:00:00,STATION_C_01,425.32,0.8,False
2026-01-08 05:00:00,STATION_C_01,482.59,-0.9,False
2026-01-08 06:00:00,STATION_C_01,535.48,1.8,False
2026-01-08 07:00:00,STATION_C_01,645.35,1.7,False
2026-01-08 08:00:00,STATION_C_01,686.54,6.6,False
2026-01-08 09:00:00,STATION_C_01,805.44,8.7,False
2026-01-08 10:00:00,STATION_C_01,796.97,6.2,False
2026-01-08 11:00:00,STATION_C_01,884.05,9.2,False
2026-01-08 12:00:00,STATION_C_01,945.29,8.8,False
2026-01-08 13:00:00,STATION_C_01,849.33,10.5,False
2026-01-08 14:00:00,STATION_C_01,973.13,13.6,False
2026-01-08 15:00:00,STATION_C_01,867.44,11.1,False
2026-01-08 16:00:00,STATION_C_01,839.45,11.1,False
2026-01-08 17:00:00,STATION_C_01,791.89,9.7,False
2026-01-08 18:00:00,STATION_C_01,725.65,11.4,False
2026-01-08 19:00:00,STATION_C_01,639.99,5.0,False
2026-01-08 20:00:00,STATION_C_01,579.7,7.0,False
2026-01-08 21:00:00,STATION_C_01,500.33,6.1,False
2026-01-08 22:00:00,STATION_C_01,459.0,3.9,False
2026-01-08 23:00:00,STATION_C_01,394.13,4.4,False
2026-01-09 00:00:00,STATION_C_01,383.24,3.7,False
2026-01-09 01:00:00,STATION_C_01,359.9,-0.3,False
2026-01-09 02:00:00,STATION_C_01,336.0,3.3,False
2026-01-09 03:00:00,STATION_C_01,422.62,-1.1,False
2026-01-09 04:00:00,STATION_C_01,423.96,2.4,False
2026-01-09 05:00:00,STATION_C_01,517.6,1.6,False
2026-01-09 06:00:00,STATION_C_01,561.33,1.7,False
2026-01-09 07:00:00,STATION_C_01,658.38,2.9,False
2026-01-09 08:00:00,STATION_C_01,691.74,4.7,False
2026-01-09 09:00:00,STATION_C_01,794.85,6.4,False
2026-01-09 10:00:00,STATION_C_01,829.68,6.5,False
2026-01-09 11:00:00,STATION_C_01,931.39,8.6,False
2026-01-09 12:00:00,STATION_C_01,925.26,9.1,False
2026-01-09 13:00:00,STATION_C_01,951.29,9.5,False
2026-01-09 14:00:00,STATION_C_01,842.44,10.5,False
2026-01-09 15:00:00,STATION_C_01,880.38,10.3,False
2026-01-09 16:00:00,STATION_C_01,849.72,11.0,False
2026-01-09 17:00:00,STATION_C_01,784.64,11.5,False
2026-01-09 18:00:00,STATION_C_01,733.53,10.2,False
2026-01-09 19:00:00,STATION_C_01,627.56,11.3,False
2026-01-09 20:00:00,STATION_C_01,562.68,5.0,False
2026-01-09 21:00:00,STATION_C_01,513.15,6.8,False
2026-01-09 22:00:00,STATION_C_01,398.99,4.8,False
2026-01-09 23:00:00,STATION_C_01,396.15,4.4,False
2026-01-10 00:00:00,STATION_C_01,312.74,3.2,False
2026-01-10 01:00:00,STATION_C_01,298.06,1.3,False
2026-01-10 02:00:00,STATION_C_01,320.24,1.1,False
2026-01-10 03:00:00,STATION_C_01,356.4,-0.2,False
2026-01-10 04:00:00,STATION_C_01,395.7,1.7,False
2026-01-10 05:00:00,STATION_C_01,432.0,-0.8,False
2026-01-10 06:00:00,STATION_C_01,510.07,3.3,False
2026-01-10 07:00:00,STATION_C_01,577.22,3.5,False
2026-01-10 08:00:00,STATION_C_01,623.61,4.2,False
2026-01-10 09:00:00,STATION_C_01,669.76,6.0,False
2026-01-10 10:00:00,STATION_C_01,722.29,7.5,False
2026-01-10 11:00:00,STATION_C_01,801.72,10.6,False
2026-01-10 12:00:00,STATION_C_01,802.98,14.0,False
2026-01-10 13:00:00,STATION_C_01,783.1,12.5,False
2026-01-10 14:00:00,STATION_C_01,756.92,10.9,False
2026-01-10 15:00:00,STATION_C_01,801.93,12.5,False
2026-01-10 16:00:00,STATION_C_01,725.08,12.4,False
2026-01-10 17:00:00,STATION_C_01,694.99,9.9,False
2026-01-10 18:00:00,STATION_C_01,653.42,8.7,False
2026-01-10 19:00:00,STATION_C_01,535.29,9.0,False
2026-01-10 20:00:00,STATION_C_01,494.92,8.7,False
2026-01-10 21:00:00,STATION_C_01,432.27,4.4,False
2026-01-10 22:00:00,STATION_C_01,387.7,4.0,False
2026-01-10 23:00:00,STATION_C_01,357.38,4.2,False
2026-01-11 00:00:00,STATION_C_01,302.56,2.5,False
2026-01-11 01:00:00,STATION_C_01,314.92,3.2,False
2026-01-11 02:00:00,STATION_C_01,328.86,-0.7,False
2026-01-11 03:00:00,STATION_C_01,340.45,3.6,False
2026-01-11 04:00:00,STATION_C_01,381.04,-0.9,False
2026-01-11 05:00:00,STATION_C_01,441.65,-0.9,False
2026-01-11 06:00:00,STATION_C_01,502.27,2.4,False
2026-01-11 07:00:00,STATION_C_01,573.22,2.2,False
2026-01-11 08:00:00,STATION_C_01,639.6,4.9,False
2026-01-11 09:00:00,STATION_C_01,664.67,6.2,False
2026-01-11 10:00:00,STATION_C_01,766.46,7.5,False
2026-01-11 11:00:00,STATION_C_01,812.96,8.1,False
2026-01-11 12:00:00,STATION_C_01,811.68,10.7,False
2026-01-11 13:00:00,STATION_C_01,772.51,10.7,False
2026-01-11 14:00:00,STATION_C_01,803.37,13.0,False
2026-01-11 15:00:00,STATION_C_01,786.75,11.6,False
2026-01-11 16:00:00,STATION_C_01,711.61,10.5,False
2026-01-11 17:00:00,STATION_C_01,680.29,9.1,False
2026-01-11 18:00:00,STATION_C_01,597.03,10.0,False
2026-01-11 19:00:00,STATION_C_01,574.51,7.6,False
2026-01-11 20:00:00,STATION_C_01,499.98,6.2,False
2026-01-11 21:00:00,STATION_C_01,410.96,7.0,False
2026-01-11 22:00:00,STATION_C_01,388.41,2.8,False
2026-01-11 23:00:00,STATION_C_01,342.8,5.3,False
2026-01-12 00:00:00,STATION_C_01,368.15,2.7,False
2026-01-12 01:00:00,STATION_C_01,347.02,1.6,False
2026-01-12 02:00:00,STATION_C_01,351.55,-0.2,False
2026-01-12 03:00:00,STATION_C_01,379.97,1.8,False
2026-01-12 04:00:00,STATION_C_01,428.09,1.1,False
2026-01-12 05:00:00,STATION_C_01,496.34,0.8,False
2026-01-12 06:00:00,STATION_C_01,568.47,2.7,False
2026-01-12 07:00:00,STATION_C_01,635.89,1.6,False
2026-01-12 08:00:00,STATION_C_01,704.21,3.0,False
2026-01-12 09:00:00,STATION_C_01,774.73,5.1,False
2026-01-12 10:00:00,STATION_C_01,918.25,8.3,False
2026-01-12 11:00:00,STATION_C_01,866.05,9.2,False
2026-01-12 12:00:00,STATION_C_01,901.01,11.6,False
2026-01-12 13:00:00,STATION_C_01,1035.97,10.1,False
2026-01-12 14:00:00,STATION_C_01,932.71,12.4,False
2026-01-12 15:00:00,STATION_C_01,847.46,11.8,False
2026-01-12 16:00:00,STATION_C_01,869.66,10.6,False
2026-01-12 17:00:00,STATION_C_01,760.1,11.7,False
2026-01-12 18:00:00,STATION_C_01,738.4,10.2,False
2026-01-12 19:00:00,STATION_C_01,636.32,8.4,False
2026-01-12 20:00:00,STATION_C_01,557.74,7.9,False
2026-01-12 21:00:00,STATION_C_01,524.92,6.3,False
2026-01-12 22:00:00,STATION_C_01,445.89,4.8,False
2026-01-12 23:00:00,STATION_C_01,404.74,3.2,False
2026-01-13 00:00:00,STATION_C_01,368.14,1.0,False
2026-01-13 01:00:00,STATION_C_01,347.34,1.8,False
2026-01-13 02:00:00,STATION_C_01,370.47,0.2,False
2026-01-13 03:00:00,STATION_C_01,408.17,-0.3,False
2026-01-13 04:00:00,STATION_C_01,439.59,0.9,False
2026-01-13 05:00:00,STATION_C_01,528.76,2.6,False
2026-01-13 06:00:00,STATION_C_01,584.0,2.8,False
2026-01-13 07:00:00,STATION_C_01,646.71,3.1,False
2026-01-13 08:00:00,STATION_C_01,723.11,4.4,False
2026-01-13 09:00:00,STATION_C_01,790.35,7.3,False
2026-01-13 10:00:00,STATION_C_01,809.44,5.0,False
2026-01-13 11:00:00,STATION_C_01,889.72,10.2,False
2026-01-13 12:00:00,STATION_C_01,928.65,8.1,False
2026-01-13 13:00:00,STATION_C_01,917.91,9.6,False
2026-01-13 14:00:00,STATION_C_01,932.62,11.2,False
2026-01-13 15:00:00,STATION_C_01,893.62,14.6,False
2026-01-13 16:00:00,STATION_C_01,870.04,13.8,False
2026-01-13 17:00:00,STATION_C_01,805.57,12.1,False
2026-01-13 18:00:00,STATION_C_01,721.83,10.8,False
2026-01-13 19:00:00,STATION_C_01,612.08,7.0,False
2026-01-13 20:00:00,STATION_C_01,603.64,8.1,False
2026-01-13 21:00:00,STATION_C_01,495.84,5.9,False
2026-01-13 22:00:00,STATION_C_01,437.2,4.1,False
2026-01-13 23:00:00,STATION_C_01,387.79,4.0,False
2026-01-14 00:00:00,STATION_C_01,357.41,2.1,False
2026-01-14 01:00:00,STATION_C_01,372.93,2.8,False
2026-01-14 02:00:00,STATION_C_01,381.36,-1.1,False
2026-01-14 03:00:00,STATION_C_01,398.79,1.1,False
2026-01-14 04:00:00,STATION_C_01,437.1,0.2,False
2026-01-14 05:00:00,STATION_C_01,509.59,1.3,False
2026-01-14 06:00:00,STATION_C_01,570.16,3.0,False
2026-01-14 07:00:00,STATION_C_01,639.45,2.5,False
2026-01-14 08:00:00,STATION_C_01,727.3,5.3,False
2026-01-14 09:00:00,STATION_C_01,776.58,6.3,False
2026-01-14 10:00:00,STATION_C_01,856.36,7.2,False
2026-01-14 11:00:00,STATION_C_01,901.41,8.8,False
2026-01-14 12:00:00,STATION_C_01,943.58,10.3,False
2026-01-14 13:00:00,STATION_C_01,913.82,10.4,False
2026-01-14 14:00:00,STATION_C_01,947.26,11.9,False
2026-01-14 15:00:00,STATION_C_01,867.03,11.8,False
2026-01-14 16:00:00,STATION_C_01,832.43,11.2,False
2026-01-14 17:00:00,STATION_C_01,774.87,13.3,False
2026-01-14 18:00:00,STATION_C_01,692.62,11.0,False
2026-01-14 19:00:00,STATION_C_01,667.54,8.9,False
2026-01-14 20:00:00,STATION_C_01,550.29,8.2,False
2026-01-14 21:00:00,STATION_C_01,487.48,5.4,False
2026-01-14 22:00:00,STATION_C_01,458.98,4.7,False
2026-01-14 23:00:00,STATION_C_01,385.73,3.5,False
2026-01-15 00:00:00,STATION_C_01,362.24,1.2,False
2026-01-15 01:00:00,STATION_C_01,342.22,2.3,False
2026-01-15 02:00:00,STATION_C_01,375.36,0.7,False
2026-01-15 03:00:00,STATION_C_01,405.44,0.7,False
2026-01-15 04:00:00,STATION_C_01,451.34,0.7,False
2026-01-15 05:00:00,STATION_C_01,509.57,5.4,False
2026-01-15 06:00:00,STATION_C_01,571.74,2.0,False
2026-01-15 07:00:00,STATION_C_01,633.67,1.4,False
2026-01-15 08:00:00,STATION_C_01,700.23,3.3,False
2026-01-15 09:00:00,STATION_C_01,826.65,7.6,False
2026-01-15 10:00:00,STATION_C_01,874.0,9.7,False
2026-01-15 11:00:00,STATION_C_01,875.72,8.6,False
2026-01-15 12:00:00,STATION_C_01,927.93,12.1,False
2026-01-15 13:00:00,STATION_C_01,926.81,12.3,False
2026-01-15 14:00:00,STATION_C_01,890.25,11.8,False
2026-01-15 15:00:00,STATION_C_01,903.5,11.9,False
2026-01-15 16:00:00,STATION_C_01,839.42,12.2,False
2026-01-15 17:00:00,STATION_C_01,765.28,12.5,False
2026-01-15 18:00:00,STATION_C_01,684.26,11.1,False
2026-01-15 19:00:00,STATION_C_01,611.03,8.6,False
2026-01-15 20:00:00,STATION_C_01,563.77,7.9,False
2026-01-15 21:00:00,STATION_C_01,499.59,9.1,False
2026-01-15 22:00:00,STATION_C_01,427.37,5.6,False
2026-01-15 23:00:00,STATION_C_01,403.67,5.0,False
2026-01-16 00:00:00,STATION_C_01,364.81,3.5,False
2026-01-16 01:00:00,STATION_C_01,362.96,2.3,False
2026-01-16 02:00:00,STATION_C_01,363.39,1.5,False
2026-01-16 03:00:00,STATION_C_01,383.98,2.3,False
2026-01-16 04:00:00,STATION_C_01,442.94,2.3,False
2026-01-16 05:00:00,STATION_C_01,479.38,2.3,False
2026-01-16 06:00:00,STATION_C_01,582.65,2.0,False
2026-01-16 07:00:00,STATION_C_01,626.07,4.5,False
2026-01-16 08:00:00,STATION_C_01,746.01,5.2,False
2026-01-16 09:00:00,STATION_C_01,783.74,6.4,False
2026-01-16 10:00:00,STATION_C_01,885.31,11.4,False
2026-01-16 11:00:00,STATION_C_01,864.62,7.7,False
2026-01-16 12:00:00,STATION_C_01,907.16,11.8,False
2026-01-16 13:00:00,STATION_C_01,951.76,10.5,False
2026-01-16 14:00:00,STATION_C_01,967.49,12.2,False
2026-01-16 15:00:00,STATION_C_01,952.92,15.4,False
2026-01-16 16:00:00,STATION_C_01,855.4,10.9,False
2026-01-16 17:00:00,STATION_C_01,844.92,10.7,False
2026-01-16 18:00:00,STATION_C_01,716.27,10.7,False
2026-01-16 19:00:00,STATION_C_01,673.13,8.5,False
2026-01-16 20:00:00,STATION_C_01,553.88,9.3,False
2026-01-16 21:00:00,STATION_C_01,509.86,6.2,False
2026-01-16 22:00:00,STATION_C_01,405.86,6.2,False
2026-01-16 23:00:00,STATION_C_01,380.23,2.5,False
2026-01-17 00:00:00,STATION_C_01,327.93,0.8,False
2026-01-17 01:00:00,STATION_C_01,299.52,1.8,False
2026-01-17 02:00:00,STATION_C_01,327.56,-0.4,False
2026-01-17 03:00:00,STATION_C_01,359.49,3.1,False
2026-01-17 04:00:00,STATION_C_01,382.48,-0.3,False
2026-01-17 05:00:00,STATION_C_01,427.57,0.8,False
2026-01-17 06:00:00,STATION_C_01,496.24,3.4,False
2026-01-17 07:00:00,STATION_C_01,551.89,3.4,False
2026-01-17 08:00:00,STATION_C_01,635.54,3.6,False
2026-01-17 09:00:00,STATION_C_01,702.38,9.3,False
2026-01-17 10:00:00,STATION_C_01,745.15,7.1,False
2026-01-17 11:00:00,STATION_C_01,840.71,9.4,False
2026-01-17 12:00:00,STATION_C_01,799.3,10.5,False
2026-01-17 13:00:00,STATION_C_01,869.17,12.5,False
2026-01-17 14:00:00,STATION_C_01,790.25,12.7,False
2026-01-17 15:00:00,STATION_C_01,796.55,11.4,False
2026-01-17 16:00:00,STATION_C_01,784.94,11.8,False
2026-01-17 17:00:00,STATION_C_01,728.26,11.4,False
2026-01-17 18:00:00,STATION_C_01,629.14,11.7,False
2026-01-17 19:00:00,STATION_C_01,583.1,8.2,False
2026-01-17 20:00:00,STATION_C_01,512.88,10.7,False
2026-01-17 21:00:00,STATION_C_01,435.01,6.0,False
2026-01-17 22:00:00,STATION_C_01,398.52,5.5,False
2026-01-17 23:00:00,STATION_C_01,372.0,2.8,False
2026-01-18 00:00:00,STATION_C_01,328.89,1.5,False
2026-01-18 01:00:00,STATION_C_01,321.05,1.1,False
2026-01-18 02:00:00,STATION_C_01,331.23,0.4,False
2026-01-18 03:00:00,STATION_C_01,331.53,0.9,False
2026-01-18 04:00:00,STATION_C_01,396.67,0.4,False
2026-01-18 05:00:00,STATION_C_01,428.0,3.0,False
2026-01-18 06:00:00,STATION_C_01,495.56,2.1,False
2026-01-18 07:00:00,STATION_C_01,616.11,3.1,False
2026-01-18 08:00:00,STATION_C_01,633.88,5.0,False
2026-01-18 09:00:00,STATION_C_01,683.62,8.1,False
2026-01-18 10:00:00,STATION_C_01,785.75,8.6,False
2026-01-18 11:00:00,STATION_C_01,769.94,9.6,False
2026-01-18 12:00:00,STATION_C_01,809.33,9.1,False
2026-01-18 13:00:00,STATION_C_01,867.42,10.4,False
2026-01-18 14:00:00,STATION_C_01,823.62,10.7,False
2026-01-18 15:00:00,STATION_C_01,753.17,14.0,False
2026-01-18 16:00:00,STATION_C_01,770.19,12.9,False
2026-01-18 17:00:00,STATION_C_01,692.7,10.7,False
2026-01-18 18:00:00,STATION_C_01,674.79,10.2,False
2026-01-18 19:00:00,STATION_C_01,561.39,8.7,False
2026-01-18 20:00:00,STATION_C_01,525.46,7.3,False
2026-01-18 21:00:00,STATION_C_01,472.24,7.5,False
2026-01-18 22:00:00,STATION_C_01,379.54,5.2,False
2026-01-18 23:00:00,STATION_C_01,347.83,6.7,False
2026-01-19 00:00:00,STATION_C_01,373.69,4.6,False
2026-01-19 01:00:00,STATION_C_01,347.95,3.8,False
2026-01-19 02:00:00,STATION_C_01,372.25,2.5,False
2026-01-19 03:00:00,STATION_C_01,395.0,1.0,False
2026-01-19 04:00:00,STATION_C_01,441.02,2.4,False
2026-01-19 05:00:00,STATION_C_01,506.56,1.8,False
2026-01-19 06:00:00,STATION_C_01,578.02,5.1,False
2026-01-19 07:00:00,STATION_C_01,656.41,4.8,False
2026-01-19 08:00:00,STATION_C_01,713.49,5.9,False
2026-01-19 09:00:00,STATION_C_01,784.15,7.2,False
2026-01-19 10:00:00,STATION_C_01,857.06,10.6,False
2026-01-19 11:00:00,STATION_C_01,906.0,8.1,False
2026-01-19 12:00:00,STATION_C_01,922.5,13.1,False
2026-01-19 13:00:00,STATION_C_01,957.74,11.6,False
2026-01-19 14:00:00,STATION_C_01,877.58,10.7,False
2026-01-19 15:00:00,STATION_C_01,884.63,11.7,False
2026-01-19 16:00:00,STATION_C_01,852.78,10.4,False
2026-01-19 17:00:00,STATION_C_01,776.44,12.6,False
2026-01-19 18:00:00,STATION_C_01,771.19,9.7,False
2026-01-19 19:00:00,STATION_C_01,653.99,10.0,False
2026-01-19 20:00:00,STATION_C_01,581.07,9.9,False
2026-01-19 21:00:00,STATION_C_01,498.05,6.3,False
2026-01-19 22:00:00,STATION_C_01,445.5,5.4,False
2026-01-19 23:00:00,STATION_C_01,382.07,2.8,False
2026-01-20 00:00:00,STATION_C_01,367.49,2.7,False
2026-01-20 01:00:00,STATION_C_01,347.9,5.4,False
2026-01-20 02:00:00,STATION_C_01,366.18,2.7,False
2026-01-20 03:00:00,STATION_C_01,363.45,1.3,False
2026-01-20 04:00:00,STATION_C_01,428.44,1.1,False
2026-01-20 05:00:00,STATION_C_01,533.06,2.3,False
2026-01-20 06:00:00,STATION_C_01,594.96,3.4,False
2026-01-20 07:00:00,STATION_C_01,684.66,3.9,False
2026-01-20 08:00:00,STATION_C_01,766.25,6.3,False
2026-01-20 09:00:00,STATION_C_01,820.77,6.0,False
2026-01-20 10:00:00,STATION_C_01,849.31,7.4,False
2026-01-20 11:00:00,STATION_C_01,876.87,10.3,False
2026-01-20 12:00:00,STATION_C_01,977.15,9.6,False
2026-01-20 13:00:00,STATION_C_01,951.74,12.8,False
2026-01-20 14:00:00,STATION_C_01,1021.68,12.5,False
2026-01-20 15:00:00,STATION_C_01,898.69,10.5,False
2026-01-20 16:00:00,STATION_C_01,923.2,12.6,False
2026-01-20 17:00:00,STATION_C_01,798.2,9.9,False
2026-01-20 18:00:00,STATION_C_01,765.79,11.9,False
2026-01-20 19:00:00,STATION_C_01,694.26,9.6,False
2026-01-20 20:00:00,STATION_C_01,558.35,10.8,False
2026-01-20 21:00:00,STATION_C_01,499.38,8.5,False
2026-01-20 22:00:00,STATION_C_01,430.8,4.5,False
2026-01-20 23:00:00,STATION_C_01,382.9,2.0,False
2026-01-21 00:00:00,STATION_C_01,379.35,2.4,False
2026-01-21 01:00:00,STATION_C_01,358.2,1.0,False
2026-01-21 02:00:00,STATION_C_01,371.46,4.1,False
2026-01-21 03:00:00,STATION_C_01,408.1,1.7,False
2026-01-21 04:00:00,STATION_C_01,418.19,3.0,False
2026-01-21 05:00:00,STATION_C_01,531.36,2.1,False
2026-01-21 06:00:00,STATION_C_01,572.65,3.1,False
2026-01-21 07:00:00,STATION_C_01,668.46,4.4,False
2026-01-21 08:00:00,STATION_C_01,748.67,7.1,False
2026-01-21 09:00:00,STATION_C_01,842.64,7.6,False
2026-01-21 10:00:00,STATION_C_01,862.16,7.4,False
2026-01-21 11:00:00,STATION_C_01,844.57,11.9,False
2026-01-21 12:00:00,STATION_C_01,943.89,10.8,False
2026-01-21 13:00:00,STATION_C_01,958.87,11.5,False
2026-01-21 14:00:00,STATION_C_01,908.11,9.2,False
2026-01-21 15:00:00,STATION_C_01,917.51,13.5,False
2026-01-21 16:00:00,STATION_C_01,854.99,12.7,False
2026-01-21 17:00:00,STATION_C_01,766.97,12.2,False
2026-01-21 18:00:00,STATION_C_01,750.82,10.7,False
2026-01-21 19:00:00,STATION_C_01,644.16,9.3,False
2026-01-21 20:00:00,STATION_C_01,572.4,8.3,False
2026-01-21 21:00:00,STATION_C_01,501.14,7.9,False
2026-01-21 22:00:00,STATION_C_01,467.56,6.6,False
2026-01-21 23:00:00,STATION_C_01,400.64,4.3,False
2026-01-22 00:00:00,STATION_C_01,372.73,4.6,False
2026-01-22 01:00:00,STATION_C_01,356.09,2.5,False
2026-01-22 02:00:00,STATION_C_01,377.81,1.4,False
2026-01-22 03:00:00,STATION_C_01,420.36,2.1,False
2026-01-22 04:00:00,STATION_C_01,458.66,0.4,False
2026-01-22 05:00:00,STATION_C_01,522.11,2.8,False
2026-01-22 06:00:00,STATION_C_01,593.65,1.6,False
2026-01-22 07:00:00,STATION_C_01,626.23,3.4,False
2026-01-22 08:00:00,STATION_C_01,712.21,3.5,False
2026-01-22 09:00:00,STATION_C_01,800.47,7.1,False
2026-01-22 10:00:00,STATION_C_01,845.65,10.7,False
2026-01-22 11:00:00,STATION_C_01,880.78,10.0,False
2026-01-22 12:00:00,STATION_C_01,882.68,12.0,False
2026-01-22 13:00:00,STATION_C_01,909.78,14.9,False
2026-01-22 14:00:00,STATION_C_01,936.3,13.2,False
2026-01-22 15:00:00,STATION_C_01,913.06,12.0,False
2026-01-22 16:00:00,STATION_C_01,844.18,11.9,False
2026-01-22 17:00:00,STATION_C_01,809.21,12.1,False
2026-01-22 18:00:00,STATION_C_01,724.4,10.5,False
2026-01-22 19:00:00,STATION_C_01,684.06,9.5,False
2026-01-22 20:00:00,STATION_C_01,578.94,10.0,False
2026-01-22 21:00:00,STATION_C_01,523.22,8.6,False
2026-01-22 22:00:00,STATION_C_01,452.6,4.0,False
2026-01-22 23:00:00,STATION_C_01,382.57,3.7,False
2026-01-23 00:00:00,STATION_C_01,371.53,3.0,False
2026-01-23 01:00:00,STATION_C_01,346.96,3.4,False
2026-01-23 02:00:00,STATION_C_01,371.39,3.5,False
2026-01-23 03:00:00,STATION_C_01,391.99,5.2,False
2026-01-23 04:00:00,STATION_C_01,455.72,1.6,False
2026-01-23 05:00:00,STATION_C_01,487.21,2.2,False
2026-01-23 06:00:00,STATION_C_01,583.19,4.3,False
2026-01-23 07:00:00,STATION_C_01,673.02,3.9,False
2026-01-23 08:00:00,STATION_C_01,760.14,5.9,False
2026-01-23 09:00:00,STATION_C_01,786.82,7.0,False
2026-01-23 10:00:00,STATION_C_01,870.59,5.7,False
2026-01-23 11:00:00,STATION_C_01,923.26,10.4,False
2026-01-23 12:00:00,STATION_C_01,998.42,11.1,False
2026-01-23 13:00:00,STATION_C_01,907.73,13.8,False
2026-01-23 14:00:00,STATION_C_01,917.14,12.8,False
2026-01-23 15:00:00,STATION_C_01,1007.85,11.5,False
2026-01-23 16:00:00,STATION_C_01,862.31,12.5,False
2026-01-23 17:00:00,STATION_C_01,755.62,9.7,False
2026-01-23 18:00:00,STATION_C_01,722.53,9.9,False
2026-01-23 19:00:00,STATION_C_01,596.67,11.0,False
2026-01-23 20:00:00,STATION_C_01,588.73,8.6,False
2026-01-23 21:00:00,STATION_C_01,526.67,8.6,False
2026-01-23 22:00:00,STATION_C_01,436.24,3.7,False
2026-01-23 23:00:00,STATION_C_01,396.75,4.5,False
2026-01-24 00:00:00,STATION_C_01,339.51,3.1,False
2026-01-24 01:00:00,STATION_C_01,300.39,3.9,False
2026-01-24 02:00:00,STATION_C_01,313.74,3.0,False
2026-01-24 03:00:00,STATION_C_01,352.31,2.8,False
2026-01-24 04:00:00,STATION_C_01,386.36,4.1,False
2026-01-24 05:00:00,STATION_C_01,446.46,2.3,False
2026-01-24 06:00:00,STATION_C_01,491.58,5.3,False
2026-01-24 07:00:00,STATION_C_01,586.57,3.5,False
2026-01-24 08:00:00,STATION_C_01,646.68,4.8,False
2026-01-24 09:00:00,STATION_C_01,727.07,8.5,False
2026-01-24 10:00:00,STATION_C_01,773.1,7.2,False
2026-01-24 11:00:00,STATION_C_01,815.31,11.0,False
2026-01-24 12:00:00,STATION_C_01,793.43,11.6,False
2026-01-24 13:00:00,STATION_C_01,859.32,13.6,False
2026-01-24 14:00:00,STATION_C_01,826.24,12.8,False
2026-01-24 15:00:00,STATION_C_01,805.09,13.2,False
2026-01-24 16:00:00,STATION_C_01,796.42,13.5,False
2026-01-24 17:00:00,STATION_C_01,696.02,11.6,False
2026-01-24 18:00:00,STATION_C_01,681.59,10.6,False
2026-01-24 19:00:00,STATION_C_01,612.46,10.9,False
2026-01-24 20:00:00,STATION_C_01,528.72,9.0,False
2026-01-24 21:00:00,STATION_C_01,436.4,7.1,False
2026-01-24 22:00:00,STATION_C_01,367.19,6.1,False
2026-01-24 23:00:00,STATION_C_01,369.39,6.8,False
2026-01-25 00:00:00,STATION_C_01,331.05,3.2,False
2026-01-25 01:00:00,STATION_C_01,312.49,2.3,False
2026-01-25 02:00:00,STATION_C_01,343.39,0.3,False
2026-01-25 03:00:00,STATION_C_01,345.37,2.1,False
2026-01-25 04:00:00,STATION_C_01,391.97,3.1,False
2026-01-25 05:00:00,STATION_C_01,460.63,3.9,False
2026-01-25 06:00:00,STATION_C_01,495.62,3.9,False
2026-01-25 07:00:00,STATION_C_01,581.53,6.1,False
2026-01-25 08:00:00,STATION_C_01,676.68,7.1,False
2026-01-25 09:00:00,STATION_C_01,720.56,9.0,False
2026-01-25 10:00:00,STATION_C_01,803.39,10.3,False
2026-01-25 11:00:00,STATION_C_01,843.84,12.3,False
2026-01-25 12:00:00,STATION_C_01,838.21,11.4,False
2026-01-25 13:00:00,STATION_C_01,777.76,10.9,False
2026-01-25 14:00:00,STATION_C_01,805.73,13.8,False
2026-01-25 15:00:00,STATION_C_01,833.69,14.1,False
2026-01-25 16:00:00,STATION_C_01,728.51,14.9,False
2026-01-25 17:00:00,STATION_C_01,707.73,14.0,False
2026-01-25 18:00:00,STATION_C_01,660.3,13.9,False
2026-01-25 19:00:00,STATION_C_01,614.62,11.2,False
2026-01-25 20:00:00,STATION_C_01,506.14,9.4,False
2026-01-25 21:00:00,STATION_C_01,442.93,6.1,False
2026-01-25 22:00:00,STATION_C_01,397.95,6.7,False
2026-01-25 23:00:00,STATION_C_01,361.29,4.3,False
2026-01-26 00:00:00,STATION_C_01,373.71,4.1,False
2026-01-26 01:00:00,STATION_C_01,379.02,3.0,False
2026-01-26 02:00:00,STATION_C_01,365.32,3.0,False
2026-01-26 03:00:00,STATION_C_01,407.46,2.1,False
2026-01-26 04:00:00,STATION_C_01,460.42,3.6,False
2026-01-26 05:00:00,STATION_C_01,508.16,-0.3,False
2026-01-26 06:00:00,STATION_C_01,604.89,4.1,False
2026-01-26 07:00:00,STATION_C_01,668.63,6.5,False
2026-01-26 08:00:00,STATION_C_01,763.22,8.6,False
2026-01-26 09:00:00,STATION_C_01,820.54,8.7,False
2026-01-26 10:00:00,STATION_C_01,888.66,11.2,False
2026-01-26 11:00:00,STATION_C_01,904.33,10.7,False
2026-01-26 12:00:00,STATION_C_01,933.74,11.7,False
2026-01-26 13:00:00,STATION_C_01,1006.49,13.2,False
2026-01-26 14:00:00,STATION_C_01,976.27,13.1,False
2026-01-26 15:00:00,STATION_C_01,892.08,12.4,False
2026-01-26 16:00:00,STATION_C_01,883.25,12.5,False
2026-01-26 17:00:00,STATION_C_01,747.96,11.2,False
2026-01-26 18:00:00,STATION_C_01,728.61,12.3,False
2026-01-26 19:00:00,STATION_C_01,688.46,10.6,False
2026-01-26 20:00:00,STATION_C_01,585.97,8.8,False
2026-01-26 21:00:00,STATION_C_01,518.44,7.2,False
2026-01-26 22:00:00,STATION_C_01,406.31,7.0,False
2026-01-26 23:00:00,STATION_C_01,401.08,6.0,False
2026-01-27 00:00:00,STATION_C_01,381.21,2.6,False
2026-01-27 01:00:00,STATION_C_01,372.54,1.5,False
2026-01-27 02:00:00,STATION_C_01,389.53,3.7,False
2026-01-27 03:00:00,STATION_C_01,403.85,0.7,False
2026-01-27 04:00:00,STATION_C_01,451.94,3.2,False
2026-01-27 05:00:00,STATION_C_01,492.67,5.1,False
2026-01-27 06:00:00,STATION_C_01,584.98,5.9,False
2026-01-27 07:00:00,STATION_C_01,637.5,6.0,False
2026-01-27 08:00:00,STATION_C_01,696.54,7.3,False
2026-01-27 09:00:00,STATION_C_01,786.15,10.6,False
2026-01-27 10:00:00,STATION_C_01,925.9,6.5,False
2026-01-27 11:00:00,STATION_C_01,918.5,10.1,False
2026-01-27 12:00:00,STATION_C_01,964.75,12.8,False
2026-01-27 13:00:00,STATION_C_01,950.33,12.3,False
2026-01-27 14:00:00,STATION_C_01,897.58,14.7,False
2026-01-27 15:00:00,STATION_C_01,958.08,13.4,False
2026-01-27 16:00:00,STATION_C_01,813.14,13.4,False
2026-01-27 17:00:00,STATION_C_01,802.04,12.4,False
2026-01-27 18:00:00,STATION_C_01,744.11,11.2,False
2026-01-27 19:00:00,STATION_C_01,673.23,10.0,False
2026-01-27 20:00:00,STATION_C_01,575.12,9.7,False
2026-01-27 21:00:00,STATION_C_01,484.39,7.0,False
2026-01-27 22:00:00,STATION_C_01,442.72,7.7,False
2026-01-27 23:00:00,STATION_C_01,397.07,6.0,False
2026-01-28 00:00:00,STATION_C_01,367.54,5.4,False
2026-01-28 01:00:00,STATION_C_01,380.04,1.9,False
2026-01-28 02:00:00,STATION_C_01,361.8,0.6,False
2026-01-28 03:00:00,STATION_C_01,412.24,2.5,False
2026-01-28 04:00:00,STATION_C_01,458.32,6.1,False
2026-01-28 05:00:00,STATION_C_01,535.57,4.7,False
2026-01-28 06:00:00,STATION_C_01,588.03,3.4,False
2026-01-28 07:00:00,STATION_C_01,687.25,5.8,False
2026-01-28 08:00:00,STATION_C_01,742.2,7.5,False
2026-01-28 09:00:00,STATION_C_01,831.84,6.4,False
2026-01-28 10:00:00,STATION_C_01,835.43,11.1,False
2026-01-28 11:00:00,STATION_C_01,843.9,10.6,False
2026-01-28 12:00:00,STATION_C_01,972.63,11.8,False
2026-01-28 13:00:00,STATION_C_01,984.95,12.8,False
2026-01-28 14:00:00,STATION_C_01,976.13,14.7,False
2026-01-28 15:00:00,STATION_C_01,913.08,12.6,False
2026-01-28 16:00:00,STATION_C_01,928.41,11.3,False
2026-01-28 17:00:00,STATION_C_01,806.91,13.2,False
2026-01-28 18:00:00,STATION_C_01,758.54,9.5,False
2026-01-28 19:00:00,STATION_C_01,683.56,10.4,False
2026-01-28 20:00:00,STATION_C_01,627.29,10.9,False
2026-01-28 21:00:00,STATION_C_01,513.31,8.8,False
2026-01-28 22:00:00,STATION_C_01,446.26,7.9,False
2026-01-28 23:00:00,STATION_C_01,387.41,6.1,False
2026-01-29 00:00:00,STATION_C_01,399.35,7.1,False
2026-01-29 01:00:00,STATION_C_01,373.97,2.6,False
2026-01-29 02:00:00,STATION_C_01,384.86,3.3,False
2026-01-29 03:00:00,STATION_C_01,453.65,2.1,False
2026-01-29 04:00:00,STATION_C_01,462.21,3.9,False
2026-01-29 05:00:00,STATION_C_01,495.85,3.3,False
2026-01-29 06:00:00,STATION_C_01,588.3,6.3,False
2026-01-29 07:00:00,STATION_C_01,647.64,4.7,False
2026-01-29 08:00:00,STATION_C_01,738.32,8.4,False
2026-01-29 09:00:00,STATION_C_01,809.99,8.8,False
2026-01-29 10:00:00,STATION_C_01,866.0,9.5,False
2026-01-29 11:00:00,STATION_C_01,886.78,11.5,False
2026-01-29 12:00:00,STATION_C_01,1016.15,12.3,False
2026-01-29 13:00:00,STATION_C_01,983.07,13.3,False
2026-01-29 14:00:00,STATION_C_01,955.12,13.2,False
2026-01-29 15:00:00,STATION_C_01,957.38,12.8,False
2026-01-29 16:00:00,STATION_C_01,899.34,13.1,False
2026-01-29 17:00:00,STATION_C_01,830.23,10.9,False
2026-01-29 18:00:00,STATION_C_01,767.5,13.1,False
2026-01-29 19:00:00,STATION_C_01,674.56,9.4,False
2026-01-29 20:00:00,STATION_C_01,607.19,9.3,False
2026-01-29 21:00:00,STATION_C_01,534.18,9.0,False
2026-01-29 22:00:00,STATION_C_01,460.53,7.8,False
2026-01-29 23:00:00,STATION_C_01,406.77,3.3,False
2026-01-30 00:00:00,STATION_C_01,400.12,4.2,False
2026-01-30 01:00:00,STATION_C_01,363.34,4.0,False
2026-01-30 02:00:00,STATION_C_01,385.07,3.0,False
2026-01-30 03:00:00,STATION_C_01,416.06,4.3,False
2026-01-30 04:00:00,STATION_C_01,448.45,1.9,False
2026-01-30 05:00:00,STATION_C_01,506.19,1.0,False
2026-01-30 06:00:00,STATION_C_01,586.58,5.3,False
2026-01-30 07:00:00,STATION_C_01,660.72,4.8,False
2026-01-30 08:00:00,STATION_C_01,712.38,4.7,False
2026-01-30 09:00:00,STATION_C_01,804.97,8.1,False
2026-01-30 10:00:00,STATION_C_01,894.78,11.1,False
2026-01-30 11:00:00,STATION_C_01,976.14,9.5,False
2026-01-30 12:00:00,STATION_C_01,983.79,14.9,False
2026-01-30 13:00:00,STATION_C_01,886.73,12.0,False
2026-01-30 14:00:00,STATION_C_01,986.94,13.7,False
2026-01-30 15:00:00,STATION_C_01,916.87,12.3,False
2026-01-30 16:00:00,STATION_C_01,901.18,13.6,False
2026-01-30 17:00:00,STATION_C_01,824.07,12.9,False
2026-01-30 18:00:00,STATION_C_01,746.45,10.4,False
2026-01-30 19:00:00,STATION_C_01,670.79,14.4,False
2026-01-30 20:00:00,STATION_C_01,594.39,9.1,False
2026-01-30 21:00:00,STATION_C_01,546.4,7.7,False
2026-01-30 22:00:00,STATION_C_01,458.82,8.0,False
2026-01-30 23:00:00,STATION_C_01,426.64,7.7,False
2026-01-31 00:00:00,STATION_C_01,346.12,5.8,False
2026-01-31 01:00:00,STATION_C_01,333.65,2.1,False
2026-01-31 02:00:00,STATION_C_01,314.21,3.3,False
2026-01-31 03:00:00,STATION_C_01,376.0,0.6,False
2026-01-31 04:00:00,STATION_C_01,397.83,4.1,False
2026-01-31 05:00:00,STATION_C_01,471.14,1.6,False
2026-01-31 06:00:00,STATION_C_01,506.21,3.5,False
2026-01-31 07:00:00,STATION_C_01,568.59,5.6,False
2026-01-31 08:00:00,STATION_C_01,708.18,7.5,False
2026-01-31 09:00:00,STATION_C_01,702.48,8.0,False
2026-01-31 10:00:00,STATION_C_01,813.59,11.6,False
2026-01-31 11:00:00,STATION_C_01,828.16,12.0,False
2026-01-31 12:00:00,STATION_C_01,838.99,13.0,False
2026-01-31 13:00:00,STATION_C_01,859.36,11.7,False
2026-01-31 14:00:00,STATION_C_01,812.91,15.7,False
2026-01-31 15:00:00,STATION_C_01,824.7,12.9,False
2026-01-31 16:00:00,STATION_C_01,753.07,15.8,False
2026-01-31 17:00:00,STATION_C_01,717.4,15.6,False
2026-01-31 18:00:00,STATION_C_01,684.57,12.9,False
2026-01-31 19:00:00,STATION_C_01,599.27,12.4,False
2026-01-31 20:00:00,STATION_C_01,497.63,6.1,False
2026-01-31 21:00:00,STATION_C_01,474.16,8.2,False
2026-01-31 22:00:00,STATION_C_01,405.01,8.3,False
2026-01-31 23:00:00,STATION_C_01,355.78,6.8,False
2026-02-01 00:00:00,STATION_C_01,344.76,3.1,False
2026-02-01 01:00:00,STATION_C_01,324.99,3.3,False
2026-02-01 02:00:00,STATION_C_01,322.35,0.1,False
2026-02-01 03:00:00,STATION_C_01,386.29,3.4,False
2026-02-01 04:00:00,STATION_C_01,405.14,0.9,False
2026-02-01 05:00:00,STATION_C_01,459.53,5.1,False
2026-02-01 06:00:00,STATION_C_01,517.99,6.0,False
2026-02-01 07:00:00,STATION_C_01,619.33,5.2,False
2026-02-01 08:00:00,STATION_C_01,651.91,7.7,False
2026-02-01 09:00:00,STATION_C_01,689.35,8.2,False
2026-02-01 10:00:00,STATION_C_01,765.65,10.2,False
2026-02-01 11:00:00,STATION_C_01,865.32,9.9,False
2026-02-01 12:00:00,STATION_C_01,878.63,13.1,False
2026-02-01 13:00:00,STATION_C_01,855.28,11.3,False
2026-02-01 14:00:00,STATION_C_01,895.0,11.6,False
2026-02-01 15:00:00,STATION_C_01,848.94,13.9,False
2026-02-01 16:00:00,STATION_C_01,777.48,13.6,False
2026-02-01 17:00:00,STATION_C_01,725.16,13.6,False
2026-02-01 18:00:00,STATION_C_01,672.51,11.6,False
2026-02-01 19:00:00,STATION_C_01,578.21,13.5,False
2026-02-01 20:00:00,STATION_C_01,526.33,10.2,False
2026-02-01 21:00:00,STATION_C_01,466.64,8.8,False
2026-02-01 22:00:00,STATION_C_01,382.2,7.4,False
2026-02-01 23:00:00,STATION_C_01,361.21,7.0,False
2026-02-02 00:00:00,STATION_C_01,378.75,5.4,False
2026-02-02 01:00:00,STATION_C_01,385.87,4.3,False
2026-02-02 02:00:00,STATION_C_01,358.17,4.1,False
2026-02-02 03:00:00,STATION_C_01,407.87,0.9,False
2026-02-02 04:00:00,STATION_C_01,454.09,1.1,False
2026-02-02 05:00:00,STATION_C_01,542.71,3.7,False
2026-02-02 06:00:00,STATION_C_01,597.76,4.5,False
2026-02-02 07:00:00,STATION_C_01,720.26,6.5,False
2026-02-02 08:00:00,STATION_C_01,774.21,7.2,False
2026-02-02 09:00:00,STATION_C_01,818.39,9.3,False
2026-02-02 10:00:00,STATION_C_01,901.08,8.5,False
2026-02-02 11:00:00,STATION_C_01,930.49,11.4,False
2026-02-02 12:00:00,STATION_C_01,1002.01,10.9,False
2026-02-02 13:00:00,STATION_C_01,937.41,13.9,False
2026-02-02 14:00:00,STATION_C_01,944.91,11.7,False
2026-02-02 15:00:00,STATION_C_01,957.61,14.6,False
2026-02-02 16:00:00,STATION_C_01,932.53,12.2,False
2026-02-02 17:00:00,STATION_C_01,767.0,13.0,False
2026-02-02 18:00:00,STATION_C_01,793.94,13.6,False
2026-02-02 19:00:00,STATION_C_01,675.22,11.7,False
2026-02-02 20:00:00,STATION_C_01,560.05,8.1,False
2026-02-02 21:00:00,STATION_C_01,470.73,7.9,False
2026-02-02 22:00:00,STATION_C_01,438.02,5.4,False
2026-02-02 23:00:00,STATION_C_01,414.01,3.9,False
2026-02-03 00:00:00,STATION_C_01,382.93,4.9,False
2026-02-03 01:00:00,STATION_C_01,381.73,4.6,False
2026-02-03 02:00:00,STATION_C_01,376.52,3.9,False
2026-02-03 03:00:00,STATION_C_01,398.4,3.9,False
2026-02-03 04:00:00,STATION_C_01,456.4,3.4,False
2026-02-03 05:00:00,STATION_C_01,527.07,3.6,False
2026-02-03 06:00:00,STATION_C_01,605.09,3.5,False
2026-02-03 07:00:00,STATION_C_01,660.68,5.4,False
2026-02-03 08:00:00,STATION_C_01,782.6,5.7,False
2026-02-03 09:00:00,STATION_C_01,814.4,7.7,False
2026-02-03 10:00:00,STATION_C_01,868.67,10.3,False
2026-02-03 11:00:00,STATION_C_01,926.71,11.3,False
2026-02-03 12:00:00,STATION_C_01,1012.0,16.3,False
2026-02-03 13:00:00,STATION_C_01,981.26,11.9,False
2026-02-03 14:00:00,STATION_C_01,951.81,13.9,False
2026-02-03 15:00:00,STATION_C_01,975.69,12.6,False
2026-02-03 16:00:00,STATION_C_01,963.76,13.6,False
2026-02-03 17:00:00,STATION_C_01,839.35,13.1,False
2026-02-03 18:00:00,STATION_C_01,792.29,13.7,False
2026-02-03 19:00:00,STATION_C_01,705.01,11.0,False
2026-02-03 20:00:00,STATION_C_01,588.42,10.0,False
2026-02-03 21:00:00,STATION_C_01,527.87,8.3,False
2026-02-03 22:00:00,STATION_C_01,443.18,5.7,False
2026-02-03 23:00:00,STATION_C_01,412.4,5.3,False
2026-02-04 00:00:00,STATION_C_01,376.39,4.5,False
2026-02-04 01:00:00,STATION_C_01,369.15,4.1,False
2026-02-04 02:00:00,STATION_C_01,374.81,4.2,False
2026-02-04 03:00:00,STATION_C_01,411.39,3.0,False
2026-02-04 04:00:00,STATION_C_01,472.96,3.2,False
2026-02-04 05:00:00,STATION_C_01,525.63,2.0,False
2026-02-04 06:00:00,STATION_C_01,562.55,5.6,False
2026-02-04 07:00:00,STATION_C_01,663.44,5.3,False
2026-02-04 08:00:00,STATION_C_01,720.21,8.3,False
2026-02-04 09:00:00,STATION_C_01,841.82,10.4,False
2026-02-04 10:00:00,STATION_C_01,914.12,10.1,False
2026-02-04 11:00:00,STATION_C_01,955.63,10.4,False
2026-02-04 12:00:00,STATION_C_01,950.92,12.7,False
2026-02-04 13:00:00,STATION_C_01,996.97,14.1,False
2026-02-04 14:00:00,STATION_C_01,961.99,13.8,False
2026-02-04 15:00:00,STATION_C_01,909.79,13.7,False
2026-02-04 16:00:00,STATION_C_01,922.22,14.9,False
2026-02-04 17:00:00,STATION_C_01,859.34,14.3,False
2026-02-04 18:00:00,STATION_C_01,786.78,12.4,False
2026-02-04 19:00:00,STATION_C_01,667.6,9.7,False
2026-02-04 20:00:00,STATION_C_01,627.62,10.9,False
2026-02-04 21:00:00,STATION_C_01,519.63,8.0,False
2026-02-04 22:00:00,STATION_C_01,475.87,7.8,False
2026-02-04 23:00:00,STATION_C_01,409.03,6.4,False
2026-02-05 00:00:00,STATION_C_01,,2.8,False
2026-02-05 01:00:00,STATION_C_01,,4.3,False
2026-02-05 02:00:00,STATION_C_01,,4.3,False
2026-02-05 03:00:00,STATION_C_01,,4.2,False
2026-02-05 04:00:00,STATION_C_01,,3.8,False
2026-02-05 05:00:00,STATION_C_01,,1.8,False
2026-02-05 06:00:00,STATION_C_01,578.85,6.6,False
2026-02-05 07:00:00,STATION_C_01,669.54,6.7,False
2026-02-05 08:00:00,STATION_C_01,738.5,6.1,False
2026-02-05 09:00:00,STATION_C_01,820.36,8.0,False
2026-02-05 10:00:00,STATION_C_01,933.16,10.7,False
2026-02-05 11:00:00,STATION_C_01,998.73,12.6,False
2026-02-05 12:00:00,STATION_C_01,956.39,12.3,False
2026-02-05 13:00:00,STATION_C_01,965.94,14.8,False
2026-02-05 14:00:00,STATION_C_01,940.93,12.2,False
2026-02-05 15:00:00,STATION_C_01,993.46,13.3,False
2026-02-05 16:00:00,STATION_C_01,936.59,11.9,False
2026-02-05 17:00:00,STATION_C_01,834.5,12.7,False
2026-02-05 18:00:00,STATION_C_01,726.17,14.7,False
2026-02-05 19:00:00,STATION_C_01,652.63,14.3,False
2026-02-05 20:00:00,STATION_C_01,607.93,10.7,False
2026-02-05 21:00:00,STATION_C_01,540.34,8.3,False
2026-02-05 22:00:00,STATION_C_01,432.71,7.4,False
2026-02-05 23:00:00,STATION_C_01,412.87,6.9,False
2026-02-06 00:00:00,STATION_C_01,408.76,3.3,False
2026-02-06 01:00:00,STATION_C_01,373.53,3.6,False
2026-02-06 02:00:00,STATION_C_01,407.1,5.5,False
2026-02-06 03:00:00,STATION_C_01,427.24,2.3,False
2026-02-06 04:00:00,STATION_C_01,449.03,2.9,False
2026-02-06 05:00:00,STATION_C_01,525.17,4.3,False
2026-02-06 06:00:00,STATION_C_01,602.25,5.5,False
2026-02-06 07:00:00,STATION_C_01,661.97,5.6,False
2026-02-06 08:00:00,STATION_C_01,738.69,7.8,False
2026-02-06 09:00:00,STATION_C_01,883.31,9.8,False
2026-02-06 10:00:00,STATION_C_01,872.11,12.9,False
2026-02-06 11:00:00,STATION_C_01,988.03,11.7,False
2026-02-06 12:00:00,STATION_C_01,967.98,13.0,False
2026-02-06 13:00:00,STATION_C_01,992.72,15.7,False
2026-02-06 14:00:00,STATION_C_01,1002.54,13.8,False
2026-02-06 15:00:00,STATION_C_01,932.55,13.1,False
2026-02-06 16:00:00,STATION_C_01,921.55,14.8,False
2026-02-06 17:00:00,STATION_C_01,779.64,15.2,False
2026-02-06 18:00:00,STATION_C_01,777.25,13.5,False
2026-02-06 19:00:00,STATION_C_01,626.45,11.8,False
2026-02-06 20:00:00,STATION_C_01,601.09,8.9,False
2026-02-06 21:00:00,STATION_C_01,547.42,9.1,False
2026-02-06 22:00:00,STATION_C_01,477.85,9.2,False
2026-02-06 23:00:00,STATION_C_01,399.63,5.0,False
2026-02-07 00:00:00,STATION_C_01,327.34,5.0,False
2026-02-07 01:00:00,STATION_C_01,324.09,4.0,False
2026-02-07 02:00:00,STATION_C_01,343.61,3.1,False
2026-02-07 03:00:00,STATION_C_01,342.36,4.0,False
2026-02-07 04:00:00,STATION_C_01,411.62,4.4,False
2026-02-07 05:00:00,STATION_C_01,473.25,5.0,False
2026-02-07 06:00:00,STATION_C_01,528.48,4.2,False
2026-02-07 07:00:00,STATION_C_01,615.31,4.5,False
2026-02-07 08:00:00,STATION_C_01,679.92,8.1,False
2026-02-07 09:00:00,STATION_C_01,726.27,8.6,False
2026-02-07 10:00:00,STATION_C_01,742.72,12.9,False
2026-02-07 11:00:00,STATION_C_01,843.95,14.3,False
2026-02-07 12:00:00,STATION_C_01,838.36,15.5,False
2026-02-07 13:00:00,STATION_C_01,858.91,12.9,False
2026-02-07 14:00:00,STATION_C_01,882.03,15.3,False
2026-02-07 15:00:00,STATION_C_01,882.08,15.8,False
2026-02-07 16:00:00,STATION_C_01,796.17,15.5,False
2026-02-07 17:00:00,STATION_C_01,755.31,13.6,False
2026-02-07 18:00:00,STATION_C_01,641.23,14.7,False
2026-02-07 19:00:00,STATION_C_01,610.18,12.1,False
2026-02-07 20:00:00,STATION_C_01,533.46,10.9,False
2026-02-07 21:00:00,STATION_C_01,489.14,7.5,False
2026-02-07 22:00:00,STATION_C_01,404.81,8.7,False
2026-02-07 23:00:00,STATION_C_01,366.25,6.3,False
2026-02-08 00:00:00,STATION_C_01,354.88,6.0,False
2026-02-08 01:00:00,STATION_C_01,331.88,4.9,False
2026-02-08 02:00:00,STATION_C_01,328.99,4.2,False
2026-02-08 03:00:00,STATION_C_01,402.54,3.8,False
2026-02-08 04:00:00,STATION_C_01,397.29,5.0,False
2026-02-08 05:00:00,STATION_C_01,468.31,4.4,False
2026-02-08 06:00:00,STATION_C_01,541.65,3.7,False
2026-02-08 07:00:00,STATION_C_01,611.44,7.3,False
2026-02-08 08:00:00,STATION_C_01,671.9,7.0,False
2026-02-08 09:00:00,STATION_C_01,737.43,7.8,False
2026-02-08 10:00:00,STATION_C_01,792.21,9.6,False
2026-02-08 11:00:00,STATION_C_01,809.31,12.5,False
2026-02-08 12:00:00,STATION_C_01,934.99,13.2,False
2026-02-08 13:00:00,STATION_C_01,872.17,11.6,False
2026-02-08 14:00:00,STATION_C_01,887.9,14.3,False
2026-02-08 15:00:00,STATION_C_01,832.7,16.3,False
2026-02-08 16:00:00,STATION_C_01,789.38,14.2,False
2026-02-08 17:00:00,STATION_C_01,731.03,14.0,False
2026-02-08 18:00:00,STATION_C_01,640.4,14.6,False
2026-02-08 19:00:00,STATION_C_01,603.14,13.1,False
2026-02-08 20:00:00,STATION_C_01,528.33,12.1,False
2026-02-08 21:00:00,STATION_C_01,489.46,6.1,False
2026-02-08 22:00:00,STATION_C_01,396.36,10.1,False
2026-02-08 23:00:00,STATION_C_01,362.85,7.5,False
2026-02-09 00:00:00,STATION_C_01,377.62,8.5,False
2026-02-09 01:00:00,STATION_C_01,398.49,3.8,False
2026-02-09 02:00:00,STATION_C_01,378.09,2.0,False
2026-02-09 03:00:00,STATION_C_01,429.3,4.0,False
2026-02-09 04:00:00,STATION_C_01,486.37,3.8,False
2026-02-09 05:00:00,STATION_C_01,532.02,5.5,False
2026-02-09 06:00:00,STATION_C_01,580.33,6.9,False
2026-02-09 07:00:00,STATION_C_01,657.21,6.6,False
2026-02-09 08:00:00,STATION_C_01,793.81,7.8,False
2026-02-09 09:00:00,STATION_C_01,808.32,10.1,False
2026-02-09 10:00:00,STATION_C_01,922.55,10.6,False
2026-02-09 11:00:00,STATION_C_01,963.38,11.9,False
2026-02-09 12:00:00,STATION_C_01,1003.76,14.7,False
2026-02-09 13:00:00,STATION_C_01,1017.91,15.8,False
2026-02-09 14:00:00,STATION_C_01,958.51,16.2,False
2026-02-09 15:00:00,STATION_C_01,927.17,14.8,False
2026-02-09 16:00:00,STATION_C_01,933.44,12.3,False
2026-02-09 17:00:00,STATION_C_01,827.71,14.1,False
2026-02-09 18:00:00,STATION_C_01,697.2,12.5,False
2026-02-09 19:00:00,STATION_C_01,706.74,12.2,False
2026-02-09 20:00:00,STATION_C_01,588.48,10.2,False
2026-02-09 21:00:00,STATION_C_01,544.44,9.6,False
2026-02-09 22:00:00,STATION_C_01,494.29,6.9,False
2026-02-09 23:00:00,STATION_C_01,422.17,5.3,False
2026-02-10 00:00:00,STATION_C_01,404.51,7.2,False
2026-02-10 01:00:00,STATION_C_01,382.37,3.7,False
2026-02-10 02:00:00,STATION_C_01,412.69,4.3,False
2026-02-10 03:00:00,STATION_C_01,406.41,5.3,False
2026-02-10 04:00:00,STATION_C_01,471.48,5.4,False
2026-02-10 05:00:00,STATION_C_01,548.77,5.8,False
2026-02-10 06:00:00,STATION_C_01,607.22,6.1,False
2026-02-10 07:00:00,STATION_C_01,719.85,7.8,False
2026-02-10 08:00:00,STATION_C_01,760.93,9.9,False
2026-02-10 09:00:00,STATION_C_01,909.22,10.2,False
2026-02-10 10:00:00,STATION_C_01,980.19,8.9,False
2026-02-10 11:00:00,STATION_C_01,971.51,11.8,False
2026-02-10 12:00:00,STATION_C_01,1012.45,14.4,False
2026-02-10 13:00:00,STATION_C_01,1045.84,13.7,False
2026-02-10 14:00:00,STATION_C_01,952.18,16.9,False
2026-02-10 15:00:00,STATION_C_01,918.24,15.1,False
2026-02-10 16:00:00,STATION_C_01,953.15,15.1,False
2026-02-10 17:00:00,STATION_C_01,856.68,15.8,False
2026-02-10 18:00:00,STATION_C_01,767.32,13.4,False
2026-02-10 19:00:00,STATION_C_01,693.11,12.7,False
2026-02-10 20:00:00,STATION_C_01,561.08,12.2,False
2026-02-10 21:00:00,STATION_C_01,533.48,7.9,False
2026-02-10 22:00:00,STATION_C_01,,8.0,False
2026-02-10 23:00:00,STATION_C_01,436.6,8.0,False
2026-02-11 00:00:00,STATION_C_01,405.54,5.9,False
2026-02-11 01:00:00,STATION_C_01,389.0,6.7,False
2026-02-11 02:00:00,STATION_C_01,397.4,2.5,False
2026-02-11 03:00:00,STATION_C_01,401.02,2.2,False
2026-02-11 04:00:00,STATION_C_01,482.61,5.4,False
2026-02-11 05:00:00,STATION_C_01,549.37,6.0,False
2026-02-11 06:00:00,STATION_C_01,639.58,5.6,False
2026-02-11 07:00:00,STATION_C_01,745.16,7.5,False
2026-02-11 08:00:00,STATION_C_01,728.72,9.2,False
2026-02-11 09:00:00,STATION_C_01,838.44,8.8,False
2026-02-11 10:00:00,STATION_C_01,891.0,10.4,False
2026-02-11 11:00:00,STATION_C_01,970.32,12.8,False
2026-02-11 12:00:00,STATION_C_01,996.27,14.8,False
2026-02-11 13:00:00,STATION_C_01,998.31,13.2,False
2026-02-11 14:00:00,STATION_C_01,1031.84,14.9,False
2026-02-11 15:00:00,STATION_C_01,927.72,15.0,False
2026-02-11 16:00:00,STATION_C_01,882.0,15.6,False
2026-02-11 17:00:00,STATION_C_01,820.23,14.6,False
2026-02-11 18:00:00,STATION_C_01,765.66,13.1,False
2026-02-11 19:00:00,STATION_C_01,664.75,14.1,False
2026-02-11 20:00:00,STATION_C_01,612.74,10.6,False
2026-02-11 21:00:00,STATION_C_01,535.33,9.5,False
2026-02-11 22:00:00,STATION_C_01,460.71,6.5,False
2026-02-11 23:00:00,STATION_C_01,437.07,6.3,False
2026-02-12 00:00:00,STATION_C_01,392.09,6.6,False
2026-02-12 01:00:00,STATION_C_01,396.51,5.5,False
2026-02-12 02:00:00,STATION_C_01,390.31,5.3,False
2026-02-12 03:00:00,STATION_C_01,423.92,5.0,False
2026-02-12 04:00:00,STATION_C_01,464.71,7.1,False
2026-02-12 05:00:00,STATION_C_01,538.78,4.2,False
2026-02-12 06:00:00,STATION_C_01,629.76,4.1,False
2026-02-12 07:00:00,STATION_C_01,685.5,5.9,False
2026-02-12 08:00:00,STATION_C_01,,7.6,False
2026-02-12 09:00:00,STATION_C_01,827.95,8.8,False
2026-02-12 10:00:00,STATION_C_01,941.49,11.5,False
2026-02-12 11:00:00,STATION_C_01,947.35,14.2,False
2026-02-12 12:00:00,STATION_C_01,,15.7,False
2026-02-12 13:00:00,STATION_C_01,1011.3,15.3,False
2026-02-12 14:00:00,STATION_C_01,1051.74,17.8,False
2026-02-12 15:00:00,STATION_C_01,928.32,15.0,False
2026-02-12 16:00:00,STATION_C_01,870.3,13.3,False
2026-02-12 17:00:00,STATION_C_01,834.52,16.0,False
2026-02-12 18:00:00,STATION_C_01,739.76,11.7,False
2026-02-12 19:00:00,STATION_C_01,662.71,11.8,False
2026-02-12 20:00:00,STATION_C_01,628.75,12.0,False
2026-02-12 21:00:00,STATION_C_01,539.75,9.9,False
2026-02-12 22:00:00,STATION_C_01,466.99,8.3,False
2026-02-12 23:00:00,STATION_C_01,419.43,5.8,False
2026-02-13 00:00:00,STATION_C_01,385.68,6.1,False
2026-02-13 01:00:00,STATION_C_01,405.41,6.5,False
2026-02-13 02:00:00,STATION_C_01,383.86,4.7,False
2026-02-13 03:00:00,STATION_C_01,405.69,3.5,False
2026-02-13 04:00:00,STATION_C_01,488.51,3.2,False
2026-02-13 05:00:00,STATION_C_01,536.21,4.3,False
2026-02-13 06:00:00,STATION_C_01,659.98,6.6,False
2026-02-13 07:00:00,STATION_C_01,684.46,7.7,False
2026-02-13 08:00:00,STATION_C_01,801.65,7.7,False
2026-02-13 09:00:00,STATION_C_01,886.74,7.4,False
2026-02-13 10:00:00,STATION_C_01,902.7,12.0,False
2026-02-13 11:00:00,STATION_C_01,,11.7,False
2026-02-13 12:00:00,STATION_C_01,1026.9,14.8,False
2026-02-13 13:00:00,STATION_C_01,1032.09,13.9,False
2026-02-13 14:00:00,STATION_C_01,951.71,14.2,False
2026-02-13 15:00:00,STATION_C_01,931.57,15.8,False
2026-02-13 16:00:00,STATION_C_01,838.39,18.2,False
2026-02-13 17:00:00,STATION_C_01,872.93,15.8,False
2026-02-13 18:00:00,STATION_C_01,772.29,14.2,False
2026-02-13 19:00:00,STATION_C_01,694.23,13.3,False
2026-02-13 20:00:00,STATION_C_01,580.42,9.4,False
2026-02-13 21:00:00,STATION_C_01,520.42,8.8,False
2026-02-13 22:00:00,STATION_C_01,468.22,5.7,False
2026-02-13 23:00:00,STATION_C_01,416.25,9.5,False
2026-02-14 00:00:00,STATION_C_01,348.97,8.1,False
2026-02-14 01:00:00,STATION_C_01,345.05,5.9,False
2026-02-14 02:00:00,STATION_C_01,375.22,5.0,False
2026-02-14 03:00:00,STATION_C_01,375.02,2.8,False
2026-02-14 04:00:00,STATION_C_01,435.68,4.6,False
2026-02-14 05:00:00,STATION_C_01,462.83,7.6,False
2026-02-14 06:00:00,STATION_C_01,511.63,6.4,False
2026-02-14 07:00:00,STATION_C_01,607.61,6.8,False
2026-02-14 08:00:00,STATION_C_01,648.51,6.7,False
2026-02-14 09:00:00,STATION_C_01,754.16,11.9,False
2026-02-14 10:00:00,STATION_C_01,789.05,11.5,False
2026-02-14 11:00:00,STATION_C_01,796.81,10.9,False
2026-02-14 12:00:00,STATION_C_01,936.73,13.0,False
2026-02-14 13:00:00,STATION_C_01,875.81,13.5,False
2026-02-14 14:00:00,STATION_C_01,832.63,15.4,False
2026-02-14 15:00:00,STATION_C_01,882.57,16.0,False
2026-02-14 16:00:00,STATION_C_01,791.03,14.9,False
2026-02-14 17:00:00,STATION_C_01,783.2,15.9,False
2026-02-14 18:00:00,STATION_C_01,670.0,14.2,False
2026-02-14 19:00:00,STATION_C_01,604.32,14.3,False
2026-02-14 20:00:00,STATION_C_01,550.87,11.3,False
2026-02-14 21:00:00,STATION_C_01,487.4,13.9,False
2026-02-14 22:00:00,STATION_C_01,431.41,8.2,False
2026-02-14 23:00:00,STATION_C_01,374.91,6.4,False
2026-02-15 00:00:00,STATION_C_01,354.87,5.2,False
2026-02-15 01:00:00,STATION_C_01,347.85,5.3,False
2026-02-15 02:00:00,STATION_C_01,350.94,2.9,False
2026-02-15 03:00:00,STATION_C_01,374.37,5.2,False
2026-02-15 04:00:00,STATION_C_01,399.11,2.7,False
2026-02-15 05:00:00,STATION_C_01,487.92,5.7,False
2026-02-15 06:00:00,STATION_C_01,545.68,4.8,False
2026-02-15 07:00:00,STATION_C_01,607.84,7.1,False
2026-02-15 08:00:00,STATION_C_01,719.47,9.6,False
2026-02-15 09:00:00,STATION_C_01,717.94,13.1,False
2026-02-15 10:00:00,STATION_C_01,860.08,10.5,False
2026-02-15 11:00:00,STATION_C_01,856.83,12.9,False
2026-02-15 12:00:00,STATION_C_01,895.16,13.4,False
2026-02-15 13:00:00,STATION_C_01,882.51,14.1,False
2026-02-15 14:00:00,STATION_C_01,833.85,14.8,False
2026-02-15 15:00:00,STATION_C_01,853.67,16.9,False
2026-02-15 16:00:00,STATION_C_01,823.33,15.1,False
2026-02-15 17:00:00,STATION_C_01,774.24,17.8,False
2026-02-15 18:00:00,STATION_C_01,684.63,14.8,False
2026-02-15 19:00:00,STATION_C_01,570.16,11.9,False
2026-02-15 20:00:00,STATION_C_01,516.24,11.4,False
2026-02-15 21:00:00,STATION_C_01,513.09,9.4,False
2026-02-15 22:00:00,STATION_C_01,405.08,10.0,False
2026-02-15 23:00:00,STATION_C_01,395.88,5.7,False
2026-02-16 00:00:00,STATION_C_01,299.49,4.9,True
2026-02-16 01:00:00,STATION_C_01,299.33,5.0,True
2026-02-16 02:00:00,STATION_C_01,316.46,5.9,True
2026-02-16 03:00:00,STATION_C_01,324.74,6.4,True
2026-02-16 04:00:00,STATION_C_01,394.38,6.8,True
2026-02-16 05:00:00,STATION_C_01,425.79,6.3,True
2026-02-16 06:00:00,STATION_C_01,492.0,6.5,True
2026-02-16 07:00:00,STATION_C_01,542.94,8.7,True
2026-02-16 08:00:00,STATION_C_01,626.08,7.7,True
2026-02-16 09:00:00,STATION_C_01,708.64,8.3,True
2026-02-16 10:00:00,STATION_C_01,719.38,12.4,True
2026-02-16 11:00:00,STATION_C_01,808.12,12.0,True
2026-02-16 12:00:00,STATION_C_01,769.88,14.3,True
2026-02-16 13:00:00,STATION_C_01,816.48,15.4,True
2026-02-16 14:00:00,STATION_C_01,800.36,16.1,True
2026-02-16 15:00:00,STATION_C_01,733.8,17.1,True
2026-02-16 16:00:00,STATION_C_01,728.57,16.8,True
2026-02-16 17:00:00,STATION_C_01,672.27,15.5,True
2026-02-16 18:00:00,STATION_C_01,594.33,13.9,True
2026-02-16 19:00:00,STATION_C_01,555.65,13.4,True
2026-02-16 20:00:00,STATION_C_01,487.39,11.3,True
2026-02-16 21:00:00,STATION_C_01,424.31,10.3,True
2026-02-16 22:00:00,STATION_C_01,373.37,12.3,True
2026-02-16 23:00:00,STATION_C_01,333.99,8.0,True
2026-02-17 00:00:00,STATION_C_01,306.41,7.2,True
2026-02-17 01:00:00,STATION_C_01,303.49,5.0,True
2026-02-17 02:00:00,STATION_C_01,303.47,6.5,True
2026-02-17 03:00:00,STATION_C_01,366.36,6.0,True
2026-02-17 04:00:00,STATION_C_01,356.04,6.2,True
2026-02-17 05:00:00,STATION_C_01,417.03,6.1,True
2026-02-17 06:00:00,STATION_C_01,476.83,8.0,True
2026-02-17 07:00:00,STATION_C_01,588.71,9.4,True
2026-02-17 08:00:00,STATION_C_01,585.18,9.5,True
2026-02-17 09:00:00,STATION_C_01,683.27,10.5,True
2026-02-17 10:00:00,STATION_C_01,730.83,13.1,True
2026-02-17 11:00:00,STATION_C_01,772.84,12.3,True
2026-02-17 12:00:00,STATION_C_01,822.85,13.7,True
2026-02-17 13:00:00,STATION_C_01,831.16,15.3,True
2026-02-17 14:00:00,STATION_C_01,776.43,13.9,True
2026-02-17 15:00:00,STATION_C_01,769.43,17.2,True
2026-02-17 16:00:00,STATION_C_01,677.69,14.8,True
2026-02-17 17:00:00,STATION_C_01,676.14,14.9,True
2026-02-17 18:00:00,STATION_C_01,597.11,14.3,True
2026-02-17 19:00:00,STATION_C_01,546.57,13.5,True
2026-02-17 20:00:00,STATION_C_01,457.46,11.7,True
2026-02-17 21:00:00,STATION_C_01,432.51,10.6,True
2026-02-17 22:00:00,STATION_C_01,352.94,9.2,True
2026-02-17 23:00:00,STATION_C_01,337.64,7.4,True
2026-02-18 00:00:00,STATION_C_01,297.83,5.9,True
2026-02-18 01:00:00,STATION_C_01,293.78,7.3,True
2026-02-18 02:00:00,STATION_C_01,323.83,2.9,True
2026-02-18 03:00:00,STATION_C_01,342.96,5.0,True
2026-02-18 04:00:00,STATION_C_01,390.56,4.9,True
2026-02-18 05:00:00,STATION_C_01,450.13,6.5,True
2026-02-18 06:00:00,STATION_C_01,473.49,5.1,True
2026-02-18 07:00:00,STATION_C_01,579.76,7.4,True
2026-02-18 08:00:00,STATION_C_01,583.53,9.2,True
2026-02-18 09:00:00,STATION_C_01,692.57,12.1,True
2026-02-18 10:00:00,STATION_C_01,713.83,12.6,True
2026-02-18 11:00:00,STATION_C_01,740.92,12.1,True
2026-02-18 12:00:00,STATION_C_01,807.72,14.1,True
2026-02-18 13:00:00,STATION_C_01,825.68,16.6,True
2026-02-18 14:00:00,STATION_C_01,816.22,14.7,True
2026-02-18 15:00:00,STATION_C_01,771.94,16.2,True
2026-02-18 16:00:00,STATION_C_01,730.19,16.1,True
2026-02-18 17:00:00,STATION_C_01,687.97,15.1,True
2026-02-18 18:00:00,STATION_C_01,622.28,17.9,True
2026-02-18 19:00:00,STATION_C_01,562.01,13.1,True
2026-02-18 20:00:00,STATION_C_01,490.85,12.8,True
2026-02-18 21:00:00,STATION_C_01,440.16,9.9,True
2026-02-18 22:00:00,STATION_C_01,354.75,10.1,True
2026-02-18 23:00:00,STATION_C_01,335.2,9.1,True
2026-02-19 00:00:00,STATION_C_01,296.87,6.3,True
2026-02-19 01:00:00,STATION_C_01,306.49,6.0,True
2026-02-19 02:00:00,STATION_C_01,329.97,4.5,True
2026-02-19 03:00:00,STATION_C_01,331.3,4.0,True
2026-02-19 04:00:00,STATION_C_01,378.08,6.8,True
2026-02-19 05:00:00,STATION_C_01,439.23,5.5,True
2026-02-19 06:00:00,STATION_C_01,452.57,4.1,True
2026-02-19 07:00:00,STATION_C_01,542.16,10.3,True
2026-02-19 08:00:00,STATION_C_01,624.5,8.5,True
2026-02-19 09:00:00,STATION_C_01,608.04,10.6,True
2026-02-19 10:00:00,STATION_C_01,703.31,14.3,True
2026-02-19 11:00:00,STATION_C_01,797.38,13.5,True
2026-02-19 12:00:00,STATION_C_01,820.54,14.6,True
2026-02-19 13:00:00,STATION_C_01,811.77,14.2,True
2026-02-19 14:00:00,STATION_C_01,817.36,14.3,True
2026-02-19 15:00:00,STATION_C_01,773.9,16.3,True
2026-02-19 16:00:00,STATION_C_01,742.83,16.7,True
2026-02-19 17:00:00,STATION_C_01,669.74,16.1,True
2026-02-19 18:00:00,STATION_C_01,619.79,14.3,True
2026-02-19 19:00:00,STATION_C_01,540.71,13.7,True
2026-02-19 20:00:00,STATION_C_01,510.21,10.2,True
2026-02-19 21:00:00,STATION_C_01,451.45,11.5,True
2026-02-19 22:00:00,STATION_C_01,395.33,9.8,True
2026-02-19 23:00:00,STATION_C_01,332.78,10.6,True
2026-02-20 00:00:00,STATION_C_01,302.32,7.1,True
2026-02-20 01:00:00,STATION_C_01,317.91,5.1,True
2026-02-20 02:00:00,STATION_C_01,318.79,5.6,True
2026-02-20 03:00:00,STATION_C_01,341.63,5.1,True
2026-02-20 04:00:00,STATION_C_01,368.99,6.2,True
2026-02-20 05:00:00,STATION_C_01,435.38,6.3,True
2026-02-20 06:00:00,STATION_C_01,470.53,5.6,True
2026-02-20 07:00:00,STATION_C_01,565.93,6.3,True
2026-02-20 08:00:00,STATION_C_01,648.03,9.9,True
2026-02-20 09:00:00,STATION_C_01,717.08,12.7,True
2026-02-20 10:00:00,STATION_C_01,748.15,12.6,True
2026-02-20 11:00:00,STATION_C_01,732.5,14.8,True
2026-02-20 12:00:00,STATION_C_01,800.2,16.2,True
2026-02-20 13:00:00,STATION_C_01,863.45,16.2,True
2026-02-20 14:00:00,STATION_C_01,770.71,15.4,True
2026-02-20 15:00:00,STATION_C_01,768.46,16.8,True
2026-02-20 16:00:00,STATION_C_01,766.64,17.9,True
2026-02-20 17:00:00,STATION_C_01,693.59,16.5,True
2026-02-20 18:00:00,STATION_C_01,672.56,15.9,True
2026-02-20 19:00:00,STATION_C_01,540.12,13.3,True
2026-02-20 20:00:00,STATION_C_01,472.86,12.3,True
2026-02-20 21:00:00,STATION_C_01,448.11,11.0,True
2026-02-20 22:00:00,STATION_C_01,362.25,9.7,True
2026-02-20 23:00:00,STATION_C_01,336.12,9.8,True
2026-02-21 00:00:00,STATION_C_01,275.29,4.4,True
2026-02-21 01:00:00,STATION_C_01,278.2,6.4,True
2026-02-21 02:00:00,STATION_C_01,281.92,5.8,True
2026-02-21 03:00:00,STATION_C_01,302.73,4.0,True
2026-02-21 04:00:00,STATION_C_01,328.22,6.7,True
2026-02-21 05:00:00,STATION_C_01,394.55,5.5,True
2026-02-21 06:00:00,STATION_C_01,492.3,6.9,True
2026-02-21 07:00:00,STATION_C_01,500.25,10.7,True
2026-02-21 08:00:00,STATION_C_01,547.28,11.0,True
2026-02-21 09:00:00,STATION_C_01,571.27,11.9,True
2026-02-21 10:00:00,STATION_C_01,629.68,13.1,True
2026-02-21 11:00:00,STATION_C_01,673.99,13.8,True
2026-02-21 12:00:00,STATION_C_01,687.99,17.5,True
2026-02-21 13:00:00,STATION_C_01,708.27,17.0,True
2026-02-21 14:00:00,STATION_C_01,744.89,15.7,True
2026-02-21 15:00:00,STATION_C_01,709.0,15.1,True
2026-02-21 16:00:00,STATION_C_01,640.87,17.2,True
2026-02-21 17:00:00,STATION_C_01,573.63,16.0,True
2026-02-21 18:00:00,STATION_C_01,571.5,13.4,True
2026-02-21 19:00:00,STATION_C_01,488.21,14.5,True
2026-02-21 20:00:00,STATION_C_01,406.02,12.4,True
2026-02-21 21:00:00,STATION_C_01,388.54,11.9,True
2026-02-21 22:00:00,STATION_C_01,345.51,10.4,True
2026-02-21 23:00:00,STATION_C_01,273.23,7.8,True
2026-02-22 00:00:00,STATION_C_01,268.64,8.2,True
2026-02-22 01:00:00,STATION_C_01,268.1,5.9,True
2026-02-22 02:00:00,STATION_C_01,283.79,5.5,True
2026-02-22 03:00:00,STATION_C_01,293.32,5.2,True
2026-02-22 04:00:00,STATION_C_01,324.03,7.4,True
2026-02-22 05:00:00,STATION_C_01,389.06,6.2,True
2026-02-22 06:00:00,STATION_C_01,425.49,9.1,True
2026-02-22 07:00:00,STATION_C_01,498.95,10.7,True
2026-02-22 08:00:00,STATION_C_01,525.48,9.0,True
2026-02-22 09:00:00,STATION_C_01,571.56,7.8,True
2026-02-22 10:00:00,STATION_C_01,662.74,14.0,True
2026-02-22 11:00:00,STATION_C_01,686.78,13.7,True
2026-02-22 12:00:00,STATION_C_01,725.56,14.2,True
2026-02-22 13:00:00,STATION_C_01,697.21,15.4,True
2026-02-22 14:00:00,STATION_C_01,683.45,16.2,True
2026-02-22 15:00:00,STATION_C_01,713.49,18.4,True
2026-02-22 16:00:00,STATION_C_01,611.63,16.9,True
2026-02-22 17:00:00,STATION_C_01,626.76,17.7,True
2026-02-22 18:00:00,STATION_C_01,572.61,15.9,True
2026-02-22 19:00:00,STATION_C_01,505.03,13.8,True
2026-02-22 20:00:00,STATION_C_01,422.79,12.4,True
2026-02-22 21:00:00,STATION_C_01,369.18,12.1,True
2026-02-22 22:00:00,STATION_C_01,331.91,11.0,True
2026-02-22 23:00:00,STATION_C_01,285.76,9.9,True
2026-02-23 00:00:00,STATION_C_01,390.41,7.2,False
2026-02-23 01:00:00,STATION_C_01,401.96,6.9,False
2026-02-23 02:00:00,STATION_C_01,413.28,6.8,False
2026-02-23 03:00:00,STATION_C_01,420.24,5.5,False
2026-02-23 04:00:00,STATION_C_01,498.98,4.8,False
2026-02-23 05:00:00,STATION_C_01,562.94,5.7,False
2026-02-23 06:00:00,STATION_C_01,665.19,7.3,False
2026-02-23 07:00:00,STATION_C_01,729.4,9.5,False
2026-02-23 08:00:00,STATION_C_01,828.12,11.6,False
2026-02-23 09:00:00,STATION_C_01,890.88,9.9,False
2026-02-23 10:00:00,STATION_C_01,975.36,12.2,False
2026-02-23 11:00:00,STATION_C_01,949.49,13.8,False
2026-02-23 12:00:00,STATION_C_01,1022.17,16.4,False
2026-02-23 13:00:00,STATION_C_01,1036.21,15.7,False
2026-02-23 14:00:00,STATION_C_01,1018.0,16.3,False
2026-02-23 15:00:00,STATION_C_01,1010.14,15.3,False
2026-02-23 16:00:00,STATION_C_01,964.55,17.4,False
2026-02-23 17:00:00,STATION_C_01,889.02,16.1,False
2026-02-23 18:00:00,STATION_C_01,794.41,14.7,False
2026-02-23 19:00:00,STATION_C_01,697.61,14.0,False
2026-02-23 20:00:00,STATION_C_01,657.02,14.3,False
2026-02-23 21:00:00,STATION_C_01,561.85,10.4,False
2026-02-23 22:00:00,STATION_C_01,470.95,9.1,False
2026-02-23 23:00:00,STATION_C_01,434.22,10.3,False
2026-02-24 00:00:00,STATION_C_01,380.31,7.8,False
2026-02-24 01:00:00,STATION_C_01,394.56,7.6,False
2026-02-24 02:00:00,STATION_C_01,402.29,6.8,False
2026-02-24 03:00:00,STATION_C_01,428.57,6.1,False
2026-02-24 04:00:00,STATION_C_01,515.76,5.9,False
2026-02-24 05:00:00,STATION_C_01,533.04,7.9,False
2026-02-24 06:00:00,STATION_C_01,649.04,9.1,False
2026-02-24 07:00:00,STATION_C_01,771.81,10.2,False
2026-02-24 08:00:00,STATION_C_01,830.71,8.8,False
2026-02-24 09:00:00,STATION_C_01,877.47,13.2,False
2026-02-24 10:00:00,STATION_C_01,907.84,12.7,False
2026-02-24 11:00:00,STATION_C_01,949.24,13.5,False
2026-02-24 12:00:00,STATION_C_01,1014.28,15.4,False
2026-02-24 13:00:00,STATION_C_01,1015.2,17.4,False
2026-02-24 14:00:00,STATION_C_01,1003.4,17.6,False
2026-02-24 15:00:00,STATION_C_01,985.78,16.9,False
2026-02-24 16:00:00,STATION_C_01,942.57,18.0,False
2026-02-24 17:00:00,STATION_C_01,894.1,16.6,False
2026-02-24 18:00:00,STATION_C_01,766.64,14.9,False
2026-02-24 19:00:00,STATION_C_01,700.7,13.6,False
2026-02-24 20:00:00,STATION_C_01,630.75,13.6,False
2026-02-24 21:00:00,STATION_C_01,552.63,11.6,False
2026-02-24 22:00:00,STATION_C_01,521.04,8.7,False
2026-02-24 23:00:00,STATION_C_01,441.83,10.0,False
2026-02-25 00:00:00,STATION_C_01,383.1,7.3,False
2026-02-25 01:00:00,STATION_C_01,400.84,8.9,False
2026-02-25 02:00:00,STATION_C_01,413.87,4.8,False
2026-02-25 03:00:00,STATION_C_01,436.53,6.0,False
2026-02-25 04:00:00,STATION_C_01,469.07,5.6,False
2026-02-25 05:00:00,STATION_C_01,591.17,5.8,False
2026-02-25 06:00:00,STATION_C_01,611.18,7.3,False
2026-02-25 07:00:00,STATION_C_01,735.35,11.2,False
2026-02-25 08:00:00,STATION_C_01,808.14,10.5,False
2026-02-25 09:00:00,STATION_C_01,899.14,10.9,False
2026-02-25 10:00:00,STATION_C_01,1004.34,11.0,False
2026-02-25 11:00:00,STATION_C_01,1018.88,12.5,False
2026-02-25 12:00:00,STATION_C_01,1011.5,15.1,False
2026-02-25 13:00:00,STATION_C_01,1083.17,15.8,False
2026-02-25 14:00:00,STATION_C_01,1009.09,16.9,False
2026-02-25 15:00:00,STATION_C_01,1005.38,14.6,False
2026-02-25 16:00:00,STATION_C_01,905.39,17.0,False
2026-02-25 17:00:00,STATION_C_01,849.48,17.8,False
2026-02-25 18:00:00,STATION_C_01,804.8,17.7,False
2026-02-25 19:00:00,STATION_C_01,728.89,12.3,False
2026-02-25 20:00:00,STATION_C_01,597.99,12.3,False
2026-02-25 21:00:00,STATION_C_01,567.53,10.9,False
2026-02-25 22:00:00,STATION_C_01,476.72,10.6,False
2026-02-25 23:00:00,STATION_C_01,459.04,7.7,False
2026-02-26 00:00:00,STATION_C_01,402.02,10.0,False
2026-02-26 01:00:00,STATION_C_01,380.46,7.2,False
2026-02-26 02:00:00,STATION_C_01,408.2,6.4,False
2026-02-26 03:00:00,STATION_C_01,425.44,8.3,False
2026-02-26 04:00:00,STATION_C_01,512.91,6.6,False
2026-02-26 05:00:00,STATION_C_01,558.29,7.6,False
2026-02-26 06:00:00,STATION_C_01,633.15,7.1,False
2026-02-26 07:00:00,STATION_C_01,735.44,7.5,False
2026-02-26 08:00:00,STATION_C_01,776.22,9.8,False
2026-02-26 09:00:00,STATION_C_01,842.98,14.6,False
2026-02-26 10:00:00,STATION_C_01,963.65,14.1,False
2026-02-26 11:00:00,STATION_C_01,963.17,15.0,False
2026-02-26 12:00:00,STATION_C_01,994.41,14.7,False
2026-02-26 13:00:00,STATION_C_01,1076.01,17.8,False
2026-02-26 14:00:00,STATION_C_01,1053.46,15.7,False
2026-02-26 15:00:00,STATION_C_01,958.16,15.6,False
2026-02-26 16:00:00,STATION_C_01,930.06,16.6,False
2026-02-26 17:00:00,STATION_C_01,855.59,19.1,False
2026-02-26 18:00:00,STATION_C_01,855.41,18.2,False
2026-02-26 19:00:00,STATION_C_01,744.28,14.2,False
2026-02-26 20:00:00,STATION_C_01,628.06,12.6,False
2026-02-26 21:00:00,STATION_C_01,570.48,10.1,False
2026-02-26 22:00:00,STATION_C_01,468.66,10.7,False
2026-02-26 23:00:00,STATION_C_01,430.08,9.5,False
2026-02-27 00:00:00,STATION_C_01,409.54,9.1,False
2026-02-27 01:00:00,STATION_C_01,403.3,8.4,False
2026-02-27 02:00:00,STATION_C_01,406.74,6.5,False
2026-02-27 03:00:00,STATION_C_01,444.45,7.2,False
2026-02-27 04:00:00,STATION_C_01,493.66,5.9,False
2026-02-27 05:00:00,STATION_C_01,556.46,8.0,False
2026-02-27 06:00:00,STATION_C_01,631.49,7.6,False
2026-02-27 07:00:00,STATION_C_01,711.52,9.9,False
2026-02-27 08:00:00,STATION_C_01,813.06,11.1,False
2026-02-27 09:00:00,STATION_C_01,897.72,12.2,False
2026-02-27 10:00:00,STATION_C_01,959.04,14.5,False
2026-02-27 11:00:00,STATION_C_01,962.78,13.0,False
2026-02-27 12:00:00,STATION_C_01,1000.54,14.7,False
2026-02-27 13:00:00,STATION_C_01,1062.61,16.6,False
2026-02-27 14:00:00,STATION_C_01,1090.42,15.7,False
2026-02-27 15:00:00,STATION_C_01,1009.97,17.2,False
2026-02-27 16:00:00,STATION_C_01,939.29,17.0,False
2026-02-27 17:00:00,STATION_C_01,892.68,18.5,False
2026-02-27 18:00:00,STATION_C_01,775.22,16.2,False
2026-02-27 19:00:00,STATION_C_01,756.32,16.2,False
2026-02-27 20:00:00,STATION_C_01,643.2,14.0,False
2026-02-27 21:00:00,STATION_C_01,547.45,11.5,False
2026-02-27 22:00:00,STATION_C_01,490.35,10.9,False
2026-02-27 23:00:00,STATION_C_01,433.39,10.3,False
2026-02-28 00:00:00,STATION_C_01,376.49,9.7,False
2026-02-28 01:00:00,STATION_C_01,347.76,7.3,False
2026-02-28 02:00:00,STATION_C_01,362.0,4.9,False
2026-02-28 03:00:00,STATION_C_01,396.52,4.7,False
2026-02-28 04:00:00,STATION_C_01,423.05,6.5,False
2026-02-28 05:00:00,STATION_C_01,497.07,4.7,False
2026-02-28 06:00:00,STATION_C_01,568.33,10.5,False
2026-02-28 07:00:00,STATION_C_01,602.54,10.2,False
2026-02-28 08:00:00,STATION_C_01,717.77,10.1,False
2026-02-28 09:00:00,STATION_C_01,779.47,10.9,False
2026-02-28 10:00:00,STATION_C_01,844.03,14.9,False
2026-02-28 11:00:00,STATION_C_01,886.99,13.7,False
2026-02-28 12:00:00,STATION_C_01,922.93,14.9,False
2026-02-28 13:00:00,STATION_C_01,967.78,16.1,False
2026-02-28 14:00:00,STATION_C_01,877.05,17.7,False
2026-02-28 15:00:00,STATION_C_01,875.63,18.5,False
2026-02-28 16:00:00,STATION_C_01,860.34,19.0,False
2026-02-28 17:00:00,STATION_C_01,794.52,18.3,False
2026-02-28 18:00:00,STATION_C_01,723.66,16.2,False
2026-02-28 19:00:00,STATION_C_01,699.47,16.3,False
2026-02-28 20:00:00,STATION_C_01,575.85,12.9,False
2026-02-28 21:00:00,STATION_C_01,514.11,10.1,False
2026-02-28 22:00:00,STATION_C_01,430.43,10.1,False
2026-02-28 23:00:00,STATION_C_01,375.98,8.6,False
2026-03-01 00:00:00,STATION_C_01,356.89,7.7,False
2026-03-01 01:00:00,STATION_C_01,359.85,6.4,False
2026-03-01 02:00:00,STATION_C_01,366.07,6.5,False
2026-03-01 03:00:00,STATION_C_01,395.17,7.6,False
2026-03-01 04:00:00,STATION_C_01,432.11,9.1,False
2026-03-01 05:00:00,STATION_C_01,488.47,5.5,False
2026-03-01 06:00:00,STATION_C_01,560.76,7.0,False
2026-03-01 07:00:00,STATION_C_01,654.96,8.7,False
2026-03-01 08:00:00,STATION_C_01,734.22,11.9,False
2026-03-01 09:00:00,STATION_C_01,755.09,12.2,False
2026-03-01 10:00:00,STATION_C_01,864.75,13.0,False
2026-03-01 11:00:00,STATION_C_01,867.84,16.0,False
2026-03-01 12:00:00,STATION_C_01,931.94,17.5,False
2026-03-01 13:00:00,STATION_C_01,920.55,17.2,False
2026-03-01 14:00:00,STATION_C_01,967.33,16.8,False
2026-03-01 15:00:00,STATION_C_01,875.43,18.3,False
2026-03-01 16:00:00,STATION_C_01,848.07,17.5,False
2026-03-01 17:00:00,STATION_C_01,799.92,16.9,False
2026-03-01 18:00:00,STATION_C_01,692.13,15.7,False
2026-03-01 19:00:00,STATION_C_01,637.92,16.3,False
2026-03-01 20:00:00,STATION_C_01,559.85,14.2,False
2026-03-01 21:00:00,STATION_C_01,486.84,13.7,False
2026-03-01 22:00:00,STATION_C_01,429.47,12.7,False
2026-03-01 23:00:00,STATION_C_01,405.67,10.3,False
2026-03-02 00:00:00,STATION_C_01,402.46,8.0,False
2026-03-02 01:00:00,STATION_C_01,407.89,9.0,False
2026-03-02 02:00:00,STATION_C_01,415.69,7.8,False
2026-03-02 03:00:00,STATION_C_01,422.19,10.1,False
2026-03-02 04:00:00,STATION_C_01,504.98,7.6,False
2026-03-02 05:00:00,STATION_C_01,535.92,8.6,False
2026-03-02 06:00:00,STATION_C_01,656.97,9.0,False
2026-03-02 07:00:00,STATION_C_01,714.74,9.7,False
2026-03-02 08:00:00,STATION_C_01,812.73,10.8,False
2026-03-02 09:00:00,STATION_C_01,851.17,12.9,False
2026-03-02 10:00:00,STATION_C_01,963.6,14.6,False
2026-03-02 11:00:00,STATION_C_01,1044.47,16.7,False
2026-03-02 12:00:00,STATION_C_01,1014.98,16.8,False
2026-03-02 13:00:00,STATION_C_01,1033.31,16.8,False
2026-03-02 14:00:00,STATION_C_01,1061.31,17.5,False
2026-03-02 15:00:00,STATION_C_01,1029.05,16.5,False
2026-03-02 16:00:00,STATION_C_01,878.28,19.9,False
2026-03-02 17:00:00,STATION_C_01,955.23,16.7,False
2026-03-02 18:00:00,STATION_C_01,828.37,17.7,False
2026-03-02 19:00:00,STATION_C_01,746.32,15.7,False
2026-03-02 20:00:00,STATION_C_01,640.53,14.4,False
2026-03-02 21:00:00,STATION_C_01,528.07,12.5,False
2026-03-02 22:00:00,STATION_C_01,508.61,10.3,False
2026-03-02 23:00:00,STATION_C_01,436.01,8.7,False
2026-03-03 00:00:00,STATION_C_01,419.93,10.8,False
2026-03-03 01:00:00,STATION_C_01,397.88,8.0,False
2026-03-03 02:00:00,STATION_C_01,415.6,8.7,False
2026-03-03 03:00:00,STATION_C_01,432.92,8.8,False
2026-03-03 04:00:00,STATION_C_01,512.22,6.9,False
2026-03-03 05:00:00,STATION_C_01,541.69,8.4,False
2026-03-03 06:00:00,STATION_C_01,695.07,8.9,False
2026-03-03 07:00:00,STATION_C_01,786.58,8.6,False
2026-03-03 08:00:00,STATION_C_01,861.03,11.1,False
2026-03-03 09:00:00,STATION_C_01,933.65,13.4,False
2026-03-03 10:00:00,STATION_C_01,959.0,13.5,False
2026-03-03 11:00:00,STATION_C_01,1055.53,15.1,False
2026-03-03 12:00:00,STATION_C_01,1043.52,16.4,False
2026-03-03 13:00:00,STATION_C_01,1000.79,20.0,False
2026-03-03 14:00:00,STATION_C_01,1102.35,15.9,False
2026-03-03 15:00:00,STATION_C_01,1054.62,18.9,False
2026-03-03 16:00:00,STATION_C_01,961.38,17.8,False
2026-03-03 17:00:00,STATION_C_01,856.12,16.8,False
2026-03-03 18:00:00,STATION_C_01,798.59,16.3,False
2026-03-03 19:00:00,STATION_C_01,683.78,16.3,False
2026-03-03 20:00:00,STATION_C_01,666.69,15.1,False
2026-03-03 21:00:00,STATION_C_01,534.36,13.0,False
2026-03-03 22:00:00,STATION_C_01,503.1,12.7,False
2026-03-03 23:00:00,STATION_C_01,432.73,11.6,False
2026-03-04 00:00:00,STATION_C_01,392.47,9.9,False
2026-03-04 01:00:00,STATION_C_01,405.28,7.4,False
2026-03-04 02:00:00,STATION_C_01,408.35,8.1,False
2026-03-04 03:00:00,STATION_C_01,459.16,7.9,False
2026-03-04 04:00:00,STATION_C_01,476.29,6.5,False
2026-03-04 05:00:00,STATION_C_01,551.57,6.2,False
2026-03-04 06:00:00,STATION_C_01,592.01,6.5,False
2026-03-04 07:00:00,STATION_C_01,675.32,10.2,False
2026-03-04 08:00:00,STATION_C_01,867.86,11.8,False
2026-03-04 09:00:00,STATION_C_01,961.27,11.4,False
2026-03-04 10:00:00,STATION_C_01,967.33,15.6,False
2026-03-04 11:00:00,STATION_C_01,987.3,15.8,False
2026-03-04 12:00:00,STATION_C_01,1038.64,18.4,False
2026-03-04 13:00:00,STATION_C_01,1093.37,18.1,False
2026-03-04 14:00:00,STATION_C_01,1030.92,16.9,False
2026-03-04 15:00:00,STATION_C_01,1025.48,19.0,False
2026-03-04 16:00:00,STATION_C_01,964.36,19.0,False
2026-03-04 17:00:00,STATION_C_01,878.81,17.0,False
2026-03-04 18:00:00,STATION_C_01,802.25,15.1,False
2026-03-04 19:00:00,STATION_C_01,739.64,15.8,False
2026-03-04 20:00:00,STATION_C_01,624.8,13.2,False
2026-03-04 21:00:00,STATION_C_01,576.48,14.3,False
2026-03-04 22:00:00,STATION_C_01,491.07,11.0,False
2026-03-04 23:00:00,STATION_C_01,448.98,12.3,False
2026-03-05 00:00:00,STATION_C_01,434.16,6.5,False
2026-03-05 01:00:00,STATION_C_01,400.54,8.4,False
2026-03-05 02:00:00,STATION_C_01,427.52,9.4,False
2026-03-05 03:00:00,STATION_C_01,419.12,6.4,False
2026-03-05 04:00:00,STATION_C_01,491.39,7.5,False
2026-03-05 05:00:00,STATION_C_01,568.52,7.7,False
2026-03-05 06:00:00,STATION_C_01,691.17,8.3,False
2026-03-05 07:00:00,STATION_C_01,682.73,10.6,False
2026-03-05 08:00:00,STATION_C_01,815.71,10.0,False
2026-03-05 09:00:00,STATION_C_01,943.91,12.9,False
2026-03-05 10:00:00,STATION_C_01,939.99,15.1,False
2026-03-05 11:00:00,STATION_C_01,1011.5,15.5,False
2026-03-05 12:00:00,STATION_C_01,1064.38,15.7,False
2026-03-05 13:00:00,STATION_C_01,1070.38,19.0,False
2026-03-05 14:00:00,STATION_C_01,1110.05,19.2,False
2026-03-05 15:00:00,STATION_C_01,1035.51,17.3,False
2026-03-05 16:00:00,STATION_C_01,1012.08,16.8,False
2026-03-05 17:00:00,STATION_C_01,887.53,16.7,False
2026-03-05 18:00:00,STATION_C_01,798.07,17.6,False
2026-03-05 19:00:00,STATION_C_01,728.11,16.2,False
2026-03-05 20:00:00,STATION_C_01,622.19,15.5,False
2026-03-05 21:00:00,STATION_C_01,578.52,12.7,False
2026-03-05 22:00:00,STATION_C_01,493.77,10.6,False
2026-03-05 23:00:00,STATION_C_01,437.54,11.5,False
2026-03-06 00:00:00,STATION_C_01,422.36,8.6,False
2026-03-06 01:00:00,STATION_C_01,387.73,8.6,False
2026-03-06 02:00:00,STATION_C_01,426.39,6.0,False
2026-03-06 03:00:00,STATION_C_01,440.75,7.0,False
2026-03-06 04:00:00,STATION_C_01,521.15,9.0,False
2026-03-06 05:00:00,STATION_C_01,561.53,7.5,False
2026-03-06 06:00:00,STATION_C_01,663.51,10.2,False
2026-03-06 07:00:00,STATION_C_01,739.42,7.6,False
2026-03-06 08:00:00,STATION_C_01,841.83,11.1,False
2026-03-06 09:00:00,STATION_C_01,903.78,13.0,False
2026-03-06 10:00:00,STATION_C_01,912.5,16.7,False
2026-03-06 11:00:00,STATION_C_01,1057.64,14.5,False
2026-03-06 12:00:00,STATION_C_01,1051.49,17.9,False
2026-03-06 13:00:00,STATION_C_01,1095.57,19.2,False
2026-03-06 14:00:00,STATION_C_01,1080.42,17.7,False
2026-03-06 15:00:00,STATION_C_01,994.33,18.3,False
2026-03-06 16:00:00,STATION_C_01,938.45,18.7,False
2026-03-06 17:00:00,STATION_C_01,921.71,16.2,False
2026-03-06 18:00:00,STATION_C_01,812.58,16.6,False
2026-03-06 19:00:00,STATION_C_01,759.8,17.5,False
2026-03-06 20:00:00,STATION_C_01,646.02,15.3,False
2026-03-06 21:00:00,STATION_C_01,590.7,13.1,False
2026-03-06 22:00:00,STATION_C_01,509.18,12.0,False
2026-03-06 23:00:00,STATION_C_01,453.69,11.2,False
2026-03-07 00:00:00,STATION_C_01,361.39,10.3,False
2026-03-07 01:00:00,STATION_C_01,359.19,7.8,False
2026-03-07 02:00:00,STATION_C_01,381.55,9.8,False
2026-03-07 03:00:00,STATION_C_01,394.68,9.4,False
2026-03-07 04:00:00,STATION_C_01,450.02,8.8,False
2026-03-07 05:00:00,STATION_C_01,503.06,7.5,False
2026-03-07 06:00:00,STATION_C_01,575.14,8.2,False
2026-03-07 07:00:00,STATION_C_01,687.29,10.2,False
2026-03-07 08:00:00,STATION_C_01,754.2,12.0,False
2026-03-07 09:00:00,STATION_C_01,796.41,11.2,False
2026-03-07 10:00:00,STATION_C_01,861.12,15.4,False
2026-03-07 11:00:00,STATION_C_01,879.03,17.6,False
2026-03-07 12:00:00,STATION_C_01,924.78,17.9,False
2026-03-07 13:00:00,STATION_C_01,950.64,17.3,False
2026-03-07 14:00:00,STATION_C_01,958.31,17.7,False
2026-03-07 15:00:00,STATION_C_01,925.17,19.2,False
2026-03-07 16:00:00,STATION_C_01,822.02,18.5,False
2026-03-07 17:00:00,STATION_C_01,822.02,18.7,False
2026-03-07 18:00:00,STATION_C_01,722.24,18.0,False
2026-03-07 19:00:00,STATION_C_01,626.56,17.5,False
2026-03-07 20:00:00,STATION_C_01,600.27,13.5,False
2026-03-07 21:00:00,STATION_C_01,528.83,13.7,False
2026-03-07 22:00:00,STATION_C_01,446.7,11.6,False
2026-03-07 23:00:00,STATION_C_01,406.05,10.6,False
2026-03-08 00:00:00,STATION_C_01,376.94,10.6,False
2026-03-08 01:00:00,STATION_C_01,374.6,9.8,False
2026-03-08 02:00:00,STATION_C_01,376.51,9.8,False
2026-03-08 03:00:00,STATION_C_01,377.97,8.5,False
2026-03-08 04:00:00,STATION_C_01,474.03,8.0,False
2026-03-08 05:00:00,STATION_C_01,522.25,8.4,False
2026-03-08 06:00:00,STATION_C_01,563.79,7.5,False
2026-03-08 07:00:00,STATION_C_01,626.35,12.3,False
2026-03-08 08:00:00,STATION_C_01,738.34,11.7,False
2026-03-08 09:00:00,STATION_C_01,788.37,14.1,False
2026-03-08 10:00:00,STATION_C_01,866.67,15.7,False
2026-03-08 11:00:00,STATION_C_01,926.86,14.8,False
2026-03-08 12:00:00,STATION_C_01,914.18,16.3,False
2026-03-08 13:00:00,STATION_C_01,905.9,20.1,False
2026-03-08 14:00:00,STATION_C_01,945.45,19.2,False
2026-03-08 15:00:00,STATION_C_01,886.84,18.3,False
2026-03-08 16:00:00,STATION_C_01,861.68,18.7,False
2026-03-08 17:00:00,STATION_C_01,759.3,19.6,False
2026-03-08 18:00:00,STATION_C_01,719.84,18.6,False
2026-03-08 19:00:00,STATION_C_01,666.83,14.5,False
2026-03-08 20:00:00,STATION_C_01,587.03,16.9,False
2026-03-08 21:00:00,STATION_C_01,490.36,14.7,False
2026-03-08 22:00:00,STATION_C_01,425.54,12.0,False
2026-03-08 23:00:00,STATION_C_01,397.4,9.4,False
2026-03-09 00:00:00,STATION_C_01,426.35,11.0,False
2026-03-09 01:00:00,STATION_C_01,412.61,9.4,False
2026-03-09 02:00:00,STATION_C_01,410.73,6.5,False
2026-03-09 03:00:00,STATION_C_01,456.23,7.8,False
2026-03-09 04:00:00,STATION_C_01,531.01,12.0,False
2026-03-09 05:00:00,STATION_C_01,577.62,8.9,False
2026-03-09 06:00:00,STATION_C_01,616.51,8.8,False
2026-03-09 07:00:00,STATION_C_01,745.42,9.7,False
2026-03-09 08:00:00,STATION_C_01,885.57,14.3,False
2026-03-09 09:00:00,STATION_C_01,866.01,14.7,False
2026-03-09 10:00:00,STATION_C_01,976.98,16.8,False
2026-03-09 11:00:00,STATION_C_01,1020.87,16.7,False
2026-03-09 12:00:00,STATION_C_01,1065.98,19.1,False
2026-03-09 13:00:00,STATION_C_01,1081.17,17.4,False
2026-03-09 14:00:00,STATION_C_01,1105.02,19.2,False
2026-03-09 15:00:00,STATION_C_01,1032.49,19.5,False
2026-03-09 16:00:00,STATION_C_01,1020.21,20.7,False
2026-03-09 17:00:00,STATION_C_01,903.87,18.8,False
2026-03-09 18:00:00,STATION_C_01,817.14,16.8,False
2026-03-09 19:00:00,STATION_C_01,723.69,16.5,False
2026-03-09 20:00:00,STATION_C_01,613.16,13.1,False
2026-03-09 21:00:00,STATION_C_01,579.97,10.9,False
2026-03-09 22:00:00,STATION_C_01,541.73,13.3,False
2026-03-09 23:00:00,STATION_C_01,459.69,10.5,False
2026-03-10 00:00:00,STATION_C_01,429.22,9.5,False
2026-03-10 01:00:00,STATION_C_01,401.93,10.0,False
2026-03-10 02:00:00,STATION_C_01,415.65,10.1,False
2026-03-10 03:00:00,STATION_C_01,468.22,8.9,False
2026-03-10 04:00:00,STATION_C_01,541.26,10.8,False
2026-03-10 05:00:00,STATION_C_01,604.83,9.6,False
2026-03-10 06:00:00,STATION_C_01,673.94,10.2,False
2026-03-10 07:00:00,STATION_C_01,742.85,11.3,False
2026-03-10 08:00:00,STATION_C_01,834.52,10.8,False
2026-03-10 09:00:00,STATION_C_01,885.09,14.9,False
2026-03-10 10:00:00,STATION_C_01,928.73,12.3,False
2026-03-10 11:00:00,STATION_C_01,990.82,15.9,False
2026-03-10 12:00:00,STATION_C_01,1066.83,17.7,False
2026-03-10 13:00:00,STATION_C_01,1065.46,17.6,False
2026-03-10 14:00:00,STATION_C_01,1010.4,18.6,False
2026-03-10 15:00:00,STATION_C_01,1030.56,21.5,False
2026-03-10 16:00:00,STATION_C_01,968.0,20.5,False
2026-03-10 17:00:00,STATION_C_01,872.44,17.8,False
2026-03-10 18:00:00,STATION_C_01,818.52,17.2,False
2026-03-10 19:00:00,STATION_C_01,734.49,15.1,False
2026-03-10 20:00:00,STATION_C_01,642.22,16.1,False
2026-03-10 21:00:00,STATION_C_01,594.49,13.6,False
2026-03-10 22:00:00,STATION_C_01,472.88,10.1,False
2026-03-10 23:00:00,STATION_C_01,422.0,11.3,False
2026-03-11 00:00:00,STATION_C_01,420.21,10.5,False
2026-03-11 01:00:00,STATION_C_01,410.18,10.3,False
2026-03-11 02:00:00,STATION_C_01,426.19,8.5,False
2026-03-11 03:00:00,STATION_C_01,445.15,8.0,False
2026-03-11 04:00:00,STATION_C_01,490.64,11.0,False
2026-03-11 05:00:00,STATION_C_01,576.13,9.2,False
2026-03-11 06:00:00,STATION_C_01,646.89,10.9,False
2026-03-11 07:00:00,STATION_C_01,784.1,10.5,False
2026-03-11 08:00:00,STATION_C_01,821.01,13.3,False
2026-03-11 09:00:00,STATION_C_01,909.55,12.2,False
2026-03-11 10:00:00,STATION_C_01,1065.64,14.8,False
2026-03-11 11:00:00,STATION_C_01,1026.93,15.3,False
2026-03-11 12:00:00,STATION_C_01,1088.31,17.1,False
2026-03-11 13:00:00,STATION_C_01,1103.46,20.2,False
2026-03-11 14:00:00,STATION_C_01,1095.08,18.6,False
2026-03-11 15:00:00,STATION_C_01,1044.87,20.3,False
2026-03-11 16:00:00,STATION_C_01,987.92,21.1,False
2026-03-11 17:00:00,STATION_C_01,915.18,18.7,False
2026-03-11 18:00:00,STATION_C_01,814.5,19.1,False
2026-03-11 19:00:00,STATION_C_01,753.1,17.4,False
2026-03-11 20:00:00,STATION_C_01,704.68,15.6,False
2026-03-11 21:00:00,STATION_C_01,601.65,14.9,False
2026-03-11 22:00:00,STATION_C_01,513.24,14.8,False
2026-03-11 23:00:00,STATION_C_01,468.23,10.5,False
2026-03-12 00:00:00,STATION_C_01,408.36,9.0,False
2026-03-12 01:00:00,STATION_C_01,406.05,8.1,False
2026-03-12 02:00:00,STATION_C_01,435.23,9.9,False
2026-03-12 03:00:00,STATION_C_01,478.47,9.9,False
2026-03-12 04:00:00,STATION_C_01,494.43,8.1,False
2026-03-12 05:00:00,STATION_C_01,567.88,6.8,False
2026-03-12 06:00:00,STATION_C_01,708.9,9.4,False
2026-03-12 07:00:00,STATION_C_01,748.02,12.0,False
2026-03-12 08:00:00,STATION_C_01,885.55,12.6,False
2026-03-12 09:00:00,STATION_C_01,920.05,14.3,False
2026-03-12 10:00:00,STATION_C_01,991.5,14.9,False
2026-03-12 11:00:00,STATION_C_01,1025.38,18.1,False
2026-03-12 12:00:00,STATION_C_01,1105.4,18.4,False
2026-03-12 13:00:00,STATION_C_01,1133.04,19.6,False
2026-03-12 14:00:00,STATION_C_01,1031.54,19.6,False
2026-03-12 15:00:00,STATION_C_01,1024.08,20.3,False
2026-03-12 16:00:00,STATION_C_01,1015.12,20.0,False
2026-03-12 17:00:00,STATION_C_01,910.02,17.8,False
2026-03-12 18:00:00,STATION_C_01,818.87,18.5,False
2026-03-12 19:00:00,STATION_C_01,772.78,17.9,False
2026-03-12 20:00:00,STATION_C_01,685.01,17.0,False
2026-03-12 21:00:00,STATION_C_01,569.47,14.7,False
2026-03-12 22:00:00,STATION_C_01,512.84,11.6,False
2026-03-12 23:00:00,STATION_C_01,436.43,10.5,False
2026-03-13 00:00:00,STATION_C_01,408.95,9.8,False
2026-03-13 01:00:00,STATION_C_01,412.55,9.7,False
2026-03-13 02:00:00,STATION_C_01,422.73,8.8,False
2026-03-13 03:00:00,STATION_C_01,440.46,7.4,False
2026-03-13 04:00:00,STATION_C_01,496.59,7.6,False
2026-03-13 05:00:00,STATION_C_01,557.46,7.0,False
2026-03-13 06:00:00,STATION_C_01,670.71,6.6,False
2026-03-13 07:00:00,STATION_C_01,695.83,11.3,False
2026-03-13 08:00:00,STATION_C_01,804.88,15.6,False
2026-03-13 09:00:00,STATION_C_01,855.92,16.4,False
2026-03-13 10:00:00,STATION_C_01,999.83,14.5,False
2026-03-13 11:00:00,STATION_C_01,973.39,17.2,False
2026-03-13 12:00:00,STATION_C_01,1073.85,16.4,False
2026-03-13 13:00:00,STATION_C_01,1146.45,17.5,False
2026-03-13 14:00:00,STATION_C_01,1135.71,18.2,False
2026-03-13 15:00:00,STATION_C_01,973.66,19.5,False
2026-03-13 16:00:00,STATION_C_01,996.27,19.4,False
2026-03-13 17:00:00,STATION_C_01,884.63,19.4,False
2026-03-13 18:00:00,STATION_C_01,800.37,19.0,False
2026-03-13 19:00:00,STATION_C_01,745.22,16.7,False
2026-03-13 20:00:00,STATION_C_01,689.54,15.8,False
2026-03-13 21:00:00,STATION_C_01,592.14,13.0,False
2026-03-13 22:00:00,STATION_C_01,497.5,11.3,False
2026-03-13 23:00:00,STATION_C_01,468.07,9.8,False
2026-03-14 00:00:00,STATION_C_01,343.16,11.2,False
2026-03-14 01:00:00,STATION_C_01,352.79,9.2,False
2026-03-14 02:00:00,STATION_C_01,361.74,6.8,False
2026-03-14 03:00:00,STATION_C_01,403.24,8.8,False
2026-03-14 04:00:00,STATION_C_01,446.12,7.6,False
2026-03-14 05:00:00,STATION_C_01,508.24,11.6,False
2026-03-14 06:00:00,STATION_C_01,578.8,9.8,False
2026-03-14 07:00:00,STATION_C_01,659.71,12.5,False
2026-03-14 08:00:00,STATION_C_01,749.96,14.3,False
2026-03-14 09:00:00,STATION_C_01,811.89,13.3,False
2026-03-14 10:00:00,STATION_C_01,860.56,15.9,False
2026-03-14 11:00:00,STATION_C_01,929.34,17.8,False
2026-03-14 12:00:00,STATION_C_01,973.55,18.5,False
2026-03-14 13:00:00,STATION_C_01,937.79,19.6,False
2026-03-14 14:00:00,STATION_C_01,944.41,18.2,False
2026-03-14 15:00:00,STATION_C_01,954.1,20.6,False
2026-03-14 16:00:00,STATION_C_01,836.16,19.2,False
2026-03-14 17:00:00,STATION_C_01,859.37,19.6,False
2026-03-14 18:00:00,STATION_C_01,702.24,19.5,False
2026-03-14 19:00:00,STATION_C_01,652.0,18.0,False
2026-03-14 20:00:00,STATION_C_01,563.78,16.3,False
2026-03-14 21:00:00,STATION_C_01,550.76,15.3,False
2026-03-14 22:00:00,STATION_C_01,442.18,13.9,False
2026-03-14 23:00:00,STATION_C_01,395.87,13.5,False
2026-03-15 00:00:00,STATION_C_01,368.45,10.6,False
2026-03-15 01:00:00,STATION_C_01,364.42,9.9,False
2026-03-15 02:00:00,STATION_C_01,369.08,10.3,False
2026-03-15 03:00:00,STATION_C_01,401.22,8.4,False
2026-03-15 04:00:00,STATION_C_01,394.75,7.6,False
2026-03-15 05:00:00,STATION_C_01,513.02,10.4,False
2026-03-15 06:00:00,STATION_C_01,584.11,10.4,False
2026-03-15 07:00:00,STATION_C_01,684.78,10.4,False
2026-03-15 08:00:00,STATION_C_01,771.6,13.7,False
2026-03-15 09:00:00,STATION_C_01,804.28,16.3,False
2026-03-15 10:00:00,STATION_C_01,896.17,14.0,False
2026-03-15 11:00:00,STATION_C_01,883.22,18.6,False
2026-03-15 12:00:00,STATION_C_01,973.92,15.4,False
2026-03-15 13:00:00,STATION_C_01,939.47,18.9,False
2026-03-15 14:00:00,STATION_C_01,909.3,22.1,False
2026-03-15 15:00:00,STATION_C_01,913.03,19.7,False
2026-03-15 16:00:00,STATION_C_01,914.53,20.0,False
2026-03-15 17:00:00,STATION_C_01,815.37,20.3,False
2026-03-15 18:00:00,STATION_C_01,,16.5,False
2026-03-15 19:00:00,STATION_C_01,644.21,17.5,False
2026-03-15 20:00:00,STATION_C_01,606.0,16.1,False
2026-03-15 21:00:00,STATION_C_01,501.1,16.9,False
2026-03-15 22:00:00,STATION_C_01,454.74,11.7,False
2026-03-15 23:00:00,STATION_C_01,406.96,11.4,False
2026-03-16 00:00:00,STATION_C_01,435.05,9.7,False
2026-03-16 01:00:00,STATION_C_01,417.35,8.7,False
2026-03-16 02:00:00,STATION_C_01,414.29,10.7,False
2026-03-16 03:00:00,STATION_C_01,473.3,9.2,False
2026-03-16 04:00:00,STATION_C_01,544.1,8.7,False
2026-03-16 05:00:00,STATION_C_01,571.28,9.3,False
2026-03-16 06:00:00,STATION_C_01,622.22,10.1,False
2026-03-16 07:00:00,STATION_C_01,765.81,11.4,False
2026-03-16 08:00:00,STATION_C_01,830.66,11.8,False
2026-03-16 09:00:00,STATION_C_01,917.95,14.4,False
2026-03-16 10:00:00,STATION_C_01,1011.76,15.7,False
2026-03-16 11:00:00,STATION_C_01,1029.67,16.6,False
2026-03-16 12:00:00,STATION_C_01,1070.18,18.8,False
2026-03-16 13:00:00,STATION_C_01,1088.17,19.8,False
2026-03-16 14:00:00,STATION_C_01,1136.14,19.4,False
2026-03-16 15:00:00,STATION_C_01,1047.9,20.1,False
2026-03-16 16:00:00,STATION_C_01,950.08,22.7,False
2026-03-16 17:00:00,STATION_C_01,884.28,22.1,False
2026-03-16 18:00:00,STATION_C_01,845.33,17.4,False
2026-03-16 19:00:00,STATION_C_01,723.76,16.4,False
2026-03-16 20:00:00,STATION_C_01,629.44,14.9,False
2026-03-16 21:00:00,STATION_C_01,597.11,16.1,False
2026-03-16 22:00:00,STATION_C_01,526.23,12.9,False
2026-03-16 23:00:00,STATION_C_01,454.14,12.3,False
2026-03-17 00:00:00,STATION_C_01,430.6,13.3,False
2026-03-17 01:00:00,STATION_C_01,417.43,10.0,False
2026-03-17 02:00:00,STATION_C_01,435.29,10.4,False
2026-03-17 03:00:00,STATION_C_01,469.99,10.0,False
2026-03-17 04:00:00,STATION_C_01,,8.8,False
2026-03-17 05:00:00,STATION_C_01,579.66,11.4,False
2026-03-17 06:00:00,STATION_C_01,678.59,9.9,False
2026-03-17 07:00:00,STATION_C_01,743.6,13.7,False
2026-03-17 08:00:00,STATION_C_01,843.46,12.7,False
2026-03-17 09:00:00,STATION_C_01,948.66,14.3,False
2026-03-17 10:00:00,STATION_C_01,997.61,15.0,False
2026-03-17 11:00:00,STATION_C_01,1104.22,16.5,False
2026-03-17 12:00:00,STATION_C_01,1125.62,18.3,False
2026-03-17 13:00:00,STATION_C_01,1090.04,16.7,False
2026-03-17 14:00:00,STATION_C_01,1075.61,19.9,False
2026-03-17 15:00:00,STATION_C_01,944.6,19.8,False
2026-03-17 16:00:00,STATION_C_01,984.01,21.2,False
2026-03-17 17:00:00,STATION_C_01,881.28,20.2,False
2026-03-17 18:00:00,STATION_C_01,849.75,18.0,False
2026-03-17 19:00:00,STATION_C_01,759.37,17.1,False
2026-03-17 20:00:00,STATION_C_01,683.68,16.1,False
2026-03-17 21:00:00,STATION_C_01,614.12,16.7,False
2026-03-17 22:00:00,STATION_C_01,514.67,12.5,False
2026-03-17 23:00:00,STATION_C_01,497.96,11.4,False
2026-03-18 00:00:00,STATION_C_01,430.7,9.7,False
2026-03-18 01:00:00,STATION_C_01,396.62,8.4,False
2026-03-18 02:00:00,STATION_C_01,418.9,10.0,False
2026-03-18 03:00:00,STATION_C_01,455.32,9.7,False
2026-03-18 04:00:00,STATION_C_01,526.13,11.2,False
2026-03-18 05:00:00,STATION_C_01,566.53,11.5,False
2026-03-18 06:00:00,STATION_C_01,661.12,14.0,False
2026-03-18 07:00:00,STATION_C_01,751.96,12.2,False
2026-03-18 08:00:00,STATION_C_01,831.14,13.3,False
2026-03-18 09:00:00,STATION_C_01,952.87,13.5,False
2026-03-18 10:00:00,STATION_C_01,1019.53,17.3,False
2026-03-18 11:00:00,STATION_C_01,1094.28,17.9,False
2026-03-18 12:00:00,STATION_C_01,1072.89,19.7,False
2026-03-18 13:00:00,STATION_C_01,1143.35,18.5,False
2026-03-18 14:00:00,STATION_C_01,1033.85,20.8,False
2026-03-18 15:00:00,STATION_C_01,1000.65,20.8,False
2026-03-18 16:00:00,STATION_C_01,955.35,20.6,False
2026-03-18 17:00:00,STATION_C_01,927.59,19.0,False
2026-03-18 18:00:00,STATION_C_01,880.79,20.4,False
2026-03-18 19:00:00,STATION_C_01,741.16,20.3,False
2026-03-18 20:00:00,STATION_C_01,657.84,15.2,False
2026-03-18 21:00:00,STATION_C_01,582.45,16.0,False
2026-03-18 22:00:00,STATION_C_01,526.71,10.2,False
2026-03-18 23:00:00,STATION_C_01,454.52,13.2,False
2026-03-19 00:00:00,STATION_C_01,420.24,9.0,False
2026-03-19 01:00:00,STATION_C_01,397.04,9.7,False
2026-03-19 02:00:00,STATION_C_01,419.75,8.3,False
2026-03-19 03:00:00,STATION_C_01,481.48,9.4,False
2026-03-19 04:00:00,STATION_C_01,518.31,10.8,False
2026-03-19 05:00:00,STATION_C_01,572.13,8.2,False
2026-03-19 06:00:00,STATION_C_01,698.63,10.8,False
2026-03-19 07:00:00,STATION_C_01,742.49,11.8,False
2026-03-19 08:00:00,STATION_C_01,888.44,15.7,False
2026-03-19 09:00:00,STATION_C_01,974.37,15.7,False
2026-03-19 10:00:00,STATION_C_01,1001.46,15.2,False
2026-03-19 11:00:00,STATION_C_01,998.56,17.4,False
2026-03-19 12:00:00,STATION_C_01,1175.21,21.0,False
2026-03-19 13:00:00,STATION_C_01,1114.67,20.8,False
2026-03-19 14:00:00,STATION_C_01,1075.91,19.4,False
2026-03-19 15:00:00,STATION_C_01,1089.52,20.4,False
2026-03-19 16:00:00,STATION_C_01,1024.68,20.3,False
2026-03-19 17:00:00,STATION_C_01,972.12,19.4,False
2026-03-19 18:00:00,STATION_C_01,827.57,17.1,False
2026-03-19 19:00:00,STATION_C_01,767.36,17.2,False
2026-03-19 20:00:00,STATION_C_01,642.75,18.3,False
2026-03-19 21:00:00,STATION_C_01,601.99,14.8,False
2026-03-19 22:00:00,STATION_C_01,517.16,13.7,False
2026-03-19 23:00:00,STATION_C_01,467.89,12.7,False
2026-03-20 00:00:00,STATION_C_01,427.05,14.1,False
2026-03-20 01:00:00,STATION_C_01,413.97,10.5,False
2026-03-20 02:00:00,STATION_C_01,416.28,11.3,False
2026-03-20 03:00:00,STATION_C_01,476.34,9.1,False
2026-03-20 04:00:00,STATION_C_01,544.88,9.7,False
2026-03-20 05:00:00,STATION_C_01,577.26,10.6,False
2026-03-20 06:00:00,STATION_C_01,684.24,10.5,False
2026-03-20 07:00:00,STATION_C_01,771.29,12.3,False
2026-03-20 08:00:00,STATION_C_01,848.61,15.0,False
2026-03-20 09:00:00,STATION_C_01,881.19,14.4,False
2026-03-20 10:00:00,STATION_C_01,956.22,16.8,False
2026-03-20 11:00:00,STATION_C_01,1027.44,19.0,False
2026-03-20 12:00:00,STATION_C_01,1008.94,18.3,False
2026-03-20 13:00:00,STATION_C_01,1156.68,21.4,False
2026-03-20 14:00:00,STATION_C_01,1104.84,20.8,False
2026-03-20 15:00:00,STATION_C_01,1055.62,20.7,False
2026-03-20 16:00:00,STATION_C_01,925.6,18.3,False
2026-03-20 17:00:00,STATION_C_01,872.19,19.7,False
2026-03-20 18:00:00,STATION_C_01,849.13,19.7,False
2026-03-20 19:00:00,STATION_C_01,813.15,20.2,False
2026-03-20 20:00:00,STATION_C_01,655.72,17.5,False
2026-03-20 21:00:00,STATION_C_01,607.48,16.8,False
2026-03-20 22:00:00,STATION_C_01,510.08,12.5,False
2026-03-20 23:00:00,STATION_C_01,465.32,12.5,False
2026-03-21 00:00:00,STATION_C_01,394.72,13.0,False
2026-03-21 01:00:00,STATION_C_01,363.93,9.6,False
2026-03-21 02:00:00,STATION_C_01,369.55,11.3,False
2026-03-21 03:00:00,STATION_C_01,429.14,10.8,False
2026-03-21 04:00:00,STATION_C_01,457.53,10.5,False
2026-03-21 05:00:00,STATION_C_01,539.13,10.3,False
2026-03-21 06:00:00,STATION_C_01,577.88,10.4,False
2026-03-21 07:00:00,STATION_C_01,703.19,14.9,False
2026-03-21 08:00:00,STATION_C_01,755.49,14.8,False
2026-03-21 09:00:00,STATION_C_01,833.64,15.9,False
2026-03-21 10:00:00,STATION_C_01,887.78,16.4,False
2026-03-21 11:00:00,STATION_C_01,915.26,18.3,False
2026-03-21 12:00:00,STATION_C_01,961.92,19.6,False
2026-03-21 13:00:00,STATION_C_01,957.29,20.8,False
2026-03-21 14:00:00,STATION_C_01,994.47,21.7,False
2026-03-21 15:00:00,STATION_C_01,925.48,20.1,False
2026-03-21 16:00:00,STATION_C_01,837.91,19.1,False
2026-03-21 17:00:00,STATION_C_01,773.48,20.4,False
2026-03-21 18:00:00,STATION_C_01,,17.3,False
2026-03-21 19:00:00,STATION_C_01,685.49,17.9,False
2026-03-21 20:00:00,STATION_C_01,568.99,16.4,False
2026-03-21 21:00:00,STATION_C_01,525.57,16.2,False
2026-03-21 22:00:00,STATION_C_01,459.8,16.5,False
2026-03-21 23:00:00,STATION_C_01,408.72,10.5,False
2026-03-22 00:00:00,STATION_C_01,385.34,14.4,False
2026-03-22 01:00:00,STATION_C_01,371.3,10.5,False
2026-03-22 02:00:00,STATION_C_01,343.59,10.7,False
2026-03-22 03:00:00,STATION_C_01,405.17,8.4,False
2026-03-22 04:00:00,STATION_C_01,464.69,11.5,False
2026-03-22 05:00:00,STATION_C_01,550.4,10.9,False
2026-03-22 06:00:00,STATION_C_01,628.5,11.7,False
2026-03-22 07:00:00,STATION_C_01,639.71,10.6,False
2026-03-22 08:00:00,STATION_C_01,740.9,14.3,False
2026-03-22 09:00:00,STATION_C_01,777.96,16.7,False
2026-03-22 10:00:00,STATION_C_01,932.9,16.8,False
2026-03-22 11:00:00,STATION_C_01,967.03,19.8,False
2026-03-22 12:00:00,STATION_C_01,976.06,20.9,False
2026-03-22 13:00:00,STATION_C_01,980.29,19.7,False
2026-03-22 14:00:00,STATION_C_01,1011.02,22.9,False
2026-03-22 15:00:00,STATION_C_01,973.9,21.2,False
2026-03-22 16:00:00,STATION_C_01,922.22,21.1,False
2026-03-22 17:00:00,STATION_C_01,836.88,20.6,False
2026-03-22 18:00:00,STATION_C_01,741.63,19.7,False
2026-03-22 19:00:00,STATION_C_01,690.61,15.3,False
2026-03-22 20:00:00,STATION_C_01,611.25,16.9,False
2026-03-22 21:00:00,STATION_C_01,517.85,14.1,False
2026-03-22 22:00:00,STATION_C_01,453.04,16.3,False
2026-03-22 23:00:00,STATION_C_01,426.9,14.9,False
2026-03-23 00:00:00,STATION_C_01,457.45,12.9,False
2026-03-23 01:00:00,STATION_C_01,409.56,10.7,False
2026-03-23 02:00:00,STATION_C_01,428.37,9.2,False
2026-03-23 03:00:00,STATION_C_01,472.52,9.5,False
2026-03-23 04:00:00,STATION_C_01,530.41,12.8,False
2026-03-23 05:00:00,STATION_C_01,582.04,10.2,False
2026-03-23 06:00:00,STATION_C_01,720.53,9.1,False
2026-03-23 07:00:00,STATION_C_01,776.46,14.3,False
2026-03-23 08:00:00,STATION_C_01,870.24,16.2,False
2026-03-23 09:00:00,STATION_C_01,995.21,17.8,False
2026-03-23 10:00:00,STATION_C_01,993.06,18.5,False
2026-03-23 11:00:00,STATION_C_01,1060.46,20.0,False
2026-03-23 12:00:00,STATION_C_01,1050.1,19.8,False
2026-03-23 13:00:00,STATION_C_01,1103.42,18.1,False
2026-03-23 14:00:00,STATION_C_01,1041.24,21.2,False
2026-03-23 15:00:00,STATION_C_01,1092.03,22.1,False
2026-03-23 16:00:00,STATION_C_01,1024.35,21.0,False
2026-03-23 17:00:00,STATION_C_01,929.13,20.4,False
2026-03-23 18:00:00,STATION_C_01,852.18,18.6,False
2026-03-23 19:00:00,STATION_C_01,786.46,17.4,False
2026-03-23 20:00:00,STATION_C_01,649.98,19.5,False
2026-03-23 21:00:00,STATION_C_01,598.05,18.1,False
2026-03-23 22:00:00,STATION_C_01,535.24,14.5,False
2026-03-23 23:00:00,STATION_C_01,438.52,13.5,False
2026-03-24 00:00:00,STATION_C_01,443.67,10.8,False
2026-03-24 01:00:00,STATION_C_01,396.87,11.9,False
2026-03-24 02:00:00,STATION_C_01,431.58,12.7,False
2026-03-24 03:00:00,STATION_C_01,448.82,8.6,False
2026-03-24 04:00:00,STATION_C_01,548.94,11.2,False
2026-03-24 05:00:00,STATION_C_01,570.2,11.8,False
2026-03-24 06:00:00,STATION_C_01,638.42,12.7,False
2026-03-24 07:00:00,STATION_C_01,770.52,15.2,False
2026-03-24 08:00:00,STATION_C_01,843.95,17.0,False
2026-03-24 09:00:00,STATION_C_01,890.2,15.7,False
2026-03-24 10:00:00,STATION_C_01,1029.88,18.2,False
2026-03-24 11:00:00,STATION_C_01,991.92,18.8,False
2026-03-24 12:00:00,STATION_C_01,1060.91,19.1,False
2026-03-24 13:00:00,STATION_C_01,1090.31,21.1,False
2026-03-24 14:00:00,STATION_C_01,1131.97,22.1,False
2026-03-24 15:00:00,STATION_C_01,1115.02,21.7,False
2026-03-24 16:00:00,STATION_C_01,1050.92,20.2,False
2026-03-24 17:00:00,STATION_C_01,935.37,20.2,False
2026-03-24 18:00:00,STATION_C_01,784.36,19.3,False
2026-03-24 19:00:00,STATION_C_01,778.34,17.7,False
2026-03-24 20:00:00,STATION_C_01,713.39,17.8,False
2026-03-24 21:00:00,STATION_C_01,620.89,16.5,False
2026-03-24 22:00:00,STATION_C_01,532.15,15.8,False
2026-03-24 23:00:00,STATION_C_01,449.26,12.3,False
2026-03-25 00:00:00,STATION_C_01,426.31,11.5,False
2026-03-25 01:00:00,STATION_C_01,451.15,13.1,False
2026-03-25 02:00:00,STATION_C_01,412.84,10.5,False
2026-03-25 03:00:00,STATION_C_01,450.12,10.6,False
2026-03-25 04:00:00,STATION_C_01,541.25,10.5,False
2026-03-25 05:00:00,STATION_C_01,586.66,12.7,False
2026-03-25 06:00:00,STATION_C_01,651.04,13.6,False
2026-03-25 07:00:00,STATION_C_01,809.84,14.7,False
2026-03-25 08:00:00,STATION_C_01,872.19,14.7,False
2026-03-25 09:00:00,STATION_C_01,929.28,15.1,False
2026-03-25 10:00:00,STATION_C_01,972.98,19.8,False
2026-03-25 11:00:00,STATION_C_01,1145.3,19.9,False
2026-03-25 12:00:00,STATION_C_01,1102.45,19.5,False
2026-03-25 13:00:00,STATION_C_01,1169.84,22.6,False
2026-03-25 14:00:00,STATION_C_01,1138.13,20.8,False
2026-03-25 15:00:00,STATION_C_01,1049.64,23.3,False
2026-03-25 16:00:00,STATION_C_01,996.01,23.2,False
2026-03-25 17:00:00,STATION_C_01,990.32,19.8,False
2026-03-25 18:00:00,STATION_C_01,903.15,20.7,False
2026-03-25 19:00:00,STATION_C_01,719.06,19.8,False
2026-03-25 20:00:00,STATION_C_01,693.13,20.7,False
2026-03-25 21:00:00,STATION_C_01,594.04,15.3,False
2026-03-25 22:00:00,STATION_C_01,505.9,16.5,False
2026-03-25 23:00:00,STATION_C_01,474.18,13.5,False
2026-03-26 00:00:00,STATION_C_01,414.74,10.8,False
2026-03-26 01:00:00,STATION_C_01,416.62,11.3,False
2026-03-26 02:00:00,STATION_C_01,423.22,10.9,False
2026-03-26 03:00:00,STATION_C_01,461.83,9.4,False
2026-03-26 04:00:00,STATION_C_01,523.87,11.3,False
2026-03-26 05:00:00,STATION_C_01,575.81,12.6,False
2026-03-26 06:00:00,STATION_C_01,718.19,12.6,False
2026-03-26 07:00:00,STATION_C_01,783.81,12.8,False
2026-03-26 08:00:00,STATION_C_01,914.37,14.6,False
2026-03-26 09:00:00,STATION_C_01,938.77,16.2,False
2026-03-26 10:00:00,STATION_C_01,996.47,17.9,False
2026-03-26 11:00:00,STATION_C_01,1137.13,20.3,False
2026-03-26 12:00:00,STATION_C_01,1083.58,20.5,False
2026-03-26 13:00:00,STATION_C_01,1110.91,19.4,False
2026-03-26 14:00:00,STATION_C_01,1134.05,20.9,False
2026-03-26 15:00:00,STATION_C_01,1025.19,22.0,False
2026-03-26 16:00:00,STATION_C_01,1041.88,23.0,False
2026-03-26 17:00:00,STATION_C_01,964.08,22.6,False
2026-03-26 18:00:00,STATION_C_01,899.42,22.3,False
2026-03-26 19:00:00,STATION_C_01,795.43,19.2,False
2026-03-26 20:00:00,STATION_C_01,712.64,18.7,False
2026-03-26 21:00:00,STATION_C_01,595.64,14.6,False
2026-03-26 22:00:00,STATION_C_01,510.21,15.4,False
2026-03-26 23:00:00,STATION_C_01,505.74,12.3,False
2026-03-27 00:00:00,STATION_C_01,413.0,12.4,False
2026-03-27 01:00:00,STATION_C_01,403.32,15.2,False
2026-03-27 02:00:00,STATION_C_01,445.03,11.4,False
2026-03-27 03:00:00,STATION_C_01,497.94,9.8,False
2026-03-27 04:00:00,STATION_C_01,529.89,11.5,False
2026-03-27 05:00:00,STATION_C_01,619.34,11.0,False
2026-03-27 06:00:00,STATION_C_01,634.62,11.3,False
2026-03-27 07:00:00,STATION_C_01,758.79,16.2,False
2026-03-27 08:00:00,STATION_C_01,805.77,16.2,False
2026-03-27 09:00:00,STATION_C_01,972.09,16.8,False
2026-03-27 10:00:00,STATION_C_01,963.19,17.4,False
2026-03-27 11:00:00,STATION_C_01,1025.66,18.8,False
2026-03-27 12:00:00,STATION_C_01,1128.47,22.2,False
2026-03-27 13:00:00,STATION_C_01,1162.12,21.6,False
2026-03-27 14:00:00,STATION_C_01,1102.57,18.0,False
2026-03-27 15:00:00,STATION_C_01,1095.53,24.8,False
2026-03-27 16:00:00,STATION_C_01,1038.1,22.0,False
2026-03-27 17:00:00,STATION_C_01,939.83,21.6,False
2026-03-27 18:00:00,STATION_C_01,830.09,21.6,False
2026-03-27 19:00:00,STATION_C_01,788.48,19.8,False
2026-03-27 20:00:00,STATION_C_01,697.86,18.8,False
2026-03-27 21:00:00,STATION_C_01,618.09,16.0,False
2026-03-27 22:00:00,STATION_C_01,533.07,13.6,False
2026-03-27 23:00:00,STATION_C_01,452.74,14.1,False
2026-03-28 00:00:00,STATION_C_01,394.14,14.3,False
2026-03-28 01:00:00,STATION_C_01,374.42,11.0,False
2026-03-28 02:00:00,STATION_C_01,378.41,10.3,False
2026-03-28 03:00:00,STATION_C_01,411.28,12.5,False
2026-03-28 04:00:00,STATION_C_01,453.09,10.7,False
2026-03-28 05:00:00,STATION_C_01,544.24,11.3,False
2026-03-28 06:00:00,STATION_C_01,571.93,12.2,False
2026-03-28 07:00:00,STATION_C_01,657.51,13.7,False
2026-03-28 08:00:00,STATION_C_01,751.85,13.2,False
2026-03-28 09:00:00,STATION_C_01,881.76,15.9,False
2026-03-28 10:00:00,STATION_C_01,931.35,18.3,False
2026-03-28 11:00:00,STATION_C_01,892.64,19.6,False
2026-03-28 12:00:00,STATION_C_01,1024.0,21.8,False
2026-03-28 13:00:00,STATION_C_01,1034.98,23.5,False
2026-03-28 14:00:00,STATION_C_01,937.76,23.7,False
2026-03-28 15:00:00,STATION_C_01,863.78,23.2,False
2026-03-28 16:00:00,STATION_C_01,896.45,21.7,False
2026-03-28 17:00:00,STATION_C_01,868.08,20.6,False
2026-03-28 18:00:00,STATION_C_01,803.74,20.5,False
2026-03-28 19:00:00,STATION_C_01,661.19,20.1,False
2026-03-28 20:00:00,STATION_C_01,639.56,19.0,False
2026-03-28 21:00:00,STATION_C_01,487.41,17.4,False
2026-03-28 22:00:00,STATION_C_01,459.12,15.1,False
2026-03-28 23:00:00,STATION_C_01,410.28,14.8,False
2026-03-29 00:00:00,STATION_C_01,401.29,14.3,False
2026-03-29 01:00:00,STATION_C_01,392.36,12.9,False
2026-03-29 02:00:00,STATION_C_01,398.69,11.3,False
2026-03-29 03:00:00,STATION_C_01,396.83,10.2,False
2026-03-29 04:00:00,STATION_C_01,479.43,10.3,False
2026-03-29 05:00:00,STATION_C_01,538.47,11.1,False
2026-03-29 06:00:00,STATION_C_01,567.9,13.1,False
2026-03-29 07:00:00,STATION_C_01,633.37,14.6,False
2026-03-29 08:00:00,STATION_C_01,790.05,13.6,False
2026-03-29 09:00:00,STATION_C_01,831.27,16.1,False
2026-03-29 10:00:00,STATION_C_01,859.78,18.4,False
2026-03-29 11:00:00,STATION_C_01,942.29,18.4,False
2026-03-29 12:00:00,STATION_C_01,992.49,21.1,False
2026-03-29 13:00:00,STATION_C_01,987.7,21.1,False
2026-03-29 14:00:00,STATION_C_01,926.95,21.2,False
2026-03-29 15:00:00,STATION_C_01,1012.24,22.3,False
2026-03-29 16:00:00,STATION_C_01,932.46,22.5,False
2026-03-29 17:00:00,STATION_C_01,827.36,20.5,False
2026-03-29 18:00:00,STATION_C_01,755.21,20.3,False
2026-03-29 19:00:00,STATION_C_01,692.15,20.1,False
2026-03-29 20:00:00,STATION_C_01,580.12,17.3,False
2026-03-29 21:00:00,STATION_C_01,535.84,14.8,False
2026-03-29 22:00:00,STATION_C_01,444.47,13.5,False
2026-03-29 23:00:00,STATION_C_01,416.29,13.5,False
2026-03-30 00:00:00,STATION_C_01,421.37,11.3,False
2026-03-30 01:00:00,STATION_C_01,410.74,11.6,False
2026-03-30 02:00:00,STATION_C_01,464.73,13.5,False
2026-03-30 03:00:00,STATION_C_01,475.39,9.7,False
2026-03-30 04:00:00,STATION_C_01,533.9,11.2,False
2026-03-30 05:00:00,STATION_C_01,560.15,14.6,False
2026-03-30 06:00:00,STATION_C_01,672.66,13.4,False
2026-03-30 07:00:00,STATION_C_01,790.21,13.6,False
2026-03-30 08:00:00,STATION_C_01,874.21,15.2,False
2026-03-30 09:00:00,STATION_C_01,880.97,17.4,False
2026-03-30 10:00:00,STATION_C_01,1032.83,20.3,False
2026-03-30 11:00:00,STATION_C_01,1095.0,19.0,False
2026-03-30 12:00:00,STATION_C_01,1166.36,19.8,False
2026-03-30 13:00:00,STATION_C_01,1102.37,20.0,False
2026-03-30 14:00:00,STATION_C_01,1028.81,22.3,False
2026-03-30 15:00:00,STATION_C_01,1043.81,20.7,False
2026-03-30 16:00:00,STATION_C_01,986.59,21.6,False
2026-03-30 17:00:00,STATION_C_01,978.12,20.6,False
2026-03-30 18:00:00,STATION_C_01,786.5,22.1,False
2026-03-30 19:00:00,STATION_C_01,766.33,19.0,False
2026-03-30 20:00:00,STATION_C_01,722.27,18.8,False
2026-03-30 21:00:00,STATION_C_01,603.64,15.0,False
2026-03-30 22:00:00,STATION_C_01,547.62,15.7,False
2026-03-30 23:00:00,STATION_C_01,448.01,12.7,False
2026-03-31 00:00:00,STATION_C_01,415.66,12.5,False
2026-03-31 01:00:00,STATION_C_01,450.0,14.8,False
2026-03-31 02:00:00,STATION_C_01,441.99,12.8,False
2026-03-31 03:00:00,STATION_C_01,477.22,11.3,False
2026-03-31 04:00:00,STATION_C_01,510.48,15.5,False
2026-03-31 05:00:00,STATION_C_01,606.08,11.1,False
2026-03-31 06:00:00,STATION_C_01,660.98,14.5,False
2026-03-31 07:00:00,STATION_C_01,811.82,12.4,False
2026-03-31 08:00:00,STATION_C_01,953.39,15.3,False
2026-03-31 09:00:00,STATION_C_01,971.17,15.4,False
2026-03-31 10:00:00,STATION_C_01,1004.91,18.7,False
2026-03-31 11:00:00,STATION_C_01,987.52,19.8,False
2026-03-31 12:00:00,STATION_C_01,1052.81,20.5,False
2026-03-31 13:00:00,STATION_C_01,1192.37,23.1,False
2026-03-31 14:00:00,STATION_C_01,1078.67,21.7,False
2026-03-31 15:00:00,STATION_C_01,1069.95,22.9,False
2026-03-31 16:00:00,STATION_C_01,1051.92,23.3,False
2026-03-31 17:00:00,STATION_C_01,1005.31,20.0,False
2026-03-31 18:00:00,STATION_C_01,865.05,20.0,False
2026-03-31 19:00:00,STATION_C_01,769.28,19.9,False
2026-03-31 20:00:00,STATION_C_01,691.24,19.2,False
2026-03-31 21:00:00,STATION_C_01,591.59,18.8,False
2026-03-31 22:00:00,STATION_C_01,521.5,15.4,False
2026-03-31 23:00:00,STATION_C_01,483.28,13.9,False
2026-01-01 00:00:00,STATION_E_01,265.05,1.5,True
2026-01-01 01:00:00,STATION_E_01,269.08,1.3,True
2026-01-01 02:00:00,STATION_E_01,270.62,-1.5,True
2026-01-01 03:00:00,STATION_E_01,292.41,-1.4,True
2026-01-01 04:00:00,STATION_E_01,328.79,0.3,True
2026-01-01 05:00:00,STATION_E_01,382.26,2.3,True
2026-01-01 06:00:00,STATION_E_01,419.15,1.7,True
2026-01-01 07:00:00,STATION_E_01,470.93,1.9,True
2026-01-01 08:00:00,STATION_E_01,548.61,1.6,True
2026-01-01 09:00:00,STATION_E_01,530.25,6.8,True
2026-01-01 10:00:00,STATION_E_01,624.76,6.2,True
2026-01-01 11:00:00,STATION_E_01,645.83,7.0,True
2026-01-01 12:00:00,STATION_E_01,724.06,7.5,True
2026-01-01 13:00:00,STATION_E_01,691.48,8.7,True
2026-01-01 14:00:00,STATION_E_01,681.33,9.8,True
2026-01-01 15:00:00,STATION_E_01,672.13,10.9,True
2026-01-01 16:00:00,STATION_E_01,625.4,9.5,True
2026-01-01 17:00:00,STATION_E_01,585.25,10.6,True
2026-01-01 18:00:00,STATION_E_01,542.93,9.2,True
2026-01-01 19:00:00,STATION_E_01,477.54,11.1,True
2026-01-01 20:00:00,STATION_E_01,421.87,5.0,True
2026-01-01 21:00:00,STATION_E_01,362.45,5.9,True
2026-01-01 22:00:00,STATION_E_01,317.24,4.4,True
2026-01-01 23:00:00,STATION_E_01,296.58,1.7,True
2026-01-02 00:00:00,STATION_E_01,277.12,1.9,True
2026-01-02 01:00:00,STATION_E_01,253.44,1.8,True
2026-01-02 02:00:00,STATION_E_01,281.54,0.5,True
2026-01-02 03:00:00,STATION_E_01,304.01,1.8,True
2026-01-02 04:00:00,STATION_E_01,342.11,-2.2,True
2026-01-02 05:00:00,STATION_E_01,380.04,-0.1,True
2026-01-02 06:00:00,STATION_E_01,438.38,3.6,True
2026-01-02 07:00:00,STATION_E_01,522.52,4.0,True
2026-01-02 08:00:00,STATION_E_01,536.28,4.9,True
2026-01-02 09:00:00,STATION_E_01,572.99,7.2,True
2026-01-02 10:00:00,STATION_E_01,605.71,4.8,True
2026-01-02 11:00:00,STATION_E_01,716.36,9.4,True
2026-01-02 12:00:00,STATION_E_01,739.94,10.9,True
2026-01-02 13:00:00,STATION_E_01,681.54,9.7,True
2026-01-02 14:00:00,STATION_E_01,679.23,14.2,True
2026-01-02 15:00:00,STATION_E_01,667.55,11.4,True
2026-01-02 16:00:00,STATION_E_01,667.99,8.4,True
2026-01-02 17:00:00,STATION_E_01,568.5,10.9,True
2026-01-02 18:00:00,STATION_E_01,505.29,8.7,True
2026-01-02 19:00:00,STATION_E_01,522.97,9.9,True
2026-01-02 20:00:00,STATION_E_01,434.23,7.8,True
2026-01-02 21:00:00,STATION_E_01,382.81,5.0,True
2026-01-02 22:00:00,STATION_E_01,329.16,6.1,True
2026-01-02 23:00:00,STATION_E_01,301.64,4.1,True
2026-01-03 00:00:00,STATION_E_01,229.15,0.8,True
2026-01-03 01:00:00,STATION_E_01,228.51,0.8,True
2026-01-03 02:00:00,STATION_E_01,242.92,1.0,True
2026-01-03 03:00:00,STATION_E_01,240.54,-0.2,True
2026-01-03 04:00:00,STATION_E_01,288.87,0.0,True
2026-01-03 05:00:00,STATION_E_01,327.68,1.0,True
2026-01-03 06:00:00,STATION_E_01,374.43,0.6,True
2026-01-03 07:00:00,STATION_E_01,420.11,0.3,True
2026-01-03 08:00:00,STATION_E_01,461.65,4.6,True
2026-01-03 09:00:00,STATION_E_01,491.41,3.4,True
2026-01-03 10:00:00,STATION_E_01,567.75,6.0,True
2026-01-03 11:00:00,STATION_E_01,589.35,6.4,True
2026-01-03 12:00:00,STATION_E_01,585.34,7.7,True
2026-01-03 13:00:00,STATION_E_01,622.95,11.0,True
2026-01-03 14:00:00,STATION_E_01,608.74,10.8,True
2026-01-03 15:00:00,STATION_E_01,586.27,11.0,True
2026-01-03 16:00:00,STATION_E_01,522.62,9.5,True
2026-01-03 17:00:00,STATION_E_01,537.94,9.7,True
2026-01-03 18:00:00,STATION_E_01,458.23,10.1,True
2026-01-03 19:00:00,STATION_E_01,429.94,8.5,True
2026-01-03 20:00:00,STATION_E_01,368.35,8.2,True
2026-01-03 21:00:00,STATION_E_01,328.02,6.9,True
2026-01-03 22:00:00,STATION_E_01,304.39,4.1,True
2026-01-03 23:00:00,STATION_E_01,266.81,0.8,True
2026-01-04 00:00:00,STATION_E_01,323.42,1.0,False
2026-01-04 01:00:00,STATION_E_01,306.21,0.9,False
2026-01-04 02:00:00,STATION_E_01,315.5,-0.4,False
2026-01-04 03:00:00,STATION_E_01,315.03,-1.0,False
2026-01-04 04:00:00,STATION_E_01,371.21,0.6,False
2026-01-04 05:00:00,STATION_E_01,423.39,4.0,False
2026-01-04 06:00:00,STATION_E_01,507.41,1.3,False
2026-01-04 07:00:00,STATION_E_01,541.01,3.1,False
2026-01-04 08:00:00,STATION_E_01,620.69,2.8,False
2026-01-04 09:00:00,STATION_E_01,680.19,7.3,False
2026-01-04 10:00:00,STATION_E_01,755.71,8.3,False
2026-01-04 11:00:00,STATION_E_01,762.19,9.5,False
2026-01-04 12:00:00,STATION_E_01,813.55,11.3,False
2026-01-04 13:00:00,STATION_E_01,751.5,10.1,False
2026-01-04 14:00:00,STATION_E_01,746.16,10.8,False
2026-01-04 15:00:00,STATION_E_01,704.91,13.4,False
2026-01-04 16:00:00,STATION_E_01,746.8,11.9,False
2026-01-04 17:00:00,STATION_E_01,691.43,7.9,False
2026-01-04 18:00:00,STATION_E_01,635.05,10.3,False
2026-01-04 19:00:00,STATION_E_01,538.48,7.9,False
2026-01-04 20:00:00,STATION_E_01,477.76,8.3,False
2026-01-04 21:00:00,STATION_E_01,425.75,6.3,False
2026-01-04 22:00:00,STATION_E_01,,2.3,False
2026-01-04 23:00:00,STATION_E_01,356.73,3.4,False
2026-01-05 00:00:00,STATION_E_01,364.39,2.2,False
2026-01-05 01:00:00,STATION_E_01,348.97,1.5,False
2026-01-05 02:00:00,STATION_E_01,371.2,1.2,False
2026-01-05 03:00:00,STATION_E_01,379.45,2.2,False
2026-01-05 04:00:00,STATION_E_01,421.94,1.1,False
2026-01-05 05:00:00,STATION_E_01,484.13,1.1,False
2026-01-05 06:00:00,STATION_E_01,535.5,3.4,False
2026-01-05 07:00:00,STATION_E_01,623.82,5.8,False
2026-01-05 08:00:00,STATION_E_01,673.44,5.6,False
2026-01-05 09:00:00,STATION_E_01,796.66,6.1,False
2026-01-05 10:00:00,STATION_E_01,843.43,7.8,False
2026-01-05 11:00:00,STATION_E_01,916.35,8.9,False
2026-01-05 12:00:00,STATION_E_01,849.64,9.8,False
2026-01-05 13:00:00,STATION_E_01,971.38,13.3,False
2026-01-05 14:00:00,STATION_E_01,851.63,10.3,False
2026-01-05 15:00:00,STATION_E_01,836.48,12.8,False
2026-01-05 16:00:00,STATION_E_01,810.27,11.1,False
2026-01-05 17:00:00,STATION_E_01,805.03,8.9,False
2026-01-05 18:00:00,STATION_E_01,707.22,9.6,False
2026-01-05 19:00:00,STATION_E_01,623.19,8.0,False
2026-01-05 20:00:00,STATION_E_01,540.01,8.0,False
2026-01-05 21:00:00,STATION_E_01,463.78,6.0,False
2026-01-05 22:00:00,STATION_E_01,445.7,3.3,False
2026-01-05 23:00:00,STATION_E_01,394.51,4.9,False
2026-01-06 00:00:00,STATION_E_01,372.38,3.3,False
2026-01-06 01:00:00,STATION_E_01,350.76,3.1,False
2026-01-06 02:00:00,STATION_E_01,322.75,0.9,False
2026-01-06 03:00:00,STATION_E_01,367.24,0.4,False
2026-01-06 04:00:00,STATION_E_01,435.99,1.5,False
2026-01-06 05:00:00,STATION_E_01,481.4,0.5,False
2026-01-06 06:00:00,STATION_E_01,545.2,2.2,False
2026-01-06 07:00:00,STATION_E_01,605.14,3.0,False
2026-01-06 08:00:00,STATION_E_01,726.15,2.8,False
2026-01-06 09:00:00,STATION_E_01,783.57,6.1,False
2026-01-06 10:00:00,STATION_E_01,844.59,6.8,False
2026-01-06 11:00:00,STATION_E_01,855.76,8.4,False
2026-01-06 12:00:00,STATION_E_01,909.16,10.3,False
2026-01-06 13:00:00,STATION_E_01,870.58,12.3,False
2026-01-06 14:00:00,STATION_E_01,899.69,10.3,False
2026-01-06 15:00:00,STATION_E_01,798.11,11.1,False
2026-01-06 16:00:00,STATION_E_01,785.03,10.4,False
2026-01-06 17:00:00,STATION_E_01,763.28,9.7,False
2026-01-06 18:00:00,STATION_E_01,762.17,9.2,False
2026-01-06 19:00:00,STATION_E_01,590.61,8.5,False
2026-01-06 20:00:00,STATION_E_01,532.75,8.1,False
2026-01-06 21:00:00,STATION_E_01,492.34,6.4,False
2026-01-06 22:00:00,STATION_E_01,456.55,3.3,False
2026-01-06 23:00:00,STATION_E_01,387.6,4.8,False
2026-01-07 00:00:00,STATION_E_01,365.33,3.2,False
2026-01-07 01:00:00,STATION_E_01,342.83,0.2,False
2026-01-07 02:00:00,STATION_E_01,350.27,2.2,False
2026-01-07 03:00:00,STATION_E_01,386.16,0.9,False
2026-01-07 04:00:00,STATION_E_01,420.31,0.5,False
2026-01-07 05:00:00,STATION_E_01,501.49,1.7,False
2026-01-07 06:00:00,STATION_E_01,526.3,2.1,False
2026-01-07 07:00:00,STATION_E_01,650.9,3.9,False
2026-01-07 08:00:00,STATION_E_01,705.81,4.8,False
2026-01-07 09:00:00,STATION_E_01,767.63,5.6,False
2026-01-07 10:00:00,STATION_E_01,784.52,5.0,False
2026-01-07 11:00:00,STATION_E_01,847.55,9.4,False
2026-01-07 12:00:00,STATION_E_01,944.16,9.5,False
2026-01-07 13:00:00,STATION_E_01,909.25,11.7,False
2026-01-07 14:00:00,STATION_E_01,915.19,11.9,False
2026-01-07 15:00:00,STATION_E_01,851.03,11.1,False
2026-01-07 16:00:00,STATION_E_01,832.13,12.6,False
2026-01-07 17:00:00,STATION_E_01,736.99,11.1,False
2026-01-07 18:00:00,STATION_E_01,708.13,10.1,False
2026-01-07 19:00:00,STATION_E_01,640.33,8.6,False
2026-01-07 20:00:00,STATION_E_01,564.84,9.5,False
2026-01-07 21:00:00,STATION_E_01,474.52,5.2,False
2026-01-07 22:00:00,STATION_E_01,425.98,4.2,False
2026-01-07 23:00:00,STATION_E_01,393.22,1.8,False
2026-01-08 00:00:00,STATION_E_01,354.93,3.0,False
2026-01-08 01:00:00,STATION_E_01,344.42,0.6,False
2026-01-08 02:00:00,STATION_E_01,381.48,0.2,False
2026-01-08 03:00:00,STATION_E_01,373.29,-0.0,False
2026-01-08 04:00:00,STATION_E_01,447.76,0.8,False
2026-01-08 05:00:00,STATION_E_01,470.65,-0.2,False
2026-01-08 06:00:00,STATION_E_01,572.04,-0.5,False
2026-01-08 07:00:00,STATION_E_01,648.71,3.9,False
2026-01-08 08:00:00,STATION_E_01,694.2,2.1,False
2026-01-08 09:00:00,STATION_E_01,742.58,7.1,False
2026-01-08 10:00:00,STATION_E_01,777.17,9.4,False
2026-01-08 11:00:00,STATION_E_01,861.18,8.7,False
2026-01-08 12:00:00,STATION_E_01,925.44,11.5,False
2026-01-08 13:00:00,STATION_E_01,883.88,10.8,False
2026-01-08 14:00:00,STATION_E_01,912.0,13.3,False
2026-01-08 15:00:00,STATION_E_01,835.04,11.1,False
2026-01-08 16:00:00,STATION_E_01,828.49,8.6,False
2026-01-08 17:00:00,STATION_E_01,745.19,10.8,False
2026-01-08 18:00:00,STATION_E_01,705.73,12.1,False
2026-01-08 19:00:00,STATION_E_01,622.8,9.5,False
2026-01-08 20:00:00,STATION_E_01,536.81,6.9,False
2026-01-08 21:00:00,STATION_E_01,480.07,6.5,False
2026-01-08 22:00:00,STATION_E_01,418.22,5.9,False
2026-01-08 23:00:00,STATION_E_01,369.25,3.3,False
2026-01-09 00:00:00,STATION_E_01,372.17,5.4,False
2026-01-09 01:00:00,STATION_E_01,344.5,0.8,False
2026-01-09 02:00:00,STATION_E_01,331.02,2.0,False
2026-01-09 03:00:00,STATION_E_01,378.79,1.6,False
2026-01-09 04:00:00,STATION_E_01,446.51,-0.0,False
2026-01-09 05:00:00,STATION_E_01,478.75,0.9,False
2026-01-09 06:00:00,STATION_E_01,590.2,3.5,False
2026-01-09 07:00:00,STATION_E_01,615.77,3.6,False
2026-01-09 08:00:00,STATION_E_01,721.31,5.1,False
2026-01-09 09:00:00,STATION_E_01,806.04,4.2,False
2026-01-09 10:00:00,STATION_E_01,850.28,8.4,False
2026-01-09 11:00:00,STATION_E_01,840.15,9.3,False
2026-01-09 12:00:00,STATION_E_01,881.21,10.0,False
2026-01-09 13:00:00,STATION_E_01,958.84,11.4,False
2026-01-09 14:00:00,STATION_E_01,885.81,11.0,False
2026-01-09 15:00:00,STATION_E_01,913.18,11.0,False
2026-01-09 16:00:00,STATION_E_01,825.07,11.2,False
2026-01-09 17:00:00,STATION_E_01,782.4,10.4,False
2026-01-09 18:00:00,STATION_E_01,675.23,12.7,False
2026-01-09 19:00:00,STATION_E_01,622.16,10.0,False
2026-01-09 20:00:00,STATION_E_01,544.52,6.5,False
2026-01-09 21:00:00,STATION_E_01,496.67,8.6,False
2026-01-09 22:00:00,STATION_E_01,434.99,4.3,False
2026-01-09 23:00:00,STATION_E_01,394.43,3.5,False
2026-01-10 00:00:00,STATION_E_01,311.01,3.4,False
2026-01-10 01:00:00,STATION_E_01,297.87,-0.9,False
2026-01-10 02:00:00,STATION_E_01,318.54,0.6,False
2026-01-10 03:00:00,STATION_E_01,329.41,0.0,False
2026-01-10 04:00:00,STATION_E_01,396.22,1.2,False
2026-01-10 05:00:00,STATION_E_01,432.31,1.9,False
2026-01-10 06:00:00,STATION_E_01,489.25,2.3,False
2026-01-10 07:00:00,STATION_E_01,569.26,3.3,False
2026-01-10 08:00:00,STATION_E_01,623.85,6.1,False
2026-01-10 09:00:00,STATION_E_01,646.57,6.6,False
2026-01-10 10:00:00,STATION_E_01,711.27,7.7,False
2026-01-10 11:00:00,STATION_E_01,807.71,9.2,False
2026-01-10 12:00:00,STATION_E_01,806.53,12.3,False
2026-01-10 13:00:00,STATION_E_01,765.02,11.2,False
2026-01-10 14:00:00,STATION_E_01,814.27,11.0,False
2026-01-10 15:00:00,STATION_E_01,763.99,9.5,False
2026-01-10 16:00:00,STATION_E_01,716.61,9.9,False
2026-01-10 17:00:00,STATION_E_01,659.52,10.5,False
2026-01-10 18:00:00,STATION_E_01,648.17,10.0,False
2026-01-10 19:00:00,STATION_E_01,522.39,8.4,False
2026-01-10 20:00:00,STATION_E_01,481.18,8.1,False
2026-01-10 21:00:00,STATION_E_01,436.69,5.6,False
2026-01-10 22:00:00,STATION_E_01,403.75,3.8,False
2026-01-10 23:00:00,STATION_E_01,349.16,4.3,False
2026-01-11 00:00:00,STATION_E_01,307.93,4.0,False
2026-01-11 01:00:00,STATION_E_01,325.29,0.2,False
2026-01-11 02:00:00,STATION_E_01,302.35,1.3,False
2026-01-11 03:00:00,STATION_E_01,345.87,-1.5,False
2026-01-11 04:00:00,STATION_E_01,389.42,-0.8,False
2026-01-11 05:00:00,STATION_E_01,421.85,0.8,False
2026-01-11 06:00:00,STATION_E_01,508.4,3.8,False
2026-01-11 07:00:00,STATION_E_01,551.67,2.6,False
2026-01-11 08:00:00,STATION_E_01,642.53,3.9,False
2026-01-11 09:00:00,STATION_E_01,644.01,6.4,False
2026-01-11 10:00:00,STATION_E_01,749.47,7.8,False
2026-01-11 11:00:00,STATION_E_01,769.8,8.1,False
2026-01-11 12:00:00,STATION_E_01,838.87,12.6,False
2026-01-11 13:00:00,STATION_E_01,813.88,10.8,False
2026-01-11 14:00:00,STATION_E_01,841.88,11.8,False
2026-01-11 15:00:00,STATION_E_01,795.31,11.4,False
2026-01-11 16:00:00,STATION_E_01,737.99,12.2,False
2026-01-11 17:00:00,STATION_E_01,707.97,12.6,False
2026-01-11 18:00:00,STATION_E_01,645.46,12.2,False
2026-01-11 19:00:00,STATION_E_01,571.85,8.2,False
2026-01-11 20:00:00,STATION_E_01,457.21,9.1,False
2026-01-11 21:00:00,STATION_E_01,421.09,7.0,False
2026-01-11 22:00:00,STATION_E_01,402.27,6.1,False
2026-01-11 23:00:00,STATION_E_01,328.38,3.5,False
2026-01-12 00:00:00,STATION_E_01,372.78,2.3,False
2026-01-12 01:00:00,STATION_E_01,360.54,2.7,False
2026-01-12 02:00:00,STATION_E_01,352.51,2.2,False
2026-01-12 03:00:00,STATION_E_01,363.23,2.8,False
2026-01-12 04:00:00,STATION_E_01,427.62,1.3,False
2026-01-12 05:00:00,STATION_E_01,532.09,1.5,False
2026-01-12 06:00:00,STATION_E_01,548.45,-0.4,False
2026-01-12 07:00:00,STATION_E_01,622.37,1.7,False
2026-01-12 08:00:00,STATION_E_01,689.85,4.5,False
2026-01-12 09:00:00,STATION_E_01,817.73,5.1,False
2026-01-12 10:00:00,STATION_E_01,836.98,8.8,False
2026-01-12 11:00:00,STATION_E_01,870.56,7.6,False
2026-01-12 12:00:00,STATION_E_01,964.42,9.7,False
2026-01-12 13:00:00,STATION_E_01,947.72,10.6,False
2026-01-12 14:00:00,STATION_E_01,889.59,13.2,False
2026-01-12 15:00:00,STATION_E_01,852.33,11.2,False
2026-01-12 16:00:00,STATION_E_01,878.99,12.3,False
2026-01-12 17:00:00,STATION_E_01,785.57,11.4,False
2026-01-12 18:00:00,STATION_E_01,676.84,11.4,False
2026-01-12 19:00:00,STATION_E_01,601.05,10.2,False
2026-01-12 20:00:00,STATION_E_01,544.33,7.8,False
2026-01-12 21:00:00,STATION_E_01,475.38,4.4,False
2026-01-12 22:00:00,STATION_E_01,405.91,4.8,False
2026-01-12 23:00:00,STATION_E_01,376.35,3.7,False
2026-01-13 00:00:00,STATION_E_01,350.96,2.9,False
2026-01-13 01:00:00,STATION_E_01,347.11,0.8,False
2026-01-13 02:00:00,STATION_E_01,384.2,2.5,False
2026-01-13 03:00:00,STATION_E_01,387.93,1.0,False
2026-01-13 04:00:00,STATION_E_01,434.96,0.1,False
2026-01-13 05:00:00,STATION_E_01,506.26,1.2,False
2026-01-13 06:00:00,STATION_E_01,562.4,4.9,False
2026-01-13 07:00:00,STATION_E_01,650.94,4.5,False
2026-01-13 08:00:00,STATION_E_01,723.84,6.3,False
2026-01-13 09:00:00,STATION_E_01,789.94,5.2,False
2026-01-13 10:00:00,STATION_E_01,928.47,7.1,False
2026-01-13 11:00:00,STATION_E_01,921.0,8.4,False
2026-01-13 12:00:00,STATION_E_01,886.63,10.6,False
2026-01-13 13:00:00,STATION_E_01,943.54,11.1,False
2026-01-13 14:00:00,STATION_E_01,896.19,11.2,False
2026-01-13 15:00:00,STATION_E_01,906.9,11.6,False
2026-01-13 16:00:00,STATION_E_01,806.33,10.9,False
2026-01-13 17:00:00,STATION_E_01,756.77,11.1,False
2026-01-13 18:00:00,STATION_E_01,726.27,11.7,False
2026-01-13 19:00:00,STATION_E_01,665.29,7.5,False
2026-01-13 20:00:00,STATION_E_01,578.03,8.4,False
2026-01-13 21:00:00,STATION_E_01,513.21,8.2,False
2026-01-13 22:00:00,STATION_E_01,444.18,4.9,False
2026-01-13 23:00:00,STATION_E_01,394.87,3.2,False
2026-01-14 00:00:00,STATION_E_01,357.22,3.8,False
2026-01-14 01:00:00,STATION_E_01,363.88,0.6,False
2026-01-14 02:00:00,STATION_E_01,376.76,1.2,False
2026-01-14 03:00:00,STATION_E_01,391.81,-0.2,False
2026-01-14 04:00:00,STATION_E_01,436.95,-1.0,False
2026-01-14 05:00:00,STATION_E_01,526.56,1.6,False
2026-01-14 06:00:00,STATION_E_01,568.29,1.2,False
2026-01-14 07:00:00,STATION_E_01,645.44,3.8,False
2026-01-14 08:00:00,STATION_E_01,730.97,6.5,False
2026-01-14 09:00:00,STATION_E_01,786.06,8.8,False
2026-01-14 10:00:00,STATION_E_01,824.49,8.1,False
2026-01-14 11:00:00,STATION_E_01,906.86,10.6,False
2026-01-14 12:00:00,STATION_E_01,922.82,11.0,False
2026-01-14 13:00:00,STATION_E_01,994.29,10.9,False
2026-01-14 14:00:00,STATION_E_01,949.8,9.6,False
2026-01-14 15:00:00,STATION_E_01,876.77,14.1,False
2026-01-14 16:00:00,STATION_E_01,871.13,10.7,False
2026-01-14 17:00:00,STATION_E_01,797.99,13.0,False
2026-01-14 18:00:00,STATION_E_01,752.6,11.1,False
2026-01-14 19:00:00,STATION_E_01,632.79,8.2,False
2026-01-14 20:00:00,STATION_E_01,573.37,8.4,False
2026-01-14 21:00:00,STATION_E_01,497.97,9.2,False
2026-01-14 22:00:00,STATION_E_01,440.56,7.0,False
2026-01-14 23:00:00,STATION_E_01,381.4,3.3,False
2026-01-15 00:00:00,STATION_E_01,371.99,1.9,False
2026-01-15 01:00:00,STATION_E_01,359.98,2.0,False
2026-01-15 02:00:00,STATION_E_01,381.13,1.1,False
2026-01-15 03:00:00,STATION_E_01,393.63,2.6,False
2026-01-15 04:00:00,STATION_E_01,433.62,2.2,False
2026-01-15 05:00:00,STATION_E_01,513.98,-0.1,False
2026-01-15 06:00:00,STATION_E_01,554.42,3.3,False
2026-01-15 07:00:00,STATION_E_01,670.03,3.7,False
2026-01-15 08:00:00,STATION_E_01,748.1,5.3,False
2026-01-15 09:00:00,STATION_E_01,825.75,7.0,False
2026-01-15 10:00:00,STATION_E_01,862.44,9.5,False
2026-01-15 11:00:00,STATION_E_01,882.22,10.6,False
2026-01-15 12:00:00,STATION_E_01,930.18,9.7,False
2026-01-15 13:00:00,STATION_E_01,949.11,11.4,False
2026-01-15 14:00:00,STATION_E_01,908.68,11.5,False
2026-01-15 15:00:00,STATION_E_01,939.81,10.2,False
2026-01-15 16:00:00,STATION_E_01,869.1,11.9,False
2026-01-15 17:00:00,STATION_E_01,766.95,13.7,False
2026-01-15 18:00:00,STATION_E_01,769.17,8.5,False
2026-01-15 19:00:00,STATION_E_01,648.62,9.4,False
2026-01-15 20:00:00,STATION_E_01,549.32,8.1,False
2026-01-15 21:00:00,STATION_E_01,486.52,7.1,False
2026-01-15 22:00:00,STATION_E_01,463.83,4.1,False
2026-01-15 23:00:00,STATION_E_01,419.89,2.3,False
2026-01-16 00:00:00,STATION_E_01,378.57,1.2,False
2026-01-16 01:00:00,STATION_E_01,372.2,3.6,False
2026-01-16 02:00:00,STATION_E_01,381.31,0.2,False
2026-01-16 03:00:00,STATION_E_01,402.56,0.6,False
2026-01-16 04:00:00,STATION_E_01,446.26,4.0,False
2026-01-16 05:00:00,STATION_E_01,511.02,1.1,False
2026-01-16 06:00:00,STATION_E_01,586.58,3.3,False
2026-01-16 07:00:00,STATION_E_01,630.5,5.3,False
2026-01-16 08:00:00,STATION_E_01,741.3,6.5,False
2026-01-16 09:00:00,STATION_E_01,833.62,5.2,False
2026-01-16 10:00:00,STATION_E_01,847.4,7.3,False
2026-01-16 11:00:00,STATION_E_01,890.11,9.9,False
2026-01-16 12:00:00,STATION_E_01,944.7,13.0,False
2026-01-16 13:00:00,STATION_E_01,917.88,10.6,False
2026-01-16 14:00:00,STATION_E_01,886.58,11.5,False
2026-01-16 15:00:00,STATION_E_01,936.56,12.8,False
2026-01-16 16:00:00,STATION_E_01,840.68,12.8,False
2026-01-16 17:00:00,STATION_E_01,794.37,12.4,False
2026-01-16 18:00:00,STATION_E_01,708.16,9.7,False
2026-01-16 19:00:00,STATION_E_01,677.16,8.9,False
2026-01-16 20:00:00,STATION_E_01,589.87,8.5,False
2026-01-16 21:00:00,STATION_E_01,498.23,8.3,False
2026-01-16 22:00:00,STATION_E_01,423.84,5.1,False
2026-01-16 23:00:00,STATION_E_01,390.96,4.0,False
2026-01-17 00:00:00,STATION_E_01,329.1,1.7,False
2026-01-17 01:00:00,STATION_E_01,316.02,4.3,False
2026-01-17 02:00:00,STATION_E_01,323.97,1.7,False
2026-01-17 03:00:00,STATION_E_01,351.02,2.6,False
2026-01-17 04:00:00,STATION_E_01,399.65,1.6,False
2026-01-17 05:00:00,STATION_E_01,441.93,2.2,False
2026-01-17 06:00:00,STATION_E_01,512.56,1.1,False
2026-01-17 07:00:00,STATION_E_01,551.47,1.5,False
2026-01-17 08:00:00,STATION_E_01,694.81,6.9,False
2026-01-17 09:00:00,STATION_E_01,692.93,6.9,False
2026-01-17 10:00:00,STATION_E_01,758.58,8.5,False
2026-01-17 11:00:00,STATION_E_01,809.91,8.1,False
2026-01-17 12:00:00,STATION_E_01,808.16,9.7,False
2026-01-17 13:00:00,STATION_E_01,829.04,12.9,False
2026-01-17 14:00:00,STATION_E_01,820.01,14.3,False
2026-01-17 15:00:00,STATION_E_01,769.11,11.6,False
2026-01-17 16:00:00,STATION_E_01,765.3,13.0,False
2026-01-17 17:00:00,STATION_E_01,660.09,11.9,False
2026-01-17 18:00:00,STATION_E_01,677.7,10.6,False
2026-01-17 19:00:00,STATION_E_01,587.86,11.9,False
2026-01-17 20:00:00,STATION_E_01,516.73,7.8,False
2026-01-17 21:00:00,STATION_E_01,416.44,8.4,False
2026-01-17 22:00:00,STATION_E_01,379.29,5.9,False
2026-01-17 23:00:00,STATION_E_01,366.22,4.1,False
2026-01-18 00:00:00,STATION_E_01,370.56,4.7,False
2026-01-18 01:00:00,STATION_E_01,327.97,2.5,False
2026-01-18 02:00:00,STATION_E_01,335.37,1.5,False
2026-01-18 03:00:00,STATION_E_01,355.82,3.1,False
2026-01-18 04:00:00,STATION_E_01,378.8,3.1,False
2026-01-18 05:00:00,STATION_E_01,459.25,3.6,False
2026-01-18 06:00:00,STATION_E_01,486.5,-1.6,False
2026-01-18 07:00:00,STATION_E_01,548.5,4.7,False
2026-01-18 08:00:00,STATION_E_01,611.05,5.8,False
2026-01-18 09:00:00,STATION_E_01,725.77,6.9,False
2026-01-18 10:00:00,STATION_E_01,753.77,9.1,False
2026-01-18 11:00:00,STATION_E_01,799.16,10.0,False
2026-01-18 12:00:00,STATION_E_01,821.76,11.7,False
2026-01-18 13:00:00,STATION_E_01,798.34,11.4,False
2026-01-18 14:00:00,STATION_E_01,803.09,14.1,False
2026-01-18 15:00:00,STATION_E_01,779.41,13.4,False
2026-01-18 16:00:00,STATION_E_01,718.63,12.9,False
2026-01-18 17:00:00,STATION_E_01,690.05,12.3,False
2026-01-18 18:00:00,STATION_E_01,616.05,12.3,False
2026-01-18 19:00:00,STATION_E_01,585.15,11.0,False
2026-01-18 20:00:00,STATION_E_01,518.54,8.3,False
2026-01-18 21:00:00,STATION_E_01,424.48,8.2,False
2026-01-18 22:00:00,STATION_E_01,387.12,5.8,False
2026-01-18 23:00:00,STATION_E_01,372.94,6.6,False
2026-01-19 00:00:00,STATION_E_01,356.02,4.4,False
2026-01-19 01:00:00,STATION_E_01,364.07,1.5,False
2026-01-19 02:00:00,STATION_E_01,370.12,4.5,False
2026-01-19 03:00:00,STATION_E_01,413.36,-1.0,False
2026-01-19 04:00:00,STATION_E_01,,2.5,False
2026-01-19 05:00:00,STATION_E_01,498.06,1.4,False
2026-01-19 06:00:00,STATION_E_01,577.93,5.4,False
2026-01-19 07:00:00,STATION_E_01,654.52,4.6,False
2026-01-19 08:00:00,STATION_E_01,726.42,4.7,False
2026-01-19 09:00:00,STATION_E_01,762.77,6.7,False
2026-01-19 10:00:00,STATION_E_01,898.08,7.6,False
2026-01-19 11:00:00,STATION_E_01,941.29,9.4,False
2026-01-19 12:00:00,STATION_E_01,902.65,10.5,False
2026-01-19 13:00:00,STATION_E_01,937.04,10.9,False
2026-01-19 14:00:00,STATION_E_01,929.72,12.7,False
2026-01-19 15:00:00,STATION_E_01,871.09,13.0,False
2026-01-19 16:00:00,STATION_E_01,804.95,11.2,False
2026-01-19 17:00:00,STATION_E_01,781.64,9.8,False
2026-01-19 18:00:00,STATION_E_01,720.49,11.3,False
2026-01-19 19:00:00,STATION_E_01,620.59,10.5,False
2026-01-19 20:00:00,STATION_E_01,581.08,9.4,False
2026-01-19 21:00:00,STATION_E_01,527.24,7.8,False
2026-01-19 22:00:00,STATION_E_01,458.88,7.6,False
2026-01-19 23:00:00,STATION_E_01,397.27,5.5,False
2026-01-20 00:00:00,STATION_E_01,345.87,6.4,False
2026-01-20 01:00:00,STATION_E_01,368.71,6.1,False
2026-01-20 02:00:00,STATION_E_01,371.67,-0.3,False
2026-01-20 03:00:00,STATION_E_01,405.15,-1.0,False
2026-01-20 04:00:00,STATION_E_01,476.28,1.8,False
2026-01-20 05:00:00,STATION_E_01,492.44,3.0,False
2026-01-20 06:00:00,STATION_E_01,519.99,3.1,False
2026-01-20 07:00:00,STATION_E_01,630.32,5.2,False
2026-01-20 08:00:00,STATION_E_01,743.18,5.4,False
2026-01-20 09:00:00,STATION_E_01,802.64,6.3,False
2026-01-20 10:00:00,STATION_E_01,826.27,7.9,False
2026-01-20 11:00:00,STATION_E_01,864.69,9.7,False
2026-01-20 12:00:00,STATION_E_01,927.79,12.1,False
2026-01-20 13:00:00,STATION_E_01,908.18,11.3,False
2026-01-20 14:00:00,STATION_E_01,956.78,12.1,False
2026-01-20 15:00:00,STATION_E_01,897.21,13.4,False
2026-01-20 16:00:00,STATION_E_01,844.62,12.2,False
2026-01-20 17:00:00,STATION_E_01,781.31,13.3,False
2026-01-20 18:00:00,STATION_E_01,738.32,10.0,False
2026-01-20 19:00:00,STATION_E_01,656.32,8.6,False
2026-01-20 20:00:00,STATION_E_01,583.17,9.0,False
2026-01-20 21:00:00,STATION_E_01,511.21,7.7,False
2026-01-20 22:00:00,STATION_E_01,445.83,4.7,False
2026-01-20 23:00:00,STATION_E_01,385.66,6.1,False
2026-01-21 00:00:00,STATION_E_01,361.22,5.6,False
2026-01-21 01:00:00,STATION_E_01,355.7,1.7,False
2026-01-21 02:00:00,STATION_E_01,397.58,3.7,False
2026-01-21 03:00:00,STATION_E_01,381.41,-1.1,False
2026-01-21 04:00:00,STATION_E_01,440.71,3.2,False
2026-01-21 05:00:00,STATION_E_01,510.21,1.4,False
2026-01-21 06:00:00,STATION_E_01,573.58,4.5,False
2026-01-21 07:00:00,STATION_E_01,680.9,3.3,False
2026-01-21 08:00:00,STATION_E_01,724.83,5.7,False
2026-01-21 09:00:00,STATION_E_01,797.47,6.3,False
2026-01-21 10:00:00,STATION_E_01,890.01,8.4,False
2026-01-21 11:00:00,STATION_E_01,970.21,12.2,False
2026-01-21 12:00:00,STATION_E_01,988.41,11.0,False
2026-01-21 13:00:00,STATION_E_01,947.63,14.6,False
2026-01-21 14:00:00,STATION_E_01,940.59,12.1,False
2026-01-21 15:00:00,STATION_E_01,914.29,14.6,False
2026-01-21 16:00:00,STATION_E_01,870.38,10.6,False
2026-01-21 17:00:00,STATION_E_01,780.93,11.7,False
2026-01-21 18:00:00,STATION_E_01,757.62,10.5,False
2026-01-21 19:00:00,STATION_E_01,661.88,11.9,False
2026-01-21 20:00:00,STATION_E_01,579.75,8.9,False
2026-01-21 21:00:00,STATION_E_01,486.72,4.8,False
2026-01-21 22:00:00,STATION_E_01,449.16,4.3,False
2026-01-21 23:00:00,STATION_E_01,374.63,3.3,False
2026-01-22 00:00:00,STATION_E_01,364.14,4.5,False
2026-01-22 01:00:00,STATION_E_01,354.54,3.5,False
2026-01-22 02:00:00,STATION_E_01,375.52,1.6,False
2026-01-22 03:00:00,STATION_E_01,427.81,1.2,False
2026-01-22 04:00:00,STATION_E_01,457.46,2.9,False
2026-01-22 05:00:00,STATION_E_01,535.7,1.2,False
2026-01-22 06:00:00,STATION_E_01,594.44,4.0,False
2026-01-22 07:00:00,STATION_E_01,683.93,5.0,False
2026-01-22 08:00:00,STATION_E_01,782.5,5.6,False
2026-01-22 09:00:00,STATION_E_01,785.6,7.8,False
2026-01-22 10:00:00,STATION_E_01,843.49,8.9,False
2026-01-22 11:00:00,STATION_E_01,936.28,10.7,False
2026-01-22 12:00:00,STATION_E_01,944.45,9.6,False
2026-01-22 13:00:00,STATION_E_01,962.14,12.9,False
2026-01-22 14:00:00,STATION_E_01,936.56,13.9,False
2026-01-22 15:00:00,STATION_E_01,896.18,13.3,False
2026-01-22 16:00:00,STATION_E_01,917.54,13.4,False
2026-01-22 17:00:00,STATION_E_01,775.92,12.0,False
2026-01-22 18:00:00,STATION_E_01,753.24,12.3,False
2026-01-22 19:00:00,STATION_E_01,671.0,10.2,False
2026-01-22 20:00:00,STATION_E_01,550.06,7.4,False
2026-01-22 21:00:00,STATION_E_01,495.92,8.4,False
2026-01-22 22:00:00,STATION_E_01,438.98,4.0,False
2026-01-22 23:00:00,STATION_E_01,410.26,5.0,False
2026-01-23 00:00:00,STATION_E_01,367.93,3.1,False
2026-01-23 01:00:00,STATION_E_01,361.56,2.1,False
2026-01-23 02:00:00,STATION_E_01,353.78,2.3,False
2026-01-23 03:00:00,STATION_E_01,435.25,1.1,False
2026-01-23 04:00:00,STATION_E_01,450.82,2.7,False
2026-01-23 05:00:00,STATION_E_01,520.16,2.7,False
2026-01-23 06:00:00,STATION_E_01,571.86,2.8,False
2026-01-23 07:00:00,STATION_E_01,644.73,6.3,False
2026-01-23 08:00:00,STATION_E_01,786.05,6.3,False
2026-01-23 09:00:00,STATION_E_01,754.21,8.2,False
2026-01-23 10:00:00,STATION_E_01,878.53,10.6,False
2026-01-23 11:00:00,STATION_E_01,878.45,11.9,False
2026-01-23 12:00:00,STATION_E_01,933.71,12.0,False
2026-01-23 13:00:00,STATION_E_01,935.98,11.9,False
2026-01-23 14:00:00,STATION_E_01,914.65,11.1,False
2026-01-23 15:00:00,STATION_E_01,918.9,13.2,False
2026-01-23 16:00:00,STATION_E_01,792.38,14.1,False
2026-01-23 17:00:00,STATION_E_01,800.24,12.7,False
2026-01-23 18:00:00,STATION_E_01,735.23,7.2,False
2026-01-23 19:00:00,STATION_E_01,629.26,11.3,False
2026-01-23 20:00:00,STATION_E_01,614.73,10.0,False
2026-01-23 21:00:00,STATION_E_01,501.5,7.1,False
2026-01-23 22:00:00,STATION_E_01,446.87,7.3,False
2026-01-23 23:00:00,STATION_E_01,395.04,5.5,False
2026-01-24 00:00:00,STATION_E_01,327.94,2.8,False
2026-01-24 01:00:00,STATION_E_01,334.64,4.3,False
2026-01-24 02:00:00,STATION_E_01,357.42,0.7,False
2026-01-24 03:00:00,STATION_E_01,364.42,2.0,False
2026-01-24 04:00:00,STATION_E_01,411.92,2.0,False
2026-01-24 05:00:00,STATION_E_01,478.2,1.8,False
2026-01-24 06:00:00,STATION_E_01,518.81,4.0,False
2026-01-24 07:00:00,STATION_E_01,614.2,6.4,False
2026-01-24 08:00:00,STATION_E_01,668.11,7.6,False
2026-01-24 09:00:00,STATION_E_01,716.95,8.4,False
2026-01-24 10:00:00,STATION_E_01,777.13,7.0,False
2026-01-24 11:00:00,STATION_E_01,757.85,8.7,False
2026-01-24 12:00:00,STATION_E_01,844.28,11.7,False
2026-01-24 13:00:00,STATION_E_01,799.11,12.3,False
2026-01-24 14:00:00,STATION_E_01,788.37,12.3,False
2026-01-24 15:00:00,STATION_E_01,815.28,15.4,False
2026-01-24 16:00:00,STATION_E_01,738.27,13.0,False
2026-01-24 17:00:00,STATION_E_01,713.82,13.0,False
2026-01-24 18:00:00,STATION_E_01,653.96,12.7,False
2026-01-24 19:00:00,STATION_E_01,586.72,10.4,False
2026-01-24 20:00:00,STATION_E_01,498.84,12.1,False
2026-01-24 21:00:00,STATION_E_01,466.13,6.5,False
2026-01-24 22:00:00,STATION_E_01,396.37,5.5,False
2026-01-24 23:00:00,STATION_E_01,361.44,3.7,False
2026-01-25 00:00:00,STATION_E_01,315.96,5.6,False
2026-01-25 01:00:00,STATION_E_01,318.85,3.8,False
2026-01-25 02:00:00,STATION_E_01,342.51,1.7,False
2026-01-25 03:00:00,STATION_E_01,368.2,1.1,False
2026-01-25 04:00:00,STATION_E_01,386.78,4.0,False
2026-01-25 05:00:00,STATION_E_01,443.68,3.3,False
2026-01-25 06:00:00,STATION_E_01,497.88,5.5,False
2026-01-25 07:00:00,STATION_E_01,570.36,4.8,False
2026-01-25 08:00:00,STATION_E_01,619.92,6.9,False
2026-01-25 09:00:00,STATION_E_01,711.82,8.0,False
2026-01-25 10:00:00,STATION_E_01,786.84,8.3,False
2026-01-25 11:00:00,STATION_E_01,789.33,10.3,False
2026-01-25 12:00:00,STATION_E_01,835.33,10.1,False
2026-01-25 13:00:00,STATION_E_01,840.5,13.0,False
2026-01-25 14:00:00,STATION_E_01,869.13,13.9,False
2026-01-25 15:00:00,STATION_E_01,794.62,14.4,False
2026-01-25 16:00:00,STATION_E_01,754.79,13.8,False
2026-01-25 17:00:00,STATION_E_01,694.72,12.3,False
2026-01-25 18:00:00,STATION_E_01,626.58,13.5,False
2026-01-25 19:00:00,STATION_E_01,595.38,11.5,False
2026-01-25 20:00:00,STATION_E_01,514.09,10.8,False
2026-01-25 21:00:00,STATION_E_01,454.0,9.5,False
2026-01-25 22:00:00,STATION_E_01,416.47,6.2,False
2026-01-25 23:00:00,STATION_E_01,373.55,5.4,False
2026-01-26 00:00:00,STATION_E_01,354.09,4.8,False
2026-01-26 01:00:00,STATION_E_01,373.88,1.6,False
2026-01-26 02:00:00,STATION_E_01,378.8,1.1,False
2026-01-26 03:00:00,STATION_E_01,399.2,0.7,False
2026-01-26 04:00:00,STATION_E_01,458.56,2.3,False
2026-01-26 05:00:00,STATION_E_01,484.24,2.6,False
2026-01-26 06:00:00,STATION_E_01,617.71,2.2,False
2026-01-26 07:00:00,STATION_E_01,677.15,5.2,False
2026-01-26 08:00:00,STATION_E_01,720.22,6.2,False
2026-01-26 09:00:00,STATION_E_01,798.31,9.2,False
2026-01-26 10:00:00,STATION_E_01,824.82,11.6,False
2026-01-26 11:00:00,STATION_E_01,914.63,11.1,False
2026-01-26 12:00:00,STATION_E_01,938.69,10.8,False
2026-01-26 13:00:00,STATION_E_01,920.37,13.3,False
2026-01-26 14:00:00,STATION_E_01,980.99,13.1,False
2026-01-26 15:00:00,STATION_E_01,966.55,13.0,False
2026-01-26 16:00:00,STATION_E_01,876.86,12.1,False
2026-01-26 17:00:00,STATION_E_01,807.01,12.0,False
2026-01-26 18:00:00,STATION_E_01,754.86,11.5,False
2026-01-26 19:00:00,STATION_E_01,665.6,11.5,False
2026-01-26 20:00:00,STATION_E_01,566.25,9.9,False
2026-01-26 21:00:00,STATION_E_01,504.51,10.0,False
2026-01-26 22:00:00,STATION_E_01,449.56,7.2,False
2026-01-26 23:00:00,STATION_E_01,410.2,5.6,False
2026-01-27 00:00:00,STATION_E_01,376.88,3.6,False
2026-01-27 01:00:00,STATION_E_01,369.27,1.8,False
2026-01-27 02:00:00,STATION_E_01,356.73,1.9,False
2026-01-27 03:00:00,STATION_E_01,416.32,1.5,False
2026-01-27 04:00:00,STATION_E_01,454.63,-0.5,False
2026-01-27 05:00:00,STATION_E_01,562.94,1.9,False
2026-01-27 06:00:00,STATION_E_01,581.21,5.9,False
2026-01-27 07:00:00,STATION_E_01,674.5,5.6,False
2026-01-27 08:00:00,STATION_E_01,818.45,6.0,False
2026-01-27 09:00:00,STATION_E_01,822.74,8.4,False
2026-01-27 10:00:00,STATION_E_01,877.38,7.0,False
2026-01-27 11:00:00,STATION_E_01,895.25,11.0,False
2026-01-27 12:00:00,STATION_E_01,1008.59,13.3,False
2026-01-27 13:00:00,STATION_E_01,928.46,12.5,False
2026-01-27 14:00:00,STATION_E_01,971.91,11.1,False
2026-01-27 15:00:00,STATION_E_01,912.31,12.9,False
2026-01-27 16:00:00,STATION_E_01,874.22,14.8,False
2026-01-27 17:00:00,STATION_E_01,777.16,13.0,False
2026-01-27 18:00:00,STATION_E_01,780.59,10.1,False
2026-01-27 19:00:00,STATION_E_01,661.35,13.5,False
2026-01-27 20:00:00,STATION_E_01,565.03,7.9,False
2026-01-27 21:00:00,STATION_E_01,540.39,7.7,False
2026-01-27 22:00:00,STATION_E_01,447.45,5.3,False
2026-01-27 23:00:00,STATION_E_01,412.53,4.0,False
2026-01-28 00:00:00,STATION_E_01,388.89,3.5,False
2026-01-28 01:00:00,STATION_E_01,373.66,4.0,False
2026-01-28 02:00:00,STATION_E_01,348.8,4.2,False
2026-01-28 03:00:00,STATION_E_01,417.87,2.0,False
2026-01-28 04:00:00,STATION_E_01,454.19,1.5,False
2026-01-28 05:00:00,STATION_E_01,512.18,3.8,False
2026-01-28 06:00:00,STATION_E_01,588.52,4.7,False
2026-01-28 07:00:00,STATION_E_01,631.05,5.5,False
2026-01-28 08:00:00,STATION_E_01,751.72,6.9,False
2026-01-28 09:00:00,STATION_E_01,780.25,7.9,False
2026-01-28 10:00:00,STATION_E_01,872.99,9.6,False
2026-01-28 11:00:00,STATION_E_01,934.84,10.5,False
2026-01-28 12:00:00,STATION_E_01,996.03,13.2,False
2026-01-28 13:00:00,STATION_E_01,942.47,15.5,False
2026-01-28 14:00:00,STATION_E_01,1008.94,13.6,False
2026-01-28 15:00:00,STATION_E_01,961.0,13.5,False
2026-01-28 16:00:00,STATION_E_01,869.14,13.7,False
2026-01-28 17:00:00,STATION_E_01,788.28,12.0,False
2026-01-28 18:00:00,STATION_E_01,709.76,12.9,False
2026-01-28 19:00:00,STATION_E_01,675.99,11.3,False
2026-01-28 20:00:00,STATION_E_01,576.43,9.0,False
2026-01-28 21:00:00,STATION_E_01,540.86,9.1,False
2026-01-28 22:00:00,STATION_E_01,445.84,6.7,False
2026-01-28 23:00:00,STATION_E_01,395.96,4.2,False
2026-01-29 00:00:00,STATION_E_01,381.87,4.6,False
2026-01-29 01:00:00,STATION_E_01,359.69,3.6,False
2026-01-29 02:00:00,STATION_E_01,378.97,3.9,False
2026-01-29 03:00:00,STATION_E_01,423.14,3.6,False
2026-01-29 04:00:00,STATION_E_01,458.88,2.7,False
2026-01-29 05:00:00,STATION_E_01,521.74,2.8,False
2026-01-29 06:00:00,STATION_E_01,596.61,4.2,False
2026-01-29 07:00:00,STATION_E_01,630.78,5.8,False
2026-01-29 08:00:00,STATION_E_01,758.96,7.3,False
2026-01-29 09:00:00,STATION_E_01,826.17,8.5,False
2026-01-29 10:00:00,STATION_E_01,911.8,9.4,False
2026-01-29 11:00:00,STATION_E_01,952.01,12.1,False
2026-01-29 12:00:00,STATION_E_01,955.7,11.2,False
2026-01-29 13:00:00,STATION_E_01,1008.05,15.9,False
2026-01-29 14:00:00,STATION_E_01,952.86,14.4,False
2026-01-29 15:00:00,STATION_E_01,940.72,12.3,False
2026-01-29 16:00:00,STATION_E_01,875.12,13.7,False
2026-01-29 17:00:00,STATION_E_01,835.59,13.9,False
2026-01-29 18:00:00,STATION_E_01,739.65,11.6,False
2026-01-29 19:00:00,STATION_E_01,710.13,9.1,False
2026-01-29 20:00:00,STATION_E_01,635.17,8.4,False
2026-01-29 21:00:00,STATION_E_01,536.38,8.8,False
2026-01-29 22:00:00,STATION_E_01,482.62,4.7,False
2026-01-29 23:00:00,STATION_E_01,387.85,3.7,False
2026-01-30 00:00:00,STATION_E_01,,5.0,False
2026-01-30 01:00:00,STATION_E_01,365.36,3.2,False
2026-01-30 02:00:00,STATION_E_01,380.41,2.1,False
2026-01-30 03:00:00,STATION_E_01,407.27,2.1,False
2026-01-30 04:00:00,STATION_E_01,431.89,1.1,False
2026-01-30 05:00:00,STATION_E_01,541.92,4.0,False
2026-01-30 06:00:00,STATION_E_01,638.72,3.4,False
2026-01-30 07:00:00,STATION_E_01,702.45,4.8,False
2026-01-30 08:00:00,STATION_E_01,779.21,7.2,False
2026-01-30 09:00:00,STATION_E_01,830.27,7.9,False
2026-01-30 10:00:00,STATION_E_01,860.37,8.8,False
2026-01-30 11:00:00,STATION_E_01,937.09,8.6,False
2026-01-30 12:00:00,STATION_E_01,1036.19,12.6,False
2026-01-30 13:00:00,STATION_E_01,963.47,13.1,False
2026-01-30 14:00:00,STATION_E_01,949.91,13.0,False
2026-01-30 15:00:00,STATION_E_01,971.38,12.5,False
2026-01-30 16:00:00,STATION_E_01,923.55,13.6,False
2026-01-30 17:00:00,STATION_E_01,800.02,13.6,False
2026-01-30 18:00:00,STATION_E_01,744.64,12.3,False
2026-01-30 19:00:00,STATION_E_01,661.37,13.0,False
2026-01-30 20:00:00,STATION_E_01,596.31,10.6,False
2026-01-30 21:00:00,STATION_E_01,542.0,8.2,False
2026-01-30 22:00:00,STATION_E_01,446.22,7.8,False
2026-01-30 23:00:00,STATION_E_01,426.7,5.6,False
2026-01-31 00:00:00,STATION_E_01,336.29,4.5,False
2026-01-31 01:00:00,STATION_E_01,352.59,5.1,False
2026-01-31 02:00:00,STATION_E_01,338.91,1.9,False
2026-01-31 03:00:00,STATION_E_01,360.63,2.9,False
2026-01-31 04:00:00,STATION_E_01,412.44,4.5,False
2026-01-31 05:00:00,STATION_E_01,454.2,3.9,False
2026-01-31 06:00:00,STATION_E_01,491.12,4.0,False
2026-01-31 07:00:00,STATION_E_01,588.2,3.6,False
2026-01-31 08:00:00,STATION_E_01,656.42,4.2,False
2026-01-31 09:00:00,STATION_E_01,686.32,10.9,False
2026-01-31 10:00:00,STATION_E_01,780.21,10.2,False
2026-01-31 11:00:00,STATION_E_01,765.07,10.4,False
2026-01-31 12:00:00,STATION_E_01,841.15,12.7,False
2026-01-31 13:00:00,STATION_E_01,868.05,12.0,False
2026-01-31 14:00:00,STATION_E_01,854.59,13.3,False
2026-01-31 15:00:00,STATION_E_01,813.23,12.8,False
2026-01-31 16:00:00,STATION_E_01,780.39,12.0,False
2026-01-31 17:00:00,STATION_E_01,707.51,10.6,False
2026-01-31 18:00:00,STATION_E_01,663.34,10.4,False
2026-01-31 19:00:00,STATION_E_01,595.19,12.4,False
2026-01-31 20:00:00,STATION_E_01,508.32,8.7,False
2026-01-31 21:00:00,STATION_E_01,464.75,9.1,False
2026-01-31 22:00:00,STATION_E_01,408.82,8.2,False
2026-01-31 23:00:00,STATION_E_01,360.55,5.7,False
2026-02-01 00:00:00,STATION_E_01,364.45,4.2,False
2026-02-01 01:00:00,STATION_E_01,325.3,3.8,False
2026-02-01 02:00:00,STATION_E_01,332.77,2.6,False
2026-02-01 03:00:00,STATION_E_01,357.46,4.4,False
2026-02-01 04:00:00,STATION_E_01,391.61,5.4,False
2026-02-01 05:00:00,STATION_E_01,471.91,5.4,False
2026-02-01 06:00:00,STATION_E_01,512.82,2.0,False
2026-02-01 07:00:00,STATION_E_01,582.95,5.2,False
2026-02-01 08:00:00,STATION_E_01,651.6,7.1,False
2026-02-01 09:00:00,STATION_E_01,703.63,9.0,False
2026-02-01 10:00:00,STATION_E_01,736.22,7.8,False
2026-02-01 11:00:00,STATION_E_01,813.52,9.2,False
2026-02-01 12:00:00,STATION_E_01,879.86,14.0,False
2026-02-01 13:00:00,STATION_E_01,868.94,12.6,False
2026-02-01 14:00:00,STATION_E_01,900.6,12.0,False
2026-02-01 15:00:00,STATION_E_01,849.03,12.7,False
2026-02-01 16:00:00,STATION_E_01,799.19,14.3,False
2026-02-01 17:00:00,STATION_E_01,777.46,12.3,False
2026-02-01 18:00:00,STATION_E_01,662.58,12.7,False
2026-02-01 19:00:00,STATION_E_01,596.87,10.1,False
2026-02-01 20:00:00,STATION_E_01,526.04,7.9,False
2026-02-01 21:00:00,STATION_E_01,486.6,10.3,False
2026-02-01 22:00:00,STATION_E_01,406.22,7.6,False
2026-02-01 23:00:00,STATION_E_01,355.37,5.4,False
2026-02-02 00:00:00,STATION_E_01,390.68,4.0,False
2026-02-02 01:00:00,STATION_E_01,361.83,5.6,False
2026-02-02 02:00:00,STATION_E_01,390.04,4.0,False
2026-02-02 03:00:00,STATION_E_01,419.37,4.5,False
2026-02-02 04:00:00,STATION_E_01,458.82,2.6,False
2026-02-02 05:00:00,STATION_E_01,535.47,3.9,False
2026-02-02 06:00:00,STATION_E_01,567.49,5.2,False
2026-02-02 07:00:00,STATION_E_01,681.53,5.2,False
2026-02-02 08:00:00,STATION_E_01,744.41,7.1,False
2026-02-02 09:00:00,STATION_E_01,913.5,7.9,False
2026-02-02 10:00:00,STATION_E_01,898.46,10.5,False
2026-02-02 11:00:00,STATION_E_01,922.5,9.8,False
2026-02-02 12:00:00,STATION_E_01,925.82,13.2,False
2026-02-02 13:00:00,STATION_E_01,1028.18,13.8,False
2026-02-02 14:00:00,STATION_E_01,961.04,13.7,False
2026-02-02 15:00:00,STATION_E_01,916.47,14.7,False
2026-02-02 16:00:00,STATION_E_01,904.7,13.5,False
2026-02-02 17:00:00,STATION_E_01,849.94,12.6,False
2026-02-02 18:00:00,STATION_E_01,774.31,13.2,False
2026-02-02 19:00:00,STATION_E_01,679.02,12.1,False
2026-02-02 20:00:00,STATION_E_01,602.93,9.5,False
2026-02-02 21:00:00,STATION_E_01,530.27,8.0,False
2026-02-02 22:00:00,STATION_E_01,468.24,7.0,False
2026-02-02 23:00:00,STATION_E_01,420.46,5.3,False
2026-02-03 00:00:00,STATION_E_01,398.52,6.6,False
2026-02-03 01:00:00,STATION_E_01,374.19,4.3,False
2026-02-03 02:00:00,STATION_E_01,372.93,3.4,False
2026-02-03 03:00:00,STATION_E_01,412.38,2.1,False
2026-02-03 04:00:00,STATION_E_01,475.31,4.3,False
2026-02-03 05:00:00,STATION_E_01,493.54,3.2,False
2026-02-03 06:00:00,STATION_E_01,562.83,4.0,False
2026-02-03 07:00:00,STATION_E_01,701.28,6.9,False
2026-02-03 08:00:00,STATION_E_01,799.03,7.8,False
2026-02-03 09:00:00,STATION_E_01,795.64,5.7,False
2026-02-03 10:00:00,STATION_E_01,899.09,10.0,False
2026-02-03 11:00:00,STATION_E_01,931.44,11.6,False
2026-02-03 12:00:00,STATION_E_01,966.41,12.2,False
2026-02-03 13:00:00,STATION_E_01,996.39,13.7,False
2026-02-03 14:00:00,STATION_E_01,931.38,11.9,False
2026-02-03 15:00:00,STATION_E_01,908.44,10.9,False
2026-02-03 16:00:00,STATION_E_01,887.07,12.9,False
2026-02-03 17:00:00,STATION_E_01,828.99,13.9,False
2026-02-03 18:00:00,STATION_E_01,729.56,8.8,False
2026-02-03 19:00:00,STATION_E_01,699.14,10.5,False
2026-02-03 20:00:00,STATION_E_01,592.38,7.9,False
2026-02-03 21:00:00,STATION_E_01,519.59,8.5,False
2026-02-03 22:00:00,STATION_E_01,468.6,9.7,False
2026-02-03 23:00:00,STATION_E_01,413.51,5.8,False
2026-02-04 00:00:00,STATION_E_01,396.11,4.8,False
2026-02-04 01:00:00,STATION_E_01,362.2,5.1,False
2026-02-04 02:00:00,STATION_E_01,366.09,3.5,False
2026-02-04 03:00:00,STATION_E_01,411.06,3.1,False
2026-02-04 04:00:00,STATION_E_01,465.29,4.6,False
2026-02-04 05:00:00,STATION_E_01,504.92,4.6,False
2026-02-04 06:00:00,STATION_E_01,572.59,5.3,False
2026-02-04 07:00:00,STATION_E_01,685.58,5.9,False
2026-02-04 08:00:00,STATION_E_01,740.48,7.0,False
2026-02-04 09:00:00,STATION_E_01,792.26,10.0,False
2026-02-04 10:00:00,STATION_E_01,928.64,9.9,False
2026-02-04 11:00:00,STATION_E_01,926.18,13.1,False
2026-02-04 12:00:00,STATION_E_01,1017.23,11.5,False
2026-02-04 13:00:00,STATION_E_01,989.42,15.4,False
2026-02-04 14:00:00,STATION_E_01,988.18,14.8,False
2026-02-04 15:00:00,STATION_E_01,940.53,13.2,False
2026-02-04 16:00:00,STATION_E_01,815.35,14.8,False
2026-02-04 17:00:00,STATION_E_01,802.18,12.9,False
2026-02-04 18:00:00,STATION_E_01,758.14,12.8,False
2026-02-04 19:00:00,STATION_E_01,690.83,11.1,False
2026-02-04 20:00:00,STATION_E_01,564.99,10.2,False
2026-02-04 21:00:00,STATION_E_01,527.77,10.1,False
2026-02-04 22:00:00,STATION_E_01,446.95,8.1,False
2026-02-04 23:00:00,STATION_E_01,419.89,4.8,False
2026-02-05 00:00:00,STATION_E_01,385.58,3.8,False
2026-02-05 01:00:00,STATION_E_01,385.18,4.5,False
2026-02-05 02:00:00,STATION_E_01,400.33,4.0,False
2026-02-05 03:00:00,STATION_E_01,423.35,2.6,False
2026-02-05 04:00:00,STATION_E_01,479.55,5.6,False
2026-02-05 05:00:00,STATION_E_01,522.73,5.2,False
2026-02-05 06:00:00,STATION_E_01,663.02,4.3,False
2026-02-05 07:00:00,STATION_E_01,653.88,5.4,False
2026-02-05 08:00:00,STATION_E_01,748.56,7.3,False
2026-02-05 09:00:00,STATION_E_01,863.28,8.6,False
2026-02-05 10:00:00,STATION_E_01,924.37,11.9,False
2026-02-05 11:00:00,STATION_E_01,965.81,12.9,False
2026-02-05 12:00:00,STATION_E_01,1003.61,12.9,False
2026-02-05 13:00:00,STATION_E_01,918.75,14.6,False
2026-02-05 14:00:00,STATION_E_01,1035.2,15.3,False
2026-02-05 15:00:00,STATION_E_01,943.24,14.6,False
2026-02-05 16:00:00,STATION_E_01,940.53,14.8,False
2026-02-05 17:00:00,STATION_E_01,777.99,14.5,False
2026-02-05 18:00:00,STATION_E_01,770.34,13.5,False
2026-02-05 19:00:00,STATION_E_01,670.42,10.9,False
2026-02-05 20:00:00,STATION_E_01,616.42,9.7,False
2026-02-05 21:00:00,STATION_E_01,536.03,8.7,False
2026-02-05 22:00:00,STATION_E_01,472.42,6.8,False
2026-02-05 23:00:00,STATION_E_01,402.09,4.5,False
2026-02-06 00:00:00,STATION_E_01,386.08,6.0,False
2026-02-06 01:00:00,STATION_E_01,374.02,4.7,False
2026-02-06 02:00:00,STATION_E_01,393.64,2.2,False
2026-02-06 03:00:00,STATION_E_01,432.21,3.3,False
2026-02-06 04:00:00,STATION_E_01,469.21,3.6,False
2026-02-06 05:00:00,STATION_E_01,506.91,4.5,False
2026-02-06 06:00:00,STATION_E_01,607.26,3.9,False
2026-02-06 07:00:00,STATION_E_01,747.38,4.7,False
2026-02-06 08:00:00,STATION_E_01,808.69,8.3,False
2026-02-06 09:00:00,STATION_E_01,751.72,7.3,False
2026-02-06 10:00:00,STATION_E_01,905.0,10.3,False
2026-02-06 11:00:00,STATION_E_01,983.15,11.5,False
2026-02-06 12:00:00,STATION_E_01,976.72,12.9,False
2026-02-06 13:00:00,STATION_E_01,977.61,14.2,False
2026-02-06 14:00:00,STATION_E_01,974.02,16.4,False
2026-02-06 15:00:00,STATION_E_01,970.91,12.7,False
2026-02-06 16:00:00,STATION_E_01,867.27,15.5,False
2026-02-06 17:00:00,STATION_E_01,874.73,10.9,False
2026-02-06 18:00:00,STATION_E_01,763.97,14.7,False
2026-02-06 19:00:00,STATION_E_01,663.26,9.5,False
2026-02-06 20:00:00,STATION_E_01,629.74,13.5,False
2026-02-06 21:00:00,STATION_E_01,502.78,8.7,False
2026-02-06 22:00:00,STATION_E_01,458.57,9.3,False
2026-02-06 23:00:00,STATION_E_01,410.28,7.7,False
2026-02-07 00:00:00,STATION_E_01,366.93,4.8,False
2026-02-07 01:00:00,STATION_E_01,324.13,4.0,False
2026-02-07 02:00:00,STATION_E_01,315.64,2.9,False
2026-02-07 03:00:00,STATION_E_01,361.07,4.7,False
2026-02-07 04:00:00,STATION_E_01,418.38,3.4,False
2026-02-07 05:00:00,STATION_E_01,481.0,3.5,False
2026-02-07 06:00:00,STATION_E_01,576.3,6.0,False
2026-02-07 07:00:00,STATION_E_01,633.95,5.4,False
2026-02-07 08:00:00,STATION_E_01,679.08,7.4,False
2026-02-07 09:00:00,STATION_E_01,717.21,9.4,False
2026-02-07 10:00:00,STATION_E_01,842.0,9.9,False
2026-02-07 11:00:00,STATION_E_01,829.19,11.4,False
2026-02-07 12:00:00,STATION_E_01,847.31,15.0,False
2026-02-07 13:00:00,STATION_E_01,863.86,13.8,False
2026-02-07 14:00:00,STATION_E_01,829.46,14.2,False
2026-02-07 15:00:00,STATION_E_01,826.71,14.6,False
2026-02-07 16:00:00,STATION_E_01,790.72,15.1,False
2026-02-07 17:00:00,STATION_E_01,759.89,12.8,False
2026-02-07 18:00:00,STATION_E_01,666.2,13.7,False
2026-02-07 19:00:00,STATION_E_01,578.15,12.4,False
2026-02-07 20:00:00,STATION_E_01,504.57,8.6,False
2026-02-07 21:00:00,STATION_E_01,472.4,11.5,False
2026-02-07 22:00:00,STATION_E_01,413.66,9.6,False
2026-02-07 23:00:00,STATION_E_01,362.21,5.6,False
2026-02-08 00:00:00,STATION_E_01,336.6,4.1,False
2026-02-08 01:00:00,STATION_E_01,337.48,4.8,False
2026-02-08 02:00:00,STATION_E_01,358.93,2.3,False
2026-02-08 03:00:00,STATION_E_01,359.44,5.5,False
2026-02-08 04:00:00,STATION_E_01,414.17,3.5,False
2026-02-08 05:00:00,STATION_E_01,485.11,6.5,False
2026-02-08 06:00:00,STATION_E_01,520.62,4.5,False
2026-02-08 07:00:00,STATION_E_01,605.44,6.5,False
2026-02-08 08:00:00,STATION_E_01,675.5,9.5,False
2026-02-08 09:00:00,STATION_E_01,708.16,9.0,False
2026-02-08 10:00:00,STATION_E_01,803.49,11.1,False
2026-02-08 11:00:00,STATION_E_01,843.14,13.4,False
2026-02-08 12:00:00,STATION_E_01,886.44,12.6,False
2026-02-08 13:00:00,STATION_E_01,842.42,12.6,False
2026-02-08 14:00:00,STATION_E_01,870.04,13.0,False
2026-02-08 15:00:00,STATION_E_01,883.32,15.6,False
2026-02-08 16:00:00,STATION_E_01,857.42,15.2,False
2026-02-08 17:00:00,STATION_E_01,776.15,15.5,False
2026-02-08 18:00:00,STATION_E_01,649.23,13.0,False
2026-02-08 19:00:00,STATION_E_01,616.13,10.5,False
2026-02-08 20:00:00,STATION_E_01,526.9,8.0,False
2026-02-08 21:00:00,STATION_E_01,474.85,12.9,False
2026-02-08 22:00:00,STATION_E_01,402.5,8.7,False
2026-02-08 23:00:00,STATION_E_01,348.12,6.9,False
2026-02-09 00:00:00,STATION_E_01,385.17,5.9,False
2026-02-09 01:00:00,STATION_E_01,388.94,3.0,False
2026-02-09 02:00:00,STATION_E_01,393.89,3.2,False
2026-02-09 03:00:00,STATION_E_01,426.95,6.1,False
2026-02-09 04:00:00,STATION_E_01,473.96,5.0,False
2026-02-09 05:00:00,STATION_E_01,542.33,3.8,False
2026-02-09 06:00:00,STATION_E_01,621.01,4.1,False
2026-02-09 07:00:00,STATION_E_01,683.52,6.1,False
2026-02-09 08:00:00,STATION_E_01,772.86,7.7,False
2026-02-09 09:00:00,STATION_E_01,897.22,12.0,False
2026-02-09 10:00:00,STATION_E_01,914.58,10.7,False
2026-02-09 11:00:00,STATION_E_01,960.97,10.8,False
2026-02-09 12:00:00,STATION_E_01,994.25,13.3,False
2026-02-09 13:00:00,STATION_E_01,993.74,14.6,False
2026-02-09 14:00:00,STATION_E_01,975.8,13.3,False
2026-02-09 15:00:00,STATION_E_01,966.96,15.5,False
2026-02-09 16:00:00,STATION_E_01,894.53,16.3,False
2026-02-09 17:00:00,STATION_E_01,842.05,14.5,False
2026-02-09 18:00:00,STATION_E_01,750.11,12.5,False
2026-02-09 19:00:00,STATION_E_01,693.66,11.7,False
2026-02-09 20:00:00,STATION_E_01,623.12,9.0,False
2026-02-09 21:00:00,STATION_E_01,531.71,9.4,False
2026-02-09 22:00:00,STATION_E_01,438.18,8.5,False
2026-02-09 23:00:00,STATION_E_01,430.64,5.8,False
2026-02-10 00:00:00,STATION_E_01,392.53,8.0,False
2026-02-10 01:00:00,STATION_E_01,367.1,5.8,False
2026-02-10 02:00:00,STATION_E_01,401.55,2.1,False
2026-02-10 03:00:00,STATION_E_01,401.44,2.0,False
2026-02-10 04:00:00,STATION_E_01,488.87,3.1,False
2026-02-10 05:00:00,STATION_E_01,535.07,6.7,False
2026-02-10 06:00:00,STATION_E_01,562.75,6.8,False
2026-02-10 07:00:00,STATION_E_01,696.26,8.8,False
2026-02-10 08:00:00,STATION_E_01,761.63,8.2,False
2026-02-10 09:00:00,STATION_E_01,831.29,9.4,False
2026-02-10 10:00:00,STATION_E_01,888.86,9.6,False
2026-02-10 11:00:00,STATION_E_01,957.73,12.8,False
2026-02-10 12:00:00,STATION_E_01,976.38,13.3,False
2026-02-10 13:00:00,STATION_E_01,938.73,14.2,False
2026-02-10 14:00:00,STATION_E_01,1037.69,16.9,False
2026-02-10 15:00:00,STATION_E_01,954.2,15.0,False
2026-02-10 16:00:00,STATION_E_01,889.61,16.6,False
2026-02-10 17:00:00,STATION_E_01,815.03,12.5,False
2026-02-10 18:00:00,STATION_E_01,794.31,16.8,False
2026-02-10 19:00:00,STATION_E_01,661.35,12.0,False
2026-02-10 20:00:00,STATION_E_01,615.08,12.0,False
2026-02-10 21:00:00,STATION_E_01,526.09,10.8,False
2026-02-10 22:00:00,STATION_E_01,463.84,7.7,False
2026-02-10 23:00:00,STATION_E_01,406.67,8.0,False
2026-02-11 00:00:00,STATION_E_01,383.39,6.9,False
2026-02-11 01:00:00,STATION_E_01,381.42,4.1,False
2026-02-11 02:00:00,STATION_E_01,395.21,3.6,False
2026-02-11 03:00:00,STATION_E_01,411.56,4.3,False
2026-02-11 04:00:00,STATION_E_01,471.33,4.3,False
2026-02-11 05:00:00,STATION_E_01,554.24,6.7,False
2026-02-11 06:00:00,STATION_E_01,577.2,6.7,False
2026-02-11 07:00:00,STATION_E_01,693.58,6.9,False
2026-02-11 08:00:00,STATION_E_01,748.83,9.1,False
2026-02-11 09:00:00,STATION_E_01,818.68,7.3,False
2026-02-11 10:00:00,STATION_E_01,923.13,10.5,False
2026-02-11 11:00:00,STATION_E_01,946.09,12.9,False
2026-02-11 12:00:00,STATION_E_01,953.4,15.0,False
2026-02-11 13:00:00,STATION_E_01,1053.21,14.8,False
2026-02-11 14:00:00,STATION_E_01,1028.09,16.9,False
2026-02-11 15:00:00,STATION_E_01,899.65,16.4,False
2026-02-11 16:00:00,STATION_E_01,868.12,14.5,False
2026-02-11 17:00:00,STATION_E_01,868.4,14.4,False
2026-02-11 18:00:00,STATION_E_01,767.71,14.2,False
2026-02-11 19:00:00,STATION_E_01,731.1,12.1,False
2026-02-11 20:00:00,STATION_E_01,627.03,13.1,False
2026-02-11 21:00:00,STATION_E_01,544.09,8.5,False
2026-02-11 22:00:00,STATION_E_01,456.8,8.8,False
2026-02-11 23:00:00,STATION_E_01,431.4,8.0,False
2026-02-12 00:00:00,STATION_E_01,375.36,5.6,False
2026-02-12 01:00:00,STATION_E_01,399.75,4.5,False
2026-02-12 02:00:00,STATION_E_01,398.79,4.5,False
2026-02-12 03:00:00,STATION_E_01,412.04,5.4,False
2026-02-12 04:00:00,STATION_E_01,487.4,4.0,False
2026-02-12 05:00:00,STATION_E_01,581.19,3.9,False
2026-02-12 06:00:00,STATION_E_01,609.76,7.4,False
2026-02-12 07:00:00,STATION_E_01,708.91,7.6,False
2026-02-12 08:00:00,STATION_E_01,764.87,9.7,False
2026-02-12 09:00:00,STATION_E_01,854.74,10.8,False
2026-02-12 10:00:00,STATION_E_01,868.74,14.0,False
2026-02-12 11:00:00,STATION_E_01,966.96,14.0,False
2026-02-12 12:00:00,STATION_E_01,999.89,13.0,False
2026-02-12 13:00:00,STATION_E_01,1072.69,15.3,False
2026-02-12 14:00:00,STATION_E_01,935.84,14.6,False
2026-02-12 15:00:00,STATION_E_01,957.88,14.9,False
2026-02-12 16:00:00,STATION_E_01,959.08,13.6,False
2026-02-12 17:00:00,STATION_E_01,845.7,14.4,False
2026-02-12 18:00:00,STATION_E_01,772.77,14.5,False
2026-02-12 19:00:00,STATION_E_01,676.1,12.6,False
2026-02-12 20:00:00,STATION_E_01,595.28,10.1,False
2026-02-12 21:00:00,STATION_E_01,505.33,8.2,False
2026-02-12 22:00:00,STATION_E_01,464.51,11.1,False
2026-02-12 23:00:00,STATION_E_01,410.47,7.6,False
2026-02-13 00:00:00,STATION_E_01,395.54,5.1,False
2026-02-13 01:00:00,STATION_E_01,372.7,5.8,False
2026-02-13 02:00:00,STATION_E_01,387.38,7.3,False
2026-02-13 03:00:00,STATION_E_01,418.64,5.3,False
2026-02-13 04:00:00,STATION_E_01,474.47,1.4,False
2026-02-13 05:00:00,STATION_E_01,530.3,8.5,False
2026-02-13 06:00:00,STATION_E_01,593.13,3.9,False
2026-02-13 07:00:00,STATION_E_01,699.39,7.0,False
2026-02-13 08:00:00,STATION_E_01,807.69,7.3,False
2026-02-13 09:00:00,STATION_E_01,858.22,9.2,False
2026-02-13 10:00:00,STATION_E_01,,11.8,False
2026-02-13 11:00:00,STATION_E_01,965.28,10.3,False
2026-02-13 12:00:00,STATION_E_01,929.09,13.9,False
2026-02-13 13:00:00,STATION_E_01,1006.8,16.2,False
2026-02-13 14:00:00,STATION_E_01,987.11,14.4,False
2026-02-13 15:00:00,STATION_E_01,938.19,13.9,False
2026-02-13 16:00:00,STATION_E_01,895.85,15.2,False
2026-02-13 17:00:00,STATION_E_01,842.83,14.5,False
2026-02-13 18:00:00,STATION_E_01,806.5,13.3,False
2026-02-13 19:00:00,STATION_E_01,724.88,11.4,False
2026-02-13 20:00:00,STATION_E_01,596.9,12.2,False
2026-02-13 21:00:00,STATION_E_01,531.4,10.8,False
2026-02-13 22:00:00,STATION_E_01,467.97,7.4,False
2026-02-13 23:00:00,STATION_E_01,438.36,6.3,False
2026-02-14 00:00:00,STATION_E_01,349.3,6.4,False
2026-02-14 01:00:00,STATION_E_01,339.24,4.2,False
2026-02-14 02:00:00,STATION_E_01,354.13,5.1,False
2026-02-14 03:00:00,STATION_E_01,367.45,6.4,False
2026-02-14 04:00:00,STATION_E_01,439.32,4.8,False
2026-02-14 05:00:00,STATION_E_01,476.65,4.0,False
2026-02-14 06:00:00,STATION_E_01,527.21,6.8,False
2026-02-14 07:00:00,STATION_E_01,610.25,7.2,False
2026-02-14 08:00:00,STATION_E_01,716.54,8.6,False
2026-02-14 09:00:00,STATION_E_01,742.56,10.8,False
2026-02-14 10:00:00,STATION_E_01,838.17,12.5,False
2026-02-14 11:00:00,STATION_E_01,836.59,13.0,False
2026-02-14 12:00:00,STATION_E_01,859.41,14.0,False
2026-02-14 13:00:00,STATION_E_01,,17.5,False
2026-02-14 14:00:00,STATION_E_01,856.24,17.0,False
2026-02-14 15:00:00,STATION_E_01,880.31,16.7,False
2026-02-14 16:00:00,STATION_E_01,821.72,15.7,False
2026-02-14 17:00:00,STATION_E_01,731.35,13.8,False
2026-02-14 18:00:00,STATION_E_01,685.93,15.5,False
2026-02-14 19:00:00,STATION_E_01,604.15,13.2,False
2026-02-14 20:00:00,STATION_E_01,550.95,11.0,False
2026-02-14 21:00:00,STATION_E_01,509.04,10.0,False
2026-02-14 22:00:00,STATION_E_01,414.66,7.7,False
2026-02-14 23:00:00,STATION_E_01,383.11,8.8,False
2026-02-15 00:00:00,STATION_E_01,348.72,7.2,False
2026-02-15 01:00:00,STATION_E_01,339.29,5.7,False
2026-02-15 02:00:00,STATION_E_01,346.48,4.9,False
2026-02-15 03:00:00,STATION_E_01,364.96,4.0,False
2026-02-15 04:00:00,STATION_E_01,425.31,2.4,False
2026-02-15 05:00:00,STATION_E_01,473.06,3.9,False
2026-02-15 06:00:00,STATION_E_01,527.62,5.5,False
2026-02-15 07:00:00,STATION_E_01,638.66,6.5,False
2026-02-15 08:00:00,STATION_E_01,691.06,9.3,False
2026-02-15 09:00:00,STATION_E_01,749.67,11.3,False
2026-02-15 10:00:00,STATION_E_01,851.43,11.6,False
2026-02-15 11:00:00,STATION_E_01,802.39,14.8,False
2026-02-15 12:00:00,STATION_E_01,924.77,13.3,False
2026-02-15 13:00:00,STATION_E_01,867.32,15.0,False
2026-02-15 14:00:00,STATION_E_01,892.07,15.6,False
2026-02-15 15:00:00,STATION_E_01,840.2,17.2,False
2026-02-15 16:00:00,STATION_E_01,787.51,15.8,False
2026-02-15 17:00:00,STATION_E_01,791.12,15.3,False
2026-02-15 18:00:00,STATION_E_01,734.2,12.3,False
2026-02-15 19:00:00,STATION_E_01,612.77,12.1,False
2026-02-15 20:00:00,STATION_E_01,552.09,13.1,False
2026-02-15 21:00:00,STATION_E_01,479.66,7.9,False
2026-02-15 22:00:00,STATION_E_01,446.69,10.6,False
2026-02-15 23:00:00,STATION_E_01,349.16,8.3,False
2026-02-16 00:00:00,STATION_E_01,313.7,5.6,True
2026-02-16 01:00:00,STATION_E_01,293.58,4.7,True
2026-02-16 02:00:00,STATION_E_01,284.14,7.4,True
2026-02-16 03:00:00,STATION_E_01,330.12,6.6,True
2026-02-16 04:00:00,STATION_E_01,397.72,5.0,True
2026-02-16 05:00:00,STATION_E_01,414.92,5.9,True
2026-02-16 06:00:00,STATION_E_01,497.59,5.8,True
2026-02-16 07:00:00,STATION_E_01,571.07,7.9,True
2026-02-16 08:00:00,STATION_E_01,611.7,8.2,True
2026-02-16 09:00:00,STATION_E_01,674.36,10.4,True
2026-02-16 10:00:00,STATION_E_01,679.29,14.1,True
2026-02-16 11:00:00,STATION_E_01,742.89,13.1,True
2026-02-16 12:00:00,STATION_E_01,811.69,13.1,True
2026-02-16 13:00:00,STATION_E_01,796.9,13.6,True
2026-02-16 14:00:00,STATION_E_01,797.0,16.0,True
2026-02-16 15:00:00,STATION_E_01,765.86,15.1,True
2026-02-16 16:00:00,STATION_E_01,778.64,16.1,True
2026-02-16 17:00:00,STATION_E_01,661.97,13.3,True
2026-02-16 18:00:00,STATION_E_01,647.04,15.3,True
2026-02-16 19:00:00,STATION_E_01,551.33,12.0,True
2026-02-16 20:00:00,STATION_E_01,513.66,12.0,True
2026-02-16 21:00:00,STATION_E_01,407.15,10.1,True
2026-02-16 22:00:00,STATION_E_01,376.69,11.2,True
2026-02-16 23:00:00,STATION_E_01,330.43,8.0,True
2026-02-17 00:00:00,STATION_E_01,311.92,9.0,True
2026-02-17 01:00:00,STATION_E_01,314.94,6.5,True
2026-02-17 02:00:00,STATION_E_01,314.58,7.0,True
2026-02-17 03:00:00,STATION_E_01,349.51,4.8,True
2026-02-17 04:00:00,STATION_E_01,365.72,5.7,True
2026-02-17 05:00:00,STATION_E_01,413.49,7.3,True
2026-02-17 06:00:00,STATION_E_01,485.69,7.8,True
2026-02-17 07:00:00,STATION_E_01,548.72,8.5,True
2026-02-17 08:00:00,STATION_E_01,609.54,8.8,True
2026-02-17 09:00:00,STATION_E_01,650.65,10.4,True
2026-02-17 10:00:00,STATION_E_01,754.93,13.4,True
2026-02-17 11:00:00,STATION_E_01,754.22,15.0,True
2026-02-17 12:00:00,STATION_E_01,828.08,13.8,True
2026-02-17 13:00:00,STATION_E_01,797.59,14.5,True
2026-02-17 14:00:00,STATION_E_01,806.79,14.9,True
2026-02-17 15:00:00,STATION_E_01,779.16,17.2,True
2026-02-17 16:00:00,STATION_E_01,704.08,14.9,True
2026-02-17 17:00:00,STATION_E_01,682.47,16.4,True
2026-02-17 18:00:00,STATION_E_01,655.63,15.2,True
2026-02-17 19:00:00,STATION_E_01,555.01,12.8,True
2026-02-17 20:00:00,STATION_E_01,501.47,14.0,True
2026-02-17 21:00:00,STATION_E_01,436.81,8.9,True
2026-02-17 22:00:00,STATION_E_01,379.25,11.3,True
2026-02-17 23:00:00,STATION_E_01,338.09,8.3,True
2026-02-18 00:00:00,STATION_E_01,317.15,4.3,True
2026-02-18 01:00:00,STATION_E_01,310.87,7.9,True
2026-02-18 02:00:00,STATION_E_01,296.52,6.6,True
2026-02-18 03:00:00,STATION_E_01,338.95,4.7,True
2026-02-18 04:00:00,STATION_E_01,373.04,4.3,True
2026-02-18 05:00:00,STATION_E_01,420.98,4.1,True
2026-02-18 06:00:00,STATION_E_01,508.72,9.8,True
2026-02-18 07:00:00,STATION_E_01,536.72,6.9,True
2026-02-18 08:00:00,STATION_E_01,585.06,7.8,True
2026-02-18 09:00:00,STATION_E_01,693.74,11.1,True
2026-02-18 10:00:00,STATION_E_01,690.26,10.2,True
2026-02-18 11:00:00,STATION_E_01,714.18,12.4,True
2026-02-18 12:00:00,STATION_E_01,815.85,15.9,True
2026-02-18 13:00:00,STATION_E_01,803.69,16.1,True
2026-02-18 14:00:00,STATION_E_01,803.97,15.6,True
2026-02-18 15:00:00,STATION_E_01,754.32,16.3,True
2026-02-18 16:00:00,STATION_E_01,691.61,15.6,True
2026-02-18 17:00:00,STATION_E_01,647.48,15.5,True
2026-02-18 18:00:00,STATION_E_01,609.86,13.8,True
2026-02-18 19:00:00,STATION_E_01,526.99,12.9,True
2026-02-18 20:00:00,STATION_E_01,492.61,11.5,True
2026-02-18 21:00:00,STATION_E_01,420.63,10.0,True
2026-02-18 22:00:00,STATION_E_01,378.61,10.7,True
2026-02-18 23:00:00,STATION_E_01,338.58,9.0,True
2026-02-19 00:00:00,STATION_E_01,316.2,5.9,True
2026-02-19 01:00:00,STATION_E_01,308.85,4.7,True
2026-02-19 02:00:00,STATION_E_01,308.29,5.4,True
2026-02-19 03:00:00,STATION_E_01,339.06,8.0,True
2026-02-19 04:00:00,STATION_E_01,379.52,4.3,True
2026-02-19 05:00:00,STATION_E_01,391.53,5.9,True
2026-02-19 06:00:00,STATION_E_01,498.92,7.1,True
2026-02-19 07:00:00,STATION_E_01,555.15,8.0,True
2026-02-19 08:00:00,STATION_E_01,628.81,8.9,True
2026-02-19 09:00:00,STATION_E_01,646.17,12.3,True
2026-02-19 10:00:00,STATION_E_01,720.16,12.9,True
2026-02-19 11:00:00,STATION_E_01,738.46,14.7,True
2026-02-19 12:00:00,STATION_E_01,813.37,15.5,True
2026-02-19 13:00:00,STATION_E_01,761.86,16.8,True
2026-02-19 14:00:00,STATION_E_01,767.11,18.2,True
2026-02-19 15:00:00,STATION_E_01,782.48,18.0,True
2026-02-19 16:00:00,STATION_E_01,712.61,19.1,True
2026-02-19 17:00:00,STATION_E_01,655.21,17.2,True
2026-02-19 18:00:00,STATION_E_01,636.87,14.1,True
2026-02-19 19:00:00,STATION_E_01,571.29,14.7,True
2026-02-19 20:00:00,STATION_E_01,500.95,13.3,True
2026-02-19 21:00:00,STATION_E_01,441.36,13.3,True
2026-02-19 22:00:00,STATION_E_01,374.06,8.4,True
2026-02-19 23:00:00,STATION_E_01,335.18,8.9,True
2026-02-20 00:00:00,STATION_E_01,305.67,6.3,True
2026-02-20 01:00:00,STATION_E_01,306.1,6.9,True
2026-02-20 02:00:00,STATION_E_01,307.05,5.4,True
2026-02-20 03:00:00,STATION_E_01,332.62,6.1,True
2026-02-20 04:00:00,STATION_E_01,385.28,4.0,True
2026-02-20 05:00:00,STATION_E_01,446.77,7.2,True
2026-02-20 06:00:00,STATION_E_01,495.93,7.4,True
2026-02-20 07:00:00,STATION_E_01,588.41,8.5,True
2026-02-20 08:00:00,STATION_E_01,602.93,12.0,True
2026-02-20 09:00:00,STATION_E_01,634.72,10.6,True
2026-02-20 10:00:00,STATION_E_01,748.3,12.9,True
2026-02-20 11:00:00,STATION_E_01,748.94,13.9,True
2026-02-20 12:00:00,STATION_E_01,787.1,15.2,True
2026-02-20 13:00:00,STATION_E_01,753.53,18.5,True
2026-02-20 14:00:00,STATION_E_01,769.86,16.5,True
2026-02-20 15:00:00,STATION_E_01,729.56,15.9,True
2026-02-20 16:00:00,STATION_E_01,719.4,18.7,True
2026-02-20 17:00:00,STATION_E_01,669.55,15.5,True
2026-02-20 18:00:00,STATION_E_01,620.79,13.1,True
2026-02-20 19:00:00,STATION_E_01,578.39,13.0,True
2026-02-20 20:00:00,STATION_E_01,501.43,11.1,True
2026-02-20 21:00:00,STATION_E_01,405.31,9.0,True
2026-02-20 22:00:00,STATION_E_01,386.12,9.3,True
2026-02-20 23:00:00,STATION_E_01,339.77,8.3,True
2026-02-21 00:00:00,STATION_E_01,274.98,8.7,True
2026-02-21 01:00:00,STATION_E_01,268.26,7.1,True
2026-02-21 02:00:00,STATION_E_01,277.96,6.6,True
2026-02-21 03:00:00,STATION_E_01,290.74,4.6,True
2026-02-21 04:00:00,STATION_E_01,330.79,6.9,True
2026-02-21 05:00:00,STATION_E_01,394.14,8.1,True
2026-02-21 06:00:00,STATION_E_01,420.87,7.8,True
2026-02-21 07:00:00,STATION_E_01,470.83,9.0,True
2026-02-21 08:00:00,STATION_E_01,544.2,8.3,True
2026-02-21 09:00:00,STATION_E_01,574.77,12.5,True
2026-02-21 10:00:00,STATION_E_01,605.22,14.8,True
2026-02-21 11:00:00,STATION_E_01,670.88,14.4,True
2026-02-21 12:00:00,STATION_E_01,736.65,14.4,True
2026-02-21 13:00:00,STATION_E_01,707.71,15.8,True
2026-02-21 14:00:00,STATION_E_01,705.63,16.0,True
2026-02-21 15:00:00,STATION_E_01,628.7,16.3,True
2026-02-21 16:00:00,STATION_E_01,654.34,17.3,True
2026-02-21 17:00:00,STATION_E_01,600.91,16.4,True
2026-02-21 18:00:00,STATION_E_01,533.24,16.4,True
2026-02-21 19:00:00,STATION_E_01,492.13,14.5,True
2026-02-21 20:00:00,STATION_E_01,434.71,11.7,True
2026-02-21 21:00:00,STATION_E_01,365.03,10.7,True
2026-02-21 22:00:00,STATION_E_01,337.41,9.2,True
2026-02-21 23:00:00,STATION_E_01,311.09,8.3,True
2026-02-22 00:00:00,STATION_E_01,274.41,9.6,True
2026-02-22 01:00:00,STATION_E_01,260.97,8.9,True
2026-02-22 02:00:00,STATION_E_01,274.96,7.0,True
2026-02-22 03:00:00,STATION_E_01,307.64,6.0,True
2026-02-22 04:00:00,STATION_E_01,319.42,4.4,True
2026-02-22 05:00:00,STATION_E_01,387.09,6.8,True
2026-02-22 06:00:00,STATION_E_01,422.32,6.5,True
2026-02-22 07:00:00,STATION_E_01,493.81,10.5,True
2026-02-22 08:00:00,STATION_E_01,535.95,8.0,True
2026-02-22 09:00:00,STATION_E_01,588.05,11.8,True
2026-02-22 10:00:00,STATION_E_01,680.09,11.7,True
2026-02-22 11:00:00,STATION_E_01,647.19,14.1,True
2026-02-22 12:00:00,STATION_E_01,714.8,16.1,True
2026-02-22 13:00:00,STATION_E_01,753.5,17.4,True
2026-02-22 14:00:00,STATION_E_01,719.88,16.6,True
2026-02-22 15:00:00,STATION_E_01,649.32,17.8,True
2026-02-22 16:00:00,STATION_E_01,617.09,15.9,True
2026-02-22 17:00:00,STATION_E_01,584.66,16.5,True
2026-02-22 18:00:00,STATION_E_01,550.34,16.5,True
2026-02-22 19:00:00,STATION_E_01,494.15,14.6,True
2026-02-22 20:00:00,STATION_E_01,413.93,12.2,True
2026-02-22 21:00:00,STATION_E_01,368.43,11.1,True
2026-02-22 22:00:00,STATION_E_01,324.88,11.2,True
2026-02-22 23:00:00,STATION_E_01,297.44,7.4,True
2026-02-23 00:00:00,STATION_E_01,432.07,6.4,False
2026-02-23 01:00:00,STATION_E_01,380.25,7.4,False
2026-02-23 02:00:00,STATION_E_01,390.27,5.6,False
2026-02-23 03:00:00,STATION_E_01,418.97,4.2,False
2026-02-23 04:00:00,STATION_E_01,498.29,7.8,False
2026-02-23 05:00:00,STATION_E_01,553.33,5.4,False
2026-02-23 06:00:00,STATION_E_01,611.98,7.4,False
2026-02-23 07:00:00,STATION_E_01,706.08,8.0,False
2026-02-23 08:00:00,STATION_E_01,776.41,9.7,False
2026-02-23 09:00:00,STATION_E_01,885.32,10.4,False
2026-02-23 10:00:00,STATION_E_01,1031.61,13.8,False
2026-02-23 11:00:00,STATION_E_01,1013.45,14.4,False
2026-02-23 12:00:00,STATION_E_01,1023.21,16.6,False
2026-02-23 13:00:00,STATION_E_01,1013.48,15.6,False
2026-02-23 14:00:00,STATION_E_01,978.48,19.4,False
2026-02-23 15:00:00,STATION_E_01,1020.23,14.8,False
2026-02-23 16:00:00,STATION_E_01,966.04,15.0,False
2026-02-23 17:00:00,STATION_E_01,862.67,18.4,False
2026-02-23 18:00:00,STATION_E_01,833.31,16.0,False
2026-02-23 19:00:00,STATION_E_01,716.58,14.7,False
2026-02-23 20:00:00,STATION_E_01,649.88,13.5,False
2026-02-23 21:00:00,STATION_E_01,560.81,12.3,False
2026-02-23 22:00:00,STATION_E_01,485.33,10.5,False
2026-02-23 23:00:00,STATION_E_01,422.57,7.7,False
2026-02-24 00:00:00,STATION_E_01,402.95,8.7,False
2026-02-24 01:00:00,STATION_E_01,405.69,7.6,False
2026-02-24 02:00:00,STATION_E_01,397.9,8.0,False
2026-02-24 03:00:00,STATION_E_01,444.09,8.2,False
2026-02-24 04:00:00,STATION_E_01,470.14,6.7,False
2026-02-24 05:00:00,STATION_E_01,570.68,5.4,False
2026-02-24 06:00:00,STATION_E_01,640.31,9.9,False
2026-02-24 07:00:00,STATION_E_01,686.78,7.7,False
2026-02-24 08:00:00,STATION_E_01,794.25,10.6,False
2026-02-24 09:00:00,STATION_E_01,907.08,11.3,False
2026-02-24 10:00:00,STATION_E_01,903.71,12.6,False
2026-02-24 11:00:00,STATION_E_01,959.4,15.3,False
2026-02-24 12:00:00,STATION_E_01,1026.6,15.9,False
2026-02-24 13:00:00,STATION_E_01,1117.88,17.1,False
2026-02-24 14:00:00,STATION_E_01,1005.09,16.0,False
2026-02-24 15:00:00,STATION_E_01,1014.46,17.0,False
2026-02-24 16:00:00,STATION_E_01,954.57,16.1,False
2026-02-24 17:00:00,STATION_E_01,861.03,16.2,False
2026-02-24 18:00:00,STATION_E_01,805.88,15.5,False
2026-02-24 19:00:00,STATION_E_01,706.58,16.7,False
2026-02-24 20:00:00,STATION_E_01,626.35,12.8,False
2026-02-24 21:00:00,STATION_E_01,524.08,9.2,False
2026-02-24 22:00:00,STATION_E_01,489.16,12.0,False
2026-02-24 23:00:00,STATION_E_01,452.06,9.5,False
2026-02-25 00:00:00,STATION_E_01,406.84,7.7,False
2026-02-25 01:00:00,STATION_E_01,410.13,6.5,False
2026-02-25 02:00:00,STATION_E_01,414.36,5.3,False
2026-02-25 03:00:00,STATION_E_01,437.54,8.6,False
2026-02-25 04:00:00,STATION_E_01,479.11,6.5,False
2026-02-25 05:00:00,STATION_E_01,547.42,4.9,False
2026-02-25 06:00:00,STATION_E_01,602.27,8.3,False
2026-02-25 07:00:00,STATION_E_01,712.01,10.5,False
2026-02-25 08:00:00,STATION_E_01,806.62,10.6,False
2026-02-25 09:00:00,STATION_E_01,933.5,10.7,False
2026-02-25 10:00:00,STATION_E_01,965.25,12.0,False
2026-02-25 11:00:00,STATION_E_01,968.99,13.5,False
2026-02-25 12:00:00,STATION_E_01,979.7,17.5,False
2026-02-25 13:00:00,STATION_E_01,1035.27,16.5,False
2026-02-25 14:00:00,STATION_E_01,1061.2,15.1,False
2026-02-25 15:00:00,STATION_E_01,991.93,17.8,False
2026-02-25 16:00:00,STATION_E_01,966.3,17.3,False
2026-02-25 17:00:00,STATION_E_01,875.77,16.1,False
2026-02-25 18:00:00,STATION_E_01,823.51,14.5,False
2026-02-25 19:00:00,STATION_E_01,679.39,13.3,False
2026-02-25 20:00:00,STATION_E_01,671.58,14.6,False
2026-02-25 21:00:00,STATION_E_01,536.1,12.2,False
2026-02-25 22:00:00,STATION_E_01,504.43,11.0,False
2026-02-25 23:00:00,STATION_E_01,435.17,9.4,False
2026-02-26 00:00:00,STATION_E_01,405.39,8.4,False
2026-02-26 01:00:00,STATION_E_01,392.7,6.6,False
2026-02-26 02:00:00,STATION_E_01,410.76,6.3,False
2026-02-26 03:00:00,STATION_E_01,446.58,7.8,False
2026-02-26 04:00:00,STATION_E_01,509.29,8.3,False
2026-02-26 05:00:00,STATION_E_01,585.79,5.7,False
2026-02-26 06:00:00,STATION_E_01,643.92,7.8,False
2026-02-26 07:00:00,STATION_E_01,763.73,10.2,False
2026-02-26 08:00:00,STATION_E_01,807.13,12.8,False
2026-02-26 09:00:00,STATION_E_01,916.1,14.1,False
2026-02-26 10:00:00,STATION_E_01,964.33,12.4,False
2026-02-26 11:00:00,STATION_E_01,982.47,16.2,False
2026-02-26 12:00:00,STATION_E_01,1040.79,15.9,False
2026-02-26 13:00:00,STATION_E_01,1063.8,18.0,False
2026-02-26 14:00:00,STATION_E_01,1033.28,18.2,False
2026-02-26 15:00:00,STATION_E_01,1016.62,16.0,False
2026-02-26 16:00:00,STATION_E_01,979.46,18.0,False
2026-02-26 17:00:00,STATION_E_01,882.82,18.0,False
2026-02-26 18:00:00,STATION_E_01,722.37,15.9,False
2026-02-26 19:00:00,STATION_E_01,763.78,14.5,False
2026-02-26 20:00:00,STATION_E_01,630.81,11.6,False
2026-02-26 21:00:00,STATION_E_01,543.09,12.8,False
2026-02-26 22:00:00,STATION_E_01,472.65,10.9,False
2026-02-26 23:00:00,STATION_E_01,435.26,8.2,False
2026-02-27 00:00:00,STATION_E_01,400.01,7.8,False
2026-02-27 01:00:00,STATION_E_01,386.78,7.5,False
2026-02-27 02:00:00,STATION_E_01,398.39,6.1,False
2026-02-27 03:00:00,STATION_E_01,448.8,6.6,False
2026-02-27 04:00:00,STATION_E_01,527.3,4.7,False
2026-02-27 05:00:00,STATION_E_01,575.74,8.9,False
2026-02-27 06:00:00,STATION_E_01,663.18,8.2,False
2026-02-27 07:00:00,STATION_E_01,712.76,8.0,False
2026-02-27 08:00:00,STATION_E_01,809.46,7.7,False
2026-02-27 09:00:00,STATION_E_01,898.21,13.3,False
2026-02-27 10:00:00,STATION_E_01,930.44,14.2,False
2026-02-27 11:00:00,STATION_E_01,989.24,15.1,False
2026-02-27 12:00:00,STATION_E_01,1067.8,17.0,False
2026-02-27 13:00:00,STATION_E_01,1087.97,17.9,False
2026-02-27 14:00:00,STATION_E_01,,17.7,False
2026-02-27 15:00:00,STATION_E_01,962.59,17.3,False
2026-02-27 16:00:00,STATION_E_01,943.16,17.0,False
2026-02-27 17:00:00,STATION_E_01,841.05,17.4,False
2026-02-27 18:00:00,STATION_E_01,809.46,17.7,False
2026-02-27 19:00:00,STATION_E_01,729.66,14.8,False
2026-02-27 20:00:00,STATION_E_01,632.97,15.4,False
2026-02-27 21:00:00,STATION_E_01,565.33,12.6,False
2026-02-27 22:00:00,STATION_E_01,500.42,11.2,False
2026-02-27 23:00:00,STATION_E_01,445.51,12.3,False
2026-02-28 00:00:00,STATION_E_01,344.83,10.3,False
2026-02-28 01:00:00,STATION_E_01,347.14,9.5,False
2026-02-28 02:00:00,STATION_E_01,365.21,5.9,False
2026-02-28 03:00:00,STATION_E_01,410.19,9.3,False
2026-02-28 04:00:00,STATION_E_01,430.17,6.8,False
2026-02-28 05:00:00,STATION_E_01,503.24,7.2,False
2026-02-28 06:00:00,STATION_E_01,580.23,5.8,False
2026-02-28 07:00:00,STATION_E_01,632.81,9.9,False
2026-02-28 08:00:00,STATION_E_01,740.08,9.5,False
2026-02-28 09:00:00,STATION_E_01,813.57,12.7,False
2026-02-28 10:00:00,STATION_E_01,880.8,12.3,False
2026-02-28 11:00:00,STATION_E_01,900.1,17.2,False
2026-02-28 12:00:00,STATION_E_01,990.19,16.8,False
2026-02-28 13:00:00,STATION_E_01,904.59,19.8,False
2026-02-28 14:00:00,STATION_E_01,982.83,16.4,False
2026-02-28 15:00:00,STATION_E_01,910.08,19.7,False
2026-02-28 16:00:00,STATION_E_01,880.17,15.4,False
2026-02-28 17:00:00,STATION_E_01,772.61,17.3,False
2026-02-28 18:00:00,STATION_E_01,733.26,15.4,False
2026-02-28 19:00:00,STATION_E_01,669.84,14.5,False
2026-02-28 20:00:00,STATION_E_01,542.28,13.1,False
2026-02-28 21:00:00,STATION_E_01,491.71,11.2,False
2026-02-28 22:00:00,STATION_E_01,402.5,9.4,False
2026-02-28 23:00:00,STATION_E_01,387.08,9.1,False
2026-03-01 00:00:00,STATION_E_01,350.55,8.6,False
2026-03-01 01:00:00,STATION_E_01,348.43,9.0,False
2026-03-01 02:00:00,STATION_E_01,397.86,7.4,False
2026-03-01 03:00:00,STATION_E_01,413.1,8.3,False
2026-03-01 04:00:00,STATION_E_01,413.44,5.3,False
2026-03-01 05:00:00,STATION_E_01,504.57,7.1,False
2026-03-01 06:00:00,STATION_E_01,580.09,9.4,False
2026-03-01 07:00:00,STATION_E_01,631.21,10.1,False
2026-03-01 08:00:00,STATION_E_01,717.69,9.9,False
2026-03-01 09:00:00,STATION_E_01,790.21,13.5,False
2026-03-01 10:00:00,STATION_E_01,802.58,13.2,False
2026-03-01 11:00:00,STATION_E_01,856.01,14.2,False
2026-03-01 12:00:00,STATION_E_01,922.42,16.9,False
2026-03-01 13:00:00,STATION_E_01,930.01,17.2,False
2026-03-01 14:00:00,STATION_E_01,894.33,17.1,False
2026-03-01 15:00:00,STATION_E_01,863.73,17.3,False
2026-03-01 16:00:00,STATION_E_01,840.15,16.5,False
2026-03-01 17:00:00,STATION_E_01,807.59,16.7,False
2026-03-01 18:00:00,STATION_E_01,712.06,17.7,False
2026-03-01 19:00:00,STATION_E_01,675.88,15.5,False
2026-03-01 20:00:00,STATION_E_01,551.36,15.1,False
2026-03-01 21:00:00,STATION_E_01,499.11,13.1,False
2026-03-01 22:00:00,STATION_E_01,430.77,10.3,False
2026-03-01 23:00:00,STATION_E_01,398.51,7.8,False
2026-03-02 00:00:00,STATION_E_01,399.83,7.5,False
2026-03-02 01:00:00,STATION_E_01,426.95,6.9,False
2026-03-02 02:00:00,STATION_E_01,386.83,6.3,False
2026-03-02 03:00:00,STATION_E_01,470.55,8.2,False
2026-03-02 04:00:00,STATION_E_01,497.53,8.4,False
2026-03-02 05:00:00,STATION_E_01,574.72,10.4,False
2026-03-02 06:00:00,STATION_E_01,672.87,7.7,False
2026-03-02 07:00:00,STATION_E_01,749.5,11.7,False
2026-03-02 08:00:00,STATION_E_01,791.73,13.0,False
2026-03-02 09:00:00,STATION_E_01,910.29,12.3,False
2026-03-02 10:00:00,STATION_E_01,1022.2,14.6,False
2026-03-02 11:00:00,STATION_E_01,980.23,16.8,False
2026-03-02 12:00:00,STATION_E_01,1121.92,16.4,False
2026-03-02 13:00:00,STATION_E_01,1070.0,17.2,False
2026-03-02 14:00:00,STATION_E_01,1028.85,17.2,False
2026-03-02 15:00:00,STATION_E_01,980.42,15.3,False
2026-03-02 16:00:00,STATION_E_01,952.58,18.0,False
2026-03-02 17:00:00,STATION_E_01,831.23,16.5,False
2026-03-02 18:00:00,STATION_E_01,801.5,15.2,False
2026-03-02 19:00:00,STATION_E_01,721.85,15.9,False
2026-03-02 20:00:00,STATION_E_01,619.55,12.3,False
2026-03-02 21:00:00,STATION_E_01,579.52,13.6,False
2026-03-02 22:00:00,STATION_E_01,493.07,11.8,False
2026-03-02 23:00:00,STATION_E_01,434.91,9.4,False
2026-03-03 00:00:00,STATION_E_01,407.39,8.7,False
2026-03-03 01:00:00,STATION_E_01,405.93,6.5,False
2026-03-03 02:00:00,STATION_E_01,413.22,8.3,False
2026-03-03 03:00:00,STATION_E_01,434.07,7.4,False
2026-03-03 04:00:00,STATION_E_01,499.37,7.7,False
2026-03-03 05:00:00,STATION_E_01,564.2,8.5,False
2026-03-03 06:00:00,STATION_E_01,618.72,8.0,False
2026-03-03 07:00:00,STATION_E_01,722.08,8.1,False
2026-03-03 08:00:00,STATION_E_01,831.0,12.4,False
2026-03-03 09:00:00,STATION_E_01,911.65,13.5,False
2026-03-03 10:00:00,STATION_E_01,954.1,13.5,False
2026-03-03 11:00:00,STATION_E_01,1038.15,16.0,False
2026-03-03 12:00:00,STATION_E_01,1011.13,18.1,False
2026-03-03 13:00:00,STATION_E_01,1023.19,18.9,False
2026-03-03 14:00:00,STATION_E_01,1038.04,17.4,False
2026-03-03 15:00:00,STATION_E_01,1067.72,16.5,False
2026-03-03 16:00:00,STATION_E_01,967.93,16.5,False
2026-03-03 17:00:00,STATION_E_01,885.86,17.2,False
2026-03-03 18:00:00,STATION_E_01,859.38,18.4,False
2026-03-03 19:00:00,STATION_E_01,723.0,14.7,False
2026-03-03 20:00:00,STATION_E_01,695.82,13.5,False
2026-03-03 21:00:00,STATION_E_01,555.99,12.0,False
2026-03-03 22:00:00,STATION_E_01,480.46,10.7,False
2026-03-03 23:00:00,STATION_E_01,443.3,10.0,False
2026-03-04 00:00:00,STATION_E_01,409.49,7.4,False
2026-03-04 01:00:00,STATION_E_01,390.57,9.4,False
2026-03-04 02:00:00,STATION_E_01,450.8,7.3,False
2026-03-04 03:00:00,STATION_E_01,451.05,10.3,False
2026-03-04 04:00:00,STATION_E_01,506.5,6.1,False
2026-03-04 05:00:00,STATION_E_01,557.43,10.0,False
2026-03-04 06:00:00,STATION_E_01,632.94,10.6,False
2026-03-04 07:00:00,STATION_E_01,757.48,9.6,False
2026-03-04 08:00:00,STATION_E_01,768.59,11.0,False
2026-03-04 09:00:00,STATION_E_01,860.1,11.8,False
2026-03-04 10:00:00,STATION_E_01,955.85,13.2,False
2026-03-04 11:00:00,STATION_E_01,1064.68,15.6,False
2026-03-04 12:00:00,STATION_E_01,1035.84,16.8,False
2026-03-04 13:00:00,STATION_E_01,1076.38,15.7,False
2026-03-04 14:00:00,STATION_E_01,1050.83,21.0,False
2026-03-04 15:00:00,STATION_E_01,1063.16,18.1,False
2026-03-04 16:00:00,STATION_E_01,911.27,18.3,False
2026-03-04 17:00:00,STATION_E_01,919.76,16.9,False
2026-03-04 18:00:00,STATION_E_01,811.62,16.5,False
2026-03-04 19:00:00,STATION_E_01,755.82,15.3,False
2026-03-04 20:00:00,STATION_E_01,628.37,14.4,False
2026-03-04 21:00:00,STATION_E_01,567.99,12.9,False
2026-03-04 22:00:00,STATION_E_01,497.52,12.5,False
2026-03-04 23:00:00,STATION_E_01,431.3,10.5,False
2026-03-05 00:00:00,STATION_E_01,395.54,9.9,False
2026-03-05 01:00:00,STATION_E_01,394.73,8.2,False
2026-03-05 02:00:00,STATION_E_01,416.07,7.9,False
2026-03-05 03:00:00,STATION_E_01,435.32,7.2,False
2026-03-05 04:00:00,STATION_E_01,493.85,8.9,False
2026-03-05 05:00:00,STATION_E_01,530.48,8.6,False
2026-03-05 06:00:00,STATION_E_01,639.17,8.9,False
2026-03-05 07:00:00,STATION_E_01,759.27,10.0,False
2026-03-05 08:00:00,STATION_E_01,838.67,11.5,False
2026-03-05 09:00:00,STATION_E_01,895.39,13.1,False
2026-03-05 10:00:00,STATION_E_01,974.79,14.4,False
2026-03-05 11:00:00,STATION_E_01,989.55,15.1,False
2026-03-05 12:00:00,STATION_E_01,1111.98,17.8,False
2026-03-05 13:00:00,STATION_E_01,1140.49,18.8,False
2026-03-05 14:00:00,STATION_E_01,1058.45,20.5,False
2026-03-05 15:00:00,STATION_E_01,1111.95,17.8,False
2026-03-05 16:00:00,STATION_E_01,944.12,19.2,False
2026-03-05 17:00:00,STATION_E_01,859.49,15.5,False
2026-03-05 18:00:00,STATION_E_01,798.95,18.0,False
2026-03-05 19:00:00,STATION_E_01,728.27,14.1,False
2026-03-05 20:00:00,STATION_E_01,700.97,13.3,False
2026-03-05 21:00:00,STATION_E_01,563.29,13.5,False
2026-03-05 22:00:00,STATION_E_01,485.47,10.9,False
2026-03-05 23:00:00,STATION_E_01,433.99,9.5,False
2026-03-06 00:00:00,STATION_E_01,431.68,8.6,False
2026-03-06 01:00:00,STATION_E_01,417.99,9.2,False
2026-03-06 02:00:00,STATION_E_01,408.14,6.7,False
2026-03-06 03:00:00,STATION_E_01,418.83,7.6,False
2026-03-06 04:00:00,STATION_E_01,481.05,7.4,False
2026-03-06 05:00:00,STATION_E_01,603.65,9.4,False
2026-03-06 06:00:00,STATION_E_01,664.8,10.3,False
2026-03-06 07:00:00,STATION_E_01,736.48,8.2,False
2026-03-06 08:00:00,STATION_E_01,874.13,13.0,False
2026-03-06 09:00:00,STATION_E_01,962.02,12.4,False
2026-03-06 10:00:00,STATION_E_01,967.69,14.9,False
2026-03-06 11:00:00,STATION_E_01,1020.94,14.8,False
2026-03-06 12:00:00,STATION_E_01,1033.24,17.5,False
2026-03-06 13:00:00,STATION_E_01,1055.49,21.0,False
2026-03-06 14:00:00,STATION_E_01,1000.06,18.7,False
2026-03-06 15:00:00,STATION_E_01,968.68,18.2,False
2026-03-06 16:00:00,STATION_E_01,911.04,18.3,False
2026-03-06 17:00:00,STATION_E_01,935.24,16.2,False
2026-03-06 18:00:00,STATION_E_01,776.41,18.9,False
2026-03-06 19:00:00,STATION_E_01,785.9,16.4,False
2026-03-06 20:00:00,STATION_E_01,633.45,13.4,False
2026-03-06 21:00:00,STATION_E_01,604.95,12.0,False
2026-03-06 22:00:00,STATION_E_01,495.34,11.9,False
2026-03-06 23:00:00,STATION_E_01,424.54,11.6,False
2026-03-07 00:00:00,STATION_E_01,382.64,8.0,False
2026-03-07 01:00:00,STATION_E_01,373.77,9.9,False
2026-03-07 02:00:00,STATION_E_01,354.65,7.9,False
2026-03-07 03:00:00,STATION_E_01,390.84,6.7,False
2026-03-07 04:00:00,STATION_E_01,427.8,7.4,False
2026-03-07 05:00:00,STATION_E_01,500.13,10.6,False
2026-03-07 06:00:00,STATION_E_01,574.8,7.8,False
2026-03-07 07:00:00,STATION_E_01,640.22,9.7,False
2026-03-07 08:00:00,STATION_E_01,677.69,13.0,False
2026-03-07 09:00:00,STATION_E_01,778.05,13.6,False
2026-03-07 10:00:00,STATION_E_01,875.75,13.8,False
2026-03-07 11:00:00,STATION_E_01,894.58,17.2,False
2026-03-07 12:00:00,STATION_E_01,919.75,18.5,False
2026-03-07 13:00:00,STATION_E_01,909.81,18.5,False
2026-03-07 14:00:00,STATION_E_01,910.73,17.9,False
2026-03-07 15:00:00,STATION_E_01,945.99,18.3,False
2026-03-07 16:00:00,STATION_E_01,821.11,19.0,False
2026-03-07 17:00:00,STATION_E_01,814.89,16.6,False
2026-03-07 18:00:00,STATION_E_01,725.69,18.9,False
2026-03-07 19:00:00,STATION_E_01,654.54,18.2,False
2026-03-07 20:00:00,STATION_E_01,558.75,14.5,False
2026-03-07 21:00:00,STATION_E_01,496.87,13.8,False
2026-03-07 22:00:00,STATION_E_01,442.52,13.4,False
2026-03-07 23:00:00,STATION_E_01,389.0,13.0,False
2026-03-08 00:00:00,STATION_E_01,371.33,11.4,False
2026-03-08 01:00:00,STATION_E_01,362.87,6.6,False
2026-03-08 02:00:00,STATION_E_01,395.07,7.7,False
2026-03-08 03:00:00,STATION_E_01,400.24,8.5,False
2026-03-08 04:00:00,STATION_E_01,413.24,7.5,False
2026-03-08 05:00:00,STATION_E_01,523.96,10.8,False
2026-03-08 06:00:00,STATION_E_01,569.93,11.5,False
2026-03-08 07:00:00,STATION_E_01,695.52,9.7,False
2026-03-08 08:00:00,STATION_E_01,762.87,11.9,False
2026-03-08 09:00:00,STATION_E_01,782.04,12.6,False
2026-03-08 10:00:00,STATION_E_01,878.43,14.7,False
2026-03-08 11:00:00,STATION_E_01,884.57,16.0,False
2026-03-08 12:00:00,STATION_E_01,932.76,18.5,False
2026-03-08 13:00:00,STATION_E_01,965.03,17.2,False
2026-03-08 14:00:00,STATION_E_01,969.19,15.7,False
2026-03-08 15:00:00,STATION_E_01,932.03,17.1,False
2026-03-08 16:00:00,STATION_E_01,859.55,17.6,False
2026-03-08 17:00:00,STATION_E_01,866.02,17.5,False
2026-03-08 18:00:00,STATION_E_01,716.97,17.7,False
2026-03-08 19:00:00,STATION_E_01,613.96,15.0,False
2026-03-08 20:00:00,STATION_E_01,546.38,13.5,False
2026-03-08 21:00:00,STATION_E_01,530.29,12.4,False
2026-03-08 22:00:00,STATION_E_01,442.49,10.8,False
2026-03-08 23:00:00,STATION_E_01,399.4,10.2,False
2026-03-09 00:00:00,STATION_E_01,410.2,9.0,False
2026-03-09 01:00:00,STATION_E_01,400.39,9.7,False
2026-03-09 02:00:00,STATION_E_01,406.7,7.1,False
2026-03-09 03:00:00,STATION_E_01,458.97,7.7,False
2026-03-09 04:00:00,STATION_E_01,502.77,7.6,False
2026-03-09 05:00:00,STATION_E_01,582.24,9.8,False
2026-03-09 06:00:00,STATION_E_01,661.65,9.5,False
2026-03-09 07:00:00,STATION_E_01,729.12,12.1,False
2026-03-09 08:00:00,STATION_E_01,784.25,10.8,False
2026-03-09 09:00:00,STATION_E_01,857.81,13.6,False
2026-03-09 10:00:00,STATION_E_01,1079.35,14.4,False
2026-03-09 11:00:00,STATION_E_01,1082.25,14.9,False
2026-03-09 12:00:00,STATION_E_01,1112.24,17.5,False
2026-03-09 13:00:00,STATION_E_01,1048.52,20.5,False
2026-03-09 14:00:00,STATION_E_01,1062.98,18.0,False
2026-03-09 15:00:00,STATION_E_01,1000.05,19.0,False
2026-03-09 16:00:00,STATION_E_01,931.71,17.4,False
2026-03-09 17:00:00,STATION_E_01,888.9,16.7,False
2026-03-09 18:00:00,STATION_E_01,865.67,16.6,False
2026-03-09 19:00:00,STATION_E_01,762.85,15.9,False
2026-03-09 20:00:00,STATION_E_01,632.57,14.6,False
2026-03-09 21:00:00,STATION_E_01,568.1,13.4,False
2026-03-09 22:00:00,STATION_E_01,518.65,10.3,False
2026-03-09 23:00:00,STATION_E_01,443.39,10.2,False
2026-03-10 00:00:00,STATION_E_01,420.32,10.4,False
2026-03-10 01:00:00,STATION_E_01,413.56,7.3,False
2026-03-10 02:00:00,STATION_E_01,424.97,8.0,False
2026-03-10 03:00:00,STATION_E_01,456.64,8.6,False
2026-03-10 04:00:00,STATION_E_01,494.13,7.5,False
2026-03-10 05:00:00,STATION_E_01,563.8,9.4,False
2026-03-10 06:00:00,STATION_E_01,629.46,8.1,False
2026-03-10 07:00:00,STATION_E_01,701.4,12.1,False
2026-03-10 08:00:00,STATION_E_01,825.11,12.8,False
2026-03-10 09:00:00,STATION_E_01,935.03,13.9,False
2026-03-10 10:00:00,STATION_E_01,931.06,16.6,False
2026-03-10 11:00:00,STATION_E_01,1041.35,16.2,False
2026-03-10 12:00:00,STATION_E_01,1094.22,17.0,False
2026-03-10 13:00:00,STATION_E_01,1007.26,20.2,False
2026-03-10 14:00:00,STATION_E_01,1055.1,21.3,False
2026-03-10 15:00:00,STATION_E_01,1091.37,18.5,False
2026-03-10 16:00:00,STATION_E_01,997.82,19.0,False
2026-03-10 17:00:00,STATION_E_01,850.23,19.9,False
2026-03-10 18:00:00,STATION_E_01,848.38,17.6,False
2026-03-10 19:00:00,STATION_E_01,723.39,17.3,False
2026-03-10 20:00:00,STATION_E_01,672.26,16.2,False
2026-03-10 21:00:00,STATION_E_01,561.9,13.2,False
2026-03-10 22:00:00,STATION_E_01,505.68,13.0,False
2026-03-10 23:00:00,STATION_E_01,444.99,11.1,False
2026-03-11 00:00:00,STATION_E_01,420.21,8.5,False
2026-03-11 01:00:00,STATION_E_01,400.69,7.9,False
2026-03-11 02:00:00,STATION_E_01,416.96,7.8,False
2026-03-11 03:00:00,STATION_E_01,435.04,9.5,False
2026-03-11 04:00:00,STATION_E_01,515.63,9.8,False
2026-03-11 05:00:00,STATION_E_01,579.81,10.1,False
2026-03-11 06:00:00,STATION_E_01,619.87,10.6,False
2026-03-11 07:00:00,STATION_E_01,769.57,11.7,False
2026-03-11 08:00:00,STATION_E_01,825.31,12.9,False
2026-03-11 09:00:00,STATION_E_01,916.41,14.4,False
2026-03-11 10:00:00,STATION_E_01,1006.92,15.9,False
2026-03-11 11:00:00,STATION_E_01,1045.86,15.0,False
2026-03-11 12:00:00,STATION_E_01,1111.07,16.9,False
2026-03-11 13:00:00,STATION_E_01,1067.97,17.5,False
2026-03-11 14:00:00,STATION_E_01,1106.41,20.6,False
2026-03-11 15:00:00,STATION_E_01,1038.84,21.5,False
2026-03-11 16:00:00,STATION_E_01,998.7,16.7,False
2026-03-11 17:00:00,STATION_E_01,924.86,20.6,False
2026-03-11 18:00:00,STATION_E_01,867.36,18.0,False
2026-03-11 19:00:00,STATION_E_01,763.42,18.0,False
2026-03-11 20:00:00,STATION_E_01,647.76,16.1,False
2026-03-11 21:00:00,STATION_E_01,564.24,15.8,False
2026-03-11 22:00:00,STATION_E_01,506.95,12.9,False
2026-03-11 23:00:00,STATION_E_01,442.52,9.7,False
2026-03-12 00:00:00,STATION_E_01,405.66,10.0,False
2026-03-12 01:00:00,STATION_E_01,379.26,9.9,False
2026-03-12 02:00:00,STATION_E_01,398.41,8.5,False
2026-03-12 03:00:00,STATION_E_01,486.4,9.4,False
2026-03-12 04:00:00,STATION_E_01,496.46,8.7,False
2026-03-12 05:00:00,STATION_E_01,616.14,8.6,False
2026-03-12 06:00:00,STATION_E_01,667.91,8.9,False
2026-03-12 07:00:00,STATION_E_01,744.21,10.9,False
2026-03-12 08:00:00,STATION_E_01,788.7,12.9,False
2026-03-12 09:00:00,STATION_E_01,913.58,11.8,False
2026-03-12 10:00:00,STATION_E_01,1048.13,14.6,False
2026-03-12 11:00:00,STATION_E_01,1092.97,14.5,False
2026-03-12 12:00:00,STATION_E_01,,17.3,False
2026-03-12 13:00:00,STATION_E_01,1038.16,20.3,False
2026-03-12 14:00:00,STATION_E_01,1034.45,18.0,False
2026-03-12 15:00:00,STATION_E_01,1005.93,20.5,False
2026-03-12 16:00:00,STATION_E_01,1027.62,22.9,False
2026-03-12 17:00:00,STATION_E_01,966.37,20.7,False
2026-03-12 18:00:00,STATION_E_01,838.97,18.2,False
2026-03-12 19:00:00,STATION_E_01,738.49,17.9,False
2026-03-12 20:00:00,STATION_E_01,695.29,14.0,False
2026-03-12 21:00:00,STATION_E_01,558.76,12.3,False
2026-03-12 22:00:00,STATION_E_01,509.98,12.8,False
2026-03-12 23:00:00,STATION_E_01,463.09,11.9,False
2026-03-13 00:00:00,STATION_E_01,409.43,11.6,False
2026-03-13 01:00:00,STATION_E_01,401.63,8.8,False
2026-03-13 02:00:00,STATION_E_01,411.71,9.1,False
2026-03-13 03:00:00,STATION_E_01,478.49,8.9,False
2026-03-13 04:00:00,STATION_E_01,543.49,8.8,False
2026-03-13 05:00:00,STATION_E_01,581.37,9.4,False
2026-03-13 06:00:00,STATION_E_01,654.0,9.3,False
2026-03-13 07:00:00,STATION_E_01,731.61,11.8,False
2026-03-13 08:00:00,STATION_E_01,834.47,13.1,False
2026-03-13 09:00:00,STATION_E_01,897.99,13.7,False
2026-03-13 10:00:00,STATION_E_01,982.04,16.5,False
2026-03-13 11:00:00,STATION_E_01,1053.97,18.3,False
2026-03-13 12:00:00,STATION_E_01,1057.44,19.0,False
2026-03-13 13:00:00,STATION_E_01,1077.04,17.8,False
2026-03-13 14:00:00,STATION_E_01,1065.91,19.7,False
2026-03-13 15:00:00,STATION_E_01,1027.8,18.7,False
2026-03-13 16:00:00,STATION_E_01,970.74,19.7,False
2026-03-13 17:00:00,STATION_E_01,940.8,18.0,False
2026-03-13 18:00:00,STATION_E_01,783.48,19.7,False
2026-03-13 19:00:00,STATION_E_01,789.42,18.0,False
2026-03-13 20:00:00,STATION_E_01,664.25,17.1,False
2026-03-13 21:00:00,STATION_E_01,592.35,15.6,False
2026-03-13 22:00:00,STATION_E_01,523.22,12.6,False
2026-03-13 23:00:00,STATION_E_01,445.47,11.1,False
2026-03-14 00:00:00,STATION_E_01,360.49,12.6,False
2026-03-14 01:00:00,STATION_E_01,349.25,9.4,False
2026-03-14 02:00:00,STATION_E_01,369.26,7.4,False
2026-03-14 03:00:00,STATION_E_01,411.98,10.1,False
2026-03-14 04:00:00,STATION_E_01,440.13,9.2,False
2026-03-14 05:00:00,STATION_E_01,521.64,11.4,False
2026-03-14 06:00:00,STATION_E_01,534.1,10.8,False
2026-03-14 07:00:00,STATION_E_01,650.3,11.6,False
2026-03-14 08:00:00,STATION_E_01,766.11,14.8,False
2026-03-14 09:00:00,STATION_E_01,802.84,12.6,False
2026-03-14 10:00:00,STATION_E_01,843.98,15.1,False
2026-03-14 11:00:00,STATION_E_01,895.38,16.1,False
2026-03-14 12:00:00,STATION_E_01,845.91,15.7,False
2026-03-14 13:00:00,STATION_E_01,922.53,20.2,False
2026-03-14 14:00:00,STATION_E_01,981.4,19.1,False
2026-03-14 15:00:00,STATION_E_01,898.12,21.0,False
2026-03-14 16:00:00,STATION_E_01,855.58,20.2,False
2026-03-14 17:00:00,STATION_E_01,742.35,20.0,False
2026-03-14 18:00:00,STATION_E_01,694.72,17.8,False
2026-03-14 19:00:00,STATION_E_01,687.47,16.3,False
2026-03-14 20:00:00,STATION_E_01,595.77,16.0,False
2026-03-14 21:00:00,STATION_E_01,488.35,15.6,False
2026-03-14 22:00:00,STATION_E_01,440.18,13.0,False
2026-03-14 23:00:00,STATION_E_01,402.53,10.9,False
2026-03-15 00:00:00,STATION_E_01,357.67,9.2,False
2026-03-15 01:00:00,STATION_E_01,337.73,10.0,False
2026-03-15 02:00:00,STATION_E_01,371.29,8.5,False
2026-03-15 03:00:00,STATION_E_01,411.18,8.9,False
2026-03-15 04:00:00,STATION_E_01,459.71,8.9,False
2026-03-15 05:00:00,STATION_E_01,527.68,9.2,False
2026-03-15 06:00:00,STATION_E_01,552.01,11.0,False
2026-03-15 07:00:00,STATION_E_01,662.1,12.5,False
2026-03-15 08:00:00,STATION_E_01,730.86,15.5,False
2026-03-15 09:00:00,STATION_E_01,807.13,15.5,False
2026-03-15 10:00:00,STATION_E_01,864.82,17.9,False
2026-03-15 11:00:00,STATION_E_01,897.4,16.3,False
2026-03-15 12:00:00,STATION_E_01,848.27,16.6,False
2026-03-15 13:00:00,STATION_E_01,997.66,19.3,False
2026-03-15 14:00:00,STATION_E_01,959.59,20.9,False
2026-03-15 15:00:00,STATION_E_01,871.26,20.9,False
2026-03-15 16:00:00,STATION_E_01,886.23,21.4,False
2026-03-15 17:00:00,STATION_E_01,797.55,16.3,False
2026-03-15 18:00:00,STATION_E_01,727.7,20.0,False
2026-03-15 19:00:00,STATION_E_01,643.76,17.8,False
2026-03-15 20:00:00,STATION_E_01,595.54,14.2,False
2026-03-15 21:00:00,STATION_E_01,498.45,15.5,False
2026-03-15 22:00:00,STATION_E_01,433.86,13.4,False
2026-03-15 23:00:00,STATION_E_01,419.9,12.4,False
2026-03-16 00:00:00,STATION_E_01,422.54,12.0,False
2026-03-16 01:00:00,STATION_E_01,411.58,10.4,False
2026-03-16 02:00:00,STATION_E_01,435.6,7.6,False
2026-03-16 03:00:00,STATION_E_01,448.43,9.0,False
2026-03-16 04:00:00,STATION_E_01,504.6,7.4,False
2026-03-16 05:00:00,STATION_E_01,589.43,10.7,False
2026-03-16 06:00:00,STATION_E_01,629.06,12.5,False
2026-03-16 07:00:00,STATION_E_01,758.48,10.5,False
2026-03-16 08:00:00,STATION_E_01,818.17,12.5,False
2026-03-16 09:00:00,STATION_E_01,949.8,13.7,False
2026-03-16 10:00:00,STATION_E_01,1011.43,15.6,False
2026-03-16 11:00:00,STATION_E_01,1061.57,18.0,False
2026-03-16 12:00:00,STATION_E_01,1019.58,18.1,False
2026-03-16 13:00:00,STATION_E_01,1088.05,20.3,False
2026-03-16 14:00:00,STATION_E_01,1036.03,21.3,False
2026-03-16 15:00:00,STATION_E_01,1045.45,21.6,False
2026-03-16 16:00:00,STATION_E_01,912.56,18.7,False
2026-03-16 17:00:00,STATION_E_01,873.14,21.2,False
2026-03-16 18:00:00,STATION_E_01,876.24,20.4,False
2026-03-16 19:00:00,STATION_E_01,763.28,19.4,False
2026-03-16 20:00:00,STATION_E_01,657.6,16.0,False
2026-03-16 21:00:00,STATION_E_01,565.54,13.9,False
2026-03-16 22:00:00,STATION_E_01,494.42,12.2,False
2026-03-16 23:00:00,STATION_E_01,463.29,10.7,False
2026-03-17 00:00:00,STATION_E_01,421.09,10.9,False
2026-03-17 01:00:00,STATION_E_01,437.15,11.1,False
2026-03-17 02:00:00,STATION_E_01,423.54,11.1,False
2026-03-17 03:00:00,STATION_E_01,461.19,8.8,False
2026-03-17 04:00:00,STATION_E_01,489.24,9.5,False
2026-03-17 05:00:00,STATION_E_01,577.2,10.0,False
2026-03-17 06:00:00,STATION_E_01,670.64,10.2,False
2026-03-17 07:00:00,STATION_E_01,744.6,13.0,False
2026-03-17 08:00:00,STATION_E_01,828.07,13.9,False
2026-03-17 09:00:00,STATION_E_01,934.95,15.0,False
2026-03-17 10:00:00,STATION_E_01,1047.54,16.7,False
2026-03-17 11:00:00,STATION_E_01,1054.19,18.4,False
2026-03-17 12:00:00,STATION_E_01,1126.27,19.5,False
2026-03-17 13:00:00,STATION_E_01,1118.4,18.7,False
2026-03-17 14:00:00,STATION_E_01,1124.23,21.3,False
2026-03-17 15:00:00,STATION_E_01,1026.89,20.7,False
2026-03-17 16:00:00,STATION_E_01,988.18,19.7,False
2026-03-17 17:00:00,STATION_E_01,918.54,20.0,False
2026-03-17 18:00:00,STATION_E_01,859.35,19.2,False
2026-03-17 19:00:00,STATION_E_01,776.28,19.0,False
2026-03-17 20:00:00,STATION_E_01,670.35,15.1,False
2026-03-17 21:00:00,STATION_E_01,603.46,16.5,False
2026-03-17 22:00:00,STATION_E_01,504.98,13.6,False
2026-03-17 23:00:00,STATION_E_01,475.44,11.6,False
2026-03-18 00:00:00,STATION_E_01,442.41,10.4,False
2026-03-18 01:00:00,STATION_E_01,425.54,9.0,False
2026-03-18 02:00:00,STATION_E_01,429.32,7.6,False
2026-03-18 03:00:00,STATION_E_01,472.85,10.3,False
2026-03-18 04:00:00,STATION_E_01,499.32,12.1,False
2026-03-18 05:00:00,STATION_E_01,590.03,8.3,False
2026-03-18 06:00:00,STATION_E_01,675.11,10.0,False
2026-03-18 07:00:00,STATION_E_01,721.04,13.2,False
2026-03-18 08:00:00,STATION_E_01,858.41,13.5,False
2026-03-18 09:00:00,STATION_E_01,886.06,16.0,False
2026-03-18 10:00:00,STATION_E_01,982.22,16.3,False
2026-03-18 11:00:00,STATION_E_01,1052.81,17.1,False
2026-03-18 12:00:00,STATION_E_01,1057.7,18.7,False
2026-03-18 13:00:00,STATION_E_01,1100.35,17.0,False
2026-03-18 14:00:00,STATION_E_01,1088.21,19.0,False
2026-03-18 15:00:00,STATION_E_01,,21.7,False
2026-03-18 16:00:00,STATION_E_01,1017.57,21.8,False
2026-03-18 17:00:00,STATION_E_01,902.49,21.5,False
2026-03-18 18:00:00,STATION_E_01,912.9,19.5,False
2026-03-18 19:00:00,STATION_E_01,754.22,15.1,False
2026-03-18 20:00:00,STATION_E_01,641.58,15.8,False
2026-03-18 21:00:00,STATION_E_01,566.66,16.7,False
2026-03-18 22:00:00,STATION_E_01,537.1,15.6,False
2026-03-18 23:00:00,STATION_E_01,455.62,14.0,False
2026-03-19 00:00:00,STATION_E_01,407.79,11.0,False
2026-03-19 01:00:00,STATION_E_01,429.11,8.8,False
2026-03-19 02:00:00,STATION_E_01,422.09,9.8,False
2026-03-19 03:00:00,STATION_E_01,473.0,9.7,False
2026-03-19 04:00:00,STATION_E_01,533.58,11.7,False
2026-03-19 05:00:00,STATION_E_01,592.99,10.7,False
2026-03-19 06:00:00,STATION_E_01,725.82,11.3,False
2026-03-19 07:00:00,STATION_E_01,712.25,12.5,False
2026-03-19 08:00:00,STATION_E_01,822.15,14.2,False
2026-03-19 09:00:00,STATION_E_01,920.43,15.9,False
2026-03-19 10:00:00,STATION_E_01,1078.61,15.7,False
2026-03-19 11:00:00,STATION_E_01,1120.15,16.7,False
2026-03-19 12:00:00,STATION_E_01,1137.1,20.7,False
2026-03-19 13:00:00,STATION_E_01,1069.2,18.0,False
2026-03-19 14:00:00,STATION_E_01,1062.44,22.5,False
2026-03-19 15:00:00,STATION_E_01,1023.67,18.4,False
2026-03-19 16:00:00,STATION_E_01,972.67,19.8,False
2026-03-19 17:00:00,STATION_E_01,978.04,21.2,False
2026-03-19 18:00:00,STATION_E_01,839.98,19.1,False
2026-03-19 19:00:00,STATION_E_01,755.94,16.4,False
2026-03-19 20:00:00,STATION_E_01,688.76,17.2,False
2026-03-19 21:00:00,STATION_E_01,554.02,15.3,False
2026-03-19 22:00:00,STATION_E_01,518.53,13.6,False
2026-03-19 23:00:00,STATION_E_01,445.54,11.8,False
2026-03-20 00:00:00,STATION_E_01,424.82,11.3,False
2026-03-20 01:00:00,STATION_E_01,409.07,9.8,False
2026-03-20 02:00:00,STATION_E_01,419.74,12.9,False
2026-03-20 03:00:00,STATION_E_01,467.17,9.5,False
2026-03-20 04:00:00,STATION_E_01,521.89,9.5,False
2026-03-20 05:00:00,STATION_E_01,584.2,9.9,False
2026-03-20 06:00:00,STATION_E_01,679.95,13.6,False
2026-03-20 07:00:00,STATION_E_01,736.7,10.6,False
2026-03-20 08:00:00,STATION_E_01,868.61,14.3,False
2026-03-20 09:00:00,STATION_E_01,924.22,15.1,False
2026-03-20 10:00:00,STATION_E_01,984.9,15.1,False
2026-03-20 11:00:00,STATION_E_01,1026.93,17.1,False
2026-03-20 12:00:00,STATION_E_01,1081.38,19.6,False
2026-03-20 13:00:00,STATION_E_01,1174.53,19.1,False
2026-03-20 14:00:00,STATION_E_01,1088.39,21.0,False
2026-03-20 15:00:00,STATION_E_01,1014.4,23.0,False
2026-03-20 16:00:00,STATION_E_01,1034.68,20.9,False
2026-03-20 17:00:00,STATION_E_01,916.27,18.4,False
2026-03-20 18:00:00,STATION_E_01,857.64,18.3,False
2026-03-20 19:00:00,STATION_E_01,744.57,17.8,False
2026-03-20 20:00:00,STATION_E_01,702.29,16.4,False
2026-03-20 21:00:00,STATION_E_01,577.46,15.6,False
2026-03-20 22:00:00,STATION_E_01,544.17,14.4,False
2026-03-20 23:00:00,STATION_E_01,447.37,14.8,False
2026-03-21 00:00:00,STATION_E_01,374.74,11.5,False
2026-03-21 01:00:00,STATION_E_01,386.44,9.3,False
2026-03-21 02:00:00,STATION_E_01,380.93,11.5,False
2026-03-21 03:00:00,STATION_E_01,441.36,11.5,False
2026-03-21 04:00:00,STATION_E_01,452.5,10.4,False
2026-03-21 05:00:00,STATION_E_01,523.97,10.4,False
2026-03-21 06:00:00,STATION_E_01,631.56,12.3,False
2026-03-21 07:00:00,STATION_E_01,634.68,12.5,False
2026-03-21 08:00:00,STATION_E_01,705.43,11.6,False
2026-03-21 09:00:00,STATION_E_01,798.28,16.2,False
2026-03-21 10:00:00,STATION_E_01,908.86,18.0,False
2026-03-21 11:00:00,STATION_E_01,879.24,20.0,False
2026-03-21 12:00:00,STATION_E_01,982.08,18.5,False
2026-03-21 13:00:00,STATION_E_01,990.27,20.6,False
2026-03-21 14:00:00,STATION_E_01,1030.0,21.1,False
2026-03-21 15:00:00,STATION_E_01,966.21,21.1,False
2026-03-21 16:00:00,STATION_E_01,895.49,21.0,False
2026-03-21 17:00:00,STATION_E_01,860.88,20.3,False
2026-03-21 18:00:00,STATION_E_01,763.18,19.7,False
2026-03-21 19:00:00,STATION_E_01,660.17,19.2,False
2026-03-21 20:00:00,STATION_E_01,569.14,18.4,False
2026-03-21 21:00:00,STATION_E_01,509.75,14.7,False
2026-03-21 22:00:00,STATION_E_01,456.97,13.9,False
2026-03-21 23:00:00,STATION_E_01,412.16,12.3,False
2026-03-22 00:00:00,STATION_E_01,351.15,11.0,False
2026-03-22 01:00:00,STATION_E_01,366.42,8.9,False
2026-03-22 02:00:00,STATION_E_01,379.97,10.3,False
2026-03-22 03:00:00,STATION_E_01,417.66,10.7,False
2026-03-22 04:00:00,STATION_E_01,483.95,10.1,False
2026-03-22 05:00:00,STATION_E_01,523.9,10.8,False
2026-03-22 06:00:00,STATION_E_01,574.57,12.2,False
2026-03-22 07:00:00,STATION_E_01,629.02,14.6,False
2026-03-22 08:00:00,STATION_E_01,768.11,13.7,False
2026-03-22 09:00:00,STATION_E_01,798.04,14.2,False
2026-03-22 10:00:00,STATION_E_01,912.65,17.0,False
2026-03-22 11:00:00,STATION_E_01,979.6,20.7,False
2026-03-22 12:00:00,STATION_E_01,912.12,18.2,False
2026-03-22 13:00:00,STATION_E_01,993.52,21.2,False
2026-03-22 14:00:00,STATION_E_01,1008.05,22.4,False
2026-03-22 15:00:00,STATION_E_01,967.61,18.3,False
2026-03-22 16:00:00,STATION_E_01,821.27,21.5,False
2026-03-22 17:00:00,STATION_E_01,799.1,21.2,False
2026-03-22 18:00:00,STATION_E_01,717.17,19.3,False
2026-03-22 19:00:00,STATION_E_01,684.87,17.7,False
2026-03-22 20:00:00,STATION_E_01,602.87,16.4,False
2026-03-22 21:00:00,STATION_E_01,472.1,15.3,False
2026-03-22 22:00:00,STATION_E_01,453.85,13.9,False
2026-03-22 23:00:00,STATION_E_01,422.12,12.4,False
2026-03-23 00:00:00,STATION_E_01,434.51,11.4,False
2026-03-23 01:00:00,STATION_E_01,422.74,12.4,False
2026-03-23 02:00:00,STATION_E_01,426.83,9.0,False
2026-03-23 03:00:00,STATION_E_01,449.48,8.2,False
2026-03-23 04:00:00,STATION_E_01,521.22,11.9,False
2026-03-23 05:00:00,STATION_E_01,593.96,10.8,False
2026-03-23 06:00:00,STATION_E_01,690.53,11.4,False
2026-03-23 07:00:00,STATION_E_01,783.81,12.9,False
2026-03-23 08:00:00,STATION_E_01,856.92,14.6,False
2026-03-23 09:00:00,STATION_E_01,973.42,15.2,False
2026-03-23 10:00:00,STATION_E_01,995.68,17.8,False
2026-03-23 11:00:00,STATION_E_01,1009.99,17.4,False
2026-03-23 12:00:00,STATION_E_01,1116.61,19.3,False
2026-03-23 13:00:00,STATION_E_01,1115.03,17.9,False
2026-03-23 14:00:00,STATION_E_01,1117.59,22.5,False
2026-03-23 15:00:00,STATION_E_01,1017.08,21.1,False
2026-03-23 16:00:00,STATION_E_01,1072.78,22.0,False
2026-03-23 17:00:00,STATION_E_01,961.56,21.2,False
2026-03-23 18:00:00,STATION_E_01,846.56,20.4,False
2026-03-23 19:00:00,STATION_E_01,740.97,18.6,False
2026-03-23 20:00:00,STATION_E_01,702.41,17.8,False
2026-03-23 21:00:00,STATION_E_01,570.9,14.7,False
2026-03-23 22:00:00,STATION_E_01,563.79,13.0,False
2026-03-23 23:00:00,STATION_E_01,457.65,13.0,False
2026-03-24 00:00:00,STATION_E_01,459.37,11.2,False
2026-03-24 01:00:00,STATION_E_01,418.85,12.8,False
2026-03-24 02:00:00,STATION_E_01,,11.0,False
2026-03-24 03:00:00,STATION_E_01,455.84,9.5,False
2026-03-24 04:00:00,STATION_E_01,523.09,10.3,False
2026-03-24 05:00:00,STATION_E_01,611.0,11.3,False
2026-03-24 06:00:00,STATION_E_01,693.25,12.0,False
2026-03-24 07:00:00,STATION_E_01,796.49,13.5,False
2026-03-24 08:00:00,STATION_E_01,841.74,14.6,False
2026-03-24 09:00:00,STATION_E_01,942.47,14.3,False
2026-03-24 10:00:00,STATION_E_01,1055.46,14.8,False
2026-03-24 11:00:00,STATION_E_01,1039.92,18.3,False
2026-03-24 12:00:00,STATION_E_01,1122.9,20.5,False
2026-03-24 13:00:00,STATION_E_01,1104.18,20.3,False
2026-03-24 14:00:00,STATION_E_01,1108.98,22.8,False
2026-03-24 15:00:00,STATION_E_01,1069.81,21.4,False
2026-03-24 16:00:00,STATION_E_01,983.94,22.9,False
2026-03-24 17:00:00,STATION_E_01,931.83,22.1,False
2026-03-24 18:00:00,STATION_E_01,861.53,21.2,False
2026-03-24 19:00:00,STATION_E_01,765.07,17.3,False
2026-03-24 20:00:00,STATION_E_01,715.82,17.5,False
2026-03-24 21:00:00,STATION_E_01,616.22,17.5,False
2026-03-24 22:00:00,STATION_E_01,528.98,14.9,False
2026-03-24 23:00:00,STATION_E_01,456.26,14.0,False
2026-03-25 00:00:00,STATION_E_01,421.77,10.5,False
2026-03-25 01:00:00,STATION_E_01,451.74,13.6,False
2026-03-25 02:00:00,STATION_E_01,419.02,9.8,False
2026-03-25 03:00:00,STATION_E_01,470.83,8.2,False
2026-03-25 04:00:00,STATION_E_01,530.59,10.3,False
2026-03-25 05:00:00,STATION_E_01,589.16,8.4,False
2026-03-25 06:00:00,STATION_E_01,655.31,10.9,False
2026-03-25 07:00:00,STATION_E_01,747.61,16.4,False
2026-03-25 08:00:00,STATION_E_01,841.92,14.2,False
2026-03-25 09:00:00,STATION_E_01,918.48,14.4,False
2026-03-25 10:00:00,STATION_E_01,1060.73,17.6,False
2026-03-25 11:00:00,STATION_E_01,1068.38,17.8,False
2026-03-25 12:00:00,STATION_E_01,1083.17,21.0,False
2026-03-25 13:00:00,STATION_E_01,1119.47,19.8,False
2026-03-25 14:00:00,STATION_E_01,1129.41,21.8,False
2026-03-25 15:00:00,STATION_E_01,1056.24,20.3,False
2026-03-25 16:00:00,STATION_E_01,1046.23,24.6,False
2026-03-25 17:00:00,STATION_E_01,900.66,21.5,False
2026-03-25 18:00:00,STATION_E_01,894.39,19.9,False
2026-03-25 19:00:00,STATION_E_01,769.38,18.6,False
2026-03-25 20:00:00,STATION_E_01,678.91,16.9,False
2026-03-25 21:00:00,STATION_E_01,582.1,15.3,False
2026-03-25 22:00:00,STATION_E_01,502.32,13.8,False
2026-03-25 23:00:00,STATION_E_01,442.46,15.4,False
2026-03-26 00:00:00,STATION_E_01,423.68,11.6,False
2026-03-26 01:00:00,STATION_E_01,432.25,8.9,False
2026-03-26 02:00:00,STATION_E_01,420.74,9.5,False
2026-03-26 03:00:00,STATION_E_01,444.58,11.8,False
2026-03-26 04:00:00,STATION_E_01,508.47,10.6,False
2026-03-26 05:00:00,STATION_E_01,588.99,11.3,False
2026-03-26 06:00:00,STATION_E_01,672.47,13.7,False
2026-03-26 07:00:00,STATION_E_01,767.04,12.6,False
2026-03-26 08:00:00,STATION_E_01,891.43,15.6,False
2026-03-26 09:00:00,STATION_E_01,985.34,15.4,False
2026-03-26 10:00:00,STATION_E_01,1087.29,18.4,False
2026-03-26 11:00:00,STATION_E_01,1010.28,18.5,False
2026-03-26 12:00:00,STATION_E_01,1072.83,19.9,False
2026-03-26 13:00:00,STATION_E_01,1145.22,22.0,False
2026-03-26 14:00:00,STATION_E_01,1088.6,22.5,False
2026-03-26 15:00:00,STATION_E_01,1103.9,21.6,False
2026-03-26 16:00:00,STATION_E_01,1023.94,21.0,False
2026-03-26 17:00:00,STATION_E_01,997.01,23.0,False
2026-03-26 18:00:00,STATION_E_01,892.59,20.9,False
2026-03-26 19:00:00,STATION_E_01,800.05,18.6,False
2026-03-26 20:00:00,STATION_E_01,671.8,17.0,False
2026-03-26 21:00:00,STATION_E_01,595.91,17.6,False
2026-03-26 22:00:00,STATION_E_01,520.48,15.0,False
2026-03-26 23:00:00,STATION_E_01,446.14,13.4,False
2026-03-27 00:00:00,STATION_E_01,458.79,12.6,False
2026-03-27 01:00:00,STATION_E_01,435.59,12.0,False
2026-03-27 02:00:00,STATION_E_01,431.12,11.0,False
2026-03-27 03:00:00,STATION_E_01,492.65,12.3,False
2026-03-27 04:00:00,STATION_E_01,514.79,12.6,False
2026-03-27 05:00:00,STATION_E_01,559.92,12.2,False
2026-03-27 06:00:00,STATION_E_01,706.34,14.1,False
2026-03-27 07:00:00,STATION_E_01,737.74,13.6,False
2026-03-27 08:00:00,STATION_E_01,856.42,15.8,False
2026-03-27 09:00:00,STATION_E_01,953.07,17.6,False
2026-03-27 10:00:00,STATION_E_01,1032.07,19.1,False
2026-03-27 11:00:00,STATION_E_01,1105.57,20.3,False
2026-03-27 12:00:00,STATION_E_01,1131.06,21.1,False
2026-03-27 13:00:00,STATION_E_01,1142.04,23.5,False
2026-03-27 14:00:00,STATION_E_01,1078.05,21.1,False
2026-03-27 15:00:00,STATION_E_01,1085.16,21.7,False
2026-03-27 16:00:00,STATION_E_01,965.23,21.5,False
2026-03-27 17:00:00,STATION_E_01,998.75,20.8,False
2026-03-27 18:00:00,STATION_E_01,820.79,18.0,False
2026-03-27 19:00:00,STATION_E_01,763.81,20.9,False
2026-03-27 20:00:00,STATION_E_01,651.67,16.7,False
2026-03-27 21:00:00,STATION_E_01,584.02,16.7,False
2026-03-27 22:00:00,STATION_E_01,527.56,13.3,False
2026-03-27 23:00:00,STATION_E_01,463.31,14.5,False
2026-03-28 00:00:00,STATION_E_01,400.25,11.7,False
2026-03-28 01:00:00,STATION_E_01,377.41,10.4,False
2026-03-28 02:00:00,STATION_E_01,378.68,11.4,False
2026-03-28 03:00:00,STATION_E_01,413.62,10.2,False
2026-03-28 04:00:00,STATION_E_01,484.13,10.5,False
2026-03-28 05:00:00,STATION_E_01,544.61,12.0,False
2026-03-28 06:00:00,STATION_E_01,577.81,13.6,False
2026-03-28 07:00:00,STATION_E_01,664.96,12.8,False
2026-03-28 08:00:00,STATION_E_01,773.24,13.9,False
2026-03-28 09:00:00,STATION_E_01,844.94,16.6,False
2026-03-28 10:00:00,STATION_E_01,865.18,18.6,False
2026-03-28 11:00:00,STATION_E_01,971.86,21.1,False
2026-03-28 12:00:00,STATION_E_01,947.27,19.2,False
2026-03-28 13:00:00,STATION_E_01,1033.4,21.0,False
2026-03-28 14:00:00,STATION_E_01,996.06,23.3,False
2026-03-28 15:00:00,STATION_E_01,909.86,24.5,False
2026-03-28 16:00:00,STATION_E_01,882.08,20.7,False
2026-03-28 17:00:00,STATION_E_01,819.29,20.5,False
2026-03-28 18:00:00,STATION_E_01,765.59,20.9,False
2026-03-28 19:00:00,STATION_E_01,677.11,18.7,False
2026-03-28 20:00:00,STATION_E_01,578.45,17.1,False
2026-03-28 21:00:00,STATION_E_01,502.84,16.9,False
2026-03-28 22:00:00,STATION_E_01,474.05,17.1,False
2026-03-28 23:00:00,STATION_E_01,420.53,12.3,False
2026-03-29 00:00:00,STATION_E_01,387.15,14.5,False
2026-03-29 01:00:00,STATION_E_01,378.86,11.2,False
2026-03-29 02:00:00,STATION_E_01,377.45,11.8,False
2026-03-29 03:00:00,STATION_E_01,419.21,13.1,False
2026-03-29 04:00:00,STATION_E_01,506.72,11.7,False
2026-03-29 05:00:00,STATION_E_01,550.79,11.6,False
2026-03-29 06:00:00,STATION_E_01,597.1,13.6,False
2026-03-29 07:00:00,STATION_E_01,670.26,13.7,False
2026-03-29 08:00:00,STATION_E_01,686.03,15.9,False
2026-03-29 09:00:00,STATION_E_01,867.84,16.4,False
2026-03-29 10:00:00,STATION_E_01,925.06,19.2,False
2026-03-29 11:00:00,STATION_E_01,931.14,17.8,False
2026-03-29 12:00:00,STATION_E_01,930.9,19.4,False
2026-03-29 13:00:00,STATION_E_01,950.52,19.8,False
2026-03-29 14:00:00,STATION_E_01,995.44,22.0,False
2026-03-29 15:00:00,STATION_E_01,946.6,20.4,False
2026-03-29 16:00:00,STATION_E_01,922.6,21.2,False
2026-03-29 17:00:00,STATION_E_01,839.72,20.2,False
2026-03-29 18:00:00,STATION_E_01,788.91,22.4,False
2026-03-29 19:00:00,STATION_E_01,692.39,18.3,False
2026-03-29 20:00:00,STATION_E_01,621.52,16.6,False
2026-03-29 21:00:00,STATION_E_01,491.1,17.1,False
2026-03-29 22:00:00,STATION_E_01,446.04,17.4,False
2026-03-29 23:00:00,STATION_E_01,412.0,13.9,False
2026-03-30 00:00:00,STATION_E_01,455.94,12.9,False
2026-03-30 01:00:00,STATION_E_01,455.6,13.6,False
2026-03-30 02:00:00,STATION_E_01,436.9,12.5,False
2026-03-30 03:00:00,STATION_E_01,464.26,11.8,False
2026-03-30 04:00:00,STATION_E_01,493.79,10.8,False
2026-03-30 05:00:00,STATION_E_01,620.78,12.6,False
2026-03-30 06:00:00,STATION_E_01,673.79,11.3,False
2026-03-30 07:00:00,STATION_E_01,858.17,13.3,False
2026-03-30 08:00:00,STATION_E_01,845.84,17.1,False
2026-03-30 09:00:00,STATION_E_01,1023.02,18.4,False
2026-03-30 10:00:00,STATION_E_01,1052.25,18.8,False
2026-03-30 11:00:00,STATION_E_01,1042.22,17.3,False
2026-03-30 12:00:00,STATION_E_01,1125.28,19.3,False
2026-03-30 13:00:00,STATION_E_01,1158.71,20.8,False
2026-03-30 14:00:00,STATION_E_01,1107.62,22.0,False
2026-03-30 15:00:00,STATION_E_01,1113.26,20.9,False
2026-03-30 16:00:00,STATION_E_01,1055.28,21.9,False
2026-03-30 17:00:00,STATION_E_01,973.44,23.8,False
2026-03-30 18:00:00,STATION_E_01,868.64,21.3,False
2026-03-30 19:00:00,STATION_E_01,,19.9,False
2026-03-30 20:00:00,STATION_E_01,686.09,17.1,False
2026-03-30 21:00:00,STATION_E_01,607.21,14.9,False
2026-03-30 22:00:00,STATION_E_01,496.1,14.0,False
2026-03-30 23:00:00,STATION_E_01,478.14,12.2,False
2026-03-31 00:00:00,STATION_E_01,438.86,13.1,False
2026-03-31 01:00:00,STATION_E_01,409.0,12.6,False
2026-03-31 02:00:00,STATION_E_01,435.3,10.5,False
2026-03-31 03:00:00,STATION_E_01,470.31,11.6,False
2026-03-31 04:00:00,STATION_E_01,567.16,13.4,False
2026-03-31 05:00:00,STATION_E_01,608.6,14.6,False
2026-03-31 06:00:00,STATION_E_01,713.56,14.0,False
2026-03-31 07:00:00,STATION_E_01,776.23,14.0,False
2026-03-31 08:00:00,STATION_E_01,813.22,16.4,False
2026-03-31 09:00:00,STATION_E_01,977.47,18.6,False
2026-03-31 10:00:00,STATION_E_01,1004.07,16.0,False
2026-03-31 11:00:00,STATION_E_01,1070.88,21.5,False
2026-03-31 12:00:00,STATION_E_01,1077.54,20.2,False
2026-03-31 13:00:00,STATION_E_01,1133.71,21.1,False
2026-03-31 14:00:00,STATION_E_01,1160.7,21.9,False
2026-03-31 15:00:00,STATION_E_01,1119.41,22.9,False
2026-03-31 16:00:00,STATION_E_01,1085.43,21.0,False
2026-03-31 17:00:00,STATION_E_01,1013.53,21.5,False
2026-03-31 18:00:00,STATION_E_01,808.76,21.6,False
2026-03-31 19:00:00,STATION_E_01,747.73,20.1,False
2026-03-31 20:00:00,STATION_E_01,645.88,18.9,False
2026-03-31 21:00:00,STATION_E_01,618.25,16.7,False
2026-03-31 22:00:00,STATION_E_01,519.27,16.5,False
2026-03-31 23:00:00,STATION_E_01,468.25,15.6,False
