时间戳,台区编号,负荷值,温度
2025-01-01 00:00:00,STATION_A_01,388.87,3.1
2025-01-01 01:00:00,STATION_A_01,386.58,
2025-01-01 02:00:00,STATION_A_01,387.32,2.7
2025-01-01 03:00:00,STATION_A_01,369.83,2.8
2025-01-01 04:00:00,STATION_A_01,411.97,-2.2
2025-01-01 05:00:00,STATION_A_01,407.16,-0.6
2025-01-01 06:00:00,STATION_A_01,426.06,2.8
2025-01-01 07:00:00,STATION_A_01,461.38,3.0
2025-01-01 08:00:00,STATION_A_01,467.63,4.7
2025-01-01 09:00:00,STATION_A_01,462.15,4.4
2025-01-01 10:00:00,STATION_A_01,412.73,8.8
2025-01-01 11:00:00,STATION_A_01,411.08,9.7
2025-01-01 12:00:00,STATION_A_01,402.19,9.5
2025-01-01 13:00:00,STATION_A_01,380.94,12.1
2025-01-01 14:00:00,STATION_A_01,376.81,11.4
2025-01-01 15:00:00,STATION_A_01,375.97,9.2
2025-01-01 16:00:00,STATION_A_01,393.57,11.2
2025-01-01 17:00:00,STATION_A_01,415.12,8.4
2025-01-01 18:00:00,STATION_A_01,476.07,10.9
2025-01-01 19:00:00,STATION_A_01,536.18,8.3
2025-01-01 20:00:00,STATION_A_01,539.9,6.9
2025-01-01 21:00:00,STATION_A_01,503.93,4.7
2025-01-01 22:00:00,STATION_A_01,426.58,6.9
2025-01-01 23:00:00,STATION_A_01,369.49,3.3
2025-01-02 00:00:00,STATION_A_01,460.51,1.7
2025-01-02 01:00:00,STATION_A_01,472.25,1.1
2025-01-02 02:00:00,STATION_A_01,482.15,2.2
2025-01-02 03:00:00,STATION_A_01,485.44,1.7
2025-01-02 04:00:00,STATION_A_01,451.33,2.0
2025-01-02 05:00:00,STATION_A_01,476.37,2.5
2025-01-02 06:00:00,STATION_A_01,477.84,6.4
2025-01-02 07:00:00,STATION_A_01,585.62,2.8
2025-01-02 08:00:00,STATION_A_01,599.95,3.7
2025-01-02 09:00:00,STATION_A_01,570.17,4.4
2025-01-02 10:00:00,STATION_A_01,515.4,8.2
2025-01-02 11:00:00,STATION_A_01,505.11,10.3
2025-01-02 12:00:00,STATION_A_01,511.86,9.1
2025-01-02 13:00:00,STATION_A_01,517.4,8.5
2025-01-02 14:00:00,STATION_A_01,499.16,9.0
2025-01-02 15:00:00,STATION_A_01,464.46,11.9
2025-01-02 16:00:00,STATION_A_01,480.07,11.9
2025-01-02 17:00:00,STATION_A_01,520.54,11.0
2025-01-02 18:00:00,STATION_A_01,591.03,8.1
2025-01-02 19:00:00,STATION_A_01,644.46,8.7
2025-01-02 20:00:00,STATION_A_01,677.56,7.3
2025-01-02 21:00:00,STATION_A_01,626.23,6.3
2025-01-02 22:00:00,STATION_A_01,512.69,6.2
2025-01-02 23:00:00,STATION_A_01,479.89,3.9
2025-01-03 00:00:00,STATION_A_01,461.5,3.7
2025-01-03 01:00:00,STATION_A_01,471.16,1.8
2025-01-03 02:00:00,STATION_A_01,459.37,
2025-01-03 03:00:00,STATION_A_01,487.16,2.2
2025-01-03 04:00:00,STATION_A_01,489.14,-1.4
2025-01-03 05:00:00,STATION_A_01,494.94,1.1
2025-01-03 06:00:00,STATION_A_01,545.97,1.6
2025-01-03 07:00:00,STATION_A_01,560.62,2.3
2025-01-03 08:00:00,STATION_A_01,582.66,4.1
2025-01-03 09:00:00,STATION_A_01,526.88,8.5
2025-01-03 10:00:00,STATION_A_01,525.75,5.5
2025-01-03 11:00:00,STATION_A_01,471.52,10.0
2025-01-03 12:00:00,STATION_A_01,521.49,6.2
2025-01-03 13:00:00,STATION_A_01,,9.4
2025-01-03 14:00:00,STATION_A_01,,10.8
2025-01-03 15:00:00,STATION_A_01,,11.7
2025-01-03 16:00:00,STATION_A_01,,11.8
2025-01-03 17:00:00,STATION_A_01,,11.4
2025-01-03 18:00:00,STATION_A_01,,8.6
2025-01-03 19:00:00,STATION_A_01,,7.4
2025-01-03 20:00:00,STATION_A_01,,8.6
2025-01-03 21:00:00,STATION_A_01,617.13,5.5
2025-01-03 22:00:00,STATION_A_01,520.15,2.3
2025-01-03 23:00:00,STATION_A_01,494.21,1.4
2025-01-04 00:00:00,STATION_A_01,,0.7
2025-01-04 01:00:00,STATION_A_01,509.39,2.5
2025-01-04 02:00:00,STATION_A_01,481.33,1.4
2025-01-04 03:00:00,STATION_A_01,472.06,2.2
2025-01-04 04:00:00,STATION_A_01,507.6,0.4
2025-01-04 05:00:00,STATION_A_01,509.38,1.9
2025-01-04 06:00:00,STATION_A_01,523.69,3.5
2025-01-04 07:00:00,STATION_A_01,607.93,2.8
2025-01-04 08:00:00,STATION_A_01,581.43,5.4
2025-01-04 09:00:00,STATION_A_01,584.75,4.6
2025-01-04 10:00:00,STATION_A_01,548.29,6.4
2025-01-04 11:00:00,STATION_A_01,545.15,7.5
2025-01-04 12:00:00,STATION_A_01,557.43,7.0
2025-01-04 13:00:00,STATION_A_01,538.12,10.8
2025-01-04 14:00:00,STATION_A_01,520.66,9.6
2025-01-04 15:00:00,STATION_A_01,473.71,10.6
2025-01-04 16:00:00,STATION_A_01,509.44,11.3
2025-01-04 17:00:00,STATION_A_01,565.32,10.8
2025-01-04 18:00:00,STATION_A_01,638.48,10.4
2025-01-04 19:00:00,STATION_A_01,705.99,8.0
2025-01-04 20:00:00,STATION_A_01,686.5,6.3
2025-01-04 21:00:00,STATION_A_01,634.57,5.7
2025-01-04 22:00:00,STATION_A_01,611.33,1.5
2025-01-04 23:00:00,STATION_A_01,510.2,0.8
2025-01-05 00:00:00,STATION_A_01,488.85,-0.0
2025-01-05 01:00:00,STATION_A_01,517.06,-0.2
2025-01-05 02:00:00,STATION_A_01,489.97,1.8
2025-01-05 03:00:00,STATION_A_01,,-0.7
2025-01-05 04:00:00,STATION_A_01,526.98,0.4
2025-01-05 05:00:00,STATION_A_01,512.7,3.9
2025-01-05 06:00:00,STATION_A_01,550.0,1.7
2025-01-05 07:00:00,STATION_A_01,573.31,4.7
2025-01-05 08:00:00,STATION_A_01,662.97,2.8
2025-01-05 09:00:00,STATION_A_01,597.57,5.4
2025-01-05 10:00:00,STATION_A_01,584.28,5.3
2025-01-05 11:00:00,STATION_A_01,547.54,7.5
2025-01-05 12:00:00,STATION_A_01,514.63,10.7
2025-01-05 13:00:00,STATION_A_01,538.19,6.8
2025-01-05 14:00:00,STATION_A_01,535.18,11.2
2025-01-05 15:00:00,STATION_A_01,524.19,11.0
2025-01-05 16:00:00,STATION_A_01,490.39,9.3
2025-01-05 17:00:00,STATION_A_01,572.66,7.3
2025-01-05 18:00:00,STATION_A_01,624.98,9.3
2025-01-05 19:00:00,STATION_A_01,685.88,7.2
2025-01-05 20:00:00,STATION_A_01,707.14,7.4
2025-01-05 21:00:00,STATION_A_01,621.42,5.8
2025-01-05 22:00:00,STATION_A_01,545.4,7.4
2025-01-05 23:00:00,STATION_A_01,509.88,2.9
2025-01-06 00:00:00,STATION_A_01,,0.5
2025-01-06 01:00:00,STATION_A_01,467.41,1.9
2025-01-06 02:00:00,STATION_A_01,457.68,1.5
2025-01-06 03:00:00,STATION_A_01,481.56,3.4
2025-01-06 04:00:00,STATION_A_01,475.96,2.6
2025-01-06 05:00:00,STATION_A_01,509.51,2.2
2025-01-06 06:00:00,STATION_A_01,507.57,5.0
2025-01-06 07:00:00,STATION_A_01,568.93,1.2
2025-01-06 08:00:00,STATION_A_01,619.57,3.3
2025-01-06 09:00:00,STATION_A_01,563.94,4.0
2025-01-06 10:00:00,STATION_A_01,525.75,6.3
2025-01-06 11:00:00,STATION_A_01,524.94,5.6
2025-01-06 12:00:00,STATION_A_01,479.35,10.3
2025-01-06 13:00:00,STATION_A_01,511.82,9.5
2025-01-06 14:00:00,STATION_A_01,512.31,7.7
2025-01-06 15:00:00,STATION_A_01,504.57,8.7
2025-01-06 16:00:00,STATION_A_01,490.92,10.9
2025-01-06 17:00:00,STATION_A_01,530.19,11.4
2025-01-06 18:00:00,STATION_A_01,571.18,12.7
2025-01-06 19:00:00,STATION_A_01,612.79,13.4
2025-01-06 20:00:00,STATION_A_01,698.59,7.7
2025-01-06 21:00:00,STATION_A_01,595.12,3.9
2025-01-06 22:00:00,STATION_A_01,535.49,0.6
2025-01-06 23:00:00,STATION_A_01,495.52,3.8
2025-01-07 00:00:00,STATION_A_01,493.85,0.8
2025-01-07 01:00:00,STATION_A_01,476.38,0.8
2025-01-07 02:00:00,STATION_A_01,490.12,-0.1
2025-01-07 03:00:00,STATION_A_01,450.75,0.6
2025-01-07 04:00:00,STATION_A_01,463.19,3.0
2025-01-07 05:00:00,STATION_A_01,465.76,1.8
2025-01-07 06:00:00,STATION_A_01,535.68,2.0
2025-01-07 07:00:00,STATION_A_01,553.93,1.4
2025-01-07 08:00:00,STATION_A_01,584.16,1.4
2025-01-07 09:00:00,STATION_A_01,577.33,4.8
2025-01-07 10:00:00,STATION_A_01,540.99,6.8
2025-01-07 11:00:00,STATION_A_01,486.79,11.3
2025-01-07 12:00:00,STATION_A_01,508.44,9.3
2025-01-07 13:00:00,STATION_A_01,499.91,11.6
2025-01-07 14:00:00,STATION_A_01,494.56,9.4
2025-01-07 15:00:00,STATION_A_01,477.15,8.3
2025-01-07 16:00:00,STATION_A_01,499.31,8.6
2025-01-07 17:00:00,STATION_A_01,537.1,8.5
2025-01-07 18:00:00,STATION_A_01,586.2,12.9
2025-01-07 19:00:00,STATION_A_01,677.17,6.6
2025-01-07 20:00:00,STATION_A_01,638.98,8.4
2025-01-07 21:00:00,STATION_A_01,631.48,4.1
2025-01-07 22:00:00,STATION_A_01,529.6,6.1
2025-01-07 23:00:00,STATION_A_01,482.46,4.0
2025-01-08 00:00:00,STATION_A_01,466.24,2.0
2025-01-08 01:00:00,STATION_A_01,463.76,1.4
2025-01-08 02:00:00,STATION_A_01,490.22,-0.2
2025-01-08 03:00:00,STATION_A_01,454.56,1.6
2025-01-08 04:00:00,STATION_A_01,469.85,0.2
2025-01-08 05:00:00,STATION_A_01,497.66,-0.7
2025-01-08 06:00:00,STATION_A_01,558.47,-0.0
2025-01-08 07:00:00,STATION_A_01,582.54,3.6
2025-01-08 08:00:00,STATION_A_01,548.79,7.2
2025-01-08 09:00:00,STATION_A_01,584.63,5.9
2025-01-08 10:00:00,STATION_A_01,546.81,6.7
2025-01-08 11:00:00,STATION_A_01,487.71,8.6
2025-01-08 12:00:00,STATION_A_01,459.49,11.4
2025-01-08 13:00:00,STATION_A_01,500.07,10.2
2025-01-08 14:00:00,STATION_A_01,512.25,9.5
2025-01-08 15:00:00,STATION_A_01,492.04,12.4
2025-01-08 16:00:00,STATION_A_01,470.25,11.1
2025-01-08 17:00:00,STATION_A_01,532.03,12.6
2025-01-08 18:00:00,STATION_A_01,560.29,9.4
2025-01-08 19:00:00,STATION_A_01,671.48,5.8
2025-01-08 20:00:00,STATION_A_01,678.69,4.4
2025-01-08 21:00:00,STATION_A_01,612.88,8.6
2025-01-08 22:00:00,STATION_A_01,541.31,7.5
2025-01-08 23:00:00,STATION_A_01,506.65,2.9
2025-01-09 00:00:00,STATION_A_01,456.02,1.5
2025-01-09 01:00:00,STATION_A_01,471.92,4.1
2025-01-09 02:00:00,STATION_A_01,490.1,-1.0
2025-01-09 03:00:00,STATION_A_01,462.42,-0.8
2025-01-09 04:00:00,STATION_A_01,449.2,2.1
2025-01-09 05:00:00,STATION_A_01,509.68,0.8
2025-01-09 06:00:00,STATION_A_01,523.59,2.2
2025-01-09 07:00:00,STATION_A_01,552.33,2.9
2025-01-09 08:00:00,STATION_A_01,583.7,5.0
2025-01-09 09:00:00,STATION_A_01,559.15,8.2
2025-01-09 10:00:00,STATION_A_01,526.38,7.0
2025-01-09 11:00:00,STATION_A_01,480.78,9.2
2025-01-09 12:00:00,STATION_A_01,548.34,5.3
2025-01-09 13:00:00,STATION_A_01,517.68,9.7
2025-01-09 14:00:00,STATION_A_01,498.26,8.7
2025-01-09 15:00:00,STATION_A_01,489.86,8.2
2025-01-09 16:00:00,STATION_A_01,498.17,8.7
2025-01-09 17:00:00,STATION_A_01,511.93,9.2
2025-01-09 18:00:00,STATION_A_01,593.23,10.7
2025-01-09 19:00:00,STATION_A_01,657.08,5.6
2025-01-09 20:00:00,STATION_A_01,670.14,6.9
2025-01-09 21:00:00,STATION_A_01,599.95,4.7
2025-01-09 22:00:00,STATION_A_01,527.71,3.8
2025-01-09 23:00:00,STATION_A_01,506.47,5.0
2025-01-10 00:00:00,STATION_A_01,467.1,3.2
2025-01-10 01:00:00,STATION_A_01,465.96,3.8
2025-01-10 02:00:00,STATION_A_01,452.28,0.7
2025-01-10 03:00:00,STATION_A_01,475.34,-0.5
2025-01-10 04:00:00,STATION_A_01,488.27,0.6
2025-01-10 05:00:00,STATION_A_01,494.59,1.9
2025-01-10 06:00:00,STATION_A_01,496.08,2.5
2025-01-10 07:00:00,STATION_A_01,584.49,1.2
2025-01-10 08:00:00,STATION_A_01,596.14,4.5
2025-01-10 09:00:00,STATION_A_01,585.39,6.0
2025-01-10 10:00:00,STATION_A_01,497.72,11.4
2025-01-10 11:00:00,STATION_A_01,462.43,11.4
2025-01-10 12:00:00,STATION_A_01,499.78,7.4
2025-01-10 13:00:00,STATION_A_01,493.19,9.2
2025-01-10 14:00:00,STATION_A_01,518.91,7.6
2025-01-10 15:00:00,STATION_A_01,454.64,9.3
2025-01-10 16:00:00,STATION_A_01,478.51,10.8
2025-01-10 17:00:00,STATION_A_01,533.14,11.9
2025-01-10 18:00:00,STATION_A_01,607.0,7.7
2025-01-10 19:00:00,STATION_A_01,689.86,6.8
2025-01-10 20:00:00,STATION_A_01,668.27,3.0
2025-01-10 21:00:00,STATION_A_01,590.92,5.3
2025-01-10 22:00:00,STATION_A_01,571.92,2.4
2025-01-10 23:00:00,STATION_A_01,500.65,2.2
2025-01-11 00:00:00,STATION_A_01,508.33,0.6
2025-01-11 01:00:00,STATION_A_01,489.36,1.2
2025-01-11 02:00:00,STATION_A_01,521.42,-2.2
2025-01-11 03:00:00,STATION_A_01,503.66,-1.9
2025-01-11 04:00:00,STATION_A_01,507.91,4.8
2025-01-11 05:00:00,STATION_A_01,573.77,-0.9
2025-01-11 06:00:00,STATION_A_01,577.03,0.2
2025-01-11 07:00:00,STATION_A_01,578.06,6.5
2025-01-11 08:00:00,STATION_A_01,557.9,9.6
2025-01-11 09:00:00,STATION_A_01,589.04,3.5
2025-01-11 10:00:00,STATION_A_01,588.65,6.1
2025-01-11 11:00:00,STATION_A_01,521.61,8.6
2025-01-11 12:00:00,STATION_A_01,515.37,12.1
2025-01-11 13:00:00,STATION_A_01,555.1,7.9
2025-01-11 14:00:00,STATION_A_01,549.62,9.8
2025-01-11 15:00:00,STATION_A_01,504.28,11.8
2025-01-11 16:00:00,STATION_A_01,507.65,11.0
2025-01-11 17:00:00,STATION_A_01,562.68,9.0
2025-01-11 18:00:00,STATION_A_01,627.39,8.7
2025-01-11 19:00:00,STATION_A_01,714.02,5.5
2025-01-11 20:00:00,STATION_A_01,725.39,6.4
2025-01-11 21:00:00,STATION_A_01,659.11,5.1
2025-01-11 22:00:00,STATION_A_01,604.64,4.7
2025-01-11 23:00:00,STATION_A_01,536.54,2.2
2025-01-12 00:00:00,STATION_A_01,511.5,3.0
2025-01-12 01:00:00,STATION_A_01,481.86,3.2
2025-01-12 02:00:00,STATION_A_01,511.95,1.2
2025-01-12 03:00:00,STATION_A_01,495.4,1.4
2025-01-12 04:00:00,STATION_A_01,516.15,1.0
2025-01-12 05:00:00,STATION_A_01,534.94,1.4
2025-01-12 06:00:00,STATION_A_01,568.05,0.9
2025-01-12 07:00:00,STATION_A_01,641.98,3.7
2025-01-12 08:00:00,STATION_A_01,653.52,4.1
2025-01-12 09:00:00,STATION_A_01,601.14,9.3
2025-01-12 10:00:00,STATION_A_01,558.69,9.6
2025-01-12 11:00:00,STATION_A_01,561.01,8.6
2025-01-12 12:00:00,STATION_A_01,524.54,7.6
2025-01-12 13:00:00,STATION_A_01,567.42,7.7
2025-01-12 14:00:00,STATION_A_01,503.24,12.3
2025-01-12 15:00:00,STATION_A_01,504.97,10.8
2025-01-12 16:00:00,STATION_A_01,520.98,11.0
2025-01-12 17:00:00,STATION_A_01,594.64,6.6
2025-01-12 18:00:00,STATION_A_01,608.11,10.6
2025-01-12 19:00:00,STATION_A_01,693.98,8.8
2025-01-12 20:00:00,STATION_A_01,731.54,4.8
2025-01-12 21:00:00,STATION_A_01,656.14,4.7
2025-01-12 22:00:00,STATION_A_01,586.27,4.8
2025-01-12 23:00:00,STATION_A_01,573.01,3.2
2025-01-13 00:00:00,STATION_A_01,480.37,1.6
2025-01-13 01:00:00,STATION_A_01,467.92,1.2
2025-01-13 02:00:00,STATION_A_01,464.16,0.4
2025-01-13 03:00:00,STATION_A_01,474.52,1.0
2025-01-13 04:00:00,STATION_A_01,459.95,3.5
2025-01-13 05:00:00,STATION_A_01,,-3.2
2025-01-13 06:00:00,STATION_A_01,537.99,1.7
2025-01-13 07:00:00,STATION_A_01,565.25,3.5
2025-01-13 08:00:00,STATION_A_01,621.9,4.8
2025-01-13 09:00:00,STATION_A_01,564.15,4.9
2025-01-13 10:00:00,STATION_A_01,546.49,3.6
2025-01-13 11:00:00,STATION_A_01,515.75,8.5
2025-01-13 12:00:00,STATION_A_01,503.91,12.0
2025-01-13 13:00:00,STATION_A_01,538.78,6.9
2025-01-13 14:00:00,STATION_A_01,496.42,11.7
2025-01-13 15:00:00,STATION_A_01,502.72,9.7
2025-01-13 16:00:00,STATION_A_01,481.4,10.1
2025-01-13 17:00:00,STATION_A_01,550.7,7.8
2025-01-13 18:00:00,STATION_A_01,619.96,8.3
2025-01-13 19:00:00,STATION_A_01,680.37,10.3
2025-01-13 20:00:00,STATION_A_01,640.56,7.8
2025-01-13 21:00:00,STATION_A_01,585.52,8.7
2025-01-13 22:00:00,STATION_A_01,544.88,6.4
2025-01-13 23:00:00,STATION_A_01,459.72,3.9
2025-01-14 00:00:00,STATION_A_01,465.73,5.3
2025-01-14 01:00:00,STATION_A_01,486.44,2.2
2025-01-14 02:00:00,STATION_A_01,465.43,2.4
2025-01-14 03:00:00,STATION_A_01,477.31,0.2
2025-01-14 04:00:00,STATION_A_01,469.7,1.0
2025-01-14 05:00:00,STATION_A_01,496.03,0.1
2025-01-14 06:00:00,STATION_A_01,514.98,3.9
2025-01-14 07:00:00,STATION_A_01,575.48,1.0
2025-01-14 08:00:00,STATION_A_01,575.99,5.7
2025-01-14 09:00:00,STATION_A_01,570.07,5.2
2025-01-14 10:00:00,STATION_A_01,518.09,8.9
2025-01-14 11:00:00,STATION_A_01,528.77,9.3
2025-01-14 12:00:00,STATION_A_01,487.24,12.2
2025-01-14 13:00:00,STATION_A_01,506.15,11.0
2025-01-14 14:00:00,STATION_A_01,505.62,7.3
2025-01-14 15:00:00,STATION_A_01,480.22,10.2
2025-01-14 16:00:00,STATION_A_01,478.06,8.0
2025-01-14 17:00:00,STATION_A_01,511.73,8.7
2025-01-14 18:00:00,STATION_A_01,568.44,11.6
2025-01-14 19:00:00,STATION_A_01,666.4,9.1
2025-01-14 20:00:00,STATION_A_01,704.65,5.5
2025-01-14 21:00:00,STATION_A_01,600.21,3.7
2025-01-14 22:00:00,STATION_A_01,536.91,4.3
2025-01-14 23:00:00,STATION_A_01,490.1,0.9
2025-01-15 00:00:00,STATION_A_01,476.0,0.9
2025-01-15 01:00:00,STATION_A_01,488.19,1.9
2025-01-15 02:00:00,STATION_A_01,464.99,3.0
2025-01-15 03:00:00,STATION_A_01,475.54,1.8
2025-01-15 04:00:00,STATION_A_01,521.41,-3.3
2025-01-15 05:00:00,STATION_A_01,501.1,1.9
2025-01-15 06:00:00,STATION_A_01,519.81,2.2
2025-01-15 07:00:00,STATION_A_01,573.58,3.9
2025-01-15 08:00:00,STATION_A_01,567.05,7.2
2025-01-15 09:00:00,STATION_A_01,599.55,1.8
2025-01-15 10:00:00,STATION_A_01,545.97,5.7
2025-01-15 11:00:00,STATION_A_01,488.19,9.0
2025-01-15 12:00:00,STATION_A_01,525.78,6.1
2025-01-15 13:00:00,STATION_A_01,493.96,12.3
2025-01-15 14:00:00,STATION_A_01,503.59,10.8
2025-01-15 15:00:00,STATION_A_01,490.65,11.8
2025-01-15 16:00:00,STATION_A_01,501.66,9.1
2025-01-15 17:00:00,STATION_A_01,517.47,11.1
2025-01-15 18:00:00,STATION_A_01,606.59,10.8
2025-01-15 19:00:00,STATION_A_01,653.53,8.3
2025-01-15 20:00:00,STATION_A_01,652.1,7.2
2025-01-15 21:00:00,STATION_A_01,565.34,6.0
2025-01-15 22:00:00,STATION_A_01,552.52,2.7
2025-01-15 23:00:00,STATION_A_01,489.14,2.8
2025-01-16 00:00:00,STATION_A_01,480.57,1.8
2025-01-16 01:00:00,STATION_A_01,450.44,2.0
2025-01-16 02:00:00,STATION_A_01,464.16,2.7
2025-01-16 03:00:00,STATION_A_01,495.65,-1.2
2025-01-16 04:00:00,STATION_A_01,,0.6
2025-01-16 05:00:00,STATION_A_01,491.19,4.0
2025-01-16 06:00:00,STATION_A_01,530.15,0.8
2025-01-16 07:00:00,STATION_A_01,583.13,1.6
2025-01-16 08:00:00,STATION_A_01,603.47,4.6
2025-01-16 09:00:00,STATION_A_01,579.13,7.0
2025-01-16 10:00:00,STATION_A_01,534.96,6.8
2025-01-16 11:00:00,STATION_A_01,489.46,10.3
2025-01-16 12:00:00,STATION_A_01,495.97,10.4
2025-01-16 13:00:00,STATION_A_01,509.97,11.2
2025-01-16 14:00:00,STATION_A_01,482.19,11.1
2025-01-16 15:00:00,STATION_A_01,465.6,14.5
2025-01-16 16:00:00,STATION_A_01,487.8,9.8
2025-01-16 17:00:00,STATION_A_01,547.11,6.1
2025-01-16 18:00:00,STATION_A_01,571.64,11.8
2025-01-16 19:00:00,STATION_A_01,644.81,7.1
2025-01-16 20:00:00,STATION_A_01,686.55,6.9
2025-01-16 21:00:00,STATION_A_01,621.31,7.9
2025-01-16 22:00:00,STATION_A_01,534.71,1.4
2025-01-16 23:00:00,STATION_A_01,514.35,0.9
2025-01-17 00:00:00,STATION_A_01,501.09,-0.8
2025-01-17 01:00:00,STATION_A_01,491.87,-0.1
2025-01-17 02:00:00,STATION_A_01,471.67,1.7
2025-01-17 03:00:00,STATION_A_01,465.84,1.6
2025-01-17 04:00:00,STATION_A_01,483.85,1.4
2025-01-17 05:00:00,STATION_A_01,513.35,-1.2
2025-01-17 06:00:00,STATION_A_01,553.48,-2.1
2025-01-17 07:00:00,STATION_A_01,572.91,3.2
2025-01-17 08:00:00,STATION_A_01,584.55,3.4
2025-01-17 09:00:00,STATION_A_01,575.56,6.3
2025-01-17 10:00:00,STATION_A_01,534.15,8.0
2025-01-17 11:00:00,STATION_A_01,513.72,8.1
2025-01-17 12:00:00,STATION_A_01,504.62,10.3
2025-01-17 13:00:00,STATION_A_01,529.73,10.1
2025-01-17 14:00:00,STATION_A_01,487.86,11.1
2025-01-17 15:00:00,STATION_A_01,511.08,9.0
2025-01-17 16:00:00,STATION_A_01,483.47,9.8
2025-01-17 17:00:00,STATION_A_01,543.47,10.0
2025-01-17 18:00:00,STATION_A_01,614.93,10.4
2025-01-17 19:00:00,STATION_A_01,672.0,7.2
2025-01-17 20:00:00,STATION_A_01,702.08,7.7
2025-01-17 21:00:00,STATION_A_01,630.84,5.0
2025-01-17 22:00:00,STATION_A_01,535.06,4.0
2025-01-17 23:00:00,STATION_A_01,487.69,4.6
2025-01-18 00:00:00,STATION_A_01,535.46,-1.5
2025-01-18 01:00:00,STATION_A_01,530.3,-1.0
2025-01-18 02:00:00,STATION_A_01,507.37,-1.8
2025-01-18 03:00:00,STATION_A_01,528.39,-3.5
2025-01-18 04:00:00,STATION_A_01,522.85,-0.4
2025-01-18 05:00:00,STATION_A_01,515.28,2.7
2025-01-18 06:00:00,STATION_A_01,601.37,1.6
2025-01-18 07:00:00,STATION_A_01,612.69,3.5
2025-01-18 08:00:00,STATION_A_01,620.23,6.2
2025-01-18 09:00:00,STATION_A_01,613.17,7.9
2025-01-18 10:00:00,STATION_A_01,561.8,6.6
2025-01-18 11:00:00,STATION_A_01,544.35,10.3
2025-01-18 12:00:00,STATION_A_01,516.6,9.1
2025-01-18 13:00:00,STATION_A_01,542.08,8.2
2025-01-18 14:00:00,STATION_A_01,551.24,9.1
2025-01-18 15:00:00,STATION_A_01,553.44,7.6
2025-01-18 16:00:00,STATION_A_01,518.67,8.5
2025-01-18 17:00:00,STATION_A_01,552.68,9.0
2025-01-18 18:00:00,STATION_A_01,641.41,10.3
2025-01-18 19:00:00,STATION_A_01,680.6,11.0
2025-01-18 20:00:00,STATION_A_01,732.3,4.3
2025-01-18 21:00:00,STATION_A_01,668.46,6.2
2025-01-18 22:00:00,STATION_A_01,581.38,2.4
2025-01-18 23:00:00,STATION_A_01,498.58,4.0
2025-01-19 00:00:00,STATION_A_01,487.71,1.9
2025-01-19 01:00:00,STATION_A_01,522.63,-1.9
2025-01-19 02:00:00,STATION_A_01,477.48,2.5
2025-01-19 03:00:00,STATION_A_01,512.07,-0.4
2025-01-19 04:00:00,STATION_A_01,500.27,-0.1
2025-01-19 05:00:00,STATION_A_01,561.08,-0.6
2025-01-19 06:00:00,STATION_A_01,602.36,0.9
2025-01-19 07:00:00,STATION_A_01,590.14,3.9
2025-01-19 08:00:00,STATION_A_01,639.32,3.9
2025-01-19 09:00:00,STATION_A_01,590.21,6.1
2025-01-19 10:00:00,STATION_A_01,558.61,7.4
2025-01-19 11:00:00,STATION_A_01,555.83,10.3
2025-01-19 12:00:00,STATION_A_01,537.73,8.3
2025-01-19 13:00:00,STATION_A_01,550.74,7.0
2025-01-19 14:00:00,STATION_A_01,508.24,12.1
2025-01-19 15:00:00,STATION_A_01,536.78,9.7
2025-01-19 16:00:00,STATION_A_01,467.49,12.1
2025-01-19 17:00:00,STATION_A_01,552.1,10.4
2025-01-19 18:00:00,STATION_A_01,642.1,8.7
2025-01-19 19:00:00,STATION_A_01,696.94,8.5
2025-01-19 20:00:00,STATION_A_01,711.81,10.3
2025-01-19 21:00:00,STATION_A_01,654.69,9.2
2025-01-19 22:00:00,STATION_A_01,557.79,4.4
2025-01-19 23:00:00,STATION_A_01,557.14,3.4
2025-01-20 00:00:00,STATION_A_01,449.51,4.1
2025-01-20 01:00:00,STATION_A_01,501.49,-0.2
2025-01-20 02:00:00,STATION_A_01,479.99,1.5
2025-01-20 03:00:00,STATION_A_01,476.03,0.7
2025-01-20 04:00:00,STATION_A_01,477.86,1.4
2025-01-20 05:00:00,STATION_A_01,,-0.1
2025-01-20 06:00:00,STATION_A_01,549.24,-0.7
2025-01-20 07:00:00,STATION_A_01,582.36,-0.6
2025-01-20 08:00:00,STATION_A_01,604.86,2.3
2025-01-20 09:00:00,STATION_A_01,567.25,4.7
2025-01-20 10:00:00,STATION_A_01,520.4,6.2
2025-01-20 11:00:00,STATION_A_01,484.89,11.4
2025-01-20 12:00:00,STATION_A_01,485.57,10.9
2025-01-20 13:00:00,STATION_A_01,513.19,7.9
2025-01-20 14:00:00,STATION_A_01,503.61,10.8
2025-01-20 15:00:00,STATION_A_01,494.01,9.6
2025-01-20 16:00:00,STATION_A_01,519.63,9.6
2025-01-20 17:00:00,STATION_A_01,498.45,10.0
2025-01-20 18:00:00,STATION_A_01,605.84,10.0
2025-01-20 19:00:00,STATION_A_01,677.27,7.3
2025-01-20 20:00:00,STATION_A_01,681.42,8.7
2025-01-20 21:00:00,STATION_A_01,644.91,3.5
2025-01-20 22:00:00,STATION_A_01,544.58,4.3
2025-01-20 23:00:00,STATION_A_01,480.33,7.8
2025-01-21 00:00:00,STATION_A_01,464.29,2.5
2025-01-21 01:00:00,STATION_A_01,474.73,3.9
2025-01-21 02:00:00,STATION_A_01,456.54,1.0
2025-01-21 03:00:00,STATION_A_01,487.17,1.8
2025-01-21 04:00:00,STATION_A_01,485.61,0.8
2025-01-21 05:00:00,STATION_A_01,493.99,1.1
2025-01-21 06:00:00,STATION_A_01,535.85,0.7
2025-01-21 07:00:00,STATION_A_01,570.12,3.9
2025-01-21 08:00:00,STATION_A_01,626.27,2.7
2025-01-21 09:00:00,STATION_A_01,615.51,6.7
2025-01-21 10:00:00,STATION_A_01,541.24,8.7
2025-01-21 11:00:00,STATION_A_01,501.96,8.6
2025-01-21 12:00:00,STATION_A_01,521.43,8.4
2025-01-21 13:00:00,STATION_A_01,514.82,10.5
2025-01-21 14:00:00,STATION_A_01,491.73,9.6
2025-01-21 15:00:00,STATION_A_01,464.92,12.0
2025-01-21 16:00:00,STATION_A_01,506.97,6.9
2025-01-21 17:00:00,STATION_A_01,544.92,9.1
2025-01-21 18:00:00,STATION_A_01,600.11,5.3
2025-01-21 19:00:00,STATION_A_01,677.75,5.2
2025-01-21 20:00:00,STATION_A_01,673.57,9.2
2025-01-21 21:00:00,STATION_A_01,612.13,7.1
2025-01-21 22:00:00,STATION_A_01,573.96,3.0
2025-01-21 23:00:00,STATION_A_01,493.57,0.4
2025-01-22 00:00:00,STATION_A_01,528.86,-3.2
2025-01-22 01:00:00,STATION_A_01,463.38,0.4
2025-01-22 02:00:00,STATION_A_01,437.2,5.3
2025-01-22 03:00:00,STATION_A_01,477.81,1.5
2025-01-22 04:00:00,STATION_A_01,475.32,-0.1
2025-01-22 05:00:00,STATION_A_01,494.48,2.2
2025-01-22 06:00:00,STATION_A_01,544.79,-0.7
2025-01-22 07:00:00,STATION_A_01,576.38,2.6
2025-01-22 08:00:00,STATION_A_01,583.02,4.5
2025-01-22 09:00:00,STATION_A_01,581.46,5.4
2025-01-22 10:00:00,STATION_A_01,522.82,8.2
2025-01-22 11:00:00,STATION_A_01,524.12,8.6
2025-01-22 12:00:00,STATION_A_01,501.92,10.1
2025-01-22 13:00:00,STATION_A_01,503.24,8.5
2025-01-22 14:00:00,STATION_A_01,471.27,11.8
2025-01-22 15:00:00,STATION_A_01,472.35,13.3
2025-01-22 16:00:00,STATION_A_01,483.6,8.4
2025-01-22 17:00:00,STATION_A_01,519.86,8.1
2025-01-22 18:00:00,STATION_A_01,598.76,11.3
2025-01-22 19:00:00,STATION_A_01,643.97,7.6
2025-01-22 20:00:00,STATION_A_01,687.38,9.3
2025-01-22 21:00:00,STATION_A_01,628.08,4.7
2025-01-22 22:00:00,STATION_A_01,532.75,6.9
2025-01-22 23:00:00,STATION_A_01,485.18,3.4
2025-01-23 00:00:00,STATION_A_01,482.22,2.6
2025-01-23 01:00:00,STATION_A_01,465.85,4.2
2025-01-23 02:00:00,STATION_A_01,474.58,0.3
2025-01-23 03:00:00,STATION_A_01,491.69,-0.9
2025-01-23 04:00:00,STATION_A_01,467.27,0.1
2025-01-23 05:00:00,STATION_A_01,473.81,2.2
2025-01-23 06:00:00,STATION_A_01,529.73,-0.7
2025-01-23 07:00:00,STATION_A_01,575.24,4.3
2025-01-23 08:00:00,STATION_A_01,602.18,3.3
2025-01-23 09:00:00,STATION_A_01,577.96,7.6
2025-01-23 10:00:00,STATION_A_01,543.03,2.5
2025-01-23 11:00:00,STATION_A_01,527.15,6.5
2025-01-23 12:00:00,STATION_A_01,523.69,5.9
2025-01-23 13:00:00,STATION_A_01,504.5,8.2
2025-01-23 14:00:00,STATION_A_01,503.47,10.6
2025-01-23 15:00:00,STATION_A_01,489.21,10.0
2025-01-23 16:00:00,STATION_A_01,485.49,9.7
2025-01-23 17:00:00,STATION_A_01,532.22,9.4
2025-01-23 18:00:00,STATION_A_01,600.43,9.3
2025-01-23 19:00:00,STATION_A_01,681.72,6.1
2025-01-23 20:00:00,STATION_A_01,663.7,8.1
2025-01-23 21:00:00,STATION_A_01,592.65,6.7
2025-01-23 22:00:00,STATION_A_01,544.03,5.0
2025-01-23 23:00:00,STATION_A_01,484.48,4.2
2025-01-24 00:00:00,STATION_A_01,459.68,2.7
2025-01-24 01:00:00,STATION_A_01,458.99,5.1
2025-01-24 02:00:00,STATION_A_01,489.89,0.8
2025-01-24 03:00:00,STATION_A_01,,0.2
2025-01-24 04:00:00,STATION_A_01,483.97,-0.4
2025-01-24 05:00:00,STATION_A_01,499.16,-0.4
2025-01-24 06:00:00,STATION_A_01,551.41,-0.1
2025-01-24 07:00:00,STATION_A_01,547.95,1.6
2025-01-24 08:00:00,STATION_A_01,609.49,4.2
2025-01-24 09:00:00,STATION_A_01,542.43,6.2
2025-01-24 10:00:00,STATION_A_01,513.76,6.9
2025-01-24 11:00:00,STATION_A_01,511.91,6.6
2025-01-24 12:00:00,STATION_A_01,529.92,10.6
2025-01-24 13:00:00,STATION_A_01,524.57,11.1
2025-01-24 14:00:00,STATION_A_01,511.0,9.9
2025-01-24 15:00:00,STATION_A_01,498.44,9.2
2025-01-24 16:00:00,STATION_A_01,462.65,11.2
2025-01-24 17:00:00,STATION_A_01,530.16,10.1
2025-01-24 18:00:00,STATION_A_01,610.82,6.4
2025-01-24 19:00:00,STATION_A_01,658.65,7.8
2025-01-24 20:00:00,STATION_A_01,678.39,7.3
2025-01-24 21:00:00,STATION_A_01,621.89,3.9
2025-01-24 22:00:00,STATION_A_01,556.71,4.7
2025-01-24 23:00:00,STATION_A_01,485.52,0.6
2025-01-25 00:00:00,STATION_A_01,492.41,4.6
2025-01-25 01:00:00,STATION_A_01,484.39,3.7
2025-01-25 02:00:00,STATION_A_01,505.07,0.5
2025-01-25 03:00:00,STATION_A_01,510.86,1.4
2025-01-25 04:00:00,STATION_A_01,518.17,-3.4
2025-01-25 05:00:00,STATION_A_01,540.0,-0.6
2025-01-25 06:00:00,STATION_A_01,562.51,1.7
2025-01-25 07:00:00,STATION_A_01,610.1,1.3
2025-01-25 08:00:00,STATION_A_01,616.38,5.6
2025-01-25 09:00:00,STATION_A_01,584.28,9.2
2025-01-25 10:00:00,STATION_A_01,565.39,4.7
2025-01-25 11:00:00,STATION_A_01,550.29,6.5
2025-01-25 12:00:00,STATION_A_01,533.69,9.4
2025-01-25 13:00:00,STATION_A_01,515.64,12.6
2025-01-25 14:00:00,STATION_A_01,563.88,8.0
2025-01-25 15:00:00,STATION_A_01,520.24,10.8
2025-01-25 16:00:00,STATION_A_01,498.07,13.5
2025-01-25 17:00:00,STATION_A_01,579.76,6.8
2025-01-25 18:00:00,STATION_A_01,636.92,6.7
2025-01-25 19:00:00,STATION_A_01,708.98,7.2
2025-01-25 20:00:00,STATION_A_01,719.28,5.9
2025-01-25 21:00:00,STATION_A_01,626.59,7.1
2025-01-25 22:00:00,STATION_A_01,581.87,4.8
2025-01-25 23:00:00,STATION_A_01,537.13,-0.0
2025-01-26 00:00:00,STATION_A_01,493.16,3.2
2025-01-26 01:00:00,STATION_A_01,502.83,0.4
2025-01-26 02:00:00,STATION_A_01,535.53,3.3
2025-01-26 03:00:00,STATION_A_01,505.7,-0.3
2025-01-26 04:00:00,STATION_A_01,490.35,-0.2
2025-01-26 05:00:00,STATION_A_01,500.69,2.4
2025-01-26 06:00:00,STATION_A_01,566.16,3.6
2025-01-26 07:00:00,STATION_A_01,625.64,4.0
2025-01-26 08:00:00,STATION_A_01,637.44,1.3
2025-01-26 09:00:00,STATION_A_01,621.14,6.6
2025-01-26 10:00:00,STATION_A_01,585.99,5.0
2025-01-26 11:00:00,STATION_A_01,536.78,8.4
2025-01-26 12:00:00,STATION_A_01,549.07,6.4
2025-01-26 13:00:00,STATION_A_01,537.09,10.6
2025-01-26 14:00:00,STATION_A_01,549.23,8.8
2025-01-26 15:00:00,STATION_A_01,533.76,8.1
2025-01-26 16:00:00,STATION_A_01,503.8,11.5
2025-01-26 17:00:00,STATION_A_01,555.54,10.2
2025-01-26 18:00:00,STATION_A_01,,7.9
2025-01-26 19:00:00,STATION_A_01,697.57,10.6
2025-01-26 20:00:00,STATION_A_01,739.91,6.1
2025-01-26 21:00:00,STATION_A_01,664.86,5.7
2025-01-26 22:00:00,STATION_A_01,579.28,4.9
2025-01-26 23:00:00,STATION_A_01,535.03,2.1
2025-01-27 00:00:00,STATION_A_01,480.3,3.1
2025-01-27 01:00:00,STATION_A_01,,0.5
2025-01-27 02:00:00,STATION_A_01,485.06,0.3
2025-01-27 03:00:00,STATION_A_01,460.75,3.3
2025-01-27 04:00:00,STATION_A_01,496.41,-0.9
2025-01-27 05:00:00,STATION_A_01,515.48,-2.9
2025-01-27 06:00:00,STATION_A_01,511.55,5.2
2025-01-27 07:00:00,STATION_A_01,587.81,7.8
2025-01-27 08:00:00,STATION_A_01,574.63,3.7
2025-01-27 09:00:00,STATION_A_01,605.32,2.2
2025-01-27 10:00:00,STATION_A_01,523.02,6.3
2025-01-27 11:00:00,STATION_A_01,514.67,7.5
2025-01-27 12:00:00,STATION_A_01,543.84,8.7
2025-01-27 13:00:00,STATION_A_01,504.83,7.8
2025-01-27 14:00:00,STATION_A_01,484.29,11.3
2025-01-27 15:00:00,STATION_A_01,481.8,11.4
2025-01-27 16:00:00,STATION_A_01,491.45,7.6
2025-01-27 17:00:00,STATION_A_01,533.5,11.1
2025-01-27 18:00:00,STATION_A_01,572.38,12.7
2025-01-27 19:00:00,STATION_A_01,679.34,8.4
2025-01-27 20:00:00,STATION_A_01,657.02,6.3
2025-01-27 21:00:00,STATION_A_01,590.5,5.4
2025-01-27 22:00:00,STATION_A_01,535.57,5.5
2025-01-27 23:00:00,STATION_A_01,491.07,0.1
2025-01-28 00:00:00,STATION_A_01,401.53,2.6
2025-01-28 01:00:00,STATION_A_01,376.96,0.8
2025-01-28 02:00:00,STATION_A_01,369.72,4.4
2025-01-28 03:00:00,STATION_A_01,,0.6
2025-01-28 04:00:00,STATION_A_01,379.02,4.0
2025-01-28 05:00:00,STATION_A_01,397.73,-0.5
2025-01-28 06:00:00,STATION_A_01,452.4,3.3
2025-01-28 07:00:00,STATION_A_01,455.32,3.9
2025-01-28 08:00:00,STATION_A_01,491.44,2.9
2025-01-28 09:00:00,STATION_A_01,464.14,6.0
2025-01-28 10:00:00,STATION_A_01,434.48,9.1
2025-01-28 11:00:00,STATION_A_01,425.32,7.5
2025-01-28 12:00:00,STATION_A_01,419.26,6.0
2025-01-28 13:00:00,STATION_A_01,412.33,9.8
2025-01-28 14:00:00,STATION_A_01,412.53,8.7
2025-01-28 15:00:00,STATION_A_01,408.68,9.9
2025-01-28 16:00:00,STATION_A_01,389.15,10.2
2025-01-28 17:00:00,STATION_A_01,468.92,6.8
2025-01-28 18:00:00,STATION_A_01,497.24,6.2
2025-01-28 19:00:00,STATION_A_01,543.86,8.9
2025-01-28 20:00:00,STATION_A_01,542.16,6.0
2025-01-28 21:00:00,STATION_A_01,510.49,1.1
2025-01-28 22:00:00,STATION_A_01,429.88,5.8
2025-01-28 23:00:00,STATION_A_01,395.32,3.8
2025-01-29 00:00:00,STATION_A_01,387.08,1.0
2025-01-29 01:00:00,STATION_A_01,387.76,-0.8
2025-01-29 02:00:00,STATION_A_01,392.83,2.6
2025-01-29 03:00:00,STATION_A_01,382.16,1.5
2025-01-29 04:00:00,STATION_A_01,370.82,5.4
2025-01-29 05:00:00,STATION_A_01,399.11,2.3
2025-01-29 06:00:00,STATION_A_01,441.46,3.0
2025-01-29 07:00:00,STATION_A_01,473.19,3.0
2025-01-29 08:00:00,STATION_A_01,478.07,5.9
2025-01-29 09:00:00,STATION_A_01,445.12,6.8
2025-01-29 10:00:00,STATION_A_01,412.97,9.2
2025-01-29 11:00:00,STATION_A_01,407.03,7.2
2025-01-29 12:00:00,STATION_A_01,432.78,8.3
2025-01-29 13:00:00,STATION_A_01,424.37,9.0
2025-01-29 14:00:00,STATION_A_01,392.95,11.8
2025-01-29 15:00:00,STATION_A_01,381.41,13.2
2025-01-29 16:00:00,STATION_A_01,394.73,9.5
2025-01-29 17:00:00,STATION_A_01,424.95,9.1
2025-01-29 18:00:00,STATION_A_01,495.49,9.7
2025-01-29 19:00:00,STATION_A_01,545.97,7.7
2025-01-29 20:00:00,STATION_A_01,573.43,8.7
2025-01-29 21:00:00,STATION_A_01,541.84,1.7
2025-01-29 22:00:00,STATION_A_01,466.67,3.0
2025-01-29 23:00:00,STATION_A_01,419.27,1.9
2025-01-30 00:00:00,STATION_A_01,396.48,-1.8
2025-01-30 01:00:00,STATION_A_01,401.06,-0.1
2025-01-30 02:00:00,STATION_A_01,392.78,-0.5
2025-01-30 03:00:00,STATION_A_01,409.59,0.6
2025-01-30 04:00:00,STATION_A_01,391.24,3.1
2025-01-30 05:00:00,STATION_A_01,409.73,1.2
2025-01-30 06:00:00,STATION_A_01,441.21,0.5
2025-01-30 07:00:00,STATION_A_01,490.08,3.3
2025-01-30 08:00:00,STATION_A_01,458.78,6.4
2025-01-30 09:00:00,STATION_A_01,496.97,4.0
2025-01-30 10:00:00,STATION_A_01,438.98,5.4
2025-01-30 11:00:00,STATION_A_01,397.32,9.2
2025-01-30 12:00:00,STATION_A_01,408.09,8.7
2025-01-30 13:00:00,STATION_A_01,391.94,11.1
2025-01-30 14:00:00,STATION_A_01,414.0,10.4
2025-01-30 15:00:00,STATION_A_01,381.48,11.8
2025-01-30 16:00:00,STATION_A_01,408.57,8.5
2025-01-30 17:00:00,STATION_A_01,443.73,9.9
2025-01-30 18:00:00,STATION_A_01,484.69,8.8
2025-01-30 19:00:00,STATION_A_01,554.49,6.0
2025-01-30 20:00:00,STATION_A_01,547.85,4.2
2025-01-30 21:00:00,STATION_A_01,493.45,7.0
2025-01-30 22:00:00,STATION_A_01,476.84,3.9
2025-01-30 23:00:00,STATION_A_01,421.33,1.5
2025-01-31 00:00:00,STATION_A_01,383.24,2.2
2025-01-31 01:00:00,STATION_A_01,374.73,3.7
2025-01-31 02:00:00,STATION_A_01,403.89,-2.9
2025-01-31 03:00:00,STATION_A_01,401.82,-1.7
2025-01-31 04:00:00,STATION_A_01,395.21,-0.5
2025-01-31 05:00:00,STATION_A_01,400.23,4.3
2025-01-31 06:00:00,STATION_A_01,418.85,2.9
2025-01-31 07:00:00,STATION_A_01,450.0,4.8
2025-01-31 08:00:00,STATION_A_01,498.3,2.5
2025-01-31 09:00:00,STATION_A_01,460.1,3.8
2025-01-31 10:00:00,STATION_A_01,438.2,7.8
2025-01-31 11:00:00,STATION_A_01,415.07,8.3
2025-01-31 12:00:00,STATION_A_01,390.3,10.2
2025-01-31 13:00:00,STATION_A_01,416.05,9.6
2025-01-31 14:00:00,STATION_A_01,386.45,10.9
2025-01-31 15:00:00,STATION_A_01,402.27,10.9
2025-01-31 16:00:00,STATION_A_01,390.5,11.8
2025-01-31 17:00:00,STATION_A_01,444.29,11.4
2025-01-31 18:00:00,STATION_A_01,518.63,6.3
2025-01-31 19:00:00,STATION_A_01,551.51,4.2
2025-01-31 20:00:00,STATION_A_01,513.02,8.8
2025-01-31 21:00:00,STATION_A_01,483.49,7.9
2025-01-31 22:00:00,STATION_A_01,436.75,2.7
2025-01-31 23:00:00,STATION_A_01,437.69,0.0
2025-02-01 00:00:00,STATION_A_01,406.76,2.6
2025-02-01 01:00:00,STATION_A_01,413.92,3.4
2025-02-01 02:00:00,STATION_A_01,397.15,4.4
2025-02-01 03:00:00,STATION_A_01,408.05,2.0
2025-02-01 04:00:00,STATION_A_01,,0.5
2025-02-01 05:00:00,STATION_A_01,446.68,0.1
2025-02-01 06:00:00,STATION_A_01,460.06,2.5
2025-02-01 07:00:00,STATION_A_01,483.32,2.9
2025-02-01 08:00:00,STATION_A_01,542.95,2.8
2025-02-01 09:00:00,STATION_A_01,471.58,9.5
2025-02-01 10:00:00,STATION_A_01,438.99,10.3
2025-02-01 11:00:00,STATION_A_01,399.19,10.3
2025-02-01 12:00:00,STATION_A_01,452.15,7.6
2025-02-01 13:00:00,STATION_A_01,431.81,11.5
2025-02-01 14:00:00,STATION_A_01,425.8,11.6
2025-02-01 15:00:00,STATION_A_01,411.46,11.4
2025-02-01 16:00:00,STATION_A_01,405.99,12.7
2025-02-01 17:00:00,STATION_A_01,445.42,11.1
2025-02-01 18:00:00,STATION_A_01,518.2,10.6
2025-02-01 19:00:00,STATION_A_01,580.2,9.4
2025-02-01 20:00:00,STATION_A_01,575.92,7.7
2025-02-01 21:00:00,STATION_A_01,562.29,2.6
2025-02-01 22:00:00,STATION_A_01,467.4,4.7
2025-02-01 23:00:00,STATION_A_01,426.96,2.4
2025-02-02 00:00:00,STATION_A_01,417.39,0.2
2025-02-02 01:00:00,STATION_A_01,384.05,4.8
2025-02-02 02:00:00,STATION_A_01,402.08,4.4
2025-02-02 03:00:00,STATION_A_01,387.17,3.5
2025-02-02 04:00:00,STATION_A_01,402.6,1.7
2025-02-02 05:00:00,STATION_A_01,395.51,4.2
2025-02-02 06:00:00,STATION_A_01,453.25,2.5
2025-02-02 07:00:00,STATION_A_01,512.28,3.9
2025-02-02 08:00:00,STATION_A_01,518.88,2.7
2025-02-02 09:00:00,STATION_A_01,496.17,6.6
2025-02-02 10:00:00,STATION_A_01,484.85,7.2
2025-02-02 11:00:00,STATION_A_01,453.37,5.9
2025-02-02 12:00:00,STATION_A_01,428.37,9.2
2025-02-02 13:00:00,STATION_A_01,429.83,9.9
2025-02-02 14:00:00,STATION_A_01,414.83,13.8
2025-02-02 15:00:00,STATION_A_01,404.69,12.3
2025-02-02 16:00:00,STATION_A_01,414.44,10.5
2025-02-02 17:00:00,STATION_A_01,463.41,10.5
2025-02-02 18:00:00,STATION_A_01,531.03,9.4
2025-02-02 19:00:00,STATION_A_01,553.14,7.9
2025-02-02 20:00:00,STATION_A_01,579.83,5.2
2025-02-02 21:00:00,STATION_A_01,526.21,5.6
2025-02-02 22:00:00,STATION_A_01,481.25,3.3
2025-02-02 23:00:00,STATION_A_01,449.6,1.2
2025-02-03 00:00:00,STATION_A_01,406.07,3.5
2025-02-03 01:00:00,STATION_A_01,378.24,2.5
2025-02-03 02:00:00,STATION_A_01,394.17,-1.9
2025-02-03 03:00:00,STATION_A_01,394.97,0.9
2025-02-03 04:00:00,STATION_A_01,377.72,3.1
2025-02-03 05:00:00,STATION_A_01,393.31,3.7
2025-02-03 06:00:00,STATION_A_01,416.74,4.4
2025-02-03 07:00:00,STATION_A_01,432.39,3.6
2025-02-03 08:00:00,STATION_A_01,489.35,3.2
2025-02-03 09:00:00,STATION_A_01,468.77,4.0
2025-02-03 10:00:00,STATION_A_01,442.01,7.8
2025-02-03 11:00:00,STATION_A_01,410.1,9.0
2025-02-03 12:00:00,STATION_A_01,388.46,11.7
2025-02-03 13:00:00,STATION_A_01,399.86,12.1
2025-02-03 14:00:00,STATION_A_01,382.35,10.3
2025-02-03 15:00:00,STATION_A_01,389.67,8.5
2025-02-03 16:00:00,STATION_A_01,404.68,10.0
2025-02-03 17:00:00,STATION_A_01,422.71,10.5
2025-02-03 18:00:00,STATION_A_01,500.6,9.0
2025-02-03 19:00:00,STATION_A_01,519.41,7.3
2025-02-03 20:00:00,STATION_A_01,541.42,7.6
2025-02-03 21:00:00,STATION_A_01,498.06,5.0
2025-02-03 22:00:00,STATION_A_01,456.14,3.6
2025-02-03 23:00:00,STATION_A_01,407.38,4.1
2025-02-04 00:00:00,STATION_A_01,390.64,1.9
2025-02-04 01:00:00,STATION_A_01,398.16,2.3
2025-02-04 02:00:00,STATION_A_01,380.71,1.9
2025-02-04 03:00:00,STATION_A_01,408.17,-0.9
2025-02-04 04:00:00,STATION_A_01,382.34,0.5
2025-02-04 05:00:00,STATION_A_01,380.24,4.4
2025-02-04 06:00:00,STATION_A_01,,0.5
2025-02-04 07:00:00,STATION_A_01,460.8,-0.2
2025-02-04 08:00:00,STATION_A_01,502.17,1.4
2025-02-04 09:00:00,STATION_A_01,462.19,6.0
2025-02-04 10:00:00,STATION_A_01,441.05,7.3
2025-02-04 11:00:00,STATION_A_01,411.93,8.2
2025-02-04 12:00:00,STATION_A_01,401.63,11.6
2025-02-04 13:00:00,STATION_A_01,434.8,5.3
2025-02-04 14:00:00,STATION_A_01,392.58,11.3
2025-02-04 15:00:00,STATION_A_01,374.48,13.6
2025-02-04 16:00:00,STATION_A_01,407.76,8.6
2025-02-04 17:00:00,STATION_A_01,428.55,9.5
2025-02-04 18:00:00,STATION_A_01,487.13,8.0
2025-02-04 19:00:00,STATION_A_01,547.81,6.8
2025-02-04 20:00:00,STATION_A_01,571.68,6.7
2025-02-04 21:00:00,STATION_A_01,480.86,8.6
2025-02-04 22:00:00,STATION_A_01,420.35,8.1
2025-02-04 23:00:00,STATION_A_01,385.78,3.0
2025-02-05 00:00:00,STATION_A_01,449.0,6.1
2025-02-05 01:00:00,STATION_A_01,475.18,2.0
2025-02-05 02:00:00,STATION_A_01,465.98,4.6
2025-02-05 03:00:00,STATION_A_01,473.01,1.1
2025-02-05 04:00:00,STATION_A_01,484.97,1.7
2025-02-05 05:00:00,STATION_A_01,493.66,2.6
2025-02-05 06:00:00,STATION_A_01,506.68,8.4
2025-02-05 07:00:00,STATION_A_01,569.41,5.2
2025-02-05 08:00:00,STATION_A_01,614.45,3.5
2025-02-05 09:00:00,STATION_A_01,549.15,7.8
2025-02-05 10:00:00,STATION_A_01,507.28,6.6
2025-02-05 11:00:00,STATION_A_01,513.74,7.6
2025-02-05 12:00:00,STATION_A_01,500.38,11.1
2025-02-05 13:00:00,STATION_A_01,518.13,10.3
2025-02-05 14:00:00,STATION_A_01,503.05,11.2
2025-02-05 15:00:00,STATION_A_01,501.36,10.9
2025-02-05 16:00:00,STATION_A_01,484.93,11.3
2025-02-05 17:00:00,STATION_A_01,517.19,11.0
2025-02-05 18:00:00,STATION_A_01,589.18,6.0
2025-02-05 19:00:00,STATION_A_01,654.84,9.7
2025-02-05 20:00:00,STATION_A_01,665.45,5.5
2025-02-05 21:00:00,STATION_A_01,624.91,3.5
2025-02-05 22:00:00,STATION_A_01,535.5,4.7
2025-02-05 23:00:00,STATION_A_01,493.52,3.8
2025-02-06 00:00:00,STATION_A_01,467.03,1.5
2025-02-06 01:00:00,STATION_A_01,470.92,3.5
2025-02-06 02:00:00,STATION_A_01,444.72,-0.9
2025-02-06 03:00:00,STATION_A_01,475.1,0.6
2025-02-06 04:00:00,STATION_A_01,492.36,0.4
2025-02-06 05:00:00,STATION_A_01,510.03,1.9
2025-02-06 06:00:00,STATION_A_01,525.85,3.2
2025-02-06 07:00:00,STATION_A_01,596.17,1.9
2025-02-06 08:00:00,STATION_A_01,577.06,6.2
2025-02-06 09:00:00,STATION_A_01,558.74,6.2
2025-02-06 10:00:00,STATION_A_01,545.15,4.0
2025-02-06 11:00:00,STATION_A_01,516.42,5.0
2025-02-06 12:00:00,STATION_A_01,487.02,9.5
2025-02-06 13:00:00,STATION_A_01,491.93,9.9
2025-02-06 14:00:00,STATION_A_01,474.64,10.6
2025-02-06 15:00:00,STATION_A_01,482.75,10.9
2025-02-06 16:00:00,STATION_A_01,476.95,11.2
2025-02-06 17:00:00,STATION_A_01,503.06,12.0
2025-02-06 18:00:00,STATION_A_01,591.95,7.5
2025-02-06 19:00:00,STATION_A_01,677.73,6.4
2025-02-06 20:00:00,STATION_A_01,688.18,5.4
2025-02-06 21:00:00,STATION_A_01,584.05,6.6
2025-02-06 22:00:00,STATION_A_01,503.97,7.1
2025-02-06 23:00:00,STATION_A_01,502.53,2.9
2025-02-07 00:00:00,STATION_A_01,463.53,-1.7
2025-02-07 01:00:00,STATION_A_01,484.65,-1.0
2025-02-07 02:00:00,STATION_A_01,493.18,0.0
2025-02-07 03:00:00,STATION_A_01,492.42,0.4
2025-02-07 04:00:00,STATION_A_01,483.76,0.8
2025-02-07 05:00:00,STATION_A_01,493.18,2.1
2025-02-07 06:00:00,STATION_A_01,549.99,2.2
2025-02-07 07:00:00,STATION_A_01,516.71,5.7
2025-02-07 08:00:00,STATION_A_01,579.53,3.7
2025-02-07 09:00:00,STATION_A_01,578.38,4.6
2025-02-07 10:00:00,STATION_A_01,510.23,8.3
2025-02-07 11:00:00,STATION_A_01,527.7,5.8
2025-02-07 12:00:00,STATION_A_01,491.6,10.3
2025-02-07 13:00:00,STATION_A_01,495.93,10.5
2025-02-07 14:00:00,STATION_A_01,484.2,10.5
2025-02-07 15:00:00,STATION_A_01,454.69,13.8
2025-02-07 16:00:00,STATION_A_01,475.78,9.7
2025-02-07 17:00:00,STATION_A_01,499.52,14.0
2025-02-07 18:00:00,STATION_A_01,577.88,9.2
2025-02-07 19:00:00,STATION_A_01,684.71,6.3
2025-02-07 20:00:00,STATION_A_01,670.33,7.5
2025-02-07 21:00:00,STATION_A_01,631.64,4.2
2025-02-07 22:00:00,STATION_A_01,522.09,3.6
2025-02-07 23:00:00,STATION_A_01,460.84,4.5
2025-02-08 00:00:00,STATION_A_01,483.11,3.9
2025-02-08 01:00:00,STATION_A_01,533.58,1.0
2025-02-08 02:00:00,STATION_A_01,501.32,3.4
2025-02-08 03:00:00,STATION_A_01,478.38,3.5
2025-02-08 04:00:00,STATION_A_01,491.82,4.2
2025-02-08 05:00:00,STATION_A_01,517.17,3.0
2025-02-08 06:00:00,STATION_A_01,514.81,5.3
2025-02-08 07:00:00,STATION_A_01,632.18,0.5
2025-02-08 08:00:00,STATION_A_01,613.47,4.4
2025-02-08 09:00:00,STATION_A_01,596.63,4.7
2025-02-08 10:00:00,STATION_A_01,547.7,7.7
2025-02-08 11:00:00,STATION_A_01,547.09,7.6
2025-02-08 12:00:00,STATION_A_01,514.85,9.3
2025-02-08 13:00:00,STATION_A_01,483.14,13.8
2025-02-08 14:00:00,STATION_A_01,519.86,10.6
2025-02-08 15:00:00,STATION_A_01,471.23,11.8
2025-02-08 16:00:00,STATION_A_01,502.5,10.5
2025-02-08 17:00:00,STATION_A_01,560.24,10.5
2025-02-08 18:00:00,STATION_A_01,629.98,9.6
2025-02-08 19:00:00,STATION_A_01,703.64,9.5
2025-02-08 20:00:00,STATION_A_01,694.22,9.6
2025-02-08 21:00:00,STATION_A_01,657.87,9.2
2025-02-08 22:00:00,STATION_A_01,549.73,5.6
2025-02-08 23:00:00,STATION_A_01,513.09,4.9
2025-02-09 00:00:00,STATION_A_01,489.8,0.8
2025-02-09 01:00:00,STATION_A_01,502.46,2.0
2025-02-09 02:00:00,STATION_A_01,483.39,3.4
2025-02-09 03:00:00,STATION_A_01,507.92,3.1
2025-02-09 04:00:00,STATION_A_01,488.08,2.1
2025-02-09 05:00:00,STATION_A_01,521.33,3.8
2025-02-09 06:00:00,STATION_A_01,548.34,3.8
2025-02-09 07:00:00,STATION_A_01,577.43,6.1
2025-02-09 08:00:00,STATION_A_01,616.44,5.6
2025-02-09 09:00:00,STATION_A_01,594.96,5.7
2025-02-09 10:00:00,STATION_A_01,548.56,8.2
2025-02-09 11:00:00,STATION_A_01,548.39,3.4
2025-02-09 12:00:00,STATION_A_01,508.91,10.4
2025-02-09 13:00:00,STATION_A_01,550.77,3.9
2025-02-09 14:00:00,STATION_A_01,505.07,7.8
2025-02-09 15:00:00,STATION_A_01,506.56,11.9
2025-02-09 16:00:00,STATION_A_01,482.39,11.8
2025-02-09 17:00:00,STATION_A_01,550.6,8.4
2025-02-09 18:00:00,STATION_A_01,637.08,8.4
2025-02-09 19:00:00,STATION_A_01,686.33,11.2
2025-02-09 20:00:00,STATION_A_01,668.61,6.7
2025-02-09 21:00:00,STATION_A_01,609.1,10.4
2025-02-09 22:00:00,STATION_A_01,566.12,5.1
2025-02-09 23:00:00,STATION_A_01,508.45,4.6
2025-02-10 00:00:00,STATION_A_01,460.3,5.9
2025-02-10 01:00:00,STATION_A_01,449.51,2.5
2025-02-10 02:00:00,STATION_A_01,445.02,-0.1
2025-02-10 03:00:00,STATION_A_01,474.39,1.4
2025-02-10 04:00:00,STATION_A_01,460.73,1.7
2025-02-10 05:00:00,STATION_A_01,468.34,-0.2
2025-02-10 06:00:00,STATION_A_01,512.01,2.5
2025-02-10 07:00:00,STATION_A_01,579.5,2.7
2025-02-10 08:00:00,STATION_A_01,546.78,6.8
2025-02-10 09:00:00,STATION_A_01,585.46,6.5
2025-02-10 10:00:00,STATION_A_01,505.34,7.1
2025-02-10 11:00:00,STATION_A_01,495.0,8.6
2025-02-10 12:00:00,STATION_A_01,473.28,10.2
2025-02-10 13:00:00,STATION_A_01,485.44,11.7
2025-02-10 14:00:00,STATION_A_01,488.64,9.2
2025-02-10 15:00:00,STATION_A_01,460.21,9.3
2025-02-10 16:00:00,STATION_A_01,497.29,13.0
2025-02-10 17:00:00,STATION_A_01,507.17,9.8
2025-02-10 18:00:00,STATION_A_01,588.71,7.2
2025-02-10 19:00:00,STATION_A_01,658.27,9.6
2025-02-10 20:00:00,STATION_A_01,678.87,8.5
2025-02-10 21:00:00,STATION_A_01,630.82,3.6
2025-02-10 22:00:00,STATION_A_01,507.58,5.6
2025-02-10 23:00:00,STATION_A_01,477.42,5.3
2025-02-11 00:00:00,STATION_A_01,430.54,3.7
2025-02-11 01:00:00,STATION_A_01,464.6,3.4
2025-02-11 02:00:00,STATION_A_01,451.49,-0.7
2025-02-11 03:00:00,STATION_A_01,450.07,2.3
2025-02-11 04:00:00,STATION_A_01,467.69,1.3
2025-02-11 05:00:00,STATION_A_01,487.71,1.4
2025-02-11 06:00:00,STATION_A_01,499.38,4.6
2025-02-11 07:00:00,STATION_A_01,560.22,6.7
2025-02-11 08:00:00,STATION_A_01,,8.5
2025-02-11 09:00:00,STATION_A_01,546.92,8.8
2025-02-11 10:00:00,STATION_A_01,496.87,7.5
2025-02-11 11:00:00,STATION_A_01,509.78,9.5
2025-02-11 12:00:00,STATION_A_01,472.28,11.2
2025-02-11 13:00:00,STATION_A_01,509.61,10.8
2025-02-11 14:00:00,STATION_A_01,504.05,11.3
2025-02-11 15:00:00,STATION_A_01,467.47,12.7
2025-02-11 16:00:00,STATION_A_01,484.19,11.0
2025-02-11 17:00:00,STATION_A_01,473.63,9.3
2025-02-11 18:00:00,STATION_A_01,581.03,9.1
2025-02-11 19:00:00,STATION_A_01,655.99,10.0
2025-02-11 20:00:00,STATION_A_01,666.94,7.7
2025-02-11 21:00:00,STATION_A_01,572.83,7.1
2025-02-11 22:00:00,STATION_A_01,514.26,6.4
2025-02-11 23:00:00,STATION_A_01,450.33,3.4
2025-02-12 00:00:00,STATION_A_01,453.02,4.5
2025-02-12 01:00:00,STATION_A_01,432.04,3.1
2025-02-12 02:00:00,STATION_A_01,482.39,-0.3
2025-02-12 03:00:00,STATION_A_01,463.46,4.3
2025-02-12 04:00:00,STATION_A_01,461.85,1.0
2025-02-12 05:00:00,STATION_A_01,496.36,-0.6
2025-02-12 06:00:00,STATION_A_01,514.38,1.3
2025-02-12 07:00:00,STATION_A_01,563.79,2.3
2025-02-12 08:00:00,STATION_A_01,552.91,5.4
2025-02-12 09:00:00,STATION_A_01,559.95,6.0
2025-02-12 10:00:00,STATION_A_01,491.58,7.2
2025-02-12 11:00:00,STATION_A_01,461.14,10.1
2025-02-12 12:00:00,STATION_A_01,482.82,10.5
2025-02-12 13:00:00,STATION_A_01,481.49,11.3
2025-02-12 14:00:00,STATION_A_01,478.12,11.9
2025-02-12 15:00:00,STATION_A_01,453.64,12.5
2025-02-12 16:00:00,STATION_A_01,511.11,7.4
2025-02-12 17:00:00,STATION_A_01,511.9,10.0
2025-02-12 18:00:00,STATION_A_01,603.74,6.0
2025-02-12 19:00:00,STATION_A_01,645.54,9.0
2025-02-12 20:00:00,STATION_A_01,666.01,7.8
2025-02-12 21:00:00,STATION_A_01,591.02,8.4
2025-02-12 22:00:00,STATION_A_01,517.67,7.4
2025-02-12 23:00:00,STATION_A_01,484.9,4.5
2025-02-13 00:00:00,STATION_A_01,434.47,2.3
2025-02-13 01:00:00,STATION_A_01,430.87,3.3
2025-02-13 02:00:00,STATION_A_01,460.7,1.0
2025-02-13 03:00:00,STATION_A_01,456.6,1.8
2025-02-13 04:00:00,STATION_A_01,461.46,3.8
2025-02-13 05:00:00,STATION_A_01,479.59,1.5
2025-02-13 06:00:00,STATION_A_01,507.35,4.7
2025-02-13 07:00:00,STATION_A_01,524.97,5.4
2025-02-13 08:00:00,STATION_A_01,577.47,3.7
2025-02-13 09:00:00,STATION_A_01,518.56,8.4
2025-02-13 10:00:00,STATION_A_01,507.5,9.1
2025-02-13 11:00:00,STATION_A_01,463.11,9.2
2025-02-13 12:00:00,STATION_A_01,496.61,8.6
2025-02-13 13:00:00,STATION_A_01,473.83,9.2
2025-02-13 14:00:00,STATION_A_01,476.4,10.3
2025-02-13 15:00:00,STATION_A_01,471.08,12.4
2025-02-13 16:00:00,STATION_A_01,478.55,9.5
2025-02-13 17:00:00,STATION_A_01,479.23,11.6
2025-02-13 18:00:00,STATION_A_01,578.04,7.8
2025-02-13 19:00:00,STATION_A_01,617.56,8.7
2025-02-13 20:00:00,STATION_A_01,617.01,8.1
2025-02-13 21:00:00,STATION_A_01,567.66,11.0
2025-02-13 22:00:00,STATION_A_01,9999.0,2.9
2025-02-13 23:00:00,STATION_A_01,469.22,6.9
2025-02-14 00:00:00,STATION_A_01,456.6,3.6
2025-02-14 01:00:00,STATION_A_01,450.64,3.3
2025-02-14 02:00:00,STATION_A_01,451.83,2.3
2025-02-14 03:00:00,STATION_A_01,441.26,2.7
2025-02-14 04:00:00,STATION_A_01,456.35,1.8
2025-02-14 05:00:00,STATION_A_01,445.93,5.2
2025-02-14 06:00:00,STATION_A_01,497.45,2.5
2025-02-14 07:00:00,STATION_A_01,537.6,6.3
2025-02-14 08:00:00,STATION_A_01,570.78,4.3
2025-02-14 09:00:00,STATION_A_01,588.47,6.6
2025-02-14 10:00:00,STATION_A_01,498.22,6.0
2025-02-14 11:00:00,STATION_A_01,480.49,9.9
2025-02-14 12:00:00,STATION_A_01,453.83,12.7
2025-02-14 13:00:00,STATION_A_01,479.16,10.7
2025-02-14 14:00:00,STATION_A_01,472.2,11.0
2025-02-14 15:00:00,STATION_A_01,482.95,9.5
2025-02-14 16:00:00,STATION_A_01,462.39,10.9
2025-02-14 17:00:00,STATION_A_01,514.59,8.0
2025-02-14 18:00:00,STATION_A_01,576.27,8.5
2025-02-14 19:00:00,STATION_A_01,612.27,9.5
2025-02-14 20:00:00,STATION_A_01,618.79,10.3
2025-02-14 21:00:00,STATION_A_01,554.57,11.8
2025-02-14 22:00:00,STATION_A_01,524.8,4.4
2025-02-14 23:00:00,STATION_A_01,469.22,6.9
2025-02-15 00:00:00,STATION_A_01,471.12,3.8
2025-02-15 01:00:00,STATION_A_01,477.39,2.4
2025-02-15 02:00:00,STATION_A_01,456.7,2.9
2025-02-15 03:00:00,STATION_A_01,489.21,2.1
2025-02-15 04:00:00,STATION_A_01,476.62,2.4
2025-02-15 05:00:00,STATION_A_01,512.93,1.9
2025-02-15 06:00:00,STATION_A_01,564.24,0.9
2025-02-15 07:00:00,STATION_A_01,589.65,1.6
2025-02-15 08:00:00,STATION_A_01,575.64,6.7
2025-02-15 09:00:00,STATION_A_01,577.5,6.3
2025-02-15 10:00:00,STATION_A_01,545.67,7.0
2025-02-15 11:00:00,STATION_A_01,508.91,9.2
2025-02-15 12:00:00,STATION_A_01,496.21,11.6
2025-02-15 13:00:00,STATION_A_01,516.24,11.3
2025-02-15 14:00:00,STATION_A_01,513.92,10.3
2025-02-15 15:00:00,STATION_A_01,473.98,13.8
2025-02-15 16:00:00,STATION_A_01,457.42,14.3
2025-02-15 17:00:00,STATION_A_01,532.43,11.8
2025-02-15 18:00:00,STATION_A_01,583.17,11.9
2025-02-15 19:00:00,STATION_A_01,662.59,11.4
2025-02-15 20:00:00,STATION_A_01,669.6,10.1
2025-02-15 21:00:00,STATION_A_01,584.89,7.9
2025-02-15 22:00:00,STATION_A_01,543.22,6.6
2025-02-15 23:00:00,STATION_A_01,502.81,5.3
2025-02-16 00:00:00,STATION_A_01,490.89,1.5
2025-02-16 01:00:00,STATION_A_01,473.42,4.0
2025-02-16 02:00:00,STATION_A_01,465.3,-0.2
2025-02-16 03:00:00,STATION_A_01,503.64,0.7
2025-02-16 04:00:00,STATION_A_01,479.07,4.6
2025-02-16 05:00:00,STATION_A_01,475.57,4.2
2025-02-16 06:00:00,STATION_A_01,507.24,6.2
2025-02-16 07:00:00,STATION_A_01,581.43,4.0
2025-02-16 08:00:00,STATION_A_01,618.27,3.6
2025-02-16 09:00:00,STATION_A_01,567.91,6.5
2025-02-16 10:00:00,STATION_A_01,543.63,8.3
2025-02-16 11:00:00,STATION_A_01,486.74,9.4
2025-02-16 12:00:00,STATION_A_01,485.08,12.3
2025-02-16 13:00:00,STATION_A_01,484.33,10.4
2025-02-16 14:00:00,STATION_A_01,484.72,12.2
2025-02-16 15:00:00,STATION_A_01,515.48,9.9
2025-02-16 16:00:00,STATION_A_01,512.17,12.3
2025-02-16 17:00:00,STATION_A_01,532.09,11.1
2025-02-16 18:00:00,STATION_A_01,601.21,8.9
2025-02-16 19:00:00,STATION_A_01,670.09,8.9
2025-02-16 20:00:00,STATION_A_01,688.41,7.8
2025-02-16 21:00:00,STATION_A_01,596.96,6.4
2025-02-16 22:00:00,STATION_A_01,521.21,8.8
2025-02-16 23:00:00,STATION_A_01,518.15,4.3
2025-02-17 00:00:00,STATION_A_01,435.29,3.1
2025-02-17 01:00:00,STATION_A_01,455.44,-1.0
2025-02-17 02:00:00,STATION_A_01,457.71,0.7
2025-02-17 03:00:00,STATION_A_01,457.49,1.7
2025-02-17 04:00:00,STATION_A_01,453.01,1.1
2025-02-17 05:00:00,STATION_A_01,458.08,5.3
2025-02-17 06:00:00,STATION_A_01,508.41,3.3
2025-02-17 07:00:00,STATION_A_01,555.86,6.9
2025-02-17 08:00:00,STATION_A_01,557.5,5.9
2025-02-17 09:00:00,STATION_A_01,537.41,7.0
2025-02-17 10:00:00,STATION_A_01,521.76,8.1
2025-02-17 11:00:00,STATION_A_01,473.57,9.4
2025-02-17 12:00:00,STATION_A_01,447.58,13.5
2025-02-17 13:00:00,STATION_A_01,501.09,7.0
2025-02-17 14:00:00,STATION_A_01,500.03,8.0
2025-02-17 15:00:00,STATION_A_01,466.79,10.8
2025-02-17 16:00:00,STATION_A_01,459.34,11.6
2025-02-17 17:00:00,STATION_A_01,472.36,12.4
2025-02-17 18:00:00,STATION_A_01,561.27,11.2
2025-02-17 19:00:00,STATION_A_01,655.4,8.7
2025-02-17 20:00:00,STATION_A_01,605.58,10.1
2025-02-17 21:00:00,STATION_A_01,568.04,8.8
2025-02-17 22:00:00,STATION_A_01,506.0,6.1
2025-02-17 23:00:00,STATION_A_01,452.66,6.3
2025-02-18 00:00:00,STATION_A_01,444.74,4.2
2025-02-18 01:00:00,STATION_A_01,456.47,1.9
2025-02-18 02:00:00,STATION_A_01,448.94,3.7
2025-02-18 03:00:00,STATION_A_01,438.21,2.5
2025-02-18 04:00:00,STATION_A_01,434.15,2.4
2025-02-18 05:00:00,STATION_A_01,457.79,5.6
2025-02-18 06:00:00,STATION_A_01,510.85,-0.7
2025-02-18 07:00:00,STATION_A_01,577.9,2.1
2025-02-18 08:00:00,STATION_A_01,597.0,3.7
2025-02-18 09:00:00,STATION_A_01,567.56,6.4
2025-02-18 10:00:00,STATION_A_01,489.09,7.9
2025-02-18 11:00:00,STATION_A_01,498.67,6.8
2025-02-18 12:00:00,STATION_A_01,495.78,8.7
2025-02-18 13:00:00,STATION_A_01,492.92,9.7
2025-02-18 14:00:00,STATION_A_01,442.59,16.1
2025-02-18 15:00:00,STATION_A_01,455.88,15.1
2025-02-18 16:00:00,STATION_A_01,462.25,11.0
2025-02-18 17:00:00,STATION_A_01,500.0,10.6
2025-02-18 18:00:00,STATION_A_01,553.31,8.4
2025-02-18 19:00:00,STATION_A_01,660.45,6.0
2025-02-18 20:00:00,STATION_A_01,631.56,8.1
2025-02-18 21:00:00,STATION_A_01,596.97,5.3
2025-02-18 22:00:00,STATION_A_01,514.66,5.7
2025-02-18 23:00:00,STATION_A_01,481.78,1.8
2025-02-19 00:00:00,STATION_A_01,447.34,2.4
2025-02-19 01:00:00,STATION_A_01,453.34,3.3
2025-02-19 02:00:00,STATION_A_01,442.39,3.2
2025-02-19 03:00:00,STATION_A_01,428.75,3.1
2025-02-19 04:00:00,STATION_A_01,468.57,0.2
2025-02-19 05:00:00,STATION_A_01,448.09,4.6
2025-02-19 06:00:00,STATION_A_01,484.66,2.3
2025-02-19 07:00:00,STATION_A_01,516.65,5.9
2025-02-19 08:00:00,STATION_A_01,559.8,5.9
2025-02-19 09:00:00,STATION_A_01,545.55,4.7
2025-02-19 10:00:00,STATION_A_01,472.2,7.9
2025-02-19 11:00:00,STATION_A_01,468.9,10.2
2025-02-19 12:00:00,STATION_A_01,483.57,11.7
2025-02-19 13:00:00,STATION_A_01,469.75,11.1
2025-02-19 14:00:00,STATION_A_01,450.81,14.6
2025-02-19 15:00:00,STATION_A_01,458.11,13.8
2025-02-19 16:00:00,STATION_A_01,468.64,11.4
2025-02-19 17:00:00,STATION_A_01,499.38,12.7
2025-02-19 18:00:00,STATION_A_01,503.85,14.1
2025-02-19 19:00:00,STATION_A_01,631.26,13.1
2025-02-19 20:00:00,STATION_A_01,656.4,6.2
2025-02-19 21:00:00,STATION_A_01,624.4,5.5
2025-02-19 22:00:00,STATION_A_01,485.76,8.6
2025-02-19 23:00:00,STATION_A_01,451.7,2.9
2025-02-20 00:00:00,STATION_A_01,450.37,1.5
2025-02-20 01:00:00,STATION_A_01,444.03,2.2
2025-02-20 02:00:00,STATION_A_01,450.08,3.4
2025-02-20 03:00:00,STATION_A_01,460.25,2.3
2025-02-20 04:00:00,STATION_A_01,453.91,1.5
2025-02-20 05:00:00,STATION_A_01,464.82,1.9
2025-02-20 06:00:00,STATION_A_01,506.06,2.6
2025-02-20 07:00:00,STATION_A_01,538.79,3.3
2025-02-20 08:00:00,STATION_A_01,527.06,10.1
2025-02-20 09:00:00,STATION_A_01,543.59,7.8
2025-02-20 10:00:00,STATION_A_01,503.45,10.1
2025-02-20 11:00:00,STATION_A_01,492.46,8.8
2025-02-20 12:00:00,STATION_A_01,472.15,10.3
2025-02-20 13:00:00,STATION_A_01,451.73,10.2
2025-02-20 14:00:00,STATION_A_01,484.36,7.1
2025-02-20 15:00:00,STATION_A_01,454.76,9.6
2025-02-20 16:00:00,STATION_A_01,468.6,8.7
2025-02-20 17:00:00,STATION_A_01,502.27,7.4
2025-02-20 18:00:00,STATION_A_01,572.0,8.5
2025-02-20 19:00:00,STATION_A_01,592.23,12.1
2025-02-20 20:00:00,STATION_A_01,609.11,8.4
2025-02-20 21:00:00,STATION_A_01,580.27,9.6
2025-02-20 22:00:00,STATION_A_01,490.55,6.8
2025-02-20 23:00:00,STATION_A_01,457.09,6.3
2025-02-21 00:00:00,STATION_A_01,456.48,2.4
2025-02-21 01:00:00,STATION_A_01,448.45,4.2
2025-02-21 02:00:00,STATION_A_01,447.62,4.1
2025-02-21 03:00:00,STATION_A_01,453.04,1.5
2025-02-21 04:00:00,STATION_A_01,452.51,3.8
2025-02-21 05:00:00,STATION_A_01,472.67,4.2
2025-02-21 06:00:00,STATION_A_01,501.46,3.0
2025-02-21 07:00:00,STATION_A_01,516.58,3.0
2025-02-21 08:00:00,STATION_A_01,554.75,4.0
2025-02-21 09:00:00,STATION_A_01,538.76,7.5
2025-02-21 10:00:00,STATION_A_01,482.42,9.2
2025-02-21 11:00:00,STATION_A_01,499.83,8.4
2025-02-21 12:00:00,STATION_A_01,469.77,10.8
2025-02-21 13:00:00,STATION_A_01,466.53,12.6
2025-02-21 14:00:00,STATION_A_01,470.18,13.1
2025-02-21 15:00:00,STATION_A_01,435.9,15.0
2025-02-21 16:00:00,STATION_A_01,444.88,14.3
2025-02-21 17:00:00,STATION_A_01,509.75,9.7
2025-02-21 18:00:00,STATION_A_01,520.45,13.8
2025-02-21 19:00:00,STATION_A_01,622.11,8.8
2025-02-21 20:00:00,STATION_A_01,628.85,10.5
2025-02-21 21:00:00,STATION_A_01,573.33,7.5
2025-02-21 22:00:00,STATION_A_01,527.8,5.4
2025-02-21 23:00:00,STATION_A_01,456.12,1.7
2025-02-22 00:00:00,STATION_A_01,444.2,3.8
2025-02-22 01:00:00,STATION_A_01,488.35,0.5
2025-02-22 02:00:00,STATION_A_01,471.57,4.6
2025-02-22 03:00:00,STATION_A_01,455.95,5.4
2025-02-22 04:00:00,STATION_A_01,484.64,1.4
2025-02-22 05:00:00,STATION_A_01,493.39,3.9
2025-02-22 06:00:00,STATION_A_01,514.11,2.8
2025-02-22 07:00:00,STATION_A_01,557.63,4.0
2025-02-22 08:00:00,STATION_A_01,577.12,7.6
2025-02-22 09:00:00,STATION_A_01,573.09,7.4
2025-02-22 10:00:00,STATION_A_01,489.51,11.9
2025-02-22 11:00:00,STATION_A_01,501.04,9.0
2025-02-22 12:00:00,STATION_A_01,484.99,12.7
2025-02-22 13:00:00,STATION_A_01,501.11,11.8
2025-02-22 14:00:00,STATION_A_01,480.6,13.6
2025-02-22 15:00:00,STATION_A_01,472.95,11.5
2025-02-22 16:00:00,STATION_A_01,494.66,12.0
2025-02-22 17:00:00,STATION_A_01,510.34,11.4
2025-02-22 18:00:00,STATION_A_01,593.5,9.4
2025-02-22 19:00:00,STATION_A_01,620.99,11.1
2025-02-22 20:00:00,STATION_A_01,642.38,9.9
2025-02-22 21:00:00,STATION_A_01,606.8,8.6
2025-02-22 22:00:00,STATION_A_01,523.25,9.0
2025-02-22 23:00:00,STATION_A_01,482.59,7.7
2025-02-23 00:00:00,STATION_A_01,471.03,3.5
2025-02-23 01:00:00,STATION_A_01,486.93,4.1
2025-02-23 02:00:00,STATION_A_01,462.59,1.8
2025-02-23 03:00:00,STATION_A_01,448.38,2.8
2025-02-23 04:00:00,STATION_A_01,463.23,1.9
2025-02-23 05:00:00,STATION_A_01,462.79,6.4
2025-02-23 06:00:00,STATION_A_01,500.66,4.9
2025-02-23 07:00:00,STATION_A_01,563.3,4.8
2025-02-23 08:00:00,STATION_A_01,586.33,8.5
2025-02-23 09:00:00,STATION_A_01,601.58,3.7
2025-02-23 10:00:00,STATION_A_01,544.18,5.2
2025-02-23 11:00:00,STATION_A_01,517.59,11.4
2025-02-23 12:00:00,STATION_A_01,489.93,11.1
2025-02-23 13:00:00,STATION_A_01,471.46,12.2
2025-02-23 14:00:00,STATION_A_01,511.22,9.8
2025-02-23 15:00:00,STATION_A_01,451.5,12.4
2025-02-23 16:00:00,STATION_A_01,450.31,15.8
2025-02-23 17:00:00,STATION_A_01,513.61,13.2
2025-02-23 18:00:00,STATION_A_01,,11.3
2025-02-23 19:00:00,STATION_A_01,654.77,9.2
2025-02-23 20:00:00,STATION_A_01,643.69,8.1
2025-02-23 21:00:00,STATION_A_01,624.8,3.8
2025-02-23 22:00:00,STATION_A_01,542.35,6.8
2025-02-23 23:00:00,STATION_A_01,478.55,6.7
2025-02-24 00:00:00,STATION_A_01,435.57,1.5
2025-02-24 01:00:00,STATION_A_01,427.27,2.4
2025-02-24 02:00:00,STATION_A_01,437.83,1.0
2025-02-24 03:00:00,STATION_A_01,451.69,1.2
2025-02-24 04:00:00,STATION_A_01,446.65,3.2
2025-02-24 05:00:00,STATION_A_01,461.46,-0.2
2025-02-24 06:00:00,STATION_A_01,453.02,5.4
2025-02-24 07:00:00,STATION_A_01,525.0,6.7
2025-02-24 08:00:00,STATION_A_01,534.37,6.0
2025-02-24 09:00:00,STATION_A_01,556.18,3.2
2025-02-24 10:00:00,STATION_A_01,486.24,7.2
2025-02-24 11:00:00,STATION_A_01,445.31,12.3
2025-02-24 12:00:00,STATION_A_01,490.42,6.1
2025-02-24 13:00:00,STATION_A_01,496.36,11.2
2025-02-24 14:00:00,STATION_A_01,475.42,10.2
2025-02-24 15:00:00,STATION_A_01,440.35,14.0
2025-02-24 16:00:00,STATION_A_01,457.73,11.1
2025-02-24 17:00:00,STATION_A_01,458.0,12.6
2025-02-24 18:00:00,STATION_A_01,529.86,12.1
2025-02-24 19:00:00,STATION_A_01,554.66,13.4
2025-02-24 20:00:00,STATION_A_01,649.88,8.6
2025-02-24 21:00:00,STATION_A_01,584.89,8.4
2025-02-24 22:00:00,STATION_A_01,516.88,3.8
2025-02-24 23:00:00,STATION_A_01,448.34,7.5
2025-02-25 00:00:00,STATION_A_01,419.85,3.1
2025-02-25 01:00:00,STATION_A_01,436.64,2.7
2025-02-25 02:00:00,STATION_A_01,457.6,3.2
2025-02-25 03:00:00,STATION_A_01,451.3,0.2
2025-02-25 04:00:00,STATION_A_01,433.23,3.6
2025-02-25 05:00:00,STATION_A_01,425.82,5.4
2025-02-25 06:00:00,STATION_A_01,498.67,5.0
2025-02-25 07:00:00,STATION_A_01,537.26,2.6
2025-02-25 08:00:00,STATION_A_01,518.96,6.4
2025-02-25 09:00:00,STATION_A_01,502.53,9.2
2025-02-25 10:00:00,STATION_A_01,484.94,5.7
2025-02-25 11:00:00,STATION_A_01,472.81,8.3
2025-02-25 12:00:00,STATION_A_01,458.44,12.8
2025-02-25 13:00:00,STATION_A_01,454.6,12.5
2025-02-25 14:00:00,STATION_A_01,460.37,13.2
2025-02-25 15:00:00,STATION_A_01,429.35,16.0
2025-02-25 16:00:00,STATION_A_01,454.58,13.3
2025-02-25 17:00:00,STATION_A_01,471.29,13.2
2025-02-25 18:00:00,STATION_A_01,563.7,16.1
2025-02-25 19:00:00,STATION_A_01,604.42,9.8
2025-02-25 20:00:00,STATION_A_01,611.25,7.6
2025-02-25 21:00:00,STATION_A_01,544.89,8.6
2025-02-25 22:00:00,STATION_A_01,490.46,7.4
2025-02-25 23:00:00,STATION_A_01,437.83,4.5
2025-02-26 00:00:00,STATION_A_01,441.14,2.7
2025-02-26 01:00:00,STATION_A_01,395.91,7.9
2025-02-26 02:00:00,STATION_A_01,434.81,3.9
2025-02-26 03:00:00,STATION_A_01,426.45,1.8
2025-02-26 04:00:00,STATION_A_01,428.63,5.0
2025-02-26 05:00:00,STATION_A_01,459.77,3.6
2025-02-26 06:00:00,STATION_A_01,512.97,4.1
2025-02-26 07:00:00,STATION_A_01,502.49,6.6
2025-02-26 08:00:00,STATION_A_01,550.43,4.4
2025-02-26 09:00:00,STATION_A_01,506.7,8.6
2025-02-26 10:00:00,STATION_A_01,456.64,12.6
2025-02-26 11:00:00,STATION_A_01,451.24,11.2
2025-02-26 12:00:00,STATION_A_01,474.57,10.7
2025-02-26 13:00:00,STATION_A_01,459.42,11.2
2025-02-26 14:00:00,STATION_A_01,482.96,11.8
2025-02-26 15:00:00,STATION_A_01,448.67,12.3
2025-02-26 16:00:00,STATION_A_01,435.73,11.9
2025-02-26 17:00:00,STATION_A_01,467.06,13.8
2025-02-26 18:00:00,STATION_A_01,552.42,8.2
2025-02-26 19:00:00,STATION_A_01,611.75,11.9
2025-02-26 20:00:00,STATION_A_01,592.57,8.5
2025-02-26 21:00:00,STATION_A_01,538.67,8.6
2025-02-26 22:00:00,STATION_A_01,496.87,4.7
2025-02-26 23:00:00,STATION_A_01,450.05,7.9
2025-02-27 00:00:00,STATION_A_01,433.01,6.9
2025-02-27 01:00:00,STATION_A_01,439.97,5.6
2025-02-27 02:00:00,STATION_A_01,450.82,0.7
2025-02-27 03:00:00,STATION_A_01,428.0,4.8
2025-02-27 04:00:00,STATION_A_01,443.99,4.2
2025-02-27 05:00:00,STATION_A_01,448.48,1.0
2025-02-27 06:00:00,STATION_A_01,457.21,4.6
2025-02-27 07:00:00,STATION_A_01,522.59,6.3
2025-02-27 08:00:00,STATION_A_01,519.3,7.8
2025-02-27 09:00:00,STATION_A_01,515.11,8.4
2025-02-27 10:00:00,STATION_A_01,480.69,9.8
2025-02-27 11:00:00,STATION_A_01,452.54,13.1
2025-02-27 12:00:00,STATION_A_01,460.42,13.7
2025-02-27 13:00:00,STATION_A_01,493.71,7.1
2025-02-27 14:00:00,STATION_A_01,456.01,12.1
2025-02-27 15:00:00,STATION_A_01,436.32,12.6
2025-02-27 16:00:00,STATION_A_01,458.15,9.5
2025-02-27 17:00:00,STATION_A_01,469.46,12.4
2025-02-27 18:00:00,STATION_A_01,529.85,13.7
2025-02-27 19:00:00,STATION_A_01,660.17,8.5
2025-02-27 20:00:00,STATION_A_01,611.64,9.9
2025-02-27 21:00:00,STATION_A_01,575.26,6.4
2025-02-27 22:00:00,STATION_A_01,489.65,5.6
2025-02-27 23:00:00,STATION_A_01,450.98,8.3
2025-02-28 00:00:00,STATION_A_01,439.41,3.8
2025-02-28 01:00:00,STATION_A_01,435.2,4.9
2025-02-28 02:00:00,STATION_A_01,448.08,0.2
2025-02-28 03:00:00,STATION_A_01,431.08,6.7
2025-02-28 04:00:00,STATION_A_01,446.17,4.6
2025-02-28 05:00:00,STATION_A_01,453.05,3.7
2025-02-28 06:00:00,STATION_A_01,472.13,5.8
2025-02-28 07:00:00,STATION_A_01,542.81,3.3
2025-02-28 08:00:00,STATION_A_01,513.01,9.1
2025-02-28 09:00:00,STATION_A_01,508.83,7.6
2025-02-28 10:00:00,STATION_A_01,480.88,9.1
2025-02-28 11:00:00,STATION_A_01,443.07,9.7
2025-02-28 12:00:00,STATION_A_01,472.64,10.5
2025-02-28 13:00:00,STATION_A_01,440.33,13.6
2025-02-28 14:00:00,STATION_A_01,441.72,13.3
2025-02-28 15:00:00,STATION_A_01,430.68,14.2
2025-02-28 16:00:00,STATION_A_01,441.44,12.8
2025-02-28 17:00:00,STATION_A_01,467.12,13.3
2025-02-28 18:00:00,STATION_A_01,545.92,10.8
2025-02-28 19:00:00,STATION_A_01,578.86,14.6
2025-02-28 20:00:00,STATION_A_01,619.71,6.6
2025-02-28 21:00:00,STATION_A_01,534.19,10.5
2025-02-28 22:00:00,STATION_A_01,493.01,9.4
2025-02-28 23:00:00,STATION_A_01,430.61,4.3
2025-03-01 00:00:00,STATION_A_01,431.47,8.9
2025-03-01 01:00:00,STATION_A_01,441.04,5.9
2025-03-01 02:00:00,STATION_A_01,453.67,5.4
2025-03-01 03:00:00,STATION_A_01,440.05,3.6
2025-03-01 04:00:00,STATION_A_01,456.39,3.3
2025-03-01 05:00:00,STATION_A_01,473.86,3.8
2025-03-01 06:00:00,STATION_A_01,515.58,5.6
2025-03-01 07:00:00,STATION_A_01,538.42,8.4
2025-03-01 08:00:00,STATION_A_01,547.19,7.4
2025-03-01 09:00:00,STATION_A_01,546.11,6.7
2025-03-01 10:00:00,STATION_A_01,,11.0
2025-03-01 11:00:00,STATION_A_01,462.79,12.4
2025-03-01 12:00:00,STATION_A_01,476.73,12.9
2025-03-01 13:00:00,STATION_A_01,476.3,13.8
2025-03-01 14:00:00,STATION_A_01,471.99,12.5
2025-03-01 15:00:00,STATION_A_01,503.72,11.4
2025-03-01 16:00:00,STATION_A_01,467.9,11.4
2025-03-01 17:00:00,STATION_A_01,523.45,9.5
2025-03-01 18:00:00,STATION_A_01,559.25,12.1
2025-03-01 19:00:00,STATION_A_01,647.4,10.6
2025-03-01 20:00:00,STATION_A_01,663.86,8.8
2025-03-01 21:00:00,STATION_A_01,609.7,3.0
2025-03-01 22:00:00,STATION_A_01,529.1,4.8
2025-03-01 23:00:00,STATION_A_01,454.17,7.9
2025-03-02 00:00:00,STATION_A_01,440.72,3.9
2025-03-02 01:00:00,STATION_A_01,461.77,4.9
2025-03-02 02:00:00,STATION_A_01,458.43,1.3
2025-03-02 03:00:00,STATION_A_01,416.92,6.2
2025-03-02 04:00:00,STATION_A_01,481.22,3.5
2025-03-02 05:00:00,STATION_A_01,459.58,4.8
2025-03-02 06:00:00,STATION_A_01,480.08,9.2
2025-03-02 07:00:00,STATION_A_01,553.34,8.8
2025-03-02 08:00:00,STATION_A_01,565.11,6.6
2025-03-02 09:00:00,STATION_A_01,545.67,7.4
2025-03-02 10:00:00,STATION_A_01,491.41,9.1
2025-03-02 11:00:00,STATION_A_01,459.06,11.8
2025-03-02 12:00:00,STATION_A_01,480.42,11.6
2025-03-02 13:00:00,STATION_A_01,489.19,11.9
2025-03-02 14:00:00,STATION_A_01,463.47,15.7
2025-03-02 15:00:00,STATION_A_01,456.22,13.0
2025-03-02 16:00:00,STATION_A_01,444.36,17.2
2025-03-02 17:00:00,STATION_A_01,475.74,12.8
2025-03-02 18:00:00,STATION_A_01,558.97,15.1
2025-03-02 19:00:00,STATION_A_01,633.79,11.5
2025-03-02 20:00:00,STATION_A_01,663.04,11.4
2025-03-02 21:00:00,STATION_A_01,593.98,7.1
2025-03-02 22:00:00,STATION_A_01,511.48,5.7
2025-03-02 23:00:00,STATION_A_01,467.97,6.9
2025-03-03 00:00:00,STATION_A_01,411.51,7.0
2025-03-03 01:00:00,STATION_A_01,429.72,4.5
2025-03-03 02:00:00,STATION_A_01,436.74,1.6
2025-03-03 03:00:00,STATION_A_01,423.87,1.3
2025-03-03 04:00:00,STATION_A_01,422.97,1.4
2025-03-03 05:00:00,STATION_A_01,459.69,1.2
2025-03-03 06:00:00,STATION_A_01,488.91,5.4
2025-03-03 07:00:00,STATION_A_01,503.25,8.2
2025-03-03 08:00:00,STATION_A_01,541.6,7.3
2025-03-03 09:00:00,STATION_A_01,543.94,4.5
2025-03-03 10:00:00,STATION_A_01,479.24,9.5
2025-03-03 11:00:00,STATION_A_01,446.43,10.7
2025-03-03 12:00:00,STATION_A_01,437.55,15.7
2025-03-03 13:00:00,STATION_A_01,478.81,10.1
2025-03-03 14:00:00,STATION_A_01,453.48,12.5
2025-03-03 15:00:00,STATION_A_01,427.79,16.4
2025-03-03 16:00:00,STATION_A_01,427.01,14.0
2025-03-03 17:00:00,STATION_A_01,463.0,13.7
2025-03-03 18:00:00,STATION_A_01,533.74,12.2
2025-03-03 19:00:00,STATION_A_01,592.65,11.6
2025-03-03 20:00:00,STATION_A_01,612.77,11.2
2025-03-03 21:00:00,STATION_A_01,524.86,7.1
2025-03-03 22:00:00,STATION_A_01,478.56,8.9
2025-03-03 23:00:00,STATION_A_01,453.44,3.7
2025-03-04 00:00:00,STATION_A_01,403.33,5.9
2025-03-04 01:00:00,STATION_A_01,429.74,4.9
2025-03-04 02:00:00,STATION_A_01,421.93,3.0
2025-03-04 03:00:00,STATION_A_01,423.06,3.9
2025-03-04 04:00:00,STATION_A_01,455.2,2.9
2025-03-04 05:00:00,STATION_A_01,461.51,2.6
2025-03-04 06:00:00,STATION_A_01,481.0,4.7
2025-03-04 07:00:00,STATION_A_01,525.06,4.3
2025-03-04 08:00:00,STATION_A_01,523.08,8.0
2025-03-04 09:00:00,STATION_A_01,545.04,6.6
2025-03-04 10:00:00,STATION_A_01,476.29,11.2
2025-03-04 11:00:00,STATION_A_01,453.68,9.0
2025-03-04 12:00:00,STATION_A_01,438.96,11.1
2025-03-04 13:00:00,STATION_A_01,462.33,11.7
2025-03-04 14:00:00,STATION_A_01,430.99,15.7
2025-03-04 15:00:00,STATION_A_01,413.05,14.1
2025-03-04 16:00:00,STATION_A_01,440.72,13.0
2025-03-04 17:00:00,STATION_A_01,460.99,13.8
2025-03-04 18:00:00,STATION_A_01,562.66,8.3
2025-03-04 19:00:00,STATION_A_01,602.05,11.0
2025-03-04 20:00:00,STATION_A_01,570.24,13.5
2025-03-04 21:00:00,STATION_A_01,556.8,8.9
2025-03-04 22:00:00,STATION_A_01,476.96,7.6
2025-03-04 23:00:00,STATION_A_01,433.16,7.3
2025-03-05 00:00:00,STATION_A_01,406.95,7.1
2025-03-05 01:00:00,STATION_A_01,449.22,1.1
2025-03-05 02:00:00,STATION_A_01,432.93,1.2
2025-03-05 03:00:00,STATION_A_01,438.93,4.4
2025-03-05 04:00:00,STATION_A_01,453.52,2.9
2025-03-05 05:00:00,STATION_A_01,422.04,7.0
2025-03-05 06:00:00,STATION_A_01,436.05,4.9
2025-03-05 07:00:00,STATION_A_01,539.57,3.0
2025-03-05 08:00:00,STATION_A_01,533.2,5.3
2025-03-05 09:00:00,STATION_A_01,518.53,3.9
2025-03-05 10:00:00,STATION_A_01,465.54,9.7
2025-03-05 11:00:00,STATION_A_01,448.01,10.9
2025-03-05 12:00:00,STATION_A_01,467.95,11.5
2025-03-05 13:00:00,STATION_A_01,441.7,14.9
2025-03-05 14:00:00,STATION_A_01,445.4,15.6
2025-03-05 15:00:00,STATION_A_01,436.9,13.3
2025-03-05 16:00:00,STATION_A_01,445.98,9.6
2025-03-05 17:00:00,STATION_A_01,456.79,14.1
2025-03-05 18:00:00,STATION_A_01,534.8,13.2
2025-03-05 19:00:00,STATION_A_01,601.8,11.8
2025-03-05 20:00:00,STATION_A_01,603.33,11.8
2025-03-05 21:00:00,STATION_A_01,554.49,6.7
2025-03-05 22:00:00,STATION_A_01,467.27,11.2
2025-03-05 23:00:00,STATION_A_01,454.74,4.7
2025-03-06 00:00:00,STATION_A_01,408.1,6.9
2025-03-06 01:00:00,STATION_A_01,419.86,1.8
2025-03-06 02:00:00,STATION_A_01,420.2,2.7
2025-03-06 03:00:00,STATION_A_01,410.37,6.9
2025-03-06 04:00:00,STATION_A_01,435.98,3.9
2025-03-06 05:00:00,STATION_A_01,446.41,6.3
2025-03-06 06:00:00,STATION_A_01,449.36,6.0
2025-03-06 07:00:00,STATION_A_01,499.56,6.4
2025-03-06 08:00:00,STATION_A_01,507.21,10.2
2025-03-06 09:00:00,STATION_A_01,516.67,8.6
2025-03-06 10:00:00,STATION_A_01,477.37,7.0
2025-03-06 11:00:00,STATION_A_01,451.14,9.9
2025-03-06 12:00:00,STATION_A_01,426.78,13.4
2025-03-06 13:00:00,STATION_A_01,449.43,13.8
2025-03-06 14:00:00,STATION_A_01,449.98,10.8
2025-03-06 15:00:00,STATION_A_01,426.78,12.5
2025-03-06 16:00:00,STATION_A_01,432.64,12.6
2025-03-06 17:00:00,STATION_A_01,481.9,12.5
2025-03-06 18:00:00,STATION_A_01,529.66,9.9
2025-03-06 19:00:00,STATION_A_01,584.01,10.2
2025-03-06 20:00:00,STATION_A_01,623.83,8.9
2025-03-06 21:00:00,STATION_A_01,538.69,10.4
2025-03-06 22:00:00,STATION_A_01,481.74,9.2
2025-03-06 23:00:00,STATION_A_01,444.77,6.3
2025-03-07 00:00:00,STATION_A_01,418.49,5.0
2025-03-07 01:00:00,STATION_A_01,414.32,5.2
2025-03-07 02:00:00,STATION_A_01,436.11,3.0
2025-03-07 03:00:00,STATION_A_01,443.49,2.3
2025-03-07 04:00:00,STATION_A_01,444.16,2.8
2025-03-07 05:00:00,STATION_A_01,428.06,3.8
2025-03-07 06:00:00,STATION_A_01,491.43,3.6
2025-03-07 07:00:00,STATION_A_01,498.63,7.0
2025-03-07 08:00:00,STATION_A_01,505.79,9.2
2025-03-07 09:00:00,STATION_A_01,514.12,6.3
2025-03-07 10:00:00,STATION_A_01,477.28,10.4
2025-03-07 11:00:00,STATION_A_01,456.18,11.1
2025-03-07 12:00:00,STATION_A_01,440.2,13.1
2025-03-07 13:00:00,STATION_A_01,455.29,13.2
2025-03-07 14:00:00,STATION_A_01,450.96,11.1
2025-03-07 15:00:00,STATION_A_01,430.34,11.6
2025-03-07 16:00:00,STATION_A_01,421.23,13.8
2025-03-07 17:00:00,STATION_A_01,459.42,15.1
2025-03-07 18:00:00,STATION_A_01,548.84,8.5
2025-03-07 19:00:00,STATION_A_01,563.64,12.1
2025-03-07 20:00:00,STATION_A_01,594.4,12.5
2025-03-07 21:00:00,STATION_A_01,537.77,8.8
2025-03-07 22:00:00,STATION_A_01,493.58,8.9
2025-03-07 23:00:00,STATION_A_01,426.66,5.5
2025-03-08 00:00:00,STATION_A_01,438.34,5.6
2025-03-08 01:00:00,STATION_A_01,446.63,2.2
2025-03-08 02:00:00,STATION_A_01,450.71,0.4
2025-03-08 03:00:00,STATION_A_01,433.42,6.2
2025-03-08 04:00:00,STATION_A_01,477.68,2.8
2025-03-08 05:00:00,STATION_A_01,466.88,4.3
2025-03-08 06:00:00,STATION_A_01,493.58,3.4
2025-03-08 07:00:00,STATION_A_01,520.18,4.3
2025-03-08 08:00:00,STATION_A_01,528.89,7.7
2025-03-08 09:00:00,STATION_A_01,529.92,7.9
2025-03-08 10:00:00,STATION_A_01,482.26,11.2
2025-03-08 11:00:00,STATION_A_01,466.65,12.5
2025-03-08 12:00:00,STATION_A_01,440.56,13.2
2025-03-08 13:00:00,STATION_A_01,467.33,13.8
2025-03-08 14:00:00,STATION_A_01,460.59,16.7
2025-03-08 15:00:00,STATION_A_01,479.17,12.1
2025-03-08 16:00:00,STATION_A_01,431.6,13.8
2025-03-08 17:00:00,STATION_A_01,469.18,15.5
2025-03-08 18:00:00,STATION_A_01,533.27,14.9
2025-03-08 19:00:00,STATION_A_01,639.74,9.1
2025-03-08 20:00:00,STATION_A_01,611.16,9.9
2025-03-08 21:00:00,STATION_A_01,584.35,11.7
2025-03-08 22:00:00,STATION_A_01,501.56,8.9
2025-03-08 23:00:00,STATION_A_01,459.1,7.2
2025-03-09 00:00:00,STATION_A_01,457.84,5.6
2025-03-09 01:00:00,STATION_A_01,443.89,4.6
2025-03-09 02:00:00,STATION_A_01,445.69,5.3
2025-03-09 03:00:00,STATION_A_01,437.75,4.1
2025-03-09 04:00:00,STATION_A_01,432.0,4.7
2025-03-09 05:00:00,STATION_A_01,452.08,5.4
2025-03-09 06:00:00,STATION_A_01,524.5,4.8
2025-03-09 07:00:00,STATION_A_01,535.07,8.0
2025-03-09 08:00:00,STATION_A_01,525.72,13.4
2025-03-09 09:00:00,STATION_A_01,531.53,6.2
2025-03-09 10:00:00,STATION_A_01,500.69,11.2
2025-03-09 11:00:00,STATION_A_01,461.24,10.4
2025-03-09 12:00:00,STATION_A_01,445.44,13.8
2025-03-09 13:00:00,STATION_A_01,461.64,13.6
2025-03-09 14:00:00,STATION_A_01,477.04,15.4
2025-03-09 15:00:00,STATION_A_01,461.08,16.3
2025-03-09 16:00:00,STATION_A_01,444.99,14.4
2025-03-09 17:00:00,STATION_A_01,469.09,15.6
2025-03-09 18:00:00,STATION_A_01,555.53,8.6
2025-03-09 19:00:00,STATION_A_01,602.46,14.7
2025-03-09 20:00:00,STATION_A_01,623.87,11.3
2025-03-09 21:00:00,STATION_A_01,572.25,11.3
2025-03-09 22:00:00,STATION_A_01,526.69,6.0
2025-03-09 23:00:00,STATION_A_01,464.77,5.5
2025-03-10 00:00:00,STATION_A_01,416.72,6.4
2025-03-10 01:00:00,STATION_A_01,407.38,5.4
2025-03-10 02:00:00,STATION_A_01,420.56,5.4
2025-03-10 03:00:00,STATION_A_01,404.9,6.7
2025-03-10 04:00:00,STATION_A_01,438.67,1.7
2025-03-10 05:00:00,STATION_A_01,429.49,7.1
2025-03-10 06:00:00,STATION_A_01,462.0,6.2
2025-03-10 07:00:00,STATION_A_01,511.65,6.8
2025-03-10 08:00:00,STATION_A_01,508.86,5.7
2025-03-10 09:00:00,STATION_A_01,479.0,10.5
2025-03-10 10:00:00,STATION_A_01,479.2,6.4
2025-03-10 11:00:00,STATION_A_01,421.71,13.1
2025-03-10 12:00:00,STATION_A_01,448.53,10.3
2025-03-10 13:00:00,STATION_A_01,436.05,13.8
2025-03-10 14:00:00,STATION_A_01,448.64,14.0
2025-03-10 15:00:00,STATION_A_01,414.65,16.5
2025-03-10 16:00:00,STATION_A_01,437.64,13.9
2025-03-10 17:00:00,STATION_A_01,467.99,12.5
2025-03-10 18:00:00,STATION_A_01,520.55,12.0
2025-03-10 19:00:00,STATION_A_01,570.56,14.2
2025-03-10 20:00:00,STATION_A_01,593.41,11.8
2025-03-10 21:00:00,STATION_A_01,557.93,8.9
2025-03-10 22:00:00,STATION_A_01,473.94,7.9
2025-03-10 23:00:00,STATION_A_01,425.72,4.3
2025-03-11 00:00:00,STATION_A_01,389.49,7.0
2025-03-11 01:00:00,STATION_A_01,422.26,2.4
2025-03-11 02:00:00,STATION_A_01,385.15,6.4
2025-03-11 03:00:00,STATION_A_01,435.11,5.1
2025-03-11 04:00:00,STATION_A_01,408.71,9.4
2025-03-11 05:00:00,STATION_A_01,431.9,3.6
2025-03-11 06:00:00,STATION_A_01,447.24,6.1
2025-03-11 07:00:00,STATION_A_01,495.21,10.5
2025-03-11 08:00:00,STATION_A_01,490.04,10.6
2025-03-11 09:00:00,STATION_A_01,488.26,8.4
2025-03-11 10:00:00,STATION_A_01,449.95,11.3
2025-03-11 11:00:00,STATION_A_01,443.16,12.1
2025-03-11 12:00:00,STATION_A_01,444.5,13.6
2025-03-11 13:00:00,STATION_A_01,458.75,12.6
2025-03-11 14:00:00,STATION_A_01,443.88,14.2
2025-03-11 15:00:00,STATION_A_01,433.44,11.6
2025-03-11 16:00:00,STATION_A_01,433.5,14.6
2025-03-11 17:00:00,STATION_A_01,445.17,14.7
2025-03-11 18:00:00,STATION_A_01,498.65,12.7
2025-03-11 19:00:00,STATION_A_01,586.73,9.2
2025-03-11 20:00:00,STATION_A_01,563.55,12.7
2025-03-11 21:00:00,STATION_A_01,523.43,10.4
2025-03-11 22:00:00,STATION_A_01,466.12,7.1
2025-03-11 23:00:00,STATION_A_01,428.46,6.8
2025-03-12 00:00:00,STATION_A_01,426.45,3.7
2025-03-12 01:00:00,STATION_A_01,438.03,3.8
2025-03-12 02:00:00,STATION_A_01,399.09,4.2
2025-03-12 03:00:00,STATION_A_01,392.98,7.3
2025-03-12 04:00:00,STATION_A_01,413.99,4.1
2025-03-12 05:00:00,STATION_A_01,433.42,6.8
2025-03-12 06:00:00,STATION_A_01,460.0,5.5
2025-03-12 07:00:00,STATION_A_01,484.8,7.9
2025-03-12 08:00:00,STATION_A_01,524.63,8.3
2025-03-12 09:00:00,STATION_A_01,498.18,11.4
2025-03-12 10:00:00,STATION_A_01,463.62,10.1
2025-03-12 11:00:00,STATION_A_01,443.41,9.4
2025-03-12 12:00:00,STATION_A_01,452.56,10.8
2025-03-12 13:00:00,STATION_A_01,439.43,13.0
2025-03-12 14:00:00,STATION_A_01,437.23,12.2
2025-03-12 15:00:00,STATION_A_01,410.69,15.4
2025-03-12 16:00:00,STATION_A_01,435.84,13.6
2025-03-12 17:00:00,STATION_A_01,438.09,18.3
2025-03-12 18:00:00,STATION_A_01,550.57,10.1
2025-03-12 19:00:00,STATION_A_01,596.01,12.6
2025-03-12 20:00:00,STATION_A_01,603.09,9.1
2025-03-12 21:00:00,STATION_A_01,531.48,9.0
2025-03-12 22:00:00,STATION_A_01,482.0,8.9
2025-03-12 23:00:00,STATION_A_01,452.96,3.3
2025-03-13 00:00:00,STATION_A_01,433.62,7.0
2025-03-13 01:00:00,STATION_A_01,400.6,9.3
2025-03-13 02:00:00,STATION_A_01,423.46,4.5
2025-03-13 03:00:00,STATION_A_01,415.23,5.7
2025-03-13 04:00:00,STATION_A_01,408.46,7.2
2025-03-13 05:00:00,STATION_A_01,426.6,5.5
2025-03-13 06:00:00,STATION_A_01,464.86,5.6
2025-03-13 07:00:00,STATION_A_01,521.22,3.5
2025-03-13 08:00:00,STATION_A_01,521.5,9.9
2025-03-13 09:00:00,STATION_A_01,497.12,9.8
2025-03-13 10:00:00,STATION_A_01,460.68,9.4
2025-03-13 11:00:00,STATION_A_01,434.21,12.6
2025-03-13 12:00:00,STATION_A_01,426.32,12.3
2025-03-13 13:00:00,STATION_A_01,459.65,13.2
2025-03-13 14:00:00,STATION_A_01,417.72,15.7
2025-03-13 15:00:00,STATION_A_01,439.31,12.4
2025-03-13 16:00:00,STATION_A_01,415.26,16.5
2025-03-13 17:00:00,STATION_A_01,469.32,11.6
2025-03-13 18:00:00,STATION_A_01,522.52,12.2
2025-03-13 19:00:00,STATION_A_01,544.61,15.9
2025-03-13 20:00:00,STATION_A_01,555.97,13.3
2025-03-13 21:00:00,STATION_A_01,555.09,10.2
2025-03-13 22:00:00,STATION_A_01,478.14,7.1
2025-03-13 23:00:00,STATION_A_01,445.38,6.6
2025-03-14 00:00:00,STATION_A_01,420.62,6.9
2025-03-14 01:00:00,STATION_A_01,404.87,6.1
2025-03-14 02:00:00,STATION_A_01,416.61,5.3
2025-03-14 03:00:00,STATION_A_01,413.35,5.3
2025-03-14 04:00:00,STATION_A_01,404.47,5.1
2025-03-14 05:00:00,STATION_A_01,435.4,3.4
2025-03-14 06:00:00,STATION_A_01,466.39,5.8
2025-03-14 07:00:00,STATION_A_01,478.92,9.4
2025-03-14 08:00:00,STATION_A_01,518.38,6.4
2025-03-14 09:00:00,STATION_A_01,490.04,9.8
2025-03-14 10:00:00,STATION_A_01,488.65,9.9
2025-03-14 11:00:00,STATION_A_01,415.81,12.8
2025-03-14 12:00:00,STATION_A_01,444.23,12.8
2025-03-14 13:00:00,STATION_A_01,420.15,17.0
2025-03-14 14:00:00,STATION_A_01,416.04,15.7
2025-03-14 15:00:00,STATION_A_01,423.86,12.6
2025-03-14 16:00:00,STATION_A_01,421.07,16.0
2025-03-14 17:00:00,STATION_A_01,467.53,12.9
2025-03-14 18:00:00,STATION_A_01,524.13,12.5
2025-03-14 19:00:00,STATION_A_01,587.31,13.1
2025-03-14 20:00:00,STATION_A_01,604.8,10.5
2025-03-14 21:00:00,STATION_A_01,533.07,11.8
2025-03-14 22:00:00,STATION_A_01,467.12,7.5
2025-03-14 23:00:00,STATION_A_01,437.58,6.6
2025-03-15 00:00:00,STATION_A_01,440.1,5.7
2025-03-15 01:00:00,STATION_A_01,427.68,5.1
2025-03-15 02:00:00,STATION_A_01,409.2,7.6
2025-03-15 03:00:00,STATION_A_01,408.7,6.6
2025-03-15 04:00:00,STATION_A_01,427.01,8.7
2025-03-15 05:00:00,STATION_A_01,436.96,10.2
2025-03-15 06:00:00,STATION_A_01,474.68,5.1
2025-03-15 07:00:00,STATION_A_01,534.56,8.0
2025-03-15 08:00:00,STATION_A_01,552.8,6.9
2025-03-15 09:00:00,STATION_A_01,544.06,8.9
2025-03-15 10:00:00,STATION_A_01,492.51,10.4
2025-03-15 11:00:00,STATION_A_01,458.2,10.8
2025-03-15 12:00:00,STATION_A_01,474.58,11.8
2025-03-15 13:00:00,STATION_A_01,468.8,14.2
2025-03-15 14:00:00,STATION_A_01,455.04,12.8
2025-03-15 15:00:00,STATION_A_01,417.06,16.6
2025-03-15 16:00:00,STATION_A_01,451.68,13.3
2025-03-15 17:00:00,STATION_A_01,441.12,19.5
2025-03-15 18:00:00,STATION_A_01,565.91,12.9
2025-03-15 19:00:00,STATION_A_01,599.7,12.8
2025-03-15 20:00:00,STATION_A_01,655.73,9.2
2025-03-15 21:00:00,STATION_A_01,513.39,13.4
2025-03-15 22:00:00,STATION_A_01,485.89,11.1
2025-03-15 23:00:00,STATION_A_01,466.0,8.4
2025-03-16 00:00:00,STATION_A_01,428.14,
2025-03-16 01:00:00,STATION_A_01,428.09,6.7
2025-03-16 02:00:00,STATION_A_01,437.18,3.8
2025-03-16 03:00:00,STATION_A_01,416.35,8.3
2025-03-16 04:00:00,STATION_A_01,434.43,7.3
2025-03-16 05:00:00,STATION_A_01,433.95,6.5
2025-03-16 06:00:00,STATION_A_01,498.5,2.7
2025-03-16 07:00:00,STATION_A_01,535.49,6.3
2025-03-16 08:00:00,STATION_A_01,528.24,10.5
2025-03-16 09:00:00,STATION_A_01,492.43,12.6
2025-03-16 10:00:00,STATION_A_01,483.76,13.7
2025-03-16 11:00:00,STATION_A_01,483.34,10.0
2025-03-16 12:00:00,STATION_A_01,443.68,14.4
2025-03-16 13:00:00,STATION_A_01,434.27,16.4
2025-03-16 14:00:00,STATION_A_01,452.43,12.1
2025-03-16 15:00:00,STATION_A_01,445.17,15.2
2025-03-16 16:00:00,STATION_A_01,442.36,15.6
2025-03-16 17:00:00,STATION_A_01,488.99,14.1
2025-03-16 18:00:00,STATION_A_01,557.53,10.5
2025-03-16 19:00:00,STATION_A_01,594.01,12.3
2025-03-16 20:00:00,STATION_A_01,629.62,11.1
2025-03-16 21:00:00,STATION_A_01,552.21,10.2
2025-03-16 22:00:00,STATION_A_01,499.78,8.2
2025-03-16 23:00:00,STATION_A_01,435.48,7.3
2025-03-17 00:00:00,STATION_A_01,397.15,7.2
2025-03-17 01:00:00,STATION_A_01,413.28,7.3
2025-03-17 02:00:00,STATION_A_01,402.23,5.4
2025-03-17 03:00:00,STATION_A_01,420.53,5.1
2025-03-17 04:00:00,STATION_A_01,386.19,6.2
2025-03-17 05:00:00,STATION_A_01,430.75,3.0
2025-03-17 06:00:00,STATION_A_01,445.46,8.1
2025-03-17 07:00:00,STATION_A_01,510.74,8.2
2025-03-17 08:00:00,STATION_A_01,490.08,9.5
2025-03-17 09:00:00,STATION_A_01,486.03,12.4
2025-03-17 10:00:00,STATION_A_01,481.14,8.3
2025-03-17 11:00:00,STATION_A_01,440.76,9.5
2025-03-17 12:00:00,STATION_A_01,424.94,14.5
2025-03-17 13:00:00,STATION_A_01,432.47,14.8
2025-03-17 14:00:00,STATION_A_01,405.51,15.6
2025-03-17 15:00:00,STATION_A_01,411.43,14.6
2025-03-17 16:00:00,STATION_A_01,423.62,16.5
2025-03-17 17:00:00,STATION_A_01,446.27,16.5
2025-03-17 18:00:00,STATION_A_01,504.61,14.9
2025-03-17 19:00:00,STATION_A_01,573.44,12.6
2025-03-17 20:00:00,STATION_A_01,605.99,8.1
2025-03-17 21:00:00,STATION_A_01,528.72,12.0
2025-03-17 22:00:00,STATION_A_01,446.6,11.6
2025-03-17 23:00:00,STATION_A_01,435.45,9.4
2025-03-18 00:00:00,STATION_A_01,421.77,5.8
2025-03-18 01:00:00,STATION_A_01,406.97,7.8
2025-03-18 02:00:00,STATION_A_01,391.77,7.7
2025-03-18 03:00:00,STATION_A_01,386.33,8.8
2025-03-18 04:00:00,STATION_A_01,413.21,4.6
2025-03-18 05:00:00,STATION_A_01,424.19,6.2
2025-03-18 06:00:00,STATION_A_01,423.62,8.7
2025-03-18 07:00:00,STATION_A_01,492.94,8.5
2025-03-18 08:00:00,STATION_A_01,531.53,7.5
2025-03-18 09:00:00,STATION_A_01,488.24,11.5
2025-03-18 10:00:00,STATION_A_01,438.28,13.1
2025-03-18 11:00:00,STATION_A_01,422.54,13.3
2025-03-18 12:00:00,STATION_A_01,431.58,14.6
2025-03-18 13:00:00,STATION_A_01,429.88,14.5
2025-03-18 14:00:00,STATION_A_01,414.79,18.1
2025-03-18 15:00:00,STATION_A_01,425.05,14.0
2025-03-18 16:00:00,STATION_A_01,430.41,14.4
2025-03-18 17:00:00,STATION_A_01,433.51,15.0
2025-03-18 18:00:00,STATION_A_01,504.28,15.8
2025-03-18 19:00:00,STATION_A_01,577.46,10.5
2025-03-18 20:00:00,STATION_A_01,585.4,9.7
2025-03-18 21:00:00,STATION_A_01,555.41,7.1
2025-03-18 22:00:00,STATION_A_01,473.24,9.6
2025-03-18 23:00:00,STATION_A_01,446.23,6.4
2025-03-19 00:00:00,STATION_A_01,407.66,6.9
2025-03-19 01:00:00,STATION_A_01,397.73,8.0
2025-03-19 02:00:00,STATION_A_01,407.18,5.2
2025-03-19 03:00:00,STATION_A_01,386.72,6.6
2025-03-19 04:00:00,STATION_A_01,425.85,5.8
2025-03-19 05:00:00,STATION_A_01,412.3,8.0
2025-03-19 06:00:00,STATION_A_01,450.73,8.4
2025-03-19 07:00:00,STATION_A_01,500.36,7.3
2025-03-19 08:00:00,STATION_A_01,488.03,9.4
2025-03-19 09:00:00,STATION_A_01,462.77,12.8
2025-03-19 10:00:00,STATION_A_01,464.28,12.9
2025-03-19 11:00:00,STATION_A_01,445.32,10.8
2025-03-19 12:00:00,STATION_A_01,417.09,15.5
2025-03-19 13:00:00,STATION_A_01,435.53,13.2
2025-03-19 14:00:00,STATION_A_01,420.91,18.1
2025-03-19 15:00:00,STATION_A_01,412.09,17.6
2025-03-19 16:00:00,STATION_A_01,394.8,16.1
2025-03-19 17:00:00,STATION_A_01,462.97,15.4
2025-03-19 18:00:00,STATION_A_01,523.01,14.0
2025-03-19 19:00:00,STATION_A_01,556.35,14.6
2025-03-19 20:00:00,STATION_A_01,557.59,11.5
2025-03-19 21:00:00,STATION_A_01,534.52,11.4
2025-03-19 22:00:00,STATION_A_01,458.97,11.3
2025-03-19 23:00:00,STATION_A_01,409.11,7.5
2025-03-20 00:00:00,STATION_A_01,401.25,6.6
2025-03-20 01:00:00,STATION_A_01,444.06,4.8
2025-03-20 02:00:00,STATION_A_01,411.87,4.6
2025-03-20 03:00:00,STATION_A_01,410.16,3.0
2025-03-20 04:00:00,STATION_A_01,392.56,7.8
2025-03-20 05:00:00,STATION_A_01,425.08,10.2
2025-03-20 06:00:00,STATION_A_01,445.83,10.3
2025-03-20 07:00:00,STATION_A_01,516.51,5.8
2025-03-20 08:00:00,STATION_A_01,498.14,11.2
2025-03-20 09:00:00,STATION_A_01,484.8,13.7
2025-03-20 10:00:00,STATION_A_01,442.03,11.5
2025-03-20 11:00:00,STATION_A_01,430.63,13.7
2025-03-20 12:00:00,STATION_A_01,446.81,10.9
2025-03-20 13:00:00,STATION_A_01,440.11,15.7
2025-03-20 14:00:00,STATION_A_01,431.31,13.8
2025-03-20 15:00:00,STATION_A_01,400.89,16.3
2025-03-20 16:00:00,STATION_A_01,424.35,12.9
2025-03-20 17:00:00,STATION_A_01,420.42,16.2
2025-03-20 18:00:00,STATION_A_01,467.05,16.3
2025-03-20 19:00:00,STATION_A_01,584.54,12.1
2025-03-20 20:00:00,STATION_A_01,576.07,10.3
2025-03-20 21:00:00,STATION_A_01,537.57,7.2
2025-03-20 22:00:00,STATION_A_01,471.33,9.4
2025-03-20 23:00:00,STATION_A_01,439.59,7.7
2025-03-21 00:00:00,STATION_A_01,414.78,5.1
2025-03-21 01:00:00,STATION_A_01,418.06,7.9
2025-03-21 02:00:00,STATION_A_01,411.61,5.8
2025-03-21 03:00:00,STATION_A_01,415.1,4.5
2025-03-21 04:00:00,STATION_A_01,413.61,5.6
2025-03-21 05:00:00,STATION_A_01,396.85,9.0
2025-03-21 06:00:00,STATION_A_01,452.38,9.0
2025-03-21 07:00:00,STATION_A_01,453.39,8.6
2025-03-21 08:00:00,STATION_A_01,486.97,11.1
2025-03-21 09:00:00,STATION_A_01,490.87,9.2
2025-03-21 10:00:00,STATION_A_01,437.55,12.6
2025-03-21 11:00:00,STATION_A_01,422.22,13.9
2025-03-21 12:00:00,STATION_A_01,450.56,13.8
2025-03-21 13:00:00,STATION_A_01,434.38,16.2
2025-03-21 14:00:00,STATION_A_01,416.74,14.5
2025-03-21 15:00:00,STATION_A_01,399.0,17.0
2025-03-21 16:00:00,STATION_A_01,392.54,16.9
2025-03-21 17:00:00,STATION_A_01,475.75,10.2
2025-03-21 18:00:00,STATION_A_01,490.83,16.8
2025-03-21 19:00:00,STATION_A_01,563.76,8.2
2025-03-21 20:00:00,STATION_A_01,576.21,11.4
2025-03-21 21:00:00,STATION_A_01,515.73,13.1
2025-03-21 22:00:00,STATION_A_01,472.03,9.5
2025-03-21 23:00:00,STATION_A_01,428.73,6.2
2025-03-22 00:00:00,STATION_A_01,424.96,6.1
2025-03-22 01:00:00,STATION_A_01,438.14,9.1
2025-03-22 02:00:00,STATION_A_01,440.45,3.3
2025-03-22 03:00:00,STATION_A_01,426.99,8.7
2025-03-22 04:00:00,STATION_A_01,424.79,6.7
2025-03-22 05:00:00,STATION_A_01,459.52,5.1
2025-03-22 06:00:00,STATION_A_01,458.38,7.0
2025-03-22 07:00:00,STATION_A_01,513.59,7.2
2025-03-22 08:00:00,STATION_A_01,504.05,11.8
2025-03-22 09:00:00,STATION_A_01,493.31,12.8
2025-03-22 10:00:00,STATION_A_01,503.23,9.6
2025-03-22 11:00:00,STATION_A_01,448.96,13.1
2025-03-22 12:00:00,STATION_A_01,466.39,13.3
2025-03-22 13:00:00,STATION_A_01,456.35,17.9
2025-03-22 14:00:00,STATION_A_01,452.95,13.6
2025-03-22 15:00:00,STATION_A_01,428.78,19.1
2025-03-22 16:00:00,STATION_A_01,439.96,16.0
2025-03-22 17:00:00,STATION_A_01,479.8,13.5
2025-03-22 18:00:00,STATION_A_01,551.42,13.6
2025-03-22 19:00:00,STATION_A_01,632.18,12.4
2025-03-22 20:00:00,STATION_A_01,604.57,10.4
2025-03-22 21:00:00,STATION_A_01,534.57,11.6
2025-03-22 22:00:00,STATION_A_01,481.59,8.0
2025-03-22 23:00:00,STATION_A_01,471.58,5.1
2025-03-23 00:00:00,STATION_A_01,435.15,7.5
2025-03-23 01:00:00,STATION_A_01,430.25,4.2
2025-03-23 02:00:00,STATION_A_01,406.72,5.6
2025-03-23 03:00:00,STATION_A_01,425.47,5.2
2025-03-23 04:00:00,STATION_A_01,441.97,5.4
2025-03-23 05:00:00,STATION_A_01,425.0,11.1
2025-03-23 06:00:00,STATION_A_01,472.08,8.3
2025-03-23 07:00:00,STATION_A_01,500.18,9.7
2025-03-23 08:00:00,STATION_A_01,558.27,7.2
2025-03-23 09:00:00,STATION_A_01,517.13,10.4
2025-03-23 10:00:00,STATION_A_01,476.5,13.2
2025-03-23 11:00:00,STATION_A_01,462.09,12.2
2025-03-23 12:00:00,STATION_A_01,447.67,16.6
2025-03-23 13:00:00,STATION_A_01,464.46,13.6
2025-03-23 14:00:00,STATION_A_01,432.43,15.7
2025-03-23 15:00:00,STATION_A_01,438.94,15.4
2025-03-23 16:00:00,STATION_A_01,440.0,16.5
2025-03-23 17:00:00,STATION_A_01,486.62,14.6
2025-03-23 18:00:00,STATION_A_01,541.12,14.5
2025-03-23 19:00:00,STATION_A_01,580.51,13.6
2025-03-23 20:00:00,STATION_A_01,594.35,11.5
2025-03-23 21:00:00,STATION_A_01,536.74,12.5
2025-03-23 22:00:00,STATION_A_01,483.06,10.8
2025-03-23 23:00:00,STATION_A_01,440.75,9.1
2025-03-24 00:00:00,STATION_A_01,386.5,7.6
2025-03-24 01:00:00,STATION_A_01,381.03,9.1
2025-03-24 02:00:00,STATION_A_01,379.72,6.7
2025-03-24 03:00:00,STATION_A_01,370.61,6.4
2025-03-24 04:00:00,STATION_A_01,401.83,7.3
2025-03-24 05:00:00,STATION_A_01,427.07,10.7
2025-03-24 06:00:00,STATION_A_01,474.15,6.0
2025-03-24 07:00:00,STATION_A_01,460.65,10.8
2025-03-24 08:00:00,STATION_A_01,514.85,7.1
2025-03-24 09:00:00,STATION_A_01,456.65,12.2
2025-03-24 10:00:00,STATION_A_01,415.82,15.9
2025-03-24 11:00:00,STATION_A_01,407.91,15.1
2025-03-24 12:00:00,STATION_A_01,418.9,15.5
2025-03-24 13:00:00,STATION_A_01,424.67,14.9
2025-03-24 14:00:00,STATION_A_01,417.11,16.5
2025-03-24 15:00:00,STATION_A_01,413.43,16.1
2025-03-24 16:00:00,STATION_A_01,409.36,15.0
2025-03-24 17:00:00,STATION_A_01,441.98,15.4
2025-03-24 18:00:00,STATION_A_01,485.04,15.5
2025-03-24 19:00:00,STATION_A_01,545.97,12.8
2025-03-24 20:00:00,STATION_A_01,549.72,11.6
2025-03-24 21:00:00,STATION_A_01,536.97,9.3
2025-03-24 22:00:00,STATION_A_01,447.08,11.2
2025-03-24 23:00:00,STATION_A_01,391.35,10.4
2025-03-25 00:00:00,STATION_A_01,391.88,9.0
2025-03-25 01:00:00,STATION_A_01,377.71,9.5
2025-03-25 02:00:00,STATION_A_01,415.57,7.5
2025-03-25 03:00:00,STATION_A_01,391.47,7.9
2025-03-25 04:00:00,STATION_A_01,407.89,7.9
2025-03-25 05:00:00,STATION_A_01,426.39,7.6
2025-03-25 06:00:00,STATION_A_01,434.5,7.6
2025-03-25 07:00:00,STATION_A_01,460.09,13.5
2025-03-25 08:00:00,STATION_A_01,505.92,9.9
2025-03-25 09:00:00,STATION_A_01,482.57,10.8
2025-03-25 10:00:00,STATION_A_01,442.76,14.0
2025-03-25 11:00:00,STATION_A_01,407.18,14.8
2025-03-25 12:00:00,STATION_A_01,438.98,12.8
2025-03-25 13:00:00,STATION_A_01,406.89,18.1
2025-03-25 14:00:00,STATION_A_01,418.02,16.4
2025-03-25 15:00:00,STATION_A_01,421.8,14.8
2025-03-25 16:00:00,STATION_A_01,403.48,18.7
2025-03-25 17:00:00,STATION_A_01,436.69,17.2
2025-03-25 18:00:00,STATION_A_01,520.21,13.1
2025-03-25 19:00:00,STATION_A_01,547.5,17.6
2025-03-25 20:00:00,STATION_A_01,576.95,14.4
2025-03-25 21:00:00,STATION_A_01,513.62,11.9
2025-03-25 22:00:00,STATION_A_01,441.99,13.6
2025-03-25 23:00:00,STATION_A_01,423.15,9.8
2025-03-26 00:00:00,STATION_A_01,388.32,8.7
2025-03-26 01:00:00,STATION_A_01,386.75,6.8
2025-03-26 02:00:00,STATION_A_01,399.01,8.5
2025-03-26 03:00:00,STATION_A_01,393.75,8.2
2025-03-26 04:00:00,STATION_A_01,389.2,7.5
2025-03-26 05:00:00,STATION_A_01,424.11,6.5
2025-03-26 06:00:00,STATION_A_01,455.67,9.0
2025-03-26 07:00:00,STATION_A_01,457.13,9.6
2025-03-26 08:00:00,STATION_A_01,518.74,8.5
2025-03-26 09:00:00,STATION_A_01,454.74,9.5
2025-03-26 10:00:00,STATION_A_01,431.89,14.4
2025-03-26 11:00:00,STATION_A_01,464.39,9.8
2025-03-26 12:00:00,STATION_A_01,415.28,15.9
2025-03-26 13:00:00,STATION_A_01,424.77,15.4
2025-03-26 14:00:00,STATION_A_01,410.07,19.1
2025-03-26 15:00:00,STATION_A_01,387.99,16.0
2025-03-26 16:00:00,STATION_A_01,1776.24,18.0
2025-03-26 17:00:00,STATION_A_01,440.85,15.6
2025-03-26 18:00:00,STATION_A_01,521.46,15.7
2025-03-26 19:00:00,STATION_A_01,529.63,15.9
2025-03-26 20:00:00,STATION_A_01,559.89,12.5
2025-03-26 21:00:00,STATION_A_01,491.2,13.9
2025-03-26 22:00:00,STATION_A_01,447.61,9.1
2025-03-26 23:00:00,STATION_A_01,423.15,10.3
2025-03-27 00:00:00,STATION_A_01,386.05,10.6
2025-03-27 01:00:00,STATION_A_01,384.9,9.3
2025-03-27 02:00:00,STATION_A_01,378.58,11.1
2025-03-27 03:00:00,STATION_A_01,397.58,6.1
2025-03-27 04:00:00,STATION_A_01,405.51,5.2
2025-03-27 05:00:00,STATION_A_01,405.34,6.4
2025-03-27 06:00:00,STATION_A_01,431.2,10.1
2025-03-27 07:00:00,STATION_A_01,466.96,10.8
2025-03-27 08:00:00,STATION_A_01,481.64,11.2
2025-03-27 09:00:00,STATION_A_01,484.58,10.3
2025-03-27 10:00:00,STATION_A_01,436.37,14.9
2025-03-27 11:00:00,STATION_A_01,424.98,12.5
2025-03-27 12:00:00,STATION_A_01,408.67,17.8
2025-03-27 13:00:00,STATION_A_01,425.79,21.6
2025-03-27 14:00:00,STATION_A_01,430.97,17.6
2025-03-27 15:00:00,STATION_A_01,385.89,18.2
2025-03-27 16:00:00,STATION_A_01,397.77,16.1
2025-03-27 17:00:00,STATION_A_01,438.29,13.2
2025-03-27 18:00:00,STATION_A_01,516.64,14.6
2025-03-27 19:00:00,STATION_A_01,558.88,12.7
2025-03-27 20:00:00,STATION_A_01,577.83,10.9
2025-03-27 21:00:00,STATION_A_01,521.0,15.4
2025-03-27 22:00:00,STATION_A_01,448.43,11.6
2025-03-27 23:00:00,STATION_A_01,416.97,10.6
2025-03-28 00:00:00,STATION_A_01,398.68,8.5
2025-03-28 01:00:00,STATION_A_01,389.3,8.0
2025-03-28 02:00:00,STATION_A_01,400.11,9.6
2025-03-28 03:00:00,STATION_A_01,388.69,7.6
2025-03-28 04:00:00,STATION_A_01,410.06,8.8
2025-03-28 05:00:00,STATION_A_01,406.06,8.0
2025-03-28 06:00:00,STATION_A_01,435.35,8.5
2025-03-28 07:00:00,STATION_A_01,472.57,7.5
2025-03-28 08:00:00,STATION_A_01,496.33,7.7
2025-03-28 09:00:00,STATION_A_01,468.76,12.0
2025-03-28 10:00:00,STATION_A_01,410.63,13.8
2025-03-28 11:00:00,STATION_A_01,428.02,12.6
2025-03-28 12:00:00,STATION_A_01,413.07,15.8
2025-03-28 13:00:00,STATION_A_01,425.94,16.7
2025-03-28 14:00:00,STATION_A_01,431.95,13.2
2025-03-28 15:00:00,STATION_A_01,399.77,15.6
2025-03-28 16:00:00,STATION_A_01,394.7,17.8
2025-03-28 17:00:00,STATION_A_01,428.71,17.3
2025-03-28 18:00:00,STATION_A_01,526.3,13.8
2025-03-28 19:00:00,STATION_A_01,538.61,15.2
2025-03-28 20:00:00,STATION_A_01,537.08,15.6
2025-03-28 21:00:00,STATION_A_01,488.08,13.9
2025-03-28 22:00:00,STATION_A_01,433.07,11.1
2025-03-28 23:00:00,STATION_A_01,417.98,9.2
2025-03-29 00:00:00,STATION_A_01,420.52,8.1
2025-03-29 01:00:00,STATION_A_01,427.17,9.3
2025-03-29 02:00:00,STATION_A_01,428.7,8.4
2025-03-29 03:00:00,STATION_A_01,441.36,9.0
2025-03-29 04:00:00,STATION_A_01,421.17,8.3
2025-03-29 05:00:00,STATION_A_01,425.41,10.0
2025-03-29 06:00:00,STATION_A_01,446.94,9.4
2025-03-29 07:00:00,STATION_A_01,503.59,11.7
2025-03-29 08:00:00,STATION_A_01,512.61,13.0
2025-03-29 09:00:00,STATION_A_01,514.77,11.2
2025-03-29 10:00:00,STATION_A_01,465.34,10.6
2025-03-29 11:00:00,STATION_A_01,435.67,17.8
2025-03-29 12:00:00,STATION_A_01,442.5,16.5
2025-03-29 13:00:00,STATION_A_01,457.88,13.7
2025-03-29 14:00:00,STATION_A_01,431.93,16.0
2025-03-29 15:00:00,STATION_A_01,429.75,18.8
2025-03-29 16:00:00,STATION_A_01,450.79,16.8
2025-03-29 17:00:00,STATION_A_01,450.57,15.9
2025-03-29 18:00:00,STATION_A_01,519.94,18.6
2025-03-29 19:00:00,STATION_A_01,550.62,13.2
2025-03-29 20:00:00,STATION_A_01,609.03,12.5
2025-03-29 21:00:00,STATION_A_01,511.15,13.0
2025-03-29 22:00:00,STATION_A_01,465.67,12.1
2025-03-29 23:00:00,STATION_A_01,416.28,11.1
2025-03-30 00:00:00,STATION_A_01,403.78,11.1
2025-03-30 01:00:00,STATION_A_01,423.42,9.0
2025-03-30 02:00:00,STATION_A_01,394.26,9.1
2025-03-30 03:00:00,STATION_A_01,417.07,7.6
2025-03-30 04:00:00,STATION_A_01,415.88,8.3
2025-03-30 05:00:00,STATION_A_01,450.52,8.9
2025-03-30 06:00:00,STATION_A_01,465.67,9.8
2025-03-30 07:00:00,STATION_A_01,,11.8
2025-03-30 08:00:00,STATION_A_01,506.47,12.6
2025-03-30 09:00:00,STATION_A_01,517.35,12.9
2025-03-30 10:00:00,STATION_A_01,478.53,12.6
2025-03-30 11:00:00,STATION_A_01,,15.4
2025-03-30 12:00:00,STATION_A_01,438.38,16.2
2025-03-30 13:00:00,STATION_A_01,436.32,17.3
2025-03-30 14:00:00,STATION_A_01,415.09,21.4
2025-03-30 15:00:00,STATION_A_01,407.4,16.7
2025-03-30 16:00:00,STATION_A_01,413.74,18.2
2025-03-30 17:00:00,STATION_A_01,465.15,18.9
2025-03-30 18:00:00,STATION_A_01,516.87,16.4
2025-03-30 19:00:00,STATION_A_01,555.14,19.4
2025-03-30 20:00:00,STATION_A_01,594.75,13.4
2025-03-30 21:00:00,STATION_A_01,565.71,13.4
2025-03-30 22:00:00,STATION_A_01,481.31,10.2
2025-03-30 23:00:00,STATION_A_01,448.97,9.8
2025-03-31 00:00:00,STATION_A_01,380.73,10.1
2025-03-31 01:00:00,STATION_A_01,382.95,10.4
2025-03-31 02:00:00,STATION_A_01,391.21,8.9
2025-03-31 03:00:00,STATION_A_01,378.0,10.5
2025-03-31 04:00:00,STATION_A_01,395.72,8.2
2025-03-31 05:00:00,STATION_A_01,419.93,8.3
2025-03-31 06:00:00,STATION_A_01,405.56,14.5
2025-03-31 07:00:00,STATION_A_01,467.72,11.3
2025-03-31 08:00:00,STATION_A_01,502.97,10.5
2025-03-31 09:00:00,STATION_A_01,464.16,11.8
2025-03-31 10:00:00,STATION_A_01,455.87,12.6
2025-03-31 11:00:00,STATION_A_01,410.8,17.1
2025-03-31 12:00:00,STATION_A_01,416.31,15.7
2025-03-31 13:00:00,STATION_A_01,392.06,17.4
2025-03-31 14:00:00,STATION_A_01,403.74,17.5
2025-03-31 15:00:00,STATION_A_01,395.38,19.1
2025-03-31 16:00:00,STATION_A_01,424.55,16.1
2025-03-31 17:00:00,STATION_A_01,446.72,15.2
2025-03-31 18:00:00,STATION_A_01,504.45,16.8
2025-03-31 19:00:00,STATION_A_01,524.71,16.5
2025-03-31 20:00:00,STATION_A_01,548.56,14.9
2025-03-31 21:00:00,STATION_A_01,530.25,11.6
2025-03-31 22:00:00,STATION_A_01,430.76,13.0
2025-03-31 23:00:00,STATION_A_01,424.14,9.3
2025-04-01 00:00:00,STATION_A_01,398.63,8.9
2025-04-01 01:00:00,STATION_A_01,399.85,7.3
2025-04-01 02:00:00,STATION_A_01,380.14,10.9
2025-04-01 03:00:00,STATION_A_01,379.22,9.5
2025-04-01 04:00:00,STATION_A_01,410.15,9.6
2025-04-01 05:00:00,STATION_A_01,404.71,11.3
2025-04-01 06:00:00,STATION_A_01,416.01,14.9
2025-04-01 07:00:00,STATION_A_01,479.2,7.7
2025-04-01 08:00:00,STATION_A_01,493.38,10.6
2025-04-01 09:00:00,STATION_A_01,474.58,12.1
2025-04-01 10:00:00,STATION_A_01,446.05,12.9
2025-04-01 11:00:00,STATION_A_01,432.98,13.7
2025-04-01 12:00:00,STATION_A_01,,16.0
2025-04-01 13:00:00,STATION_A_01,407.2,15.2
2025-04-01 14:00:00,STATION_A_01,404.46,18.4
2025-04-01 15:00:00,STATION_A_01,377.86,18.1
2025-04-01 16:00:00,STATION_A_01,391.58,18.7
2025-04-01 17:00:00,STATION_A_01,420.42,18.3
2025-04-01 18:00:00,STATION_A_01,491.57,17.7
2025-04-01 19:00:00,STATION_A_01,578.87,14.9
2025-04-01 20:00:00,STATION_A_01,503.8,18.3
2025-04-01 21:00:00,STATION_A_01,532.77,13.6
2025-04-01 22:00:00,STATION_A_01,457.69,8.6
2025-04-01 23:00:00,STATION_A_01,418.46,9.0
2025-04-02 00:00:00,STATION_A_01,384.03,6.8
2025-04-02 01:00:00,STATION_A_01,399.6,9.2
2025-04-02 02:00:00,STATION_A_01,392.78,8.5
2025-04-02 03:00:00,STATION_A_01,395.3,7.7
2025-04-02 04:00:00,STATION_A_01,362.17,12.4
2025-04-02 05:00:00,STATION_A_01,403.05,10.2
2025-04-02 06:00:00,STATION_A_01,436.9,11.3
2025-04-02 07:00:00,STATION_A_01,473.83,9.3
2025-04-02 08:00:00,STATION_A_01,509.16,10.3
2025-04-02 09:00:00,STATION_A_01,479.57,13.4
2025-04-02 10:00:00,STATION_A_01,424.94,14.9
2025-04-02 11:00:00,STATION_A_01,447.83,12.4
2025-04-02 12:00:00,STATION_A_01,415.14,16.4
2025-04-02 13:00:00,STATION_A_01,413.09,17.6
2025-04-02 14:00:00,STATION_A_01,407.96,17.6
2025-04-02 15:00:00,STATION_A_01,402.25,16.7
2025-04-02 16:00:00,STATION_A_01,374.33,17.0
2025-04-02 17:00:00,STATION_A_01,428.61,17.2
2025-04-02 18:00:00,STATION_A_01,471.65,16.9
2025-04-02 19:00:00,STATION_A_01,561.9,16.9
2025-04-02 20:00:00,STATION_A_01,562.33,16.6
2025-04-02 21:00:00,STATION_A_01,518.0,12.8
2025-04-02 22:00:00,STATION_A_01,445.28,11.3
2025-04-02 23:00:00,STATION_A_01,392.67,11.8
2025-04-03 00:00:00,STATION_A_01,375.1,11.3
2025-04-03 01:00:00,STATION_A_01,411.54,8.6
2025-04-03 02:00:00,STATION_A_01,378.27,10.3
2025-04-03 03:00:00,STATION_A_01,361.48,10.5
2025-04-03 04:00:00,STATION_A_01,395.84,11.2
2025-04-03 05:00:00,STATION_A_01,407.86,12.6
2025-04-03 06:00:00,STATION_A_01,457.76,8.6
2025-04-03 07:00:00,STATION_A_01,480.35,11.2
2025-04-03 08:00:00,STATION_A_01,499.17,12.3
2025-04-03 09:00:00,STATION_A_01,466.58,13.4
2025-04-03 10:00:00,STATION_A_01,414.16,13.6
2025-04-03 11:00:00,STATION_A_01,426.42,13.3
2025-04-03 12:00:00,STATION_A_01,418.17,17.1
2025-04-03 13:00:00,STATION_A_01,416.33,16.3
2025-04-03 14:00:00,STATION_A_01,401.69,18.3
2025-04-03 15:00:00,STATION_A_01,390.39,16.9
2025-04-03 16:00:00,STATION_A_01,394.62,16.2
2025-04-03 17:00:00,STATION_A_01,1678.19,18.1
2025-04-03 18:00:00,STATION_A_01,511.02,17.2
2025-04-03 19:00:00,STATION_A_01,538.06,17.0
2025-04-03 20:00:00,STATION_A_01,531.27,18.7
2025-04-03 21:00:00,STATION_A_01,487.54,14.1
2025-04-03 22:00:00,STATION_A_01,446.78,13.2
2025-04-03 23:00:00,STATION_A_01,432.33,9.2
2025-04-04 00:00:00,STATION_A_01,310.12,8.0
2025-04-04 01:00:00,STATION_A_01,312.87,12.4
2025-04-04 02:00:00,STATION_A_01,329.41,7.4
2025-04-04 03:00:00,STATION_A_01,330.99,7.1
2025-04-04 04:00:00,STATION_A_01,336.81,9.0
2025-04-04 05:00:00,STATION_A_01,349.75,9.4
2025-04-04 06:00:00,STATION_A_01,357.11,8.7
2025-04-04 07:00:00,STATION_A_01,391.62,10.8
2025-04-04 08:00:00,STATION_A_01,388.05,14.7
2025-04-04 09:00:00,STATION_A_01,379.85,12.3
2025-04-04 10:00:00,STATION_A_01,365.68,12.5
2025-04-04 11:00:00,STATION_A_01,338.79,17.8
2025-04-04 12:00:00,STATION_A_01,335.96,18.0
2025-04-04 13:00:00,STATION_A_01,333.03,16.8
2025-04-04 14:00:00,STATION_A_01,336.78,15.5
2025-04-04 15:00:00,STATION_A_01,323.4,17.2
2025-04-04 16:00:00,STATION_A_01,317.76,18.3
2025-04-04 17:00:00,STATION_A_01,345.19,20.0
2025-04-04 18:00:00,STATION_A_01,412.18,15.3
2025-04-04 19:00:00,STATION_A_01,457.17,16.0
2025-04-04 20:00:00,STATION_A_01,434.3,16.2
2025-04-04 21:00:00,STATION_A_01,423.13,9.5
2025-04-04 22:00:00,STATION_A_01,370.27,14.4
2025-04-04 23:00:00,STATION_A_01,337.44,9.2
2025-04-05 00:00:00,STATION_A_01,332.17,11.1
2025-04-05 01:00:00,STATION_A_01,333.44,10.2
2025-04-05 02:00:00,STATION_A_01,341.36,11.2
2025-04-05 03:00:00,STATION_A_01,346.03,10.1
2025-04-05 04:00:00,STATION_A_01,366.1,5.0
2025-04-05 05:00:00,STATION_A_01,355.92,8.4
2025-04-05 06:00:00,STATION_A_01,364.59,10.8
2025-04-05 07:00:00,STATION_A_01,426.62,11.2
2025-04-05 08:00:00,STATION_A_01,424.52,13.5
2025-04-05 09:00:00,STATION_A_01,391.84,15.3
2025-04-05 10:00:00,STATION_A_01,383.67,16.3
2025-04-05 11:00:00,STATION_A_01,355.02,15.9
2025-04-05 12:00:00,STATION_A_01,382.88,14.0
2025-04-05 13:00:00,STATION_A_01,373.13,17.3
2025-04-05 14:00:00,STATION_A_01,338.58,19.3
2025-04-05 15:00:00,STATION_A_01,353.69,16.8
2025-04-05 16:00:00,STATION_A_01,345.87,19.7
2025-04-05 17:00:00,STATION_A_01,388.68,19.7
2025-04-05 18:00:00,STATION_A_01,413.63,17.5
2025-04-05 19:00:00,STATION_A_01,516.73,10.8
2025-04-05 20:00:00,STATION_A_01,487.47,12.9
2025-04-05 21:00:00,STATION_A_01,406.35,17.3
2025-04-05 22:00:00,STATION_A_01,386.29,11.7
2025-04-05 23:00:00,STATION_A_01,363.56,7.9
2025-04-06 00:00:00,STATION_A_01,316.82,12.9
2025-04-06 01:00:00,STATION_A_01,338.36,10.0
2025-04-06 02:00:00,STATION_A_01,338.99,11.5
2025-04-06 03:00:00,STATION_A_01,338.81,9.8
2025-04-06 04:00:00,STATION_A_01,333.16,10.3
2025-04-06 05:00:00,STATION_A_01,346.42,10.6
2025-04-06 06:00:00,STATION_A_01,368.45,12.0
2025-04-06 07:00:00,STATION_A_01,389.47,15.8
2025-04-06 08:00:00,STATION_A_01,422.42,14.6
2025-04-06 09:00:00,STATION_A_01,416.27,11.3
2025-04-06 10:00:00,STATION_A_01,356.77,16.2
2025-04-06 11:00:00,STATION_A_01,344.86,18.6
2025-04-06 12:00:00,STATION_A_01,349.1,19.7
2025-04-06 13:00:00,STATION_A_01,368.77,17.5
2025-04-06 14:00:00,STATION_A_01,355.77,20.8
2025-04-06 15:00:00,STATION_A_01,351.83,20.6
2025-04-06 16:00:00,STATION_A_01,338.88,23.4
2025-04-06 17:00:00,STATION_A_01,,16.9
2025-04-06 18:00:00,STATION_A_01,409.85,16.6
2025-04-06 19:00:00,STATION_A_01,477.68,16.0
2025-04-06 20:00:00,STATION_A_01,465.74,14.5
2025-04-06 21:00:00,STATION_A_01,440.64,12.5
2025-04-06 22:00:00,STATION_A_01,433.91,7.9
2025-04-06 23:00:00,STATION_A_01,355.71,10.9
2025-04-07 00:00:00,STATION_A_01,371.42,11.6
2025-04-07 01:00:00,STATION_A_01,392.94,9.2
2025-04-07 02:00:00,STATION_A_01,368.96,13.1
2025-04-07 03:00:00,STATION_A_01,378.69,9.5
2025-04-07 04:00:00,STATION_A_01,403.06,12.0
2025-04-07 05:00:00,STATION_A_01,411.06,10.6
2025-04-07 06:00:00,STATION_A_01,425.83,12.4
2025-04-07 07:00:00,STATION_A_01,456.71,12.4
2025-04-07 08:00:00,STATION_A_01,464.02,15.5
2025-04-07 09:00:00,STATION_A_01,478.95,14.4
2025-04-07 10:00:00,STATION_A_01,428.02,16.4
2025-04-07 11:00:00,STATION_A_01,375.11,17.3
2025-04-07 12:00:00,STATION_A_01,436.6,17.2
2025-04-07 13:00:00,STATION_A_01,406.6,19.2
2025-04-07 14:00:00,STATION_A_01,399.37,22.9
2025-04-07 15:00:00,STATION_A_01,403.85,18.6
2025-04-07 16:00:00,STATION_A_01,394.52,19.7
2025-04-07 17:00:00,STATION_A_01,425.23,20.7
2025-04-07 18:00:00,STATION_A_01,468.33,19.7
2025-04-07 19:00:00,STATION_A_01,521.77,16.7
2025-04-07 20:00:00,STATION_A_01,573.64,11.2
2025-04-07 21:00:00,STATION_A_01,511.98,15.2
2025-04-07 22:00:00,STATION_A_01,449.7,9.1
2025-04-07 23:00:00,STATION_A_01,383.85,14.5
2025-04-08 00:00:00,STATION_A_01,392.61,11.4
2025-04-08 01:00:00,STATION_A_01,373.24,12.1
2025-04-08 02:00:00,STATION_A_01,388.52,8.2
2025-04-08 03:00:00,STATION_A_01,394.51,6.9
2025-04-08 04:00:00,STATION_A_01,387.85,10.3
2025-04-08 05:00:00,STATION_A_01,384.82,10.3
2025-04-08 06:00:00,STATION_A_01,425.25,10.2
2025-04-08 07:00:00,STATION_A_01,464.83,12.2
2025-04-08 08:00:00,STATION_A_01,457.07,18.2
2025-04-08 09:00:00,STATION_A_01,466.43,16.0
2025-04-08 10:00:00,STATION_A_01,439.27,17.6
2025-04-08 11:00:00,STATION_A_01,418.99,18.4
2025-04-08 12:00:00,STATION_A_01,407.7,20.5
2025-04-08 13:00:00,STATION_A_01,406.9,18.3
2025-04-08 14:00:00,STATION_A_01,408.97,15.4
2025-04-08 15:00:00,STATION_A_01,391.42,18.9
2025-04-08 16:00:00,STATION_A_01,394.25,20.6
2025-04-08 17:00:00,STATION_A_01,440.52,16.9
2025-04-08 18:00:00,STATION_A_01,492.62,17.6
2025-04-08 19:00:00,STATION_A_01,543.33,15.6
2025-04-08 20:00:00,STATION_A_01,539.14,18.4
2025-04-08 21:00:00,STATION_A_01,506.44,15.8
2025-04-08 22:00:00,STATION_A_01,443.16,14.4
2025-04-08 23:00:00,STATION_A_01,396.27,13.2
2025-04-09 00:00:00,STATION_A_01,372.89,11.2
2025-04-09 01:00:00,STATION_A_01,373.93,10.9
2025-04-09 02:00:00,STATION_A_01,386.89,7.9
2025-04-09 03:00:00,STATION_A_01,404.63,5.9
2025-04-09 04:00:00,STATION_A_01,393.72,10.3
2025-04-09 05:00:00,STATION_A_01,383.21,11.1
2025-04-09 06:00:00,STATION_A_01,411.82,13.4
2025-04-09 07:00:00,STATION_A_01,451.39,15.1
2025-04-09 08:00:00,STATION_A_01,453.12,16.2
2025-04-09 09:00:00,STATION_A_01,472.81,12.9
2025-04-09 10:00:00,STATION_A_01,426.19,15.3
2025-04-09 11:00:00,STATION_A_01,397.47,17.9
2025-04-09 12:00:00,STATION_A_01,398.69,22.6
2025-04-09 13:00:00,STATION_A_01,404.93,21.5
2025-04-09 14:00:00,STATION_A_01,386.92,21.3
2025-04-09 15:00:00,STATION_A_01,389.41,18.8
2025-04-09 16:00:00,STATION_A_01,402.88,17.7
2025-04-09 17:00:00,STATION_A_01,408.67,20.2
2025-04-09 18:00:00,STATION_A_01,471.11,16.1
2025-04-09 19:00:00,STATION_A_01,517.65,16.6
2025-04-09 20:00:00,STATION_A_01,537.86,15.7
2025-04-09 21:00:00,STATION_A_01,464.96,17.5
2025-04-09 22:00:00,STATION_A_01,436.46,12.8
2025-04-09 23:00:00,STATION_A_01,436.21,7.9
2025-04-10 00:00:00,STATION_A_01,363.13,12.4
2025-04-10 01:00:00,STATION_A_01,384.98,9.4
2025-04-10 02:00:00,STATION_A_01,405.94,10.3
2025-04-10 03:00:00,STATION_A_01,390.78,9.9
2025-04-10 04:00:00,STATION_A_01,386.88,9.7
2025-04-10 05:00:00,STATION_A_01,392.07,12.1
2025-04-10 06:00:00,STATION_A_01,442.42,8.7
2025-04-10 07:00:00,STATION_A_01,485.7,11.5
2025-04-10 08:00:00,STATION_A_01,464.29,14.8
2025-04-10 09:00:00,STATION_A_01,454.13,13.7
2025-04-10 10:00:00,STATION_A_01,423.12,13.2
2025-04-10 11:00:00,STATION_A_01,403.79,18.5
2025-04-10 12:00:00,STATION_A_01,383.51,20.3
2025-04-10 13:00:00,STATION_A_01,400.61,18.9
2025-04-10 14:00:00,STATION_A_01,403.4,16.0
2025-04-10 15:00:00,STATION_A_01,397.34,20.9
2025-04-10 16:00:00,STATION_A_01,397.8,16.5
2025-04-10 17:00:00,STATION_A_01,423.18,19.6
2025-04-10 18:00:00,STATION_A_01,468.86,16.6
2025-04-10 19:00:00,STATION_A_01,549.37,15.2
2025-04-10 20:00:00,STATION_A_01,528.88,15.3
2025-04-10 21:00:00,STATION_A_01,491.39,14.5
2025-04-10 22:00:00,STATION_A_01,467.26,12.4
2025-04-10 23:00:00,STATION_A_01,404.73,13.5
2025-04-11 00:00:00,STATION_A_01,381.11,10.8
2025-04-11 01:00:00,STATION_A_01,406.73,12.6
2025-04-11 02:00:00,STATION_A_01,373.1,10.9
2025-04-11 03:00:00,STATION_A_01,401.92,9.0
2025-04-11 04:00:00,STATION_A_01,378.24,8.8
2025-04-11 05:00:00,STATION_A_01,407.74,7.9
2025-04-11 06:00:00,STATION_A_01,407.8,12.2
2025-04-11 07:00:00,STATION_A_01,465.96,12.0
2025-04-11 08:00:00,STATION_A_01,497.46,9.5
2025-04-11 09:00:00,STATION_A_01,457.91,14.1
2025-04-11 10:00:00,STATION_A_01,444.49,14.7
2025-04-11 11:00:00,STATION_A_01,390.07,20.3
2025-04-11 12:00:00,STATION_A_01,421.83,15.4
2025-04-11 13:00:00,STATION_A_01,424.55,16.6
2025-04-11 14:00:00,STATION_A_01,380.25,21.7
2025-04-11 15:00:00,STATION_A_01,378.96,22.3
2025-04-11 16:00:00,STATION_A_01,395.78,18.3
2025-04-11 17:00:00,STATION_A_01,432.66,18.1
2025-04-11 18:00:00,STATION_A_01,491.69,19.5
2025-04-11 19:00:00,STATION_A_01,555.21,13.2
2025-04-11 20:00:00,STATION_A_01,554.77,12.9
2025-04-11 21:00:00,STATION_A_01,485.47,14.5
2025-04-11 22:00:00,STATION_A_01,426.85,16.6
2025-04-11 23:00:00,STATION_A_01,398.7,11.9
2025-04-12 00:00:00,STATION_A_01,397.67,12.0
2025-04-12 01:00:00,STATION_A_01,395.12,13.1
2025-04-12 02:00:00,STATION_A_01,396.6,14.4
2025-04-12 03:00:00,STATION_A_01,405.77,9.4
2025-04-12 04:00:00,STATION_A_01,402.25,10.6
2025-04-12 05:00:00,STATION_A_01,412.31,14.3
2025-04-12 06:00:00,STATION_A_01,425.51,9.1
2025-04-12 07:00:00,STATION_A_01,469.8,14.7
2025-04-12 08:00:00,STATION_A_01,497.48,12.1
2025-04-12 09:00:00,STATION_A_01,497.57,15.4
2025-04-12 10:00:00,STATION_A_01,446.37,16.0
2025-04-12 11:00:00,STATION_A_01,432.13,15.9
2025-04-12 12:00:00,STATION_A_01,435.87,16.8
2025-04-12 13:00:00,STATION_A_01,418.66,19.9
2025-04-12 14:00:00,STATION_A_01,414.78,21.7
2025-04-12 15:00:00,STATION_A_01,411.58,19.8
2025-04-12 16:00:00,STATION_A_01,406.88,20.0
2025-04-12 17:00:00,STATION_A_01,436.78,20.4
2025-04-12 18:00:00,STATION_A_01,503.64,16.9
2025-04-12 19:00:00,STATION_A_01,540.45,19.0
2025-04-12 20:00:00,STATION_A_01,563.4,17.9
2025-04-12 21:00:00,STATION_A_01,501.04,19.9
2025-04-12 22:00:00,STATION_A_01,446.9,13.3
2025-04-12 23:00:00,STATION_A_01,433.61,12.0
2025-04-13 00:00:00,STATION_A_01,402.68,13.4
2025-04-13 01:00:00,STATION_A_01,407.64,12.7
2025-04-13 02:00:00,STATION_A_01,412.63,9.8
2025-04-13 03:00:00,STATION_A_01,416.5,9.9
2025-04-13 04:00:00,STATION_A_01,428.6,11.8
2025-04-13 05:00:00,STATION_A_01,423.67,9.8
2025-04-13 06:00:00,STATION_A_01,439.57,11.3
2025-04-13 07:00:00,STATION_A_01,465.33,13.2
2025-04-13 08:00:00,STATION_A_01,515.47,16.0
2025-04-13 09:00:00,STATION_A_01,510.33,14.3
2025-04-13 10:00:00,STATION_A_01,453.13,13.3
2025-04-13 11:00:00,STATION_A_01,437.13,14.4
2025-04-13 12:00:00,STATION_A_01,434.11,16.5
2025-04-13 13:00:00,STATION_A_01,451.6,17.2
2025-04-13 14:00:00,STATION_A_01,406.1,19.8
2025-04-13 15:00:00,STATION_A_01,396.85,18.1
2025-04-13 16:00:00,STATION_A_01,440.27,18.8
2025-04-13 17:00:00,STATION_A_01,454.17,18.2
2025-04-13 18:00:00,STATION_A_01,516.9,18.0
2025-04-13 19:00:00,STATION_A_01,547.83,20.2
2025-04-13 20:00:00,STATION_A_01,569.84,17.8
2025-04-13 21:00:00,STATION_A_01,500.89,15.4
2025-04-13 22:00:00,STATION_A_01,453.76,13.3
2025-04-13 23:00:00,STATION_A_01,425.32,12.2
2025-04-14 00:00:00,STATION_A_01,352.63,12.8
2025-04-14 01:00:00,STATION_A_01,372.96,12.5
2025-04-14 02:00:00,STATION_A_01,384.39,9.3
2025-04-14 03:00:00,STATION_A_01,379.72,
2025-04-14 04:00:00,STATION_A_01,393.97,7.3
2025-04-14 05:00:00,STATION_A_01,384.39,11.8
2025-04-14 06:00:00,STATION_A_01,396.67,13.6
2025-04-14 07:00:00,STATION_A_01,461.14,12.7
2025-04-14 08:00:00,STATION_A_01,453.29,17.6
2025-04-14 09:00:00,STATION_A_01,445.19,14.0
2025-04-14 10:00:00,STATION_A_01,421.16,17.2
2025-04-14 11:00:00,STATION_A_01,401.63,17.9
2025-04-14 12:00:00,STATION_A_01,398.19,18.8
2025-04-14 13:00:00,STATION_A_01,379.94,19.6
2025-04-14 14:00:00,STATION_A_01,402.36,20.4
2025-04-14 15:00:00,STATION_A_01,373.94,21.9
2025-04-14 16:00:00,STATION_A_01,388.6,22.7
2025-04-14 17:00:00,STATION_A_01,408.96,19.8
2025-04-14 18:00:00,STATION_A_01,466.83,20.5
2025-04-14 19:00:00,STATION_A_01,554.3,16.7
2025-04-14 20:00:00,STATION_A_01,536.26,18.2
2025-04-14 21:00:00,STATION_A_01,512.73,14.2
2025-04-14 22:00:00,STATION_A_01,427.87,16.3
2025-04-14 23:00:00,STATION_A_01,383.96,17.2
2025-04-15 00:00:00,STATION_A_01,359.64,12.2
2025-04-15 01:00:00,STATION_A_01,391.0,7.7
2025-04-15 02:00:00,STATION_A_01,382.59,10.2
2025-04-15 03:00:00,STATION_A_01,385.64,13.2
2025-04-15 04:00:00,STATION_A_01,375.97,12.1
2025-04-15 05:00:00,STATION_A_01,396.26,12.1
2025-04-15 06:00:00,STATION_A_01,416.08,14.2
2025-04-15 07:00:00,STATION_A_01,465.66,14.3
2025-04-15 08:00:00,STATION_A_01,459.56,16.7
2025-04-15 09:00:00,STATION_A_01,454.9,17.4
2025-04-15 10:00:00,STATION_A_01,390.92,19.8
2025-04-15 11:00:00,STATION_A_01,383.96,18.8
2025-04-15 12:00:00,STATION_A_01,374.18,20.8
2025-04-15 13:00:00,STATION_A_01,411.41,19.4
2025-04-15 14:00:00,STATION_A_01,405.13,19.3
2025-04-15 15:00:00,STATION_A_01,395.3,23.7
2025-04-15 16:00:00,STATION_A_01,381.09,20.8
2025-04-15 17:00:00,STATION_A_01,410.47,21.4
2025-04-15 18:00:00,STATION_A_01,473.13,19.4
2025-04-15 19:00:00,STATION_A_01,555.98,17.1
2025-04-15 20:00:00,STATION_A_01,559.16,17.1
2025-04-15 21:00:00,STATION_A_01,486.54,18.4
2025-04-15 22:00:00,STATION_A_01,431.34,15.5
2025-04-15 23:00:00,STATION_A_01,422.03,10.3
2025-04-16 00:00:00,STATION_A_01,374.48,12.2
2025-04-16 01:00:00,STATION_A_01,362.45,15.0
2025-04-16 02:00:00,STATION_A_01,380.51,11.0
2025-04-16 03:00:00,STATION_A_01,383.85,7.9
2025-04-16 04:00:00,STATION_A_01,369.24,14.8
2025-04-16 05:00:00,STATION_A_01,378.34,13.1
2025-04-16 06:00:00,STATION_A_01,432.34,12.5
2025-04-16 07:00:00,STATION_A_01,464.82,12.9
2025-04-16 08:00:00,STATION_A_01,478.55,16.7
2025-04-16 09:00:00,STATION_A_01,437.56,15.0
2025-04-16 10:00:00,STATION_A_01,431.52,19.3
2025-04-16 11:00:00,STATION_A_01,382.2,19.4
2025-04-16 12:00:00,STATION_A_01,386.16,19.8
2025-04-16 13:00:00,STATION_A_01,394.01,20.4
2025-04-16 14:00:00,STATION_A_01,408.72,20.3
2025-04-16 15:00:00,STATION_A_01,388.53,22.7
2025-04-16 16:00:00,STATION_A_01,389.43,19.1
2025-04-16 17:00:00,STATION_A_01,420.45,17.2
2025-04-16 18:00:00,STATION_A_01,454.65,20.5
2025-04-16 19:00:00,STATION_A_01,537.6,19.5
2025-04-16 20:00:00,STATION_A_01,540.64,18.1
2025-04-16 21:00:00,STATION_A_01,502.29,16.7
2025-04-16 22:00:00,STATION_A_01,438.33,14.2
2025-04-16 23:00:00,STATION_A_01,362.12,15.0
2025-04-17 00:00:00,STATION_A_01,362.94,12.7
2025-04-17 01:00:00,STATION_A_01,385.64,11.1
2025-04-17 02:00:00,STATION_A_01,378.05,11.0
2025-04-17 03:00:00,STATION_A_01,361.49,15.0
2025-04-17 04:00:00,STATION_A_01,384.02,8.4
2025-04-17 05:00:00,STATION_A_01,399.81,12.9
2025-04-17 06:00:00,STATION_A_01,437.81,9.8
2025-04-17 07:00:00,STATION_A_01,461.14,13.6
2025-04-17 08:00:00,STATION_A_01,466.0,14.1
2025-04-17 09:00:00,STATION_A_01,471.37,12.4
2025-04-17 10:00:00,STATION_A_01,401.96,18.1
2025-04-17 11:00:00,STATION_A_01,403.5,17.9
2025-04-17 12:00:00,STATION_A_01,388.83,15.8
2025-04-17 13:00:00,STATION_A_01,384.13,21.8
2025-04-17 14:00:00,STATION_A_01,391.95,23.4
2025-04-17 15:00:00,STATION_A_01,410.1,23.7
2025-04-17 16:00:00,STATION_A_01,369.71,21.5
2025-04-17 17:00:00,STATION_A_01,403.05,20.4
2025-04-17 18:00:00,STATION_A_01,474.15,22.0
2025-04-17 19:00:00,STATION_A_01,543.32,21.6
2025-04-17 20:00:00,STATION_A_01,524.56,19.5
2025-04-17 21:00:00,STATION_A_01,505.8,14.5
2025-04-17 22:00:00,STATION_A_01,425.0,15.3
2025-04-17 23:00:00,STATION_A_01,385.4,14.6
2025-04-18 00:00:00,STATION_A_01,387.29,9.7
2025-04-18 01:00:00,STATION_A_01,367.32,13.0
2025-04-18 02:00:00,STATION_A_01,370.05,15.8
2025-04-18 03:00:00,STATION_A_01,359.9,12.7
2025-04-18 04:00:00,STATION_A_01,380.96,14.4
2025-04-18 05:00:00,STATION_A_01,392.1,12.5
2025-04-18 06:00:00,STATION_A_01,417.14,12.8
2025-04-18 07:00:00,STATION_A_01,430.96,14.6
2025-04-18 08:00:00,STATION_A_01,464.1,13.6
2025-04-18 09:00:00,STATION_A_01,472.98,14.6
2025-04-18 10:00:00,STATION_A_01,406.28,19.9
2025-04-18 11:00:00,STATION_A_01,398.51,21.2
2025-04-18 12:00:00,STATION_A_01,397.32,18.0
2025-04-18 13:00:00,STATION_A_01,400.13,22.3
2025-04-18 14:00:00,STATION_A_01,381.14,20.8
2025-04-18 15:00:00,STATION_A_01,387.23,21.8
2025-04-18 16:00:00,STATION_A_01,391.59,21.8
2025-04-18 17:00:00,STATION_A_01,419.97,22.3
2025-04-18 18:00:00,STATION_A_01,460.9,19.9
2025-04-18 19:00:00,STATION_A_01,514.78,21.3
2025-04-18 20:00:00,STATION_A_01,536.57,18.2
2025-04-18 21:00:00,STATION_A_01,478.58,17.5
2025-04-18 22:00:00,STATION_A_01,432.99,13.6
2025-04-18 23:00:00,STATION_A_01,395.93,17.8
2025-04-19 00:00:00,STATION_A_01,382.57,14.0
2025-04-19 01:00:00,STATION_A_01,404.65,13.7
2025-04-19 02:00:00,STATION_A_01,400.12,9.0
2025-04-19 03:00:00,STATION_A_01,414.96,10.3
2025-04-19 04:00:00,STATION_A_01,402.92,14.1
2025-04-19 05:00:00,STATION_A_01,408.11,12.9
2025-04-19 06:00:00,STATION_A_01,444.28,9.7
2025-04-19 07:00:00,STATION_A_01,446.28,16.0
2025-04-19 08:00:00,STATION_A_01,493.25,14.3
2025-04-19 09:00:00,STATION_A_01,469.99,19.1
2025-04-19 10:00:00,STATION_A_01,431.26,17.6
2025-04-19 11:00:00,STATION_A_01,423.6,19.3
2025-04-19 12:00:00,STATION_A_01,405.4,22.1
2025-04-19 13:00:00,STATION_A_01,426.1,19.1
2025-04-19 14:00:00,STATION_A_01,409.15,19.4
2025-04-19 15:00:00,STATION_A_01,408.56,21.0
2025-04-19 16:00:00,STATION_A_01,405.76,22.7
2025-04-19 17:00:00,STATION_A_01,435.78,18.3
2025-04-19 18:00:00,STATION_A_01,507.72,16.9
2025-04-19 19:00:00,STATION_A_01,537.18,20.4
2025-04-19 20:00:00,STATION_A_01,550.24,16.7
2025-04-19 21:00:00,STATION_A_01,533.65,15.8
2025-04-19 22:00:00,STATION_A_01,465.87,12.0
2025-04-19 23:00:00,STATION_A_01,396.91,12.9
2025-04-20 00:00:00,STATION_A_01,388.57,13.3
2025-04-20 01:00:00,STATION_A_01,400.54,14.3
2025-04-20 02:00:00,STATION_A_01,397.61,10.7
2025-04-20 03:00:00,STATION_A_01,404.3,14.9
2025-04-20 04:00:00,STATION_A_01,399.89,10.9
2025-04-20 05:00:00,STATION_A_01,425.66,11.4
2025-04-20 06:00:00,STATION_A_01,441.36,16.1
2025-04-20 07:00:00,STATION_A_01,482.4,14.7
2025-04-20 08:00:00,STATION_A_01,482.47,14.5
2025-04-20 09:00:00,STATION_A_01,465.24,16.5
2025-04-20 10:00:00,STATION_A_01,445.57,20.4
2025-04-20 11:00:00,STATION_A_01,410.6,21.8
2025-04-20 12:00:00,STATION_A_01,438.64,18.7
2025-04-20 13:00:00,STATION_A_01,419.7,20.8
2025-04-20 14:00:00,STATION_A_01,420.48,21.5
2025-04-20 15:00:00,STATION_A_01,395.67,19.8
2025-04-20 16:00:00,STATION_A_01,404.61,21.3
2025-04-20 17:00:00,STATION_A_01,431.43,20.9
2025-04-20 18:00:00,STATION_A_01,502.67,22.2
2025-04-20 19:00:00,STATION_A_01,551.88,21.3
2025-04-20 20:00:00,STATION_A_01,572.38,17.4
2025-04-20 21:00:00,STATION_A_01,509.66,16.4
2025-04-20 22:00:00,STATION_A_01,436.97,16.7
2025-04-20 23:00:00,STATION_A_01,421.46,13.3
2025-04-21 00:00:00,STATION_A_01,357.95,14.6
2025-04-21 01:00:00,STATION_A_01,385.89,12.6
2025-04-21 02:00:00,STATION_A_01,382.17,10.5
2025-04-21 03:00:00,STATION_A_01,381.13,10.4
2025-04-21 04:00:00,STATION_A_01,374.77,14.9
2025-04-21 05:00:00,STATION_A_01,391.07,12.5
2025-04-21 06:00:00,STATION_A_01,386.44,16.5
2025-04-21 07:00:00,STATION_A_01,442.49,13.6
2025-04-21 08:00:00,STATION_A_01,476.42,16.2
2025-04-21 09:00:00,STATION_A_01,434.0,21.2
2025-04-21 10:00:00,STATION_A_01,406.13,16.3
2025-04-21 11:00:00,STATION_A_01,417.22,15.9
2025-04-21 12:00:00,STATION_A_01,391.93,22.6
2025-04-21 13:00:00,STATION_A_01,393.06,19.6
2025-04-21 14:00:00,STATION_A_01,383.46,21.5
2025-04-21 15:00:00,STATION_A_01,396.25,20.7
2025-04-21 16:00:00,STATION_A_01,368.02,22.0
2025-04-21 17:00:00,STATION_A_01,410.23,19.4
2025-04-21 18:00:00,STATION_A_01,472.94,20.0
2025-04-21 19:00:00,STATION_A_01,540.7,20.1
2025-04-21 20:00:00,STATION_A_01,547.22,16.4
2025-04-21 21:00:00,STATION_A_01,479.76,15.7
2025-04-21 22:00:00,STATION_A_01,446.85,15.1
2025-04-21 23:00:00,STATION_A_01,386.98,12.0
2025-04-22 00:00:00,STATION_A_01,376.61,13.0
2025-04-22 01:00:00,STATION_A_01,377.96,13.2
2025-04-22 02:00:00,STATION_A_01,370.0,11.8
2025-04-22 03:00:00,STATION_A_01,385.83,11.8
2025-04-22 04:00:00,STATION_A_01,374.7,12.4
2025-04-22 05:00:00,STATION_A_01,,11.8
2025-04-22 06:00:00,STATION_A_01,390.72,15.0
2025-04-22 07:00:00,STATION_A_01,441.57,17.3
2025-04-22 08:00:00,STATION_A_01,464.38,15.0
2025-04-22 09:00:00,STATION_A_01,455.87,18.0
2025-04-22 10:00:00,STATION_A_01,416.77,17.9
2025-04-22 11:00:00,STATION_A_01,408.49,20.2
2025-04-22 12:00:00,STATION_A_01,402.96,23.3
2025-04-22 13:00:00,STATION_A_01,399.1,22.2
2025-04-22 14:00:00,STATION_A_01,409.71,18.6
2025-04-22 15:00:00,STATION_A_01,394.19,22.7
2025-04-22 16:00:00,STATION_A_01,392.6,24.0
2025-04-22 17:00:00,STATION_A_01,391.67,20.9
2025-04-22 18:00:00,STATION_A_01,459.41,22.3
2025-04-22 19:00:00,STATION_A_01,548.3,18.3
2025-04-22 20:00:00,STATION_A_01,525.54,15.7
2025-04-22 21:00:00,STATION_A_01,492.84,17.4
2025-04-22 22:00:00,STATION_A_01,448.38,12.7
2025-04-22 23:00:00,STATION_A_01,384.28,14.3
2025-04-23 00:00:00,STATION_A_01,342.81,16.2
2025-04-23 01:00:00,STATION_A_01,380.74,9.7
2025-04-23 02:00:00,STATION_A_01,404.76,10.4
2025-04-23 03:00:00,STATION_A_01,374.87,10.6
2025-04-23 04:00:00,STATION_A_01,371.52,12.6
2025-04-23 05:00:00,STATION_A_01,381.69,12.5
2025-04-23 06:00:00,STATION_A_01,416.86,16.4
2025-04-23 07:00:00,STATION_A_01,438.15,16.6
2025-04-23 08:00:00,STATION_A_01,452.55,17.0
2025-04-23 09:00:00,STATION_A_01,461.0,17.6
2025-04-23 10:00:00,STATION_A_01,417.5,19.3
2025-04-23 11:00:00,STATION_A_01,394.04,18.2
2025-04-23 12:00:00,STATION_A_01,385.07,22.2
2025-04-23 13:00:00,STATION_A_01,414.94,19.5
2025-04-23 14:00:00,STATION_A_01,395.41,23.4
2025-04-23 15:00:00,STATION_A_01,370.67,24.2
2025-04-23 16:00:00,STATION_A_01,369.87,22.3
2025-04-23 17:00:00,STATION_A_01,404.41,21.1
2025-04-23 18:00:00,STATION_A_01,456.27,21.4
2025-04-23 19:00:00,STATION_A_01,521.23,14.6
2025-04-23 20:00:00,STATION_A_01,508.88,19.1
2025-04-23 21:00:00,STATION_A_01,471.63,17.1
2025-04-23 22:00:00,STATION_A_01,420.57,16.0
2025-04-23 23:00:00,STATION_A_01,400.91,16.2
2025-04-24 00:00:00,STATION_A_01,367.65,14.0
2025-04-24 01:00:00,STATION_A_01,378.8,11.3
2025-04-24 02:00:00,STATION_A_01,380.45,12.6
2025-04-24 03:00:00,STATION_A_01,372.88,12.8
2025-04-24 04:00:00,STATION_A_01,381.33,13.1
2025-04-24 05:00:00,STATION_A_01,390.16,13.6
2025-04-24 06:00:00,STATION_A_01,407.37,16.0
2025-04-24 07:00:00,STATION_A_01,490.13,13.1
2025-04-24 08:00:00,STATION_A_01,472.88,16.6
2025-04-24 09:00:00,STATION_A_01,421.76,19.8
2025-04-24 10:00:00,STATION_A_01,431.77,15.6
2025-04-24 11:00:00,STATION_A_01,387.51,20.2
2025-04-24 12:00:00,STATION_A_01,403.09,19.8
2025-04-24 13:00:00,STATION_A_01,386.13,21.0
2025-04-24 14:00:00,STATION_A_01,383.86,20.5
2025-04-24 15:00:00,STATION_A_01,389.69,22.0
2025-04-24 16:00:00,STATION_A_01,397.92,25.4
2025-04-24 17:00:00,STATION_A_01,424.86,19.4
2025-04-24 18:00:00,STATION_A_01,488.41,18.8
2025-04-24 19:00:00,STATION_A_01,538.6,17.5
2025-04-24 20:00:00,STATION_A_01,521.01,21.8
2025-04-24 21:00:00,STATION_A_01,479.1,16.7
2025-04-24 22:00:00,STATION_A_01,433.63,16.2
2025-04-24 23:00:00,STATION_A_01,401.78,14.4
2025-04-25 00:00:00,STATION_A_01,374.87,12.6
2025-04-25 01:00:00,STATION_A_01,372.4,13.1
2025-04-25 02:00:00,STATION_A_01,371.67,17.5
2025-04-25 03:00:00,STATION_A_01,365.18,15.4
2025-04-25 04:00:00,STATION_A_01,384.17,11.5
2025-04-25 05:00:00,STATION_A_01,387.94,14.7
2025-04-25 06:00:00,STATION_A_01,418.62,12.8
2025-04-25 07:00:00,STATION_A_01,452.33,12.1
2025-04-25 08:00:00,STATION_A_01,458.06,18.3
2025-04-25 09:00:00,STATION_A_01,433.76,19.8
2025-04-25 10:00:00,STATION_A_01,427.52,20.8
2025-04-25 11:00:00,STATION_A_01,407.18,19.2
2025-04-25 12:00:00,STATION_A_01,391.59,20.8
2025-04-25 13:00:00,STATION_A_01,408.05,23.2
2025-04-25 14:00:00,STATION_A_01,398.43,23.0
2025-04-25 15:00:00,STATION_A_01,399.4,21.8
2025-04-25 16:00:00,STATION_A_01,385.1,19.4
2025-04-25 17:00:00,STATION_A_01,418.57,22.0
2025-04-25 18:00:00,STATION_A_01,470.28,23.0
2025-04-25 19:00:00,STATION_A_01,532.1,17.9
2025-04-25 20:00:00,STATION_A_01,506.76,20.1
2025-04-25 21:00:00,STATION_A_01,484.29,18.3
2025-04-25 22:00:00,STATION_A_01,422.1,17.8
2025-04-25 23:00:00,STATION_A_01,394.05,16.9
2025-04-26 00:00:00,STATION_A_01,395.35,13.2
2025-04-26 01:00:00,STATION_A_01,400.93,10.8
2025-04-26 02:00:00,STATION_A_01,407.58,12.3
2025-04-26 03:00:00,STATION_A_01,382.16,14.7
2025-04-26 04:00:00,STATION_A_01,414.76,12.3
2025-04-26 05:00:00,STATION_A_01,427.23,12.5
2025-04-26 06:00:00,STATION_A_01,466.9,11.2
2025-04-26 07:00:00,STATION_A_01,462.0,18.6
2025-04-26 08:00:00,STATION_A_01,475.58,18.1
2025-04-26 09:00:00,STATION_A_01,464.18,19.3
2025-04-26 10:00:00,STATION_A_01,436.76,20.9
2025-04-26 11:00:00,STATION_A_01,413.33,21.3
2025-04-26 12:00:00,STATION_A_01,436.25,20.8
2025-04-26 13:00:00,STATION_A_01,430.91,21.7
2025-04-26 14:00:00,STATION_A_01,409.28,21.7
2025-04-26 15:00:00,STATION_A_01,439.8,27.4
2025-04-26 16:00:00,STATION_A_01,412.21,23.5
2025-04-26 17:00:00,STATION_A_01,428.98,21.2
2025-04-26 18:00:00,STATION_A_01,489.03,22.1
2025-04-26 19:00:00,STATION_A_01,581.68,18.4
2025-04-26 20:00:00,STATION_A_01,575.94,21.8
2025-04-26 21:00:00,STATION_A_01,528.04,16.7
2025-04-26 22:00:00,STATION_A_01,459.1,17.5
2025-04-26 23:00:00,STATION_A_01,414.61,17.4
2025-04-27 00:00:00,STATION_A_01,392.46,15.4
2025-04-27 01:00:00,STATION_A_01,395.42,14.1
2025-04-27 02:00:00,STATION_A_01,400.22,13.4
2025-04-27 03:00:00,STATION_A_01,403.97,13.2
2025-04-27 04:00:00,STATION_A_01,395.13,12.4
2025-04-27 05:00:00,STATION_A_01,420.76,13.1
2025-04-27 06:00:00,STATION_A_01,440.44,17.3
2025-04-27 07:00:00,STATION_A_01,470.69,15.5
2025-04-27 08:00:00,STATION_A_01,491.75,15.4
2025-04-27 09:00:00,STATION_A_01,479.51,17.1
2025-04-27 10:00:00,STATION_A_01,425.2,21.3
2025-04-27 11:00:00,STATION_A_01,405.1,21.7
2025-04-27 12:00:00,STATION_A_01,434.25,22.5
2025-04-27 13:00:00,STATION_A_01,419.56,21.8
2025-04-27 14:00:00,STATION_A_01,419.23,23.7
2025-04-27 15:00:00,STATION_A_01,402.98,21.7
2025-04-27 16:00:00,STATION_A_01,424.85,22.2
2025-04-27 17:00:00,STATION_A_01,451.36,24.0
2025-04-27 18:00:00,STATION_A_01,496.72,23.0
2025-04-27 19:00:00,STATION_A_01,541.46,18.7
2025-04-27 20:00:00,STATION_A_01,558.35,17.8
2025-04-27 21:00:00,STATION_A_01,513.47,18.3
2025-04-27 22:00:00,STATION_A_01,434.65,19.9
2025-04-27 23:00:00,STATION_A_01,425.38,12.2
2025-04-28 00:00:00,STATION_A_01,367.01,15.4
2025-04-28 01:00:00,STATION_A_01,386.78,11.6
2025-04-28 02:00:00,STATION_A_01,375.67,12.5
2025-04-28 03:00:00,STATION_A_01,379.77,12.8
2025-04-28 04:00:00,STATION_A_01,368.6,12.9
2025-04-28 05:00:00,STATION_A_01,415.27,13.1
2025-04-28 06:00:00,STATION_A_01,407.86,14.9
2025-04-28 07:00:00,STATION_A_01,451.57,14.9
2025-04-28 08:00:00,STATION_A_01,479.77,14.4
2025-04-28 09:00:00,STATION_A_01,430.21,19.6
2025-04-28 10:00:00,STATION_A_01,408.14,20.8
2025-04-28 11:00:00,STATION_A_01,395.7,22.2
2025-04-28 12:00:00,STATION_A_01,393.22,18.9
2025-04-28 13:00:00,STATION_A_01,405.1,22.9
2025-04-28 14:00:00,STATION_A_01,378.38,24.1
2025-04-28 15:00:00,STATION_A_01,403.92,21.2
2025-04-28 16:00:00,STATION_A_01,395.95,22.9
2025-04-28 17:00:00,STATION_A_01,423.52,22.2
2025-04-28 18:00:00,STATION_A_01,450.29,25.0
2025-04-28 19:00:00,STATION_A_01,508.82,24.1
2025-04-28 20:00:00,STATION_A_01,558.28,16.5
2025-04-28 21:00:00,STATION_A_01,518.91,22.7
2025-04-28 22:00:00,STATION_A_01,441.87,15.4
2025-04-28 23:00:00,STATION_A_01,388.49,17.6
2025-04-29 00:00:00,STATION_A_01,364.46,16.8
2025-04-29 01:00:00,STATION_A_01,367.71,12.5
2025-04-29 02:00:00,STATION_A_01,377.16,14.7
2025-04-29 03:00:00,STATION_A_01,362.25,13.4
2025-04-29 04:00:00,STATION_A_01,359.17,14.8
2025-04-29 05:00:00,STATION_A_01,370.53,14.7
2025-04-29 06:00:00,STATION_A_01,411.14,17.2
2025-04-29 07:00:00,STATION_A_01,442.55,16.2
2025-04-29 08:00:00,STATION_A_01,461.72,16.9
2025-04-29 09:00:00,STATION_A_01,433.03,20.4
2025-04-29 10:00:00,STATION_A_01,396.14,20.7
2025-04-29 11:00:00,STATION_A_01,388.87,22.1
2025-04-29 12:00:00,STATION_A_01,391.44,20.6
2025-04-29 13:00:00,STATION_A_01,385.93,20.7
2025-04-29 14:00:00,STATION_A_01,390.18,22.0
2025-04-29 15:00:00,STATION_A_01,375.49,22.1
2025-04-29 16:00:00,STATION_A_01,393.81,24.5
2025-04-29 17:00:00,STATION_A_01,423.79,24.3
2025-04-29 18:00:00,STATION_A_01,455.76,21.5
2025-04-29 19:00:00,STATION_A_01,515.56,23.4
2025-04-29 20:00:00,STATION_A_01,543.87,22.1
2025-04-29 21:00:00,STATION_A_01,462.13,18.9
2025-04-29 22:00:00,STATION_A_01,431.74,15.7
2025-04-29 23:00:00,STATION_A_01,374.25,18.9
2025-04-30 00:00:00,STATION_A_01,376.37,15.1
2025-04-30 01:00:00,STATION_A_01,370.42,14.7
2025-04-30 02:00:00,STATION_A_01,368.51,13.4
2025-04-30 03:00:00,STATION_A_01,378.29,12.2
2025-04-30 04:00:00,STATION_A_01,385.02,11.3
2025-04-30 05:00:00,STATION_A_01,378.72,15.6
2025-04-30 06:00:00,STATION_A_01,401.21,13.8
2025-04-30 07:00:00,STATION_A_01,439.06,21.7
2025-04-30 08:00:00,STATION_A_01,480.71,15.4
2025-04-30 09:00:00,STATION_A_01,438.39,16.4
2025-04-30 10:00:00,STATION_A_01,404.93,20.8
2025-04-30 11:00:00,STATION_A_01,393.49,23.8
2025-04-30 12:00:00,STATION_A_01,385.92,22.1
2025-04-30 13:00:00,STATION_A_01,381.15,23.8
2025-04-30 14:00:00,STATION_A_01,388.78,19.9
2025-04-30 15:00:00,STATION_A_01,382.8,22.2
2025-04-30 16:00:00,STATION_A_01,373.47,21.3
2025-04-30 17:00:00,STATION_A_01,421.52,19.4
2025-04-30 18:00:00,STATION_A_01,485.92,22.2
2025-04-30 19:00:00,STATION_A_01,548.63,17.0
2025-04-30 20:00:00,STATION_A_01,531.51,17.5
2025-04-30 21:00:00,STATION_A_01,457.55,17.7
2025-04-30 22:00:00,STATION_A_01,434.21,15.9
2025-04-30 23:00:00,STATION_A_01,382.56,16.9
2025-05-01 00:00:00,STATION_A_01,300.76,16.0
2025-05-01 01:00:00,STATION_A_01,311.48,16.3
2025-05-01 02:00:00,STATION_A_01,292.49,15.5
2025-05-01 03:00:00,STATION_A_01,275.39,16.1
2025-05-01 04:00:00,STATION_A_01,297.76,14.2
2025-05-01 05:00:00,STATION_A_01,316.61,15.2
2025-05-01 06:00:00,STATION_A_01,332.11,16.3
2025-05-01 07:00:00,STATION_A_01,350.18,16.7
2025-05-01 08:00:00,STATION_A_01,363.91,16.8
2025-05-01 09:00:00,STATION_A_01,358.97,18.2
2025-05-01 10:00:00,STATION_A_01,328.93,18.6
2025-05-01 11:00:00,STATION_A_01,328.99,22.0
2025-05-01 12:00:00,STATION_A_01,322.81,22.0
2025-05-01 13:00:00,STATION_A_01,323.16,21.8
2025-05-01 14:00:00,STATION_A_01,317.87,22.2
2025-05-01 15:00:00,STATION_A_01,319.03,21.4
2025-05-01 16:00:00,STATION_A_01,318.55,25.2
2025-05-01 17:00:00,STATION_A_01,343.5,23.1
2025-05-01 18:00:00,STATION_A_01,388.61,20.6
2025-05-01 19:00:00,STATION_A_01,425.32,22.7
2025-05-01 20:00:00,STATION_A_01,418.48,19.0
2025-05-01 21:00:00,STATION_A_01,392.32,16.3
2025-05-01 22:00:00,STATION_A_01,333.18,19.4
2025-05-01 23:00:00,STATION_A_01,334.56,15.4
2025-05-02 00:00:00,STATION_A_01,290.4,14.9
2025-05-02 01:00:00,STATION_A_01,297.53,14.9
2025-05-02 02:00:00,STATION_A_01,296.9,16.4
2025-05-02 03:00:00,STATION_A_01,301.02,14.2
2025-05-02 04:00:00,STATION_A_01,321.13,12.2
2025-05-02 05:00:00,STATION_A_01,308.18,15.8
2025-05-02 06:00:00,STATION_A_01,335.5,14.7
2025-05-02 07:00:00,STATION_A_01,356.27,20.0
2025-05-02 08:00:00,STATION_A_01,,17.7
2025-05-02 09:00:00,STATION_A_01,388.74,15.0
2025-05-02 10:00:00,STATION_A_01,333.54,20.9
2025-05-02 11:00:00,STATION_A_01,324.21,24.9
2025-05-02 12:00:00,STATION_A_01,326.73,25.2
2025-05-02 13:00:00,STATION_A_01,332.28,26.4
2025-05-02 14:00:00,STATION_A_01,317.15,21.8
2025-05-02 15:00:00,STATION_A_01,324.61,25.4
2025-05-02 16:00:00,STATION_A_01,319.94,22.3
2025-05-02 17:00:00,STATION_A_01,341.34,23.5
2025-05-02 18:00:00,STATION_A_01,374.05,20.1
2025-05-02 19:00:00,STATION_A_01,426.86,20.2
2025-05-02 20:00:00,STATION_A_01,409.01,19.0
2025-05-02 21:00:00,STATION_A_01,378.38,20.6
2025-05-02 22:00:00,STATION_A_01,332.51,
2025-05-02 23:00:00,STATION_A_01,314.39,17.1
2025-05-03 00:00:00,STATION_A_01,339.9,13.3
2025-05-03 01:00:00,STATION_A_01,325.16,14.5
2025-05-03 02:00:00,STATION_A_01,336.86,13.2
2025-05-03 03:00:00,STATION_A_01,321.26,15.9
2025-05-03 04:00:00,STATION_A_01,325.47,16.7
2025-05-03 05:00:00,STATION_A_01,341.23,16.9
2025-05-03 06:00:00,STATION_A_01,352.15,14.4
2025-05-03 07:00:00,STATION_A_01,394.63,11.8
2025-05-03 08:00:00,STATION_A_01,416.66,14.7
2025-05-03 09:00:00,STATION_A_01,376.66,21.7
2025-05-03 10:00:00,STATION_A_01,358.09,19.7
2025-05-03 11:00:00,STATION_A_01,341.92,20.2
2025-05-03 12:00:00,STATION_A_01,340.59,25.5
2025-05-03 13:00:00,STATION_A_01,362.98,25.6
2025-05-03 14:00:00,STATION_A_01,333.96,23.9
2025-05-03 15:00:00,STATION_A_01,341.94,23.4
2025-05-03 16:00:00,STATION_A_01,341.96,23.6
2025-05-03 17:00:00,STATION_A_01,347.41,23.7
2025-05-03 18:00:00,STATION_A_01,401.24,25.4
2025-05-03 19:00:00,STATION_A_01,444.0,22.3
2025-05-03 20:00:00,STATION_A_01,457.77,21.7
2025-05-03 21:00:00,STATION_A_01,403.4,21.3
2025-05-03 22:00:00,STATION_A_01,370.02,15.8
2025-05-03 23:00:00,STATION_A_01,314.74,18.1
2025-05-04 00:00:00,STATION_A_01,336.36,15.4
2025-05-04 01:00:00,STATION_A_01,333.62,10.7
2025-05-04 02:00:00,STATION_A_01,336.64,10.9
2025-05-04 03:00:00,STATION_A_01,322.1,12.7
2025-05-04 04:00:00,STATION_A_01,314.12,15.7
2025-05-04 05:00:00,STATION_A_01,347.25,15.4
2025-05-04 06:00:00,STATION_A_01,334.5,16.3
2025-05-04 07:00:00,STATION_A_01,372.52,20.5
2025-05-04 08:00:00,STATION_A_01,392.24,15.8
2025-05-04 09:00:00,STATION_A_01,375.62,19.3
2025-05-04 10:00:00,STATION_A_01,349.0,21.1
2025-05-04 11:00:00,STATION_A_01,335.36,20.4
2025-05-04 12:00:00,STATION_A_01,346.31,22.8
2025-05-04 13:00:00,STATION_A_01,325.09,20.6
2025-05-04 14:00:00,STATION_A_01,344.08,26.5
2025-05-04 15:00:00,STATION_A_01,335.2,22.9
2025-05-04 16:00:00,STATION_A_01,334.6,27.6
2025-05-04 17:00:00,STATION_A_01,376.58,23.5
2025-05-04 18:00:00,STATION_A_01,403.8,24.6
2025-05-04 19:00:00,STATION_A_01,449.05,21.7
2025-05-04 20:00:00,STATION_A_01,444.26,20.5
2025-05-04 21:00:00,STATION_A_01,414.06,18.3
2025-05-04 22:00:00,STATION_A_01,373.41,18.3
2025-05-04 23:00:00,STATION_A_01,350.47,17.5
2025-05-05 00:00:00,STATION_A_01,307.3,14.7
2025-05-05 01:00:00,STATION_A_01,308.63,15.2
2025-05-05 02:00:00,STATION_A_01,318.01,13.8
2025-05-05 03:00:00,STATION_A_01,290.79,18.9
2025-05-05 04:00:00,STATION_A_01,316.89,14.7
2025-05-05 05:00:00,STATION_A_01,309.34,18.2
2025-05-05 06:00:00,STATION_A_01,335.17,15.8
2025-05-05 07:00:00,STATION_A_01,361.41,17.6
2025-05-05 08:00:00,STATION_A_01,363.69,15.9
2025-05-05 09:00:00,STATION_A_01,363.15,18.7
2025-05-05 10:00:00,STATION_A_01,321.41,21.2
2025-05-05 11:00:00,STATION_A_01,311.02,24.8
2025-05-05 12:00:00,STATION_A_01,328.09,23.3
2025-05-05 13:00:00,STATION_A_01,320.16,26.2
2025-05-05 14:00:00,STATION_A_01,324.35,25.3
2025-05-05 15:00:00,STATION_A_01,325.0,27.3
2025-05-05 16:00:00,STATION_A_01,319.86,24.1
2025-05-05 17:00:00,STATION_A_01,345.15,28.0
2025-05-05 18:00:00,STATION_A_01,396.02,22.1
2025-05-05 19:00:00,STATION_A_01,425.33,20.6
2025-05-05 20:00:00,STATION_A_01,437.23,18.6
2025-05-05 21:00:00,STATION_A_01,372.38,23.7
2025-05-05 22:00:00,STATION_A_01,333.87,19.8
2025-05-05 23:00:00,STATION_A_01,322.96,16.5
2025-05-06 00:00:00,STATION_A_01,361.9,18.6
2025-05-06 01:00:00,STATION_A_01,352.33,16.8
2025-05-06 02:00:00,STATION_A_01,347.87,18.6
2025-05-06 03:00:00,STATION_A_01,368.49,12.1
2025-05-06 04:00:00,STATION_A_01,365.52,14.6
2025-05-06 05:00:00,STATION_A_01,369.42,14.7
2025-05-06 06:00:00,STATION_A_01,418.7,12.8
2025-05-06 07:00:00,STATION_A_01,436.29,19.2
2025-05-06 08:00:00,STATION_A_01,446.17,18.0
2025-05-06 09:00:00,STATION_A_01,432.53,21.0
2025-05-06 10:00:00,STATION_A_01,406.07,25.2
2025-05-06 11:00:00,STATION_A_01,406.95,21.5
2025-05-06 12:00:00,STATION_A_01,391.84,22.4
2025-05-06 13:00:00,STATION_A_01,394.88,24.1
2025-05-06 14:00:00,STATION_A_01,387.84,26.1
2025-05-06 15:00:00,STATION_A_01,375.22,23.5
2025-05-06 16:00:00,STATION_A_01,393.63,23.2
2025-05-06 17:00:00,STATION_A_01,415.5,25.8
2025-05-06 18:00:00,STATION_A_01,472.67,23.8
2025-05-06 19:00:00,STATION_A_01,546.44,18.4
2025-05-06 20:00:00,STATION_A_01,544.58,18.8
2025-05-06 21:00:00,STATION_A_01,448.7,22.4
2025-05-06 22:00:00,STATION_A_01,418.6,19.2
2025-05-06 23:00:00,STATION_A_01,387.63,15.9
2025-05-07 00:00:00,STATION_A_01,357.79,16.2
2025-05-07 01:00:00,STATION_A_01,366.89,15.8
2025-05-07 02:00:00,STATION_A_01,344.52,16.6
2025-05-07 03:00:00,STATION_A_01,390.58,12.7
2025-05-07 04:00:00,STATION_A_01,380.25,13.7
2025-05-07 05:00:00,STATION_A_01,368.94,16.2
2025-05-07 06:00:00,STATION_A_01,398.89,16.3
2025-05-07 07:00:00,STATION_A_01,413.41,18.5
2025-05-07 08:00:00,STATION_A_01,459.34,16.4
2025-05-07 09:00:00,STATION_A_01,428.17,20.5
2025-05-07 10:00:00,STATION_A_01,,23.1
2025-05-07 11:00:00,STATION_A_01,404.15,23.2
2025-05-07 12:00:00,STATION_A_01,411.45,23.5
2025-05-07 13:00:00,STATION_A_01,400.66,23.9
2025-05-07 14:00:00,STATION_A_01,392.59,23.0
2025-05-07 15:00:00,STATION_A_01,391.09,24.6
2025-05-07 16:00:00,STATION_A_01,393.45,26.8
2025-05-07 17:00:00,STATION_A_01,405.29,23.8
2025-05-07 18:00:00,STATION_A_01,464.05,21.7
2025-05-07 19:00:00,STATION_A_01,516.05,21.4
2025-05-07 20:00:00,STATION_A_01,522.67,21.5
2025-05-07 21:00:00,STATION_A_01,472.94,19.2
2025-05-07 22:00:00,STATION_A_01,412.49,19.5
2025-05-07 23:00:00,STATION_A_01,360.43,18.4
2025-05-08 00:00:00,STATION_A_01,360.34,18.3
2025-05-08 01:00:00,STATION_A_01,353.49,18.5
2025-05-08 02:00:00,STATION_A_01,382.07,17.2
2025-05-08 03:00:00,STATION_A_01,368.97,13.6
2025-05-08 04:00:00,STATION_A_01,378.18,13.8
2025-05-08 05:00:00,STATION_A_01,407.17,15.8
2025-05-08 06:00:00,STATION_A_01,409.11,15.9
2025-05-08 07:00:00,STATION_A_01,445.43,15.6
2025-05-08 08:00:00,STATION_A_01,443.68,18.0
2025-05-08 09:00:00,STATION_A_01,454.77,19.2
2025-05-08 10:00:00,STATION_A_01,396.23,20.1
2025-05-08 11:00:00,STATION_A_01,400.61,21.9
2025-05-08 12:00:00,STATION_A_01,393.39,25.6
2025-05-08 13:00:00,STATION_A_01,399.03,24.6
2025-05-08 14:00:00,STATION_A_01,401.66,29.2
2025-05-08 15:00:00,STATION_A_01,400.29,25.2
2025-05-08 16:00:00,STATION_A_01,385.6,24.2
2025-05-08 17:00:00,STATION_A_01,403.92,24.2
2025-05-08 18:00:00,STATION_A_01,487.52,23.9
2025-05-08 19:00:00,STATION_A_01,513.33,23.3
2025-05-08 20:00:00,STATION_A_01,523.93,25.1
2025-05-08 21:00:00,STATION_A_01,486.78,18.6
2025-05-08 22:00:00,STATION_A_01,413.24,20.4
2025-05-08 23:00:00,STATION_A_01,355.42,18.1
2025-05-09 00:00:00,STATION_A_01,377.23,14.0
2025-05-09 01:00:00,STATION_A_01,356.4,17.5
2025-05-09 02:00:00,STATION_A_01,352.75,17.9
2025-05-09 03:00:00,STATION_A_01,370.52,13.9
2025-05-09 04:00:00,STATION_A_01,352.77,15.6
2025-05-09 05:00:00,STATION_A_01,392.42,13.0
2025-05-09 06:00:00,STATION_A_01,397.96,14.6
2025-05-09 07:00:00,STATION_A_01,423.85,19.7
2025-05-09 08:00:00,STATION_A_01,456.63,18.2
2025-05-09 09:00:00,STATION_A_01,454.4,18.3
2025-05-09 10:00:00,STATION_A_01,399.9,21.9
2025-05-09 11:00:00,STATION_A_01,411.24,21.7
2025-05-09 12:00:00,STATION_A_01,408.17,22.8
2025-05-09 13:00:00,STATION_A_01,396.6,25.7
2025-05-09 14:00:00,STATION_A_01,384.46,22.8
2025-05-09 15:00:00,STATION_A_01,372.33,23.4
2025-05-09 16:00:00,STATION_A_01,391.22,25.2
2025-05-09 17:00:00,STATION_A_01,410.28,26.2
2025-05-09 18:00:00,STATION_A_01,486.95,25.9
2025-05-09 19:00:00,STATION_A_01,511.05,21.5
2025-05-09 20:00:00,STATION_A_01,507.34,23.2
2025-05-09 21:00:00,STATION_A_01,477.84,18.8
2025-05-09 22:00:00,STATION_A_01,401.0,22.3
2025-05-09 23:00:00,STATION_A_01,386.18,15.8
2025-05-10 00:00:00,STATION_A_01,380.46,19.4
2025-05-10 01:00:00,STATION_A_01,389.72,15.1
2025-05-10 02:00:00,STATION_A_01,372.22,19.4
2025-05-10 03:00:00,STATION_A_01,384.68,16.7
2025-05-10 04:00:00,STATION_A_01,379.57,14.0
2025-05-10 05:00:00,STATION_A_01,408.19,15.3
2025-05-10 06:00:00,STATION_A_01,421.7,18.4
2025-05-10 07:00:00,STATION_A_01,462.3,19.9
2025-05-10 08:00:00,STATION_A_01,485.06,19.1
2025-05-10 09:00:00,STATION_A_01,457.46,20.5
2025-05-10 10:00:00,STATION_A_01,444.84,23.0
2025-05-10 11:00:00,STATION_A_01,416.94,23.1
2025-05-10 12:00:00,STATION_A_01,425.06,21.5
2025-05-10 13:00:00,STATION_A_01,421.78,23.1
2025-05-10 14:00:00,STATION_A_01,424.75,25.5
2025-05-10 15:00:00,STATION_A_01,415.94,27.4
2025-05-10 16:00:00,STATION_A_01,443.96,28.0
2025-05-10 17:00:00,STATION_A_01,465.48,26.0
2025-05-10 18:00:00,STATION_A_01,512.03,24.3
2025-05-10 19:00:00,STATION_A_01,573.66,24.2
2025-05-10 20:00:00,STATION_A_01,528.74,20.5
2025-05-10 21:00:00,STATION_A_01,478.86,20.2
2025-05-10 22:00:00,STATION_A_01,440.06,17.7
2025-05-10 23:00:00,STATION_A_01,409.9,15.8
2025-05-11 00:00:00,STATION_A_01,375.63,17.8
2025-05-11 01:00:00,STATION_A_01,,16.8
2025-05-11 02:00:00,STATION_A_01,391.48,17.2
2025-05-11 03:00:00,STATION_A_01,403.74,16.8
2025-05-11 04:00:00,STATION_A_01,400.02,16.4
2025-05-11 05:00:00,STATION_A_01,406.35,17.5
2025-05-11 06:00:00,STATION_A_01,428.48,17.1
2025-05-11 07:00:00,STATION_A_01,446.73,19.0
2025-05-11 08:00:00,STATION_A_01,483.77,18.1
2025-05-11 09:00:00,STATION_A_01,485.15,21.3
2025-05-11 10:00:00,STATION_A_01,429.33,23.1
2025-05-11 11:00:00,STATION_A_01,415.26,21.8
2025-05-11 12:00:00,STATION_A_01,434.6,24.1
2025-05-11 13:00:00,STATION_A_01,438.29,23.6
2025-05-11 14:00:00,STATION_A_01,410.54,24.3
2025-05-11 15:00:00,STATION_A_01,407.43,23.4
2025-05-11 16:00:00,STATION_A_01,417.12,27.5
2025-05-11 17:00:00,STATION_A_01,448.35,26.7
2025-05-11 18:00:00,STATION_A_01,515.13,25.0
2025-05-11 19:00:00,STATION_A_01,545.29,26.6
2025-05-11 20:00:00,STATION_A_01,566.5,21.5
2025-05-11 21:00:00,STATION_A_01,499.23,26.1
2025-05-11 22:00:00,STATION_A_01,464.39,19.0
2025-05-11 23:00:00,STATION_A_01,400.42,18.7
2025-05-12 00:00:00,STATION_A_01,359.74,16.7
2025-05-12 01:00:00,STATION_A_01,363.63,17.3
2025-05-12 02:00:00,STATION_A_01,353.84,17.7
2025-05-12 03:00:00,STATION_A_01,347.63,15.8
2025-05-12 04:00:00,STATION_A_01,351.73,19.3
2025-05-12 05:00:00,STATION_A_01,372.0,17.1
2025-05-12 06:00:00,STATION_A_01,382.28,17.9
2025-05-12 07:00:00,STATION_A_01,440.48,16.7
2025-05-12 08:00:00,STATION_A_01,422.14,20.3
2025-05-12 09:00:00,STATION_A_01,430.11,20.5
2025-05-12 10:00:00,STATION_A_01,411.45,20.9
2025-05-12 11:00:00,STATION_A_01,397.53,21.8
2025-05-12 12:00:00,STATION_A_01,414.39,29.0
2025-05-12 13:00:00,STATION_A_01,400.43,24.5
2025-05-12 14:00:00,STATION_A_01,388.05,22.8
2025-05-12 15:00:00,STATION_A_01,387.2,24.3
2025-05-12 16:00:00,STATION_A_01,389.31,25.3
2025-05-12 17:00:00,STATION_A_01,407.66,25.9
2025-05-12 18:00:00,STATION_A_01,475.81,25.2
2025-05-12 19:00:00,STATION_A_01,524.1,24.4
2025-05-12 20:00:00,STATION_A_01,517.58,20.9
2025-05-12 21:00:00,STATION_A_01,498.83,21.4
2025-05-12 22:00:00,STATION_A_01,416.14,18.0
2025-05-12 23:00:00,STATION_A_01,377.66,17.3
2025-05-13 00:00:00,STATION_A_01,359.66,15.9
2025-05-13 01:00:00,STATION_A_01,359.15,14.7
2025-05-13 02:00:00,STATION_A_01,361.14,18.2
2025-05-13 03:00:00,STATION_A_01,352.14,17.4
2025-05-13 04:00:00,STATION_A_01,353.63,18.1
2025-05-13 05:00:00,STATION_A_01,370.07,16.9
2025-05-13 06:00:00,STATION_A_01,384.13,19.0
2025-05-13 07:00:00,STATION_A_01,427.41,15.4
2025-05-13 08:00:00,STATION_A_01,440.85,21.3
2025-05-13 09:00:00,STATION_A_01,444.0,21.3
2025-05-13 10:00:00,STATION_A_01,411.06,23.3
2025-05-13 11:00:00,STATION_A_01,412.72,24.0
2025-05-13 12:00:00,STATION_A_01,406.49,22.6
2025-05-13 13:00:00,STATION_A_01,406.89,22.4
2025-05-13 14:00:00,STATION_A_01,415.61,24.3
2025-05-13 15:00:00,STATION_A_01,391.3,26.8
2025-05-13 16:00:00,STATION_A_01,395.0,26.8
2025-05-13 17:00:00,STATION_A_01,417.4,22.7
2025-05-13 18:00:00,STATION_A_01,491.6,22.6
2025-05-13 19:00:00,STATION_A_01,520.72,22.1
2025-05-13 20:00:00,STATION_A_01,511.18,21.6
2025-05-13 21:00:00,STATION_A_01,484.4,18.5
2025-05-13 22:00:00,STATION_A_01,412.46,17.2
2025-05-13 23:00:00,STATION_A_01,386.58,17.1
2025-05-14 00:00:00,STATION_A_01,360.0,17.9
2025-05-14 01:00:00,STATION_A_01,366.02,14.9
2025-05-14 02:00:00,STATION_A_01,367.71,16.3
2025-05-14 03:00:00,STATION_A_01,341.66,18.2
2025-05-14 04:00:00,STATION_A_01,375.8,14.2
2025-05-14 05:00:00,STATION_A_01,371.97,16.6
2025-05-14 06:00:00,STATION_A_01,420.82,19.6
2025-05-14 07:00:00,STATION_A_01,437.54,18.0
2025-05-14 08:00:00,STATION_A_01,444.94,18.9
2025-05-14 09:00:00,STATION_A_01,418.69,23.2
2025-05-14 10:00:00,STATION_A_01,422.95,21.8
2025-05-14 11:00:00,STATION_A_01,393.12,25.5
2025-05-14 12:00:00,STATION_A_01,390.61,25.3
2025-05-14 13:00:00,STATION_A_01,405.04,24.7
2025-05-14 14:00:00,STATION_A_01,407.34,26.6
2025-05-14 15:00:00,STATION_A_01,397.07,26.5
2025-05-14 16:00:00,STATION_A_01,399.74,27.6
2025-05-14 17:00:00,STATION_A_01,419.37,24.3
2025-05-14 18:00:00,STATION_A_01,475.61,24.6
2025-05-14 19:00:00,STATION_A_01,525.37,23.4
2025-05-14 20:00:00,STATION_A_01,525.83,23.6
2025-05-14 21:00:00,STATION_A_01,486.67,19.3
2025-05-14 22:00:00,STATION_A_01,409.34,21.7
2025-05-14 23:00:00,STATION_A_01,363.38,19.6
2025-05-15 00:00:00,STATION_A_01,363.92,15.5
2025-05-15 01:00:00,STATION_A_01,357.68,19.3
2025-05-15 02:00:00,STATION_A_01,332.08,20.7
2025-05-15 03:00:00,STATION_A_01,338.8,18.3
2025-05-15 04:00:00,STATION_A_01,363.12,19.2
2025-05-15 05:00:00,STATION_A_01,388.6,17.3
2025-05-15 06:00:00,STATION_A_01,398.25,14.9
2025-05-15 07:00:00,STATION_A_01,448.3,15.6
2025-05-15 08:00:00,STATION_A_01,441.82,20.5
2025-05-15 09:00:00,STATION_A_01,431.42,20.2
2025-05-15 10:00:00,STATION_A_01,412.43,20.9
2025-05-15 11:00:00,STATION_A_01,383.5,23.6
2025-05-15 12:00:00,STATION_A_01,387.44,25.8
2025-05-15 13:00:00,STATION_A_01,398.49,22.8
2025-05-15 14:00:00,STATION_A_01,394.93,25.1
2025-05-15 15:00:00,STATION_A_01,394.08,28.8
2025-05-15 16:00:00,STATION_A_01,397.01,24.0
2025-05-15 17:00:00,STATION_A_01,420.42,27.0
2025-05-15 18:00:00,STATION_A_01,467.7,23.8
2025-05-15 19:00:00,STATION_A_01,524.79,24.7
2025-05-15 20:00:00,STATION_A_01,518.48,24.5
2025-05-15 21:00:00,STATION_A_01,479.88,22.6
2025-05-15 22:00:00,STATION_A_01,398.93,21.7
2025-05-15 23:00:00,STATION_A_01,368.61,16.8
2025-05-16 00:00:00,STATION_A_01,345.5,20.1
2025-05-16 01:00:00,STATION_A_01,365.05,15.8
2025-05-16 02:00:00,STATION_A_01,347.13,17.3
2025-05-16 03:00:00,STATION_A_01,346.85,17.1
2025-05-16 04:00:00,STATION_A_01,362.37,17.7
2025-05-16 05:00:00,STATION_A_01,364.13,17.9
2025-05-16 06:00:00,STATION_A_01,389.58,16.6
2025-05-16 07:00:00,STATION_A_01,453.4,16.6
2025-05-16 08:00:00,STATION_A_01,439.26,21.8
2025-05-16 09:00:00,STATION_A_01,447.49,21.8
2025-05-16 10:00:00,STATION_A_01,409.61,24.8
2025-05-16 11:00:00,STATION_A_01,400.0,23.8
2025-05-16 12:00:00,STATION_A_01,396.85,22.3
2025-05-16 13:00:00,STATION_A_01,382.73,27.4
2025-05-16 14:00:00,STATION_A_01,384.83,25.4
2025-05-16 15:00:00,STATION_A_01,392.07,26.9
2025-05-16 16:00:00,STATION_A_01,392.83,24.9
2025-05-16 17:00:00,STATION_A_01,415.97,28.6
2025-05-16 18:00:00,STATION_A_01,472.37,23.3
2025-05-16 19:00:00,STATION_A_01,505.91,23.3
2025-05-16 20:00:00,STATION_A_01,523.56,22.9
2025-05-16 21:00:00,STATION_A_01,472.11,19.5
2025-05-16 22:00:00,STATION_A_01,416.88,20.8
2025-05-16 23:00:00,STATION_A_01,379.99,22.0
2025-05-17 00:00:00,STATION_A_01,384.57,17.4
2025-05-17 01:00:00,STATION_A_01,385.09,18.2
2025-05-17 02:00:00,STATION_A_01,398.01,12.1
2025-05-17 03:00:00,STATION_A_01,411.16,16.8
2025-05-17 04:00:00,STATION_A_01,375.35,16.4
2025-05-17 05:00:00,STATION_A_01,396.45,16.0
2025-05-17 06:00:00,STATION_A_01,423.35,20.2
2025-05-17 07:00:00,STATION_A_01,467.97,18.7
2025-05-17 08:00:00,STATION_A_01,479.54,20.1
2025-05-17 09:00:00,STATION_A_01,468.81,21.0
2025-05-17 10:00:00,STATION_A_01,413.05,19.4
2025-05-17 11:00:00,STATION_A_01,438.3,22.0
2025-05-17 12:00:00,STATION_A_01,426.35,26.8
2025-05-17 13:00:00,STATION_A_01,439.8,22.0
2025-05-17 14:00:00,STATION_A_01,398.25,24.9
2025-05-17 15:00:00,STATION_A_01,413.63,25.7
2025-05-17 16:00:00,STATION_A_01,430.18,29.4
2025-05-17 17:00:00,STATION_A_01,458.72,27.2
2025-05-17 18:00:00,STATION_A_01,505.71,24.0
2025-05-17 19:00:00,STATION_A_01,561.52,26.4
2025-05-17 20:00:00,STATION_A_01,536.59,21.6
2025-05-17 21:00:00,STATION_A_01,497.41,23.5
2025-05-17 22:00:00,STATION_A_01,441.34,18.0
2025-05-17 23:00:00,STATION_A_01,397.09,21.2
2025-05-18 00:00:00,STATION_A_01,388.62,17.7
2025-05-18 01:00:00,STATION_A_01,388.04,15.8
2025-05-18 02:00:00,STATION_A_01,369.91,16.8
2025-05-18 03:00:00,STATION_A_01,,17.5
2025-05-18 04:00:00,STATION_A_01,414.8,16.3
2025-05-18 05:00:00,STATION_A_01,407.66,18.6
2025-05-18 06:00:00,STATION_A_01,392.87,17.4
2025-05-18 07:00:00,STATION_A_01,453.19,20.5
2025-05-18 08:00:00,STATION_A_01,485.19,21.4
2025-05-18 09:00:00,STATION_A_01,458.7,21.7
2025-05-18 10:00:00,STATION_A_01,428.96,22.3
2025-05-18 11:00:00,STATION_A_01,418.14,24.5
2025-05-18 12:00:00,STATION_A_01,430.75,26.2
2025-05-18 13:00:00,STATION_A_01,439.26,29.7
2025-05-18 14:00:00,STATION_A_01,449.36,28.1
2025-05-18 15:00:00,STATION_A_01,426.93,28.4
2025-05-18 16:00:00,STATION_A_01,443.83,32.0
2025-05-18 17:00:00,STATION_A_01,463.14,26.9
2025-05-18 18:00:00,STATION_A_01,482.2,26.1
2025-05-18 19:00:00,STATION_A_01,544.78,25.5
2025-05-18 20:00:00,STATION_A_01,543.78,21.2
2025-05-18 21:00:00,STATION_A_01,526.1,21.0
2025-05-18 22:00:00,STATION_A_01,427.7,19.7
2025-05-18 23:00:00,STATION_A_01,370.21,20.6
2025-05-19 00:00:00,STATION_A_01,349.95,18.3
2025-05-19 01:00:00,STATION_A_01,360.32,18.1
2025-05-19 02:00:00,STATION_A_01,358.61,19.3
2025-05-19 03:00:00,STATION_A_01,375.07,18.7
2025-05-19 04:00:00,STATION_A_01,376.92,17.0
2025-05-19 05:00:00,STATION_A_01,378.93,16.6
2025-05-19 06:00:00,STATION_A_01,381.47,20.6
2025-05-19 07:00:00,STATION_A_01,445.02,21.0
2025-05-19 08:00:00,STATION_A_01,453.31,17.8
2025-05-19 09:00:00,STATION_A_01,427.52,21.4
2025-05-19 10:00:00,STATION_A_01,405.29,23.5
2025-05-19 11:00:00,STATION_A_01,384.44,25.8
2025-05-19 12:00:00,STATION_A_01,401.38,27.0
2025-05-19 13:00:00,STATION_A_01,404.1,26.6
2025-05-19 14:00:00,STATION_A_01,415.94,27.7
2025-05-19 15:00:00,STATION_A_01,389.8,26.9
2025-05-19 16:00:00,STATION_A_01,376.71,25.4
2025-05-19 17:00:00,STATION_A_01,400.88,25.7
2025-05-19 18:00:00,STATION_A_01,476.11,25.4
2025-05-19 19:00:00,STATION_A_01,522.66,24.3
2025-05-19 20:00:00,STATION_A_01,514.44,19.8
2025-05-19 21:00:00,STATION_A_01,464.58,21.3
2025-05-19 22:00:00,STATION_A_01,413.54,20.8
2025-05-19 23:00:00,STATION_A_01,387.44,19.1
2025-05-20 00:00:00,STATION_A_01,348.14,18.3
2025-05-20 01:00:00,STATION_A_01,354.02,18.9
2025-05-20 02:00:00,STATION_A_01,375.04,15.6
2025-05-20 03:00:00,STATION_A_01,363.38,14.4
2025-05-20 04:00:00,STATION_A_01,364.29,16.9
2025-05-20 05:00:00,STATION_A_01,365.9,19.4
2025-05-20 06:00:00,STATION_A_01,377.36,21.8
2025-05-20 07:00:00,STATION_A_01,429.04,21.1
2025-05-20 08:00:00,STATION_A_01,456.23,18.3
2025-05-20 09:00:00,STATION_A_01,441.42,21.7
2025-05-20 10:00:00,STATION_A_01,397.26,23.8
2025-05-20 11:00:00,STATION_A_01,397.64,24.9
2025-05-20 12:00:00,STATION_A_01,417.51,26.5
2025-05-20 13:00:00,STATION_A_01,424.08,24.6
2025-05-20 14:00:00,STATION_A_01,416.55,26.9
2025-05-20 15:00:00,STATION_A_01,387.02,27.7
2025-05-20 16:00:00,STATION_A_01,409.42,28.3
2025-05-20 17:00:00,STATION_A_01,413.23,24.8
2025-05-20 18:00:00,STATION_A_01,477.22,24.9
2025-05-20 19:00:00,STATION_A_01,513.27,19.7
2025-05-20 20:00:00,STATION_A_01,497.93,22.3
2025-05-20 21:00:00,STATION_A_01,466.27,21.2
2025-05-20 22:00:00,STATION_A_01,421.59,19.1
2025-05-20 23:00:00,STATION_A_01,373.05,20.0
2025-05-21 00:00:00,STATION_A_01,357.27,18.8
2025-05-21 01:00:00,STATION_A_01,373.81,14.1
2025-05-21 02:00:00,STATION_A_01,360.27,18.0
2025-05-21 03:00:00,STATION_A_01,370.6,15.8
2025-05-21 04:00:00,STATION_A_01,355.59,18.5
2025-05-21 05:00:00,STATION_A_01,381.34,15.8
2025-05-21 06:00:00,STATION_A_01,413.26,19.0
2025-05-21 07:00:00,STATION_A_01,431.82,19.4
2025-05-21 08:00:00,STATION_A_01,447.94,21.6
2025-05-21 09:00:00,STATION_A_01,436.49,22.5
2025-05-21 10:00:00,STATION_A_01,407.76,23.1
2025-05-21 11:00:00,STATION_A_01,393.21,21.9
2025-05-21 12:00:00,STATION_A_01,401.97,23.0
2025-05-21 13:00:00,STATION_A_01,397.23,25.4
2025-05-21 14:00:00,STATION_A_01,401.99,26.9
2025-05-21 15:00:00,STATION_A_01,380.28,26.0
2025-05-21 16:00:00,STATION_A_01,404.66,28.1
2025-05-21 17:00:00,STATION_A_01,425.04,26.0
2025-05-21 18:00:00,STATION_A_01,471.32,24.0
2025-05-21 19:00:00,STATION_A_01,494.85,24.2
2025-05-21 20:00:00,STATION_A_01,529.38,23.9
2025-05-21 21:00:00,STATION_A_01,472.16,22.9
2025-05-21 22:00:00,STATION_A_01,399.17,24.4
2025-05-21 23:00:00,STATION_A_01,383.32,18.7
2025-05-22 00:00:00,STATION_A_01,340.4,18.9
2025-05-22 01:00:00,STATION_A_01,362.31,19.1
2025-05-22 02:00:00,STATION_A_01,357.19,17.8
2025-05-22 03:00:00,STATION_A_01,340.8,16.8
2025-05-22 04:00:00,STATION_A_01,373.63,15.0
2025-05-22 05:00:00,STATION_A_01,370.55,17.4
2025-05-22 06:00:00,STATION_A_01,397.54,17.1
2025-05-22 07:00:00,STATION_A_01,433.43,17.0
2025-05-22 08:00:00,STATION_A_01,447.24,19.8
2025-05-22 09:00:00,STATION_A_01,430.04,20.6
2025-05-22 10:00:00,STATION_A_01,390.48,24.8
2025-05-22 11:00:00,STATION_A_01,411.06,25.9
2025-05-22 12:00:00,STATION_A_01,397.45,24.2
2025-05-22 13:00:00,STATION_A_01,396.04,26.1
2025-05-22 14:00:00,STATION_A_01,385.83,23.7
2025-05-22 15:00:00,STATION_A_01,398.69,26.4
2025-05-22 16:00:00,STATION_A_01,388.51,27.8
2025-05-22 17:00:00,STATION_A_01,435.34,28.1
2025-05-22 18:00:00,STATION_A_01,466.96,24.6
2025-05-22 19:00:00,STATION_A_01,521.81,26.8
2025-05-22 20:00:00,STATION_A_01,506.66,21.0
2025-05-22 21:00:00,STATION_A_01,463.32,20.2
2025-05-22 22:00:00,STATION_A_01,410.04,22.5
2025-05-22 23:00:00,STATION_A_01,372.88,23.1
2025-05-23 00:00:00,STATION_A_01,342.18,20.1
2025-05-23 01:00:00,STATION_A_01,354.68,18.4
2025-05-23 02:00:00,STATION_A_01,380.93,14.0
2025-05-23 03:00:00,STATION_A_01,356.19,14.2
2025-05-23 04:00:00,STATION_A_01,359.7,18.2
2025-05-23 05:00:00,STATION_A_01,363.74,17.8
2025-05-23 06:00:00,STATION_A_01,392.12,17.2
2025-05-23 07:00:00,STATION_A_01,430.69,20.3
2025-05-23 08:00:00,STATION_A_01,441.54,21.6
2025-05-23 09:00:00,STATION_A_01,421.98,24.3
2025-05-23 10:00:00,STATION_A_01,424.63,24.1
2025-05-23 11:00:00,STATION_A_01,416.14,27.2
2025-05-23 12:00:00,STATION_A_01,380.25,26.0
2025-05-23 13:00:00,STATION_A_01,391.2,26.6
2025-05-23 14:00:00,STATION_A_01,425.59,29.2
2025-05-23 15:00:00,STATION_A_01,385.75,25.7
2025-05-23 16:00:00,STATION_A_01,449.05,32.3
2025-05-23 17:00:00,STATION_A_01,436.29,27.4
2025-05-23 18:00:00,STATION_A_01,483.75,26.7
2025-05-23 19:00:00,STATION_A_01,508.75,26.0
2025-05-23 20:00:00,STATION_A_01,539.68,27.2
2025-05-23 21:00:00,STATION_A_01,455.53,24.0
2025-05-23 22:00:00,STATION_A_01,431.15,18.5
2025-05-23 23:00:00,STATION_A_01,374.88,22.7
2025-05-24 00:00:00,STATION_A_01,367.46,18.8
2025-05-24 01:00:00,STATION_A_01,383.19,18.8
2025-05-24 02:00:00,STATION_A_01,410.11,15.8
2025-05-24 03:00:00,STATION_A_01,373.35,18.9
2025-05-24 04:00:00,STATION_A_01,392.23,17.0
2025-05-24 05:00:00,STATION_A_01,386.99,18.8
2025-05-24 06:00:00,STATION_A_01,421.05,18.9
2025-05-24 07:00:00,STATION_A_01,435.92,23.8
2025-05-24 08:00:00,STATION_A_01,475.02,25.1
2025-05-24 09:00:00,STATION_A_01,462.69,22.9
2025-05-24 10:00:00,STATION_A_01,455.73,24.1
2025-05-24 11:00:00,STATION_A_01,402.52,24.5
2025-05-24 12:00:00,STATION_A_01,436.8,28.2
2025-05-24 13:00:00,STATION_A_01,444.18,26.3
2025-05-24 14:00:00,STATION_A_01,423.78,26.7
2025-05-24 15:00:00,STATION_A_01,433.6,29.3
2025-05-24 16:00:00,STATION_A_01,407.98,26.4
2025-05-24 17:00:00,STATION_A_01,440.06,26.9
2025-05-24 18:00:00,STATION_A_01,479.26,23.3
2025-05-24 19:00:00,STATION_A_01,549.31,26.4
2025-05-24 20:00:00,STATION_A_01,553.11,27.5
2025-05-24 21:00:00,STATION_A_01,501.24,24.1
2025-05-24 22:00:00,STATION_A_01,426.1,24.2
2025-05-24 23:00:00,STATION_A_01,393.28,18.8
2025-05-25 00:00:00,STATION_A_01,366.51,20.0
2025-05-25 01:00:00,STATION_A_01,382.17,17.1
2025-05-25 02:00:00,STATION_A_01,374.19,17.9
2025-05-25 03:00:00,STATION_A_01,362.95,19.5
2025-05-25 04:00:00,STATION_A_01,381.56,18.5
2025-05-25 05:00:00,STATION_A_01,413.71,16.2
2025-05-25 06:00:00,STATION_A_01,429.57,17.2
2025-05-25 07:00:00,STATION_A_01,456.4,18.0
2025-05-25 08:00:00,STATION_A_01,473.79,22.6
2025-05-25 09:00:00,STATION_A_01,442.57,26.6
2025-05-25 10:00:00,STATION_A_01,438.64,26.6
2025-05-25 11:00:00,STATION_A_01,418.08,21.9
2025-05-25 12:00:00,STATION_A_01,434.68,28.9
2025-05-25 13:00:00,STATION_A_01,438.97,28.8
2025-05-25 14:00:00,STATION_A_01,417.55,24.8
2025-05-25 15:00:00,STATION_A_01,431.56,27.2
2025-05-25 16:00:00,STATION_A_01,451.52,29.5
2025-05-25 17:00:00,STATION_A_01,449.33,28.1
2025-05-25 18:00:00,STATION_A_01,496.67,24.0
2025-05-25 19:00:00,STATION_A_01,551.5,26.4
2025-05-25 20:00:00,STATION_A_01,565.5,20.3
2025-05-25 21:00:00,STATION_A_01,501.9,22.5
2025-05-25 22:00:00,STATION_A_01,436.32,23.7
2025-05-25 23:00:00,STATION_A_01,398.99,20.6
2025-05-26 00:00:00,STATION_A_01,349.11,18.8
2025-05-26 01:00:00,STATION_A_01,362.36,20.5
2025-05-26 02:00:00,STATION_A_01,349.99,20.2
2025-05-26 03:00:00,STATION_A_01,342.7,20.6
2025-05-26 04:00:00,STATION_A_01,351.35,20.0
2025-05-26 05:00:00,STATION_A_01,376.55,20.9
2025-05-26 06:00:00,STATION_A_01,387.62,21.0
2025-05-26 07:00:00,STATION_A_01,439.13,21.2
2025-05-26 08:00:00,STATION_A_01,441.4,22.0
2025-05-26 09:00:00,STATION_A_01,427.86,22.7
2025-05-26 10:00:00,STATION_A_01,418.28,22.1
2025-05-26 11:00:00,STATION_A_01,389.76,23.8
2025-05-26 12:00:00,STATION_A_01,409.49,26.0
2025-05-26 13:00:00,STATION_A_01,418.92,27.7
2025-05-26 14:00:00,STATION_A_01,417.89,30.3
2025-05-26 15:00:00,STATION_A_01,400.53,27.8
2025-05-26 16:00:00,STATION_A_01,408.47,29.5
2025-05-26 17:00:00,STATION_A_01,446.56,29.2
2025-05-26 18:00:00,STATION_A_01,499.07,26.1
2025-05-26 19:00:00,STATION_A_01,523.38,26.6
2025-05-26 20:00:00,STATION_A_01,530.09,23.9
2025-05-26 21:00:00,STATION_A_01,472.31,25.5
2025-05-26 22:00:00,STATION_A_01,411.16,23.0
2025-05-26 23:00:00,STATION_A_01,375.83,18.5
2025-05-27 00:00:00,STATION_A_01,342.38,20.1
2025-05-27 01:00:00,STATION_A_01,353.24,22.0
2025-05-27 02:00:00,STATION_A_01,354.24,18.3
2025-05-27 03:00:00,STATION_A_01,345.36,19.2
2025-05-27 04:00:00,STATION_A_01,364.72,19.6
2025-05-27 05:00:00,STATION_A_01,377.3,17.2
2025-05-27 06:00:00,STATION_A_01,389.89,20.8
2025-05-27 07:00:00,STATION_A_01,451.98,18.3
2025-05-27 08:00:00,STATION_A_01,427.57,20.9
2025-05-27 09:00:00,STATION_A_01,451.31,25.2
2025-05-27 10:00:00,STATION_A_01,402.1,25.1
2025-05-27 11:00:00,STATION_A_01,401.3,25.1
2025-05-27 12:00:00,STATION_A_01,404.66,27.4
2025-05-27 13:00:00,STATION_A_01,402.81,27.3
2025-05-27 14:00:00,STATION_A_01,425.56,27.9
2025-05-27 15:00:00,STATION_A_01,430.71,29.2
2025-05-27 16:00:00,STATION_A_01,392.68,26.6
2025-05-27 17:00:00,STATION_A_01,434.32,27.5
2025-05-27 18:00:00,STATION_A_01,476.8,26.1
2025-05-27 19:00:00,STATION_A_01,547.51,22.8
2025-05-27 20:00:00,STATION_A_01,494.45,22.8
2025-05-27 21:00:00,STATION_A_01,477.4,26.1
2025-05-27 22:00:00,STATION_A_01,403.41,22.7
2025-05-27 23:00:00,STATION_A_01,354.92,18.4
2025-05-28 00:00:00,STATION_A_01,357.81,17.2
2025-05-28 01:00:00,STATION_A_01,371.25,19.0
2025-05-28 02:00:00,STATION_A_01,344.53,21.6
2025-05-28 03:00:00,STATION_A_01,365.14,18.2
2025-05-28 04:00:00,STATION_A_01,365.0,21.1
2025-05-28 05:00:00,STATION_A_01,365.84,19.9
2025-05-28 06:00:00,STATION_A_01,393.74,20.8
2025-05-28 07:00:00,STATION_A_01,416.44,18.6
2025-05-28 08:00:00,STATION_A_01,440.97,23.8
2025-05-28 09:00:00,STATION_A_01,447.48,22.8
2025-05-28 10:00:00,STATION_A_01,413.7,26.2
2025-05-28 11:00:00,STATION_A_01,403.21,24.3
2025-05-28 12:00:00,STATION_A_01,410.37,27.1
2025-05-28 13:00:00,STATION_A_01,443.03,28.2
2025-05-28 14:00:00,STATION_A_01,406.18,27.7
2025-05-28 15:00:00,STATION_A_01,426.24,28.9
2025-05-28 16:00:00,STATION_A_01,403.15,27.5
2025-05-28 17:00:00,STATION_A_01,441.72,26.4
2025-05-28 18:00:00,STATION_A_01,489.48,29.7
2025-05-28 19:00:00,STATION_A_01,541.78,27.7
2025-05-28 20:00:00,STATION_A_01,518.23,23.3
2025-05-28 21:00:00,STATION_A_01,474.4,24.4
2025-05-28 22:00:00,STATION_A_01,424.57,20.8
2025-05-28 23:00:00,STATION_A_01,380.44,18.8
2025-05-29 00:00:00,STATION_A_01,361.86,22.0
2025-05-29 01:00:00,STATION_A_01,358.64,16.3
2025-05-29 02:00:00,STATION_A_01,343.28,20.6
2025-05-29 03:00:00,STATION_A_01,358.11,18.3
2025-05-29 04:00:00,STATION_A_01,359.7,18.5
2025-05-29 05:00:00,STATION_A_01,363.91,20.1
2025-05-29 06:00:00,STATION_A_01,383.03,21.2
2025-05-29 07:00:00,STATION_A_01,444.66,19.6
2025-05-29 08:00:00,STATION_A_01,445.46,23.6
2025-05-29 09:00:00,STATION_A_01,453.75,23.7
2025-05-29 10:00:00,STATION_A_01,412.29,22.5
2025-05-29 11:00:00,STATION_A_01,406.46,25.6
2025-05-29 12:00:00,STATION_A_01,431.25,29.4
2025-05-29 13:00:00,STATION_A_01,427.52,30.7
2025-05-29 14:00:00,STATION_A_01,426.79,29.5
2025-05-29 15:00:00,STATION_A_01,411.04,26.2
2025-05-29 16:00:00,STATION_A_01,414.83,29.0
2025-05-29 17:00:00,STATION_A_01,454.18,29.2
2025-05-29 18:00:00,STATION_A_01,503.26,28.2
2025-05-29 19:00:00,STATION_A_01,540.98,27.3
2025-05-29 20:00:00,STATION_A_01,526.54,25.4
2025-05-29 21:00:00,STATION_A_01,479.8,23.4
2025-05-29 22:00:00,STATION_A_01,419.99,21.2
2025-05-29 23:00:00,STATION_A_01,368.26,17.7
2025-05-30 00:00:00,STATION_A_01,353.29,20.9
2025-05-30 01:00:00,STATION_A_01,349.94,19.8
2025-05-30 02:00:00,STATION_A_01,347.51,20.0
2025-05-30 03:00:00,STATION_A_01,377.57,16.5
2025-05-30 04:00:00,STATION_A_01,347.79,20.2
2025-05-30 05:00:00,STATION_A_01,352.72,23.2
2025-05-30 06:00:00,STATION_A_01,401.3,20.4
2025-05-30 07:00:00,STATION_A_01,414.0,21.2
2025-05-30 08:00:00,STATION_A_01,427.52,23.0
2025-05-30 09:00:00,STATION_A_01,458.37,27.3
2025-05-30 10:00:00,STATION_A_01,414.21,23.1
2025-05-30 11:00:00,STATION_A_01,407.98,26.4
2025-05-30 12:00:00,STATION_A_01,397.54,25.6
2025-05-30 13:00:00,STATION_A_01,395.92,26.8
2025-05-30 14:00:00,STATION_A_01,401.93,28.2
2025-05-30 15:00:00,STATION_A_01,420.05,30.9
2025-05-30 16:00:00,STATION_A_01,414.98,31.5
2025-05-30 17:00:00,STATION_A_01,443.52,28.6
2025-05-30 18:00:00,STATION_A_01,474.1,26.4
2025-05-30 19:00:00,STATION_A_01,568.61,30.6
2025-05-30 20:00:00,STATION_A_01,526.57,24.1
2025-05-30 21:00:00,STATION_A_01,478.23,22.6
2025-05-30 22:00:00,STATION_A_01,421.04,19.2
2025-05-30 23:00:00,STATION_A_01,369.29,23.8
2025-05-31 00:00:00,STATION_A_01,306.86,22.2
2025-05-31 01:00:00,STATION_A_01,307.27,24.0
2025-05-31 02:00:00,STATION_A_01,296.62,16.7
2025-05-31 03:00:00,STATION_A_01,311.02,21.6
2025-05-31 04:00:00,STATION_A_01,312.04,19.3
2025-05-31 05:00:00,STATION_A_01,323.08,21.1
2025-05-31 06:00:00,STATION_A_01,339.87,17.5
2025-05-31 07:00:00,STATION_A_01,370.92,24.1
2025-05-31 08:00:00,STATION_A_01,380.46,24.0
2025-05-31 09:00:00,STATION_A_01,388.35,23.7
2025-05-31 10:00:00,STATION_A_01,347.04,26.2
2025-05-31 11:00:00,STATION_A_01,339.65,24.8
2025-05-31 12:00:00,STATION_A_01,355.73,26.2
2025-05-31 13:00:00,STATION_A_01,353.19,27.1
2025-05-31 14:00:00,STATION_A_01,339.3,25.1
2025-05-31 15:00:00,STATION_A_01,372.4,30.2
2025-05-31 16:00:00,STATION_A_01,376.91,30.6
2025-05-31 17:00:00,STATION_A_01,377.77,26.7
2025-05-31 18:00:00,STATION_A_01,437.12,27.8
2025-05-31 19:00:00,STATION_A_01,454.17,25.7
2025-05-31 20:00:00,STATION_A_01,453.85,25.6
2025-05-31 21:00:00,STATION_A_01,404.98,22.7
2025-05-31 22:00:00,STATION_A_01,360.15,21.0
2025-05-31 23:00:00,STATION_A_01,319.73,23.3
2025-06-01 00:00:00,STATION_A_01,302.25,20.4
2025-06-01 01:00:00,STATION_A_01,310.47,23.4
2025-06-01 02:00:00,STATION_A_01,317.24,19.4
2025-06-01 03:00:00,STATION_A_01,317.9,17.5
2025-06-01 04:00:00,STATION_A_01,323.17,21.5
2025-06-01 05:00:00,STATION_A_01,312.88,20.9
2025-06-01 06:00:00,STATION_A_01,326.02,21.9
2025-06-01 07:00:00,STATION_A_01,381.32,23.7
2025-06-01 08:00:00,STATION_A_01,384.09,21.5
2025-06-01 09:00:00,STATION_A_01,378.63,23.7
2025-06-01 10:00:00,STATION_A_01,342.7,24.9
2025-06-01 11:00:00,STATION_A_01,340.25,24.0
2025-06-01 12:00:00,STATION_A_01,341.54,26.9
2025-06-01 13:00:00,STATION_A_01,375.39,30.5
2025-06-01 14:00:00,STATION_A_01,362.13,29.0
2025-06-01 15:00:00,STATION_A_01,342.81,26.3
2025-06-01 16:00:00,STATION_A_01,352.54,25.8
2025-06-01 17:00:00,STATION_A_01,405.61,31.1
2025-06-01 18:00:00,STATION_A_01,405.66,27.2
2025-06-01 19:00:00,STATION_A_01,464.6,25.2
2025-06-01 20:00:00,STATION_A_01,458.05,24.7
2025-06-01 21:00:00,STATION_A_01,411.27,21.3
2025-06-01 22:00:00,STATION_A_01,358.73,25.3
2025-06-01 23:00:00,STATION_A_01,326.23,20.8
2025-06-02 00:00:00,STATION_A_01,283.5,23.2
2025-06-02 01:00:00,STATION_A_01,287.33,20.0
2025-06-02 02:00:00,STATION_A_01,297.63,22.0
2025-06-02 03:00:00,STATION_A_01,284.62,19.8
2025-06-02 04:00:00,STATION_A_01,283.78,21.0
2025-06-02 05:00:00,STATION_A_01,300.51,21.2
2025-06-02 06:00:00,STATION_A_01,313.84,21.8
2025-06-02 07:00:00,STATION_A_01,337.71,22.3
2025-06-02 08:00:00,STATION_A_01,366.84,22.4
2025-06-02 09:00:00,STATION_A_01,383.48,27.5
2025-06-02 10:00:00,STATION_A_01,338.91,23.7
2025-06-02 11:00:00,STATION_A_01,333.35,26.5
2025-06-02 12:00:00,STATION_A_01,320.46,27.5
2025-06-02 13:00:00,STATION_A_01,353.81,29.0
2025-06-02 14:00:00,STATION_A_01,340.43,28.0
2025-06-02 15:00:00,STATION_A_01,334.19,29.5
2025-06-02 16:00:00,STATION_A_01,337.4,28.4
2025-06-02 17:00:00,STATION_A_01,347.89,25.4
2025-06-02 18:00:00,STATION_A_01,391.01,27.5
2025-06-02 19:00:00,STATION_A_01,435.66,24.5
2025-06-02 20:00:00,STATION_A_01,444.74,22.2
2025-06-02 21:00:00,STATION_A_01,387.08,24.3
2025-06-02 22:00:00,STATION_A_01,331.33,23.7
2025-06-02 23:00:00,STATION_A_01,305.04,22.6
2025-06-03 00:00:00,STATION_A_01,360.29,21.9
2025-06-03 01:00:00,STATION_A_01,354.02,16.6
2025-06-03 02:00:00,STATION_A_01,369.07,17.1
2025-06-03 03:00:00,STATION_A_01,346.79,23.0
2025-06-03 04:00:00,STATION_A_01,367.27,17.7
2025-06-03 05:00:00,STATION_A_01,362.09,21.2
2025-06-03 06:00:00,STATION_A_01,390.67,19.6
2025-06-03 07:00:00,STATION_A_01,448.72,22.0
2025-06-03 08:00:00,STATION_A_01,435.36,21.8
2025-06-03 09:00:00,STATION_A_01,445.23,25.2
2025-06-03 10:00:00,STATION_A_01,432.83,25.7
2025-06-03 11:00:00,STATION_A_01,408.85,25.8
2025-06-03 12:00:00,STATION_A_01,389.82,25.7
2025-06-03 13:00:00,STATION_A_01,412.15,28.9
2025-06-03 14:00:00,STATION_A_01,397.99,26.7
2025-06-03 15:00:00,STATION_A_01,419.15,29.8
2025-06-03 16:00:00,STATION_A_01,447.21,33.6
2025-06-03 17:00:00,STATION_A_01,442.35,30.8
2025-06-03 18:00:00,STATION_A_01,490.99,28.9
2025-06-03 19:00:00,STATION_A_01,520.36,26.5
2025-06-03 20:00:00,STATION_A_01,524.11,22.0
2025-06-03 21:00:00,STATION_A_01,499.93,21.8
2025-06-03 22:00:00,STATION_A_01,403.81,25.3
2025-06-03 23:00:00,STATION_A_01,364.64,20.4
2025-06-04 00:00:00,STATION_A_01,343.58,19.7
2025-06-04 01:00:00,STATION_A_01,359.08,19.9
2025-06-04 02:00:00,STATION_A_01,361.04,17.8
2025-06-04 03:00:00,STATION_A_01,355.25,17.4
2025-06-04 04:00:00,STATION_A_01,354.48,19.6
2025-06-04 05:00:00,STATION_A_01,365.9,18.6
2025-06-04 06:00:00,STATION_A_01,399.88,19.6
2025-06-04 07:00:00,STATION_A_01,462.3,20.6
2025-06-04 08:00:00,STATION_A_01,458.93,24.1
2025-06-04 09:00:00,STATION_A_01,439.14,23.9
2025-06-04 10:00:00,STATION_A_01,407.51,25.3
2025-06-04 11:00:00,STATION_A_01,400.23,27.8
2025-06-04 12:00:00,STATION_A_01,422.49,27.5
2025-06-04 13:00:00,STATION_A_01,,28.0
2025-06-04 14:00:00,STATION_A_01,422.82,29.8
2025-06-04 15:00:00,STATION_A_01,435.02,30.4
2025-06-04 16:00:00,STATION_A_01,412.79,28.7
2025-06-04 17:00:00,STATION_A_01,451.45,28.7
2025-06-04 18:00:00,STATION_A_01,485.79,26.3
2025-06-04 19:00:00,STATION_A_01,525.53,25.2
2025-06-04 20:00:00,STATION_A_01,522.76,27.0
2025-06-04 21:00:00,STATION_A_01,474.16,25.2
2025-06-04 22:00:00,STATION_A_01,423.41,23.9
2025-06-04 23:00:00,STATION_A_01,369.64,22.5
2025-06-05 00:00:00,STATION_A_01,357.36,21.2
2025-06-05 01:00:00,STATION_A_01,343.38,21.6
2025-06-05 02:00:00,STATION_A_01,360.55,21.5
2025-06-05 03:00:00,STATION_A_01,356.76,21.3
2025-06-05 04:00:00,STATION_A_01,346.95,19.7
2025-06-05 05:00:00,STATION_A_01,366.23,22.8
2025-06-05 06:00:00,STATION_A_01,405.31,21.5
2025-06-05 07:00:00,STATION_A_01,418.52,23.2
2025-06-05 08:00:00,STATION_A_01,440.41,23.8
2025-06-05 09:00:00,STATION_A_01,439.96,24.9
2025-06-05 10:00:00,STATION_A_01,438.23,24.4
2025-06-05 11:00:00,STATION_A_01,410.13,28.2
2025-06-05 12:00:00,STATION_A_01,458.85,33.0
2025-06-05 13:00:00,STATION_A_01,424.08,28.0
2025-06-05 14:00:00,STATION_A_01,418.02,29.3
2025-06-05 15:00:00,STATION_A_01,411.44,28.5
2025-06-05 16:00:00,STATION_A_01,405.07,28.3
2025-06-05 17:00:00,STATION_A_01,458.72,31.4
2025-06-05 18:00:00,STATION_A_01,464.39,26.7
2025-06-05 19:00:00,STATION_A_01,528.64,26.0
2025-06-05 20:00:00,STATION_A_01,540.22,22.9
2025-06-05 21:00:00,STATION_A_01,477.27,23.1
2025-06-05 22:00:00,STATION_A_01,426.62,20.2
2025-06-05 23:00:00,STATION_A_01,380.72,23.2
2025-06-06 00:00:00,STATION_A_01,354.85,26.3
2025-06-06 01:00:00,STATION_A_01,348.77,19.8
2025-06-06 02:00:00,STATION_A_01,360.97,17.0
2025-06-06 03:00:00,STATION_A_01,340.8,21.4
2025-06-06 04:00:00,STATION_A_01,360.03,18.7
2025-06-06 05:00:00,STATION_A_01,370.27,22.8
2025-06-06 06:00:00,STATION_A_01,413.93,20.7
2025-06-06 07:00:00,STATION_A_01,439.22,21.1
2025-06-06 08:00:00,STATION_A_01,443.43,23.1
2025-06-06 09:00:00,STATION_A_01,424.83,26.0
2025-06-06 10:00:00,STATION_A_01,413.52,25.5
2025-06-06 11:00:00,STATION_A_01,412.61,26.1
2025-06-06 12:00:00,STATION_A_01,414.36,27.7
2025-06-06 13:00:00,STATION_A_01,417.28,26.5
2025-06-06 14:00:00,STATION_A_01,427.97,30.0
2025-06-06 15:00:00,STATION_A_01,402.35,26.2
2025-06-06 16:00:00,STATION_A_01,394.69,28.5
2025-06-06 17:00:00,STATION_A_01,473.33,30.1
2025-06-06 18:00:00,STATION_A_01,486.9,28.6
2025-06-06 19:00:00,STATION_A_01,559.4,28.1
2025-06-06 20:00:00,STATION_A_01,524.84,25.7
2025-06-06 21:00:00,STATION_A_01,481.64,26.7
2025-06-06 22:00:00,STATION_A_01,412.81,25.0
2025-06-06 23:00:00,STATION_A_01,378.05,23.0
2025-06-07 00:00:00,STATION_A_01,380.02,23.0
2025-06-07 01:00:00,STATION_A_01,385.89,21.9
2025-06-07 02:00:00,STATION_A_01,392.28,19.3
2025-06-07 03:00:00,STATION_A_01,389.7,17.5
2025-06-07 04:00:00,STATION_A_01,396.22,20.9
2025-06-07 05:00:00,STATION_A_01,392.51,21.6
2025-06-07 06:00:00,STATION_A_01,432.41,23.3
2025-06-07 07:00:00,STATION_A_01,465.04,20.7
2025-06-07 08:00:00,STATION_A_01,474.65,21.9
2025-06-07 09:00:00,STATION_A_01,470.7,25.6
2025-06-07 10:00:00,STATION_A_01,447.1,25.9
2025-06-07 11:00:00,STATION_A_01,427.65,23.8
2025-06-07 12:00:00,STATION_A_01,455.71,28.8
2025-06-07 13:00:00,STATION_A_01,442.93,25.6
2025-06-07 14:00:00,STATION_A_01,439.53,27.7
2025-06-07 15:00:00,STATION_A_01,425.07,32.0
2025-06-07 16:00:00,STATION_A_01,487.53,32.7
2025-06-07 17:00:00,STATION_A_01,452.53,26.7
2025-06-07 18:00:00,STATION_A_01,512.26,27.5
2025-06-07 19:00:00,STATION_A_01,556.82,27.2
2025-06-07 20:00:00,STATION_A_01,586.41,29.2
2025-06-07 21:00:00,STATION_A_01,499.14,23.9
2025-06-07 22:00:00,STATION_A_01,432.52,22.6
2025-06-07 23:00:00,STATION_A_01,391.59,25.1
2025-06-08 00:00:00,STATION_A_01,381.29,20.8
2025-06-08 01:00:00,STATION_A_01,395.98,22.0
2025-06-08 02:00:00,STATION_A_01,394.44,17.6
2025-06-08 03:00:00,STATION_A_01,388.71,19.8
2025-06-08 04:00:00,STATION_A_01,387.55,17.2
2025-06-08 05:00:00,STATION_A_01,398.34,18.8
2025-06-08 06:00:00,STATION_A_01,425.93,23.0
2025-06-08 07:00:00,STATION_A_01,452.7,22.4
2025-06-08 08:00:00,STATION_A_01,476.91,23.1
2025-06-08 09:00:00,STATION_A_01,479.62,23.5
2025-06-08 10:00:00,STATION_A_01,454.51,25.7
2025-06-08 11:00:00,STATION_A_01,442.64,27.8
2025-06-08 12:00:00,STATION_A_01,446.15,30.0
2025-06-08 13:00:00,STATION_A_01,430.5,24.3
2025-06-08 14:00:00,STATION_A_01,426.25,28.0
2025-06-08 15:00:00,STATION_A_01,447.47,30.0
2025-06-08 16:00:00,STATION_A_01,446.95,29.3
2025-06-08 17:00:00,STATION_A_01,476.67,29.8
2025-06-08 18:00:00,STATION_A_01,538.02,28.7
2025-06-08 19:00:00,STATION_A_01,575.82,26.7
2025-06-08 20:00:00,STATION_A_01,565.68,25.2
2025-06-08 21:00:00,STATION_A_01,491.46,24.4
2025-06-08 22:00:00,STATION_A_01,438.72,25.7
2025-06-08 23:00:00,STATION_A_01,403.51,21.2
2025-06-09 00:00:00,STATION_A_01,369.97,21.5
2025-06-09 01:00:00,STATION_A_01,352.88,21.2
2025-06-09 02:00:00,STATION_A_01,360.54,23.2
2025-06-09 03:00:00,STATION_A_01,365.46,19.7
2025-06-09 04:00:00,STATION_A_01,357.12,22.1
2025-06-09 05:00:00,STATION_A_01,381.6,23.1
2025-06-09 06:00:00,STATION_A_01,410.48,21.5
2025-06-09 07:00:00,STATION_A_01,450.83,22.2
2025-06-09 08:00:00,STATION_A_01,461.1,23.2
2025-06-09 09:00:00,STATION_A_01,470.54,24.5
2025-06-09 10:00:00,STATION_A_01,423.33,27.8
2025-06-09 11:00:00,STATION_A_01,440.54,27.8
2025-06-09 12:00:00,STATION_A_01,435.13,28.8
2025-06-09 13:00:00,STATION_A_01,432.33,27.1
2025-06-09 14:00:00,STATION_A_01,414.12,27.9
2025-06-09 15:00:00,STATION_A_01,456.62,33.7
2025-06-09 16:00:00,STATION_A_01,434.95,29.3
2025-06-09 17:00:00,STATION_A_01,426.69,27.8
2025-06-09 18:00:00,STATION_A_01,521.15,31.0
2025-06-09 19:00:00,STATION_A_01,518.34,27.9
2025-06-09 20:00:00,STATION_A_01,539.97,27.3
2025-06-09 21:00:00,STATION_A_01,469.17,24.7
2025-06-09 22:00:00,STATION_A_01,414.92,23.2
2025-06-09 23:00:00,STATION_A_01,405.92,22.3
2025-06-10 00:00:00,STATION_A_01,375.02,19.2
2025-06-10 01:00:00,STATION_A_01,342.66,20.8
2025-06-10 02:00:00,STATION_A_01,361.18,21.0
2025-06-10 03:00:00,STATION_A_01,363.94,23.6
2025-06-10 04:00:00,STATION_A_01,356.39,20.6
2025-06-10 05:00:00,STATION_A_01,386.18,16.8
2025-06-10 06:00:00,STATION_A_01,401.56,21.5
2025-06-10 07:00:00,STATION_A_01,432.43,27.6
2025-06-10 08:00:00,STATION_A_01,444.19,25.4
2025-06-10 09:00:00,STATION_A_01,446.06,23.7
2025-06-10 10:00:00,STATION_A_01,429.52,27.4
2025-06-10 11:00:00,STATION_A_01,399.42,26.2
2025-06-10 12:00:00,STATION_A_01,399.88,26.1
2025-06-10 13:00:00,STATION_A_01,428.05,28.6
2025-06-10 14:00:00,STATION_A_01,442.2,29.9
2025-06-10 15:00:00,STATION_A_01,398.9,26.5
2025-06-10 16:00:00,STATION_A_01,426.33,27.7
2025-06-10 17:00:00,STATION_A_01,442.8,29.3
2025-06-10 18:00:00,STATION_A_01,500.51,27.8
2025-06-10 19:00:00,STATION_A_01,547.63,28.2
2025-06-10 20:00:00,STATION_A_01,539.97,24.2
2025-06-10 21:00:00,STATION_A_01,473.57,26.4
2025-06-10 22:00:00,STATION_A_01,438.92,21.7
2025-06-10 23:00:00,STATION_A_01,361.26,25.7
2025-06-11 00:00:00,STATION_A_01,377.64,18.7
2025-06-11 01:00:00,STATION_A_01,360.95,19.1
2025-06-11 02:00:00,STATION_A_01,361.78,21.3
2025-06-11 03:00:00,STATION_A_01,369.55,23.4
2025-06-11 04:00:00,STATION_A_01,368.21,21.2
2025-06-11 05:00:00,STATION_A_01,364.74,22.1
2025-06-11 06:00:00,STATION_A_01,405.63,21.9
2025-06-11 07:00:00,STATION_A_01,457.9,21.0
2025-06-11 08:00:00,STATION_A_01,446.67,23.1
2025-06-11 09:00:00,STATION_A_01,469.34,23.0
2025-06-11 10:00:00,STATION_A_01,423.25,24.2
2025-06-11 11:00:00,STATION_A_01,417.89,28.4
2025-06-11 12:00:00,STATION_A_01,403.13,26.6
2025-06-11 13:00:00,STATION_A_01,436.47,30.0
2025-06-11 14:00:00,STATION_A_01,395.32,27.5
2025-06-11 15:00:00,STATION_A_01,422.88,30.6
2025-06-11 16:00:00,STATION_A_01,415.76,29.0
2025-06-11 17:00:00,STATION_A_01,457.71,31.9
2025-06-11 18:00:00,STATION_A_01,520.61,29.2
2025-06-11 19:00:00,STATION_A_01,565.24,29.9
2025-06-11 20:00:00,STATION_A_01,523.96,25.1
2025-06-11 21:00:00,STATION_A_01,476.91,25.3
2025-06-11 22:00:00,STATION_A_01,422.57,22.2
2025-06-11 23:00:00,STATION_A_01,379.25,22.1
2025-06-12 00:00:00,STATION_A_01,350.74,21.5
2025-06-12 01:00:00,STATION_A_01,358.89,19.9
2025-06-12 02:00:00,STATION_A_01,362.65,18.5
2025-06-12 03:00:00,STATION_A_01,354.85,18.0
2025-06-12 04:00:00,STATION_A_01,371.93,16.5
2025-06-12 05:00:00,STATION_A_01,381.06,19.3
2025-06-12 06:00:00,STATION_A_01,406.08,23.1
2025-06-12 07:00:00,STATION_A_01,434.88,20.1
2025-06-12 08:00:00,STATION_A_01,466.12,21.6
2025-06-12 09:00:00,STATION_A_01,453.25,28.6
2025-06-12 10:00:00,STATION_A_01,409.45,25.4
2025-06-12 11:00:00,STATION_A_01,420.45,28.3
2025-06-12 12:00:00,STATION_A_01,453.37,29.9
2025-06-12 13:00:00,STATION_A_01,446.83,30.7
2025-06-12 14:00:00,STATION_A_01,412.32,27.2
2025-06-12 15:00:00,STATION_A_01,439.6,29.7
2025-06-12 16:00:00,STATION_A_01,403.33,27.1
2025-06-12 17:00:00,STATION_A_01,514.44,33.9
2025-06-12 18:00:00,STATION_A_01,478.72,25.9
2025-06-12 19:00:00,STATION_A_01,520.44,25.9
2025-06-12 20:00:00,STATION_A_01,531.43,24.7
2025-06-12 21:00:00,STATION_A_01,478.73,22.6
2025-06-12 22:00:00,STATION_A_01,414.4,26.5
2025-06-12 23:00:00,STATION_A_01,413.85,27.3
2025-06-13 00:00:00,STATION_A_01,360.89,21.2
2025-06-13 01:00:00,STATION_A_01,366.55,18.9
2025-06-13 02:00:00,STATION_A_01,366.17,16.8
2025-06-13 03:00:00,STATION_A_01,353.11,20.2
2025-06-13 04:00:00,STATION_A_01,371.16,20.2
2025-06-13 05:00:00,STATION_A_01,356.92,20.1
2025-06-13 06:00:00,STATION_A_01,388.98,22.5
2025-06-13 07:00:00,STATION_A_01,435.51,23.8
2025-06-13 08:00:00,STATION_A_01,475.05,24.8
2025-06-13 09:00:00,STATION_A_01,442.16,24.9
2025-06-13 10:00:00,STATION_A_01,425.16,24.7
2025-06-13 11:00:00,STATION_A_01,429.4,29.1
2025-06-13 12:00:00,STATION_A_01,444.58,28.9
2025-06-13 13:00:00,STATION_A_01,430.91,31.2
2025-06-13 14:00:00,STATION_A_01,454.22,31.5
2025-06-13 15:00:00,STATION_A_01,407.57,27.7
2025-06-13 16:00:00,STATION_A_01,420.01,27.5
2025-06-13 17:00:00,STATION_A_01,436.36,28.3
2025-06-13 18:00:00,STATION_A_01,494.24,26.9
2025-06-13 19:00:00,STATION_A_01,563.27,29.2
2025-06-13 20:00:00,STATION_A_01,532.59,27.3
2025-06-13 21:00:00,STATION_A_01,478.07,27.4
2025-06-13 22:00:00,STATION_A_01,413.93,24.9
2025-06-13 23:00:00,STATION_A_01,381.23,23.4
2025-06-14 00:00:00,STATION_A_01,372.68,24.3
2025-06-14 01:00:00,STATION_A_01,376.9,22.3
2025-06-14 02:00:00,STATION_A_01,361.58,21.0
2025-06-14 03:00:00,STATION_A_01,377.09,23.4
2025-06-14 04:00:00,STATION_A_01,394.19,21.1
2025-06-14 05:00:00,STATION_A_01,403.63,20.9
2025-06-14 06:00:00,STATION_A_01,424.83,20.7
2025-06-14 07:00:00,STATION_A_01,468.5,24.4
2025-06-14 08:00:00,STATION_A_01,481.38,26.5
2025-06-14 09:00:00,STATION_A_01,494.27,25.5
2025-06-14 10:00:00,STATION_A_01,496.04,29.2
2025-06-14 11:00:00,STATION_A_01,435.12,24.4
2025-06-14 12:00:00,STATION_A_01,487.46,28.9
2025-06-14 13:00:00,STATION_A_01,457.46,29.6
2025-06-14 14:00:00,STATION_A_01,439.32,28.9
2025-06-14 15:00:00,STATION_A_01,476.22,34.7
2025-06-14 16:00:00,STATION_A_01,451.6,30.1
2025-06-14 17:00:00,STATION_A_01,508.06,29.0
2025-06-14 18:00:00,STATION_A_01,538.69,29.0
2025-06-14 19:00:00,STATION_A_01,556.07,24.4
2025-06-14 20:00:00,STATION_A_01,554.71,25.4
2025-06-14 21:00:00,STATION_A_01,539.92,27.3
2025-06-14 22:00:00,STATION_A_01,457.95,23.2
2025-06-14 23:00:00,STATION_A_01,398.45,21.7
2025-06-15 00:00:00,STATION_A_01,362.37,24.6
2025-06-15 01:00:00,STATION_A_01,369.78,23.9
2025-06-15 02:00:00,STATION_A_01,398.07,22.0
2025-06-15 03:00:00,STATION_A_01,388.38,20.0
2025-06-15 04:00:00,STATION_A_01,385.43,20.6
2025-06-15 05:00:00,STATION_A_01,416.49,20.1
2025-06-15 06:00:00,STATION_A_01,,20.5
2025-06-15 07:00:00,STATION_A_01,,21.4
2025-06-15 08:00:00,STATION_A_01,488.23,23.3
2025-06-15 09:00:00,STATION_A_01,468.03,23.8
2025-06-15 10:00:00,STATION_A_01,444.35,24.1
2025-06-15 11:00:00,STATION_A_01,434.87,28.5
2025-06-15 12:00:00,STATION_A_01,444.39,29.5
2025-06-15 13:00:00,STATION_A_01,468.88,32.9
2025-06-15 14:00:00,STATION_A_01,469.46,29.1
2025-06-15 15:00:00,STATION_A_01,441.19,31.0
2025-06-15 16:00:00,STATION_A_01,484.2,30.9
2025-06-15 17:00:00,STATION_A_01,474.04,29.4
2025-06-15 18:00:00,STATION_A_01,581.21,30.4
2025-06-15 19:00:00,STATION_A_01,597.8,29.5
2025-06-15 20:00:00,STATION_A_01,559.91,27.5
2025-06-15 21:00:00,STATION_A_01,530.98,25.2
2025-06-15 22:00:00,STATION_A_01,463.61,23.8
2025-06-15 23:00:00,STATION_A_01,394.86,20.8
2025-06-16 00:00:00,STATION_A_01,357.06,20.9
2025-06-16 01:00:00,STATION_A_01,351.68,20.5
2025-06-16 02:00:00,STATION_A_01,362.6,19.1
2025-06-16 03:00:00,STATION_A_01,361.74,21.8
2025-06-16 04:00:00,STATION_A_01,360.45,23.3
2025-06-16 05:00:00,STATION_A_01,357.83,20.0
2025-06-16 06:00:00,STATION_A_01,397.3,22.9
2025-06-16 07:00:00,STATION_A_01,449.13,21.5
2025-06-16 08:00:00,STATION_A_01,459.29,24.0
2025-06-16 09:00:00,STATION_A_01,445.47,24.5
2025-06-16 10:00:00,STATION_A_01,427.73,28.1
2025-06-16 11:00:00,STATION_A_01,410.48,27.0
2025-06-16 12:00:00,STATION_A_01,464.01,31.0
2025-06-16 13:00:00,STATION_A_01,427.02,29.5
2025-06-16 14:00:00,STATION_A_01,440.73,29.2
2025-06-16 15:00:00,STATION_A_01,416.98,28.3
2025-06-16 16:00:00,STATION_A_01,438.43,30.9
2025-06-16 17:00:00,STATION_A_01,463.8,31.5
2025-06-16 18:00:00,STATION_A_01,514.8,29.7
2025-06-16 19:00:00,STATION_A_01,595.59,32.2
2025-06-16 20:00:00,STATION_A_01,563.19,29.6
2025-06-16 21:00:00,STATION_A_01,489.97,25.2
2025-06-16 22:00:00,STATION_A_01,427.92,24.0
2025-06-16 23:00:00,STATION_A_01,403.91,24.2
2025-06-17 00:00:00,STATION_A_01,363.58,21.0
2025-06-17 01:00:00,STATION_A_01,343.02,23.8
2025-06-17 02:00:00,STATION_A_01,371.94,21.9
2025-06-17 03:00:00,STATION_A_01,359.62,21.5
2025-06-17 04:00:00,STATION_A_01,383.66,22.5
2025-06-17 05:00:00,STATION_A_01,390.74,24.8
2025-06-17 06:00:00,STATION_A_01,398.98,22.8
2025-06-17 07:00:00,STATION_A_01,450.35,23.3
2025-06-17 08:00:00,STATION_A_01,466.11,27.3
2025-06-17 09:00:00,STATION_A_01,462.69,27.6
2025-06-17 10:00:00,STATION_A_01,435.58,26.5
2025-06-17 11:00:00,STATION_A_01,439.71,28.3
2025-06-17 12:00:00,STATION_A_01,449.2,29.6
2025-06-17 13:00:00,STATION_A_01,450.37,30.7
2025-06-17 14:00:00,STATION_A_01,452.87,28.1
2025-06-17 15:00:00,STATION_A_01,410.6,27.9
2025-06-17 16:00:00,STATION_A_01,405.56,28.9
2025-06-17 17:00:00,STATION_A_01,433.4,28.3
2025-06-17 18:00:00,STATION_A_01,527.25,28.1
2025-06-17 19:00:00,STATION_A_01,570.28,29.4
2025-06-17 20:00:00,STATION_A_01,549.0,26.8
2025-06-17 21:00:00,STATION_A_01,481.85,26.2
2025-06-17 22:00:00,STATION_A_01,418.85,22.4
2025-06-17 23:00:00,STATION_A_01,375.33,22.6
2025-06-18 00:00:00,STATION_A_01,366.23,23.6
2025-06-18 01:00:00,STATION_A_01,360.89,22.9
2025-06-18 02:00:00,STATION_A_01,365.95,20.0
2025-06-18 03:00:00,STATION_A_01,365.57,21.5
2025-06-18 04:00:00,STATION_A_01,361.38,25.3
2025-06-18 05:00:00,STATION_A_01,362.91,21.8
2025-06-18 06:00:00,STATION_A_01,388.94,21.3
2025-06-18 07:00:00,STATION_A_01,477.94,23.3
2025-06-18 08:00:00,STATION_A_01,481.72,24.9
2025-06-18 09:00:00,STATION_A_01,467.06,25.7
2025-06-18 10:00:00,STATION_A_01,425.92,27.2
2025-06-18 11:00:00,STATION_A_01,412.44,25.8
2025-06-18 12:00:00,STATION_A_01,416.97,27.6
2025-06-18 13:00:00,STATION_A_01,429.53,29.9
2025-06-18 14:00:00,STATION_A_01,435.32,30.3
2025-06-18 15:00:00,STATION_A_01,442.95,29.8
2025-06-18 16:00:00,STATION_A_01,443.16,30.3
2025-06-18 17:00:00,STATION_A_01,453.6,30.2
2025-06-18 18:00:00,STATION_A_01,528.47,31.0
2025-06-18 19:00:00,STATION_A_01,572.42,28.2
2025-06-18 20:00:00,STATION_A_01,550.0,27.9
2025-06-18 21:00:00,STATION_A_01,489.01,25.0
2025-06-18 22:00:00,STATION_A_01,429.26,25.8
2025-06-18 23:00:00,STATION_A_01,387.96,24.2
2025-06-19 00:00:00,STATION_A_01,365.06,24.2
2025-06-19 01:00:00,STATION_A_01,356.5,23.2
2025-06-19 02:00:00,STATION_A_01,357.53,22.5
2025-06-19 03:00:00,STATION_A_01,352.53,21.1
2025-06-19 04:00:00,STATION_A_01,351.43,21.9
2025-06-19 05:00:00,STATION_A_01,376.99,23.8
2025-06-19 06:00:00,STATION_A_01,414.81,21.5
2025-06-19 07:00:00,STATION_A_01,428.19,22.5
2025-06-19 08:00:00,STATION_A_01,468.3,25.1
2025-06-19 09:00:00,STATION_A_01,468.02,26.8
2025-06-19 10:00:00,STATION_A_01,405.82,25.8
2025-06-19 11:00:00,STATION_A_01,426.67,28.3
2025-06-19 12:00:00,STATION_A_01,457.51,29.3
2025-06-19 13:00:00,STATION_A_01,426.02,26.2
2025-06-19 14:00:00,STATION_A_01,421.57,30.3
2025-06-19 15:00:00,STATION_A_01,442.35,30.6
2025-06-19 16:00:00,STATION_A_01,427.11,30.4
2025-06-19 17:00:00,STATION_A_01,493.91,32.8
2025-06-19 18:00:00,STATION_A_01,494.14,27.3
2025-06-19 19:00:00,STATION_A_01,550.89,27.0
2025-06-19 20:00:00,STATION_A_01,534.26,22.6
2025-06-19 21:00:00,STATION_A_01,489.2,25.2
2025-06-19 22:00:00,STATION_A_01,419.55,24.1
2025-06-19 23:00:00,STATION_A_01,382.73,22.7
2025-06-20 00:00:00,STATION_A_01,352.44,24.8
2025-06-20 01:00:00,STATION_A_01,368.19,23.5
2025-06-20 02:00:00,STATION_A_01,365.27,21.7
2025-06-20 03:00:00,STATION_A_01,348.82,20.7
2025-06-20 04:00:00,STATION_A_01,376.68,23.4
2025-06-20 05:00:00,STATION_A_01,377.31,22.0
2025-06-20 06:00:00,STATION_A_01,408.9,21.3
2025-06-20 07:00:00,STATION_A_01,454.07,20.7
2025-06-20 08:00:00,STATION_A_01,470.12,24.1
2025-06-20 09:00:00,STATION_A_01,,27.5
2025-06-20 10:00:00,STATION_A_01,463.59,31.5
2025-06-20 11:00:00,STATION_A_01,444.78,28.7
2025-06-20 12:00:00,STATION_A_01,433.28,28.2
2025-06-20 13:00:00,STATION_A_01,440.64,28.2
2025-06-20 14:00:00,STATION_A_01,459.4,31.8
2025-06-20 15:00:00,STATION_A_01,430.16,27.8
2025-06-20 16:00:00,STATION_A_01,454.48,31.8
2025-06-20 17:00:00,STATION_A_01,473.56,31.8
2025-06-20 18:00:00,STATION_A_01,521.3,30.3
2025-06-20 19:00:00,STATION_A_01,563.19,28.2
2025-06-20 20:00:00,STATION_A_01,554.3,28.4
2025-06-20 21:00:00,STATION_A_01,480.72,26.5
2025-06-20 22:00:00,STATION_A_01,403.26,23.5
2025-06-20 23:00:00,STATION_A_01,377.22,27.1
2025-06-21 00:00:00,STATION_A_01,406.28,22.2
2025-06-21 01:00:00,STATION_A_01,379.75,23.5
2025-06-21 02:00:00,STATION_A_01,417.76,17.3
2025-06-21 03:00:00,STATION_A_01,391.0,23.7
2025-06-21 04:00:00,STATION_A_01,389.71,24.3
2025-06-21 05:00:00,STATION_A_01,387.08,22.1
2025-06-21 06:00:00,STATION_A_01,432.76,23.9
2025-06-21 07:00:00,STATION_A_01,496.39,24.9
2025-06-21 08:00:00,STATION_A_01,515.41,23.8
2025-06-21 09:00:00,STATION_A_01,495.54,27.2
2025-06-21 10:00:00,STATION_A_01,440.69,26.0
2025-06-21 11:00:00,STATION_A_01,440.66,27.6
2025-06-21 12:00:00,STATION_A_01,474.51,31.7
2025-06-21 13:00:00,STATION_A_01,508.63,32.2
2025-06-21 14:00:00,STATION_A_01,486.66,29.6
2025-06-21 15:00:00,STATION_A_01,459.37,29.7
2025-06-21 16:00:00,STATION_A_01,455.31,29.7
2025-06-21 17:00:00,STATION_A_01,529.07,31.7
2025-06-21 18:00:00,STATION_A_01,527.33,27.8
2025-06-21 19:00:00,STATION_A_01,611.16,29.3
2025-06-21 20:00:00,STATION_A_01,612.29,28.8
2025-06-21 21:00:00,STATION_A_01,510.16,26.1
2025-06-21 22:00:00,STATION_A_01,452.36,26.8
2025-06-21 23:00:00,STATION_A_01,402.49,23.3
2025-06-22 00:00:00,STATION_A_01,401.6,22.6
2025-06-22 01:00:00,STATION_A_01,406.61,20.4
2025-06-22 02:00:00,STATION_A_01,388.55,23.5
2025-06-22 03:00:00,STATION_A_01,385.23,20.2
2025-06-22 04:00:00,STATION_A_01,385.12,22.3
2025-06-22 05:00:00,STATION_A_01,403.86,22.0
2025-06-22 06:00:00,STATION_A_01,427.61,21.0
2025-06-22 07:00:00,STATION_A_01,473.14,22.8
2025-06-22 08:00:00,STATION_A_01,515.45,27.6
2025-06-22 09:00:00,STATION_A_01,483.75,26.7
2025-06-22 10:00:00,STATION_A_01,452.92,25.8
2025-06-22 11:00:00,STATION_A_01,463.82,29.3
2025-06-22 12:00:00,STATION_A_01,466.0,29.5
2025-06-22 13:00:00,STATION_A_01,522.03,36.7
2025-06-22 14:00:00,STATION_A_01,491.63,31.5
2025-06-22 15:00:00,STATION_A_01,442.16,30.4
2025-06-22 16:00:00,STATION_A_01,508.08,33.5
2025-06-22 17:00:00,STATION_A_01,475.66,27.2
2025-06-22 18:00:00,STATION_A_01,569.77,29.9
2025-06-22 19:00:00,STATION_A_01,653.9,32.3
2025-06-22 20:00:00,STATION_A_01,581.23,27.4
2025-06-22 21:00:00,STATION_A_01,510.01,23.2
2025-06-22 22:00:00,STATION_A_01,442.59,24.4
2025-06-22 23:00:00,STATION_A_01,412.34,26.6
2025-06-23 00:00:00,STATION_A_01,373.03,23.7
2025-06-23 01:00:00,STATION_A_01,360.81,20.7
2025-06-23 02:00:00,STATION_A_01,372.22,20.5
2025-06-23 03:00:00,STATION_A_01,344.35,20.6
2025-06-23 04:00:00,STATION_A_01,366.33,22.4
2025-06-23 05:00:00,STATION_A_01,393.57,24.7
2025-06-23 06:00:00,STATION_A_01,408.52,24.9
2025-06-23 07:00:00,STATION_A_01,438.99,24.8
2025-06-23 08:00:00,STATION_A_01,461.73,22.8
2025-06-23 09:00:00,STATION_A_01,421.05,24.0
2025-06-23 10:00:00,STATION_A_01,437.87,28.6
2025-06-23 11:00:00,STATION_A_01,431.9,26.4
2025-06-23 12:00:00,STATION_A_01,437.3,29.4
2025-06-23 13:00:00,STATION_A_01,453.83,31.1
2025-06-23 14:00:00,STATION_A_01,411.84,29.0
2025-06-23 15:00:00,STATION_A_01,412.69,29.4
2025-06-23 16:00:00,STATION_A_01,457.01,30.9
2025-06-23 17:00:00,STATION_A_01,488.21,31.5
2025-06-23 18:00:00,STATION_A_01,527.53,31.7
2025-06-23 19:00:00,STATION_A_01,574.99,29.9
2025-06-23 20:00:00,STATION_A_01,563.61,27.8
2025-06-23 21:00:00,STATION_A_01,478.79,25.1
2025-06-23 22:00:00,STATION_A_01,407.76,23.2
2025-06-23 23:00:00,STATION_A_01,387.29,23.1
2025-06-24 00:00:00,STATION_A_01,372.82,23.8
2025-06-24 01:00:00,STATION_A_01,373.01,22.9
2025-06-24 02:00:00,STATION_A_01,383.7,18.1
2025-06-24 03:00:00,STATION_A_01,353.06,20.3
2025-06-24 04:00:00,STATION_A_01,371.59,24.0
2025-06-24 05:00:00,STATION_A_01,380.33,22.5
2025-06-24 06:00:00,STATION_A_01,410.51,20.6
2025-06-24 07:00:00,STATION_A_01,465.17,28.3
2025-06-24 08:00:00,STATION_A_01,462.92,25.2
2025-06-24 09:00:00,STATION_A_01,430.83,27.2
2025-06-24 10:00:00,STATION_A_01,463.31,28.5
2025-06-24 11:00:00,STATION_A_01,438.3,28.2
2025-06-24 12:00:00,STATION_A_01,422.37,28.6
2025-06-24 13:00:00,STATION_A_01,490.72,34.5
2025-06-24 14:00:00,STATION_A_01,462.13,32.9
2025-06-24 15:00:00,STATION_A_01,450.81,32.8
2025-06-24 16:00:00,STATION_A_01,444.41,32.2
2025-06-24 17:00:00,STATION_A_01,468.51,28.8
2025-06-24 18:00:00,STATION_A_01,539.93,32.2
2025-06-24 19:00:00,STATION_A_01,546.46,27.4
2025-06-24 20:00:00,STATION_A_01,586.59,28.2
2025-06-24 21:00:00,STATION_A_01,493.18,23.5
2025-06-24 22:00:00,STATION_A_01,429.68,21.6
2025-06-24 23:00:00,STATION_A_01,396.97,24.7
2025-06-25 00:00:00,STATION_A_01,361.95,21.7
2025-06-25 01:00:00,STATION_A_01,368.52,18.8
2025-06-25 02:00:00,STATION_A_01,371.34,22.9
2025-06-25 03:00:00,STATION_A_01,354.14,25.6
2025-06-25 04:00:00,STATION_A_01,374.18,24.4
2025-06-25 05:00:00,STATION_A_01,376.5,22.0
2025-06-25 06:00:00,STATION_A_01,421.74,23.2
2025-06-25 07:00:00,STATION_A_01,457.5,25.8
2025-06-25 08:00:00,STATION_A_01,488.35,27.4
2025-06-25 09:00:00,STATION_A_01,440.3,26.0
2025-06-25 10:00:00,STATION_A_01,445.48,27.9
2025-06-25 11:00:00,STATION_A_01,431.27,29.5
2025-06-25 12:00:00,STATION_A_01,457.19,31.0
2025-06-25 13:00:00,STATION_A_01,429.79,30.5
2025-06-25 14:00:00,STATION_A_01,436.75,31.0
2025-06-25 15:00:00,STATION_A_01,478.91,33.9
2025-06-25 16:00:00,STATION_A_01,467.66,33.4
2025-06-25 17:00:00,STATION_A_01,479.47,31.6
2025-06-25 18:00:00,STATION_A_01,547.07,33.1
2025-06-25 19:00:00,STATION_A_01,556.32,28.3
2025-06-25 20:00:00,STATION_A_01,597.75,30.7
2025-06-25 21:00:00,STATION_A_01,505.37,27.6
2025-06-25 22:00:00,STATION_A_01,489.82,31.2
2025-06-25 23:00:00,STATION_A_01,389.13,22.0
2025-06-26 00:00:00,STATION_A_01,369.93,22.0
2025-06-26 01:00:00,STATION_A_01,356.03,23.2
2025-06-26 02:00:00,STATION_A_01,365.96,22.7
2025-06-26 03:00:00,STATION_A_01,371.64,25.4
2025-06-26 04:00:00,STATION_A_01,369.45,20.8
2025-06-26 05:00:00,STATION_A_01,380.24,24.1
2025-06-26 06:00:00,STATION_A_01,417.21,25.3
2025-06-26 07:00:00,STATION_A_01,470.15,25.5
2025-06-26 08:00:00,STATION_A_01,475.38,23.7
2025-06-26 09:00:00,STATION_A_01,500.15,29.2
2025-06-26 10:00:00,STATION_A_01,471.84,30.1
2025-06-26 11:00:00,STATION_A_01,463.2,30.1
2025-06-26 12:00:00,STATION_A_01,447.69,30.4
2025-06-26 13:00:00,STATION_A_01,461.31,31.2
2025-06-26 14:00:00,STATION_A_01,454.88,31.1
2025-06-26 15:00:00,STATION_A_01,463.55,32.6
2025-06-26 16:00:00,STATION_A_01,459.41,31.3
2025-06-26 17:00:00,STATION_A_01,469.36,29.3
2025-06-26 18:00:00,STATION_A_01,531.86,28.2
2025-06-26 19:00:00,STATION_A_01,560.22,27.7
2025-06-26 20:00:00,STATION_A_01,586.54,28.3
2025-06-26 21:00:00,STATION_A_01,516.58,26.6
2025-06-26 22:00:00,STATION_A_01,441.34,25.8
2025-06-26 23:00:00,STATION_A_01,393.45,25.2
2025-06-27 00:00:00,STATION_A_01,377.26,22.2
2025-06-27 01:00:00,STATION_A_01,361.79,25.2
2025-06-27 02:00:00,STATION_A_01,372.36,21.6
2025-06-27 03:00:00,STATION_A_01,373.87,21.1
2025-06-27 04:00:00,STATION_A_01,361.17,23.0
2025-06-27 05:00:00,STATION_A_01,394.13,19.3
2025-06-27 06:00:00,STATION_A_01,401.38,21.9
2025-06-27 07:00:00,STATION_A_01,449.2,26.1
2025-06-27 08:00:00,STATION_A_01,475.4,22.4
2025-06-27 09:00:00,STATION_A_01,474.32,28.7
2025-06-27 10:00:00,STATION_A_01,470.92,30.7
2025-06-27 11:00:00,STATION_A_01,440.51,28.5
2025-06-27 12:00:00,STATION_A_01,448.05,30.6
2025-06-27 13:00:00,STATION_A_01,484.34,32.9
2025-06-27 14:00:00,STATION_A_01,445.05,30.5
2025-06-27 15:00:00,STATION_A_01,489.15,33.1
2025-06-27 16:00:00,STATION_A_01,441.74,30.1
2025-06-27 17:00:00,STATION_A_01,460.27,30.0
2025-06-27 18:00:00,STATION_A_01,512.44,28.7
2025-06-27 19:00:00,STATION_A_01,606.95,29.7
2025-06-27 20:00:00,STATION_A_01,585.16,30.0
2025-06-27 21:00:00,STATION_A_01,485.06,26.4
2025-06-27 22:00:00,STATION_A_01,444.56,23.2
2025-06-27 23:00:00,STATION_A_01,388.93,22.4
2025-06-28 00:00:00,STATION_A_01,400.4,24.1
2025-06-28 01:00:00,STATION_A_01,403.3,26.0
2025-06-28 02:00:00,STATION_A_01,396.59,22.9
2025-06-28 03:00:00,STATION_A_01,418.9,21.3
2025-06-28 04:00:00,STATION_A_01,379.83,23.5
2025-06-28 05:00:00,STATION_A_01,401.76,22.2
2025-06-28 06:00:00,STATION_A_01,438.03,22.7
2025-06-28 07:00:00,STATION_A_01,510.5,22.7
2025-06-28 08:00:00,STATION_A_01,547.11,28.1
2025-06-28 09:00:00,STATION_A_01,507.6,22.2
2025-06-28 10:00:00,STATION_A_01,479.82,29.5
2025-06-28 11:00:00,STATION_A_01,458.44,28.4
2025-06-28 12:00:00,STATION_A_01,467.19,29.4
2025-06-28 13:00:00,STATION_A_01,505.33,34.0
2025-06-28 14:00:00,STATION_A_01,498.41,30.1
2025-06-28 15:00:00,STATION_A_01,467.54,30.4
2025-06-28 16:00:00,STATION_A_01,477.29,31.2
2025-06-28 17:00:00,STATION_A_01,528.48,31.7
2025-06-28 18:00:00,STATION_A_01,541.03,29.4
2025-06-28 19:00:00,STATION_A_01,593.43,26.4
2025-06-28 20:00:00,STATION_A_01,576.04,26.5
2025-06-28 21:00:00,STATION_A_01,554.71,29.1
2025-06-28 22:00:00,STATION_A_01,455.24,25.7
2025-06-28 23:00:00,STATION_A_01,411.0,25.2
2025-06-29 00:00:00,STATION_A_01,397.13,23.0
2025-06-29 01:00:00,STATION_A_01,397.1,21.5
2025-06-29 02:00:00,STATION_A_01,392.63,25.2
2025-06-29 03:00:00,STATION_A_01,399.25,21.7
2025-06-29 04:00:00,STATION_A_01,389.78,21.4
2025-06-29 05:00:00,STATION_A_01,418.94,24.7
2025-06-29 06:00:00,STATION_A_01,439.84,22.2
2025-06-29 07:00:00,STATION_A_01,477.43,23.4
2025-06-29 08:00:00,STATION_A_01,495.77,25.6
2025-06-29 09:00:00,STATION_A_01,496.55,26.9
2025-06-29 10:00:00,STATION_A_01,507.74,28.6
2025-06-29 11:00:00,STATION_A_01,502.83,33.0
2025-06-29 12:00:00,STATION_A_01,475.09,30.9
2025-06-29 13:00:00,STATION_A_01,472.08,26.7
2025-06-29 14:00:00,STATION_A_01,489.86,32.1
2025-06-29 15:00:00,STATION_A_01,485.54,31.7
2025-06-29 16:00:00,STATION_A_01,475.26,31.6
2025-06-29 17:00:00,STATION_A_01,534.84,31.5
2025-06-29 18:00:00,STATION_A_01,565.63,30.2
2025-06-29 19:00:00,STATION_A_01,645.06,29.2
2025-06-29 20:00:00,STATION_A_01,605.0,29.2
2025-06-29 21:00:00,STATION_A_01,528.48,25.9
2025-06-29 22:00:00,STATION_A_01,480.46,23.9
2025-06-29 23:00:00,STATION_A_01,448.83,29.9
2025-06-30 00:00:00,STATION_A_01,-59.34,22.2
2025-06-30 01:00:00,STATION_A_01,370.91,22.9
2025-06-30 02:00:00,STATION_A_01,377.78,19.6
2025-06-30 03:00:00,STATION_A_01,392.64,22.3
2025-06-30 04:00:00,STATION_A_01,362.42,20.6
2025-06-30 05:00:00,STATION_A_01,372.86,22.0
2025-06-30 06:00:00,STATION_A_01,409.7,25.4
2025-06-30 07:00:00,STATION_A_01,467.09,25.4
2025-06-30 08:00:00,STATION_A_01,464.32,26.7
2025-06-30 09:00:00,STATION_A_01,473.19,23.7
2025-06-30 10:00:00,STATION_A_01,486.29,31.5
2025-06-30 11:00:00,STATION_A_01,456.91,27.2
2025-06-30 12:00:00,STATION_A_01,492.33,33.1
2025-06-30 13:00:00,STATION_A_01,486.03,32.9
2025-06-30 14:00:00,STATION_A_01,489.62,32.6
2025-06-30 15:00:00,STATION_A_01,451.3,30.2
2025-06-30 16:00:00,STATION_A_01,453.15,31.8
2025-06-30 17:00:00,STATION_A_01,466.03,30.2
2025-06-30 18:00:00,STATION_A_01,536.83,30.4
2025-06-30 19:00:00,STATION_A_01,585.47,28.9
2025-06-30 20:00:00,STATION_A_01,560.59,24.5
2025-06-30 21:00:00,STATION_A_01,499.58,28.9
2025-06-30 22:00:00,STATION_A_01,436.07,25.5
2025-06-30 23:00:00,STATION_A_01,396.79,23.6
2025-07-01 00:00:00,STATION_A_01,379.9,22.6
2025-07-01 01:00:00,STATION_A_01,390.41,23.5
2025-07-01 02:00:00,STATION_A_01,376.44,20.7
2025-07-01 03:00:00,STATION_A_01,373.87,18.1
2025-07-01 04:00:00,STATION_A_01,360.44,23.1
2025-07-01 05:00:00,STATION_A_01,397.51,23.8
2025-07-01 06:00:00,STATION_A_01,410.04,23.2
2025-07-01 07:00:00,STATION_A_01,469.04,22.5
2025-07-01 08:00:00,STATION_A_01,497.71,25.9
2025-07-01 09:00:00,STATION_A_01,448.5,24.3
2025-07-01 10:00:00,STATION_A_01,449.31,26.4
2025-07-01 11:00:00,STATION_A_01,456.42,28.0
2025-07-01 12:00:00,STATION_A_01,484.6,31.9
2025-07-01 13:00:00,STATION_A_01,439.61,30.5
2025-07-01 14:00:00,STATION_A_01,451.05,30.8
2025-07-01 15:00:00,STATION_A_01,466.5,35.3
2025-07-01 16:00:00,STATION_A_01,469.22,32.2
2025-07-01 17:00:00,STATION_A_01,498.56,31.7
2025-07-01 18:00:00,STATION_A_01,502.8,29.7
2025-07-01 19:00:00,STATION_A_01,577.79,28.3
2025-07-01 20:00:00,STATION_A_01,571.27,24.3
2025-07-01 21:00:00,STATION_A_01,530.61,28.7
2025-07-01 22:00:00,STATION_A_01,445.54,26.5
2025-07-01 23:00:00,STATION_A_01,393.84,24.3
2025-07-02 00:00:00,STATION_A_01,365.27,23.4
2025-07-02 01:00:00,STATION_A_01,375.45,24.2
2025-07-02 02:00:00,STATION_A_01,377.85,19.6
2025-07-02 03:00:00,STATION_A_01,382.22,21.2
2025-07-02 04:00:00,STATION_A_01,386.25,20.4
2025-07-02 05:00:00,STATION_A_01,392.92,26.1
2025-07-02 06:00:00,STATION_A_01,432.67,25.2
2025-07-02 07:00:00,STATION_A_01,455.5,20.7
2025-07-02 08:00:00,STATION_A_01,463.52,23.1
2025-07-02 09:00:00,STATION_A_01,480.78,26.8
2025-07-02 10:00:00,STATION_A_01,453.56,27.4
2025-07-02 11:00:00,STATION_A_01,441.33,27.0
2025-07-02 12:00:00,STATION_A_01,472.26,33.9
2025-07-02 13:00:00,STATION_A_01,497.76,31.8
2025-07-02 14:00:00,STATION_A_01,483.83,32.5
2025-07-02 15:00:00,STATION_A_01,447.09,30.6
2025-07-02 16:00:00,STATION_A_01,457.94,33.0
2025-07-02 17:00:00,STATION_A_01,498.73,30.5
2025-07-02 18:00:00,STATION_A_01,528.49,29.9
2025-07-02 19:00:00,STATION_A_01,640.86,30.5
2025-07-02 20:00:00,STATION_A_01,552.23,25.3
2025-07-02 21:00:00,STATION_A_01,564.44,29.9
2025-07-02 22:00:00,STATION_A_01,439.8,26.1
2025-07-02 23:00:00,STATION_A_01,421.72,26.9
2025-07-03 00:00:00,STATION_A_01,369.45,21.8
2025-07-03 01:00:00,STATION_A_01,376.84,21.3
2025-07-03 02:00:00,STATION_A_01,384.59,20.4
2025-07-03 03:00:00,STATION_A_01,383.73,22.7
2025-07-03 04:00:00,STATION_A_01,391.31,22.6
2025-07-03 05:00:00,STATION_A_01,387.72,22.1
2025-07-03 06:00:00,STATION_A_01,422.78,21.9
2025-07-03 07:00:00,STATION_A_01,476.22,22.4
2025-07-03 08:00:00,STATION_A_01,474.08,25.8
2025-07-03 09:00:00,STATION_A_01,478.86,26.2
2025-07-03 10:00:00,STATION_A_01,448.27,27.1
2025-07-03 11:00:00,STATION_A_01,477.55,32.3
2025-07-03 12:00:00,STATION_A_01,464.3,30.3
2025-07-03 13:00:00,STATION_A_01,480.01,33.5
2025-07-03 14:00:00,STATION_A_01,460.39,30.8
2025-07-03 15:00:00,STATION_A_01,465.85,32.3
2025-07-03 16:00:00,STATION_A_01,,31.6
2025-07-03 17:00:00,STATION_A_01,,28.2
2025-07-03 18:00:00,STATION_A_01,,33.1
2025-07-03 19:00:00,STATION_A_01,,29.2
2025-07-03 20:00:00,STATION_A_01,585.98,29.7
2025-07-03 21:00:00,STATION_A_01,497.14,25.7
2025-07-03 22:00:00,STATION_A_01,464.95,25.5
2025-07-03 23:00:00,STATION_A_01,389.32,23.1
2025-07-04 00:00:00,STATION_A_01,378.79,26.0
2025-07-04 01:00:00,STATION_A_01,381.22,23.5
2025-07-04 02:00:00,STATION_A_01,374.68,23.2
2025-07-04 03:00:00,STATION_A_01,368.41,24.8
2025-07-04 04:00:00,STATION_A_01,373.68,24.6
2025-07-04 05:00:00,STATION_A_01,388.17,24.4
2025-07-04 06:00:00,STATION_A_01,415.2,21.2
2025-07-04 07:00:00,STATION_A_01,478.47,23.5
2025-07-04 08:00:00,STATION_A_01,484.13,24.1
2025-07-04 09:00:00,STATION_A_01,484.03,28.4
2025-07-04 10:00:00,STATION_A_01,465.36,28.7
2025-07-04 11:00:00,STATION_A_01,445.59,27.0
2025-07-04 12:00:00,STATION_A_01,459.35,30.2
2025-07-04 13:00:00,STATION_A_01,465.58,28.6
2025-07-04 14:00:00,STATION_A_01,455.89,31.7
2025-07-04 15:00:00,STATION_A_01,454.73,29.0
2025-07-04 16:00:00,STATION_A_01,470.07,32.7
2025-07-04 17:00:00,STATION_A_01,498.49,32.0
2025-07-04 18:00:00,STATION_A_01,571.86,34.0
2025-07-04 19:00:00,STATION_A_01,594.09,31.1
2025-07-04 20:00:00,STATION_A_01,554.64,27.6
2025-07-04 21:00:00,STATION_A_01,521.44,28.6
2025-07-04 22:00:00,STATION_A_01,450.23,23.4
2025-07-04 23:00:00,STATION_A_01,390.89,23.0
2025-07-05 00:00:00,STATION_A_01,385.24,24.4
2025-07-05 01:00:00,STATION_A_01,395.63,19.1
2025-07-05 02:00:00,STATION_A_01,397.45,22.5
2025-07-05 03:00:00,STATION_A_01,398.42,20.5
2025-07-05 04:00:00,STATION_A_01,404.07,22.7
2025-07-05 05:00:00,STATION_A_01,429.75,21.1
2025-07-05 06:00:00,STATION_A_01,464.19,24.6
2025-07-05 07:00:00,STATION_A_01,517.2,24.8
2025-07-05 08:00:00,STATION_A_01,513.55,28.5
2025-07-05 09:00:00,STATION_A_01,499.54,27.2
2025-07-05 10:00:00,STATION_A_01,488.77,27.0
2025-07-05 11:00:00,STATION_A_01,476.18,29.1
2025-07-05 12:00:00,STATION_A_01,487.4,28.2
2025-07-05 13:00:00,STATION_A_01,513.54,32.1
2025-07-05 14:00:00,STATION_A_01,531.41,32.9
2025-07-05 15:00:00,STATION_A_01,539.99,36.4
2025-07-05 16:00:00,STATION_A_01,497.65,30.7
2025-07-05 17:00:00,STATION_A_01,515.76,30.9
2025-07-05 18:00:00,STATION_A_01,576.48,29.5
2025-07-05 19:00:00,STATION_A_01,635.95,30.0
2025-07-05 20:00:00,STATION_A_01,606.71,29.1
2025-07-05 21:00:00,STATION_A_01,572.51,27.1
2025-07-05 22:00:00,STATION_A_01,495.93,27.9
2025-07-05 23:00:00,STATION_A_01,422.27,23.7
2025-07-06 00:00:00,STATION_A_01,416.11,25.6
2025-07-06 01:00:00,STATION_A_01,395.87,24.0
2025-07-06 02:00:00,STATION_A_01,383.29,22.6
2025-07-06 03:00:00,STATION_A_01,413.65,21.9
2025-07-06 04:00:00,STATION_A_01,399.38,27.0
2025-07-06 05:00:00,STATION_A_01,417.47,21.6
2025-07-06 06:00:00,STATION_A_01,453.18,
2025-07-06 07:00:00,STATION_A_01,497.8,23.5
2025-07-06 08:00:00,STATION_A_01,556.07,29.2
2025-07-06 09:00:00,STATION_A_01,534.08,28.8
2025-07-06 10:00:00,STATION_A_01,489.87,27.2
2025-07-06 11:00:00,STATION_A_01,483.98,30.5
2025-07-06 12:00:00,STATION_A_01,504.76,31.1
2025-07-06 13:00:00,STATION_A_01,479.81,30.5
2025-07-06 14:00:00,STATION_A_01,535.39,33.2
2025-07-06 15:00:00,STATION_A_01,480.75,32.7
2025-07-06 16:00:00,STATION_A_01,492.93,32.3
2025-07-06 17:00:00,STATION_A_01,508.36,31.3
2025-07-06 18:00:00,STATION_A_01,585.38,31.4
2025-07-06 19:00:00,STATION_A_01,643.7,30.0
2025-07-06 20:00:00,STATION_A_01,618.97,28.6
2025-07-06 21:00:00,STATION_A_01,559.67,26.1
2025-07-06 22:00:00,STATION_A_01,499.84,29.0
2025-07-06 23:00:00,STATION_A_01,422.07,22.9
2025-07-07 00:00:00,STATION_A_01,379.32,24.6
2025-07-07 01:00:00,STATION_A_01,392.72,22.5
2025-07-07 02:00:00,STATION_A_01,389.7,25.8
2025-07-07 03:00:00,STATION_A_01,369.95,20.8
2025-07-07 04:00:00,STATION_A_01,377.66,21.3
2025-07-07 05:00:00,STATION_A_01,401.77,21.4
2025-07-07 06:00:00,STATION_A_01,430.25,24.5
2025-07-07 07:00:00,STATION_A_01,453.42,22.4
2025-07-07 08:00:00,STATION_A_01,497.56,25.2
2025-07-07 09:00:00,STATION_A_01,463.84,23.4
2025-07-07 10:00:00,STATION_A_01,485.59,28.9
2025-07-07 11:00:00,STATION_A_01,460.46,28.8
2025-07-07 12:00:00,STATION_A_01,437.52,28.0
2025-07-07 13:00:00,STATION_A_01,487.33,33.4
2025-07-07 14:00:00,STATION_A_01,452.98,29.5
2025-07-07 15:00:00,STATION_A_01,479.46,33.5
2025-07-07 16:00:00,STATION_A_01,456.38,30.6
2025-07-07 17:00:00,STATION_A_01,505.64,34.3
2025-07-07 18:00:00,STATION_A_01,549.1,32.0
2025-07-07 19:00:00,STATION_A_01,595.82,27.9
2025-07-07 20:00:00,STATION_A_01,581.28,26.9
2025-07-07 21:00:00,STATION_A_01,535.44,28.4
2025-07-07 22:00:00,STATION_A_01,450.09,25.6
2025-07-07 23:00:00,STATION_A_01,397.56,24.6
2025-07-08 00:00:00,STATION_A_01,384.71,26.2
2025-07-08 01:00:00,STATION_A_01,406.78,21.8
2025-07-08 02:00:00,STATION_A_01,393.31,22.8
2025-07-08 03:00:00,STATION_A_01,379.32,24.2
2025-07-08 04:00:00,STATION_A_01,380.17,24.1
2025-07-08 05:00:00,STATION_A_01,368.26,22.9
2025-07-08 06:00:00,STATION_A_01,439.26,23.4
2025-07-08 07:00:00,STATION_A_01,476.86,21.8
2025-07-08 08:00:00,STATION_A_01,482.35,24.2
2025-07-08 09:00:00,STATION_A_01,472.92,27.9
2025-07-08 10:00:00,STATION_A_01,451.93,28.3
2025-07-08 11:00:00,STATION_A_01,468.61,29.8
2025-07-08 12:00:00,STATION_A_01,484.85,32.6
2025-07-08 13:00:00,STATION_A_01,473.37,29.3
2025-07-08 14:00:00,STATION_A_01,476.23,31.5
2025-07-08 15:00:00,STATION_A_01,482.87,32.4
2025-07-08 16:00:00,STATION_A_01,464.6,30.7
2025-07-08 17:00:00,STATION_A_01,531.57,34.0
2025-07-08 18:00:00,STATION_A_01,542.83,32.3
2025-07-08 19:00:00,STATION_A_01,592.29,30.2
2025-07-08 20:00:00,STATION_A_01,620.15,31.8
2025-07-08 21:00:00,STATION_A_01,529.13,24.6
2025-07-08 22:00:00,STATION_A_01,470.33,26.0
2025-07-08 23:00:00,STATION_A_01,403.33,25.6
2025-07-09 00:00:00,STATION_A_01,376.41,22.3
2025-07-09 01:00:00,STATION_A_01,363.06,23.7
2025-07-09 02:00:00,STATION_A_01,391.15,20.7
2025-07-09 03:00:00,STATION_A_01,377.62,23.8
2025-07-09 04:00:00,STATION_A_01,416.05,24.6
2025-07-09 05:00:00,STATION_A_01,391.13,23.7
2025-07-09 06:00:00,STATION_A_01,451.86,20.6
2025-07-09 07:00:00,STATION_A_01,477.53,23.2
2025-07-09 08:00:00,STATION_A_01,486.34,27.1
2025-07-09 09:00:00,STATION_A_01,491.26,27.4
2025-07-09 10:00:00,STATION_A_01,458.5,23.7
2025-07-09 11:00:00,STATION_A_01,477.39,32.0
2025-07-09 12:00:00,STATION_A_01,485.65,31.0
2025-07-09 13:00:00,STATION_A_01,481.35,30.0
2025-07-09 14:00:00,STATION_A_01,500.6,33.8
2025-07-09 15:00:00,STATION_A_01,460.92,30.9
2025-07-09 16:00:00,STATION_A_01,447.63,30.7
2025-07-09 17:00:00,STATION_A_01,505.78,32.1
2025-07-09 18:00:00,STATION_A_01,592.26,33.9
2025-07-09 19:00:00,STATION_A_01,605.99,32.7
2025-07-09 20:00:00,STATION_A_01,605.47,29.2
2025-07-09 21:00:00,STATION_A_01,533.6,28.2
2025-07-09 22:00:00,STATION_A_01,445.19,27.5
2025-07-09 23:00:00,STATION_A_01,402.51,22.7
2025-07-10 00:00:00,STATION_A_01,380.27,25.1
2025-07-10 01:00:00,STATION_A_01,402.62,21.9
2025-07-10 02:00:00,STATION_A_01,385.63,23.3
2025-07-10 03:00:00,STATION_A_01,394.32,22.2
2025-07-10 04:00:00,STATION_A_01,386.03,23.6
2025-07-10 05:00:00,STATION_A_01,380.24,23.4
2025-07-10 06:00:00,STATION_A_01,444.38,18.4
2025-07-10 07:00:00,STATION_A_01,461.46,25.3
2025-07-10 08:00:00,STATION_A_01,497.89,27.3
2025-07-10 09:00:00,STATION_A_01,482.32,28.2
2025-07-10 10:00:00,STATION_A_01,469.98,28.4
2025-07-10 11:00:00,STATION_A_01,500.35,32.7
2025-07-10 12:00:00,STATION_A_01,490.58,31.3
2025-07-10 13:00:00,STATION_A_01,509.86,32.3
2025-07-10 14:00:00,STATION_A_01,517.21,33.9
2025-07-10 15:00:00,STATION_A_01,450.66,32.8
2025-07-10 16:00:00,STATION_A_01,445.98,30.4
2025-07-10 17:00:00,STATION_A_01,446.79,27.1
2025-07-10 18:00:00,STATION_A_01,564.33,29.9
2025-07-10 19:00:00,STATION_A_01,612.45,31.1
2025-07-10 20:00:00,STATION_A_01,584.48,28.0
2025-07-10 21:00:00,STATION_A_01,538.75,28.8
2025-07-10 22:00:00,STATION_A_01,457.67,26.4
2025-07-10 23:00:00,STATION_A_01,399.8,27.3
2025-07-11 00:00:00,STATION_A_01,371.64,23.5
2025-07-11 01:00:00,STATION_A_01,384.23,24.1
2025-07-11 02:00:00,STATION_A_01,396.25,23.7
2025-07-11 03:00:00,STATION_A_01,384.56,25.3
2025-07-11 04:00:00,STATION_A_01,381.39,19.7
2025-07-11 05:00:00,STATION_A_01,378.21,22.4
2025-07-11 06:00:00,STATION_A_01,440.99,25.5
2025-07-11 07:00:00,STATION_A_01,475.47,27.8
2025-07-11 08:00:00,STATION_A_01,482.69,26.6
2025-07-11 09:00:00,STATION_A_01,464.68,26.9
2025-07-11 10:00:00,STATION_A_01,464.17,30.0
2025-07-11 11:00:00,STATION_A_01,465.83,31.4
2025-07-11 12:00:00,STATION_A_01,468.25,30.1
2025-07-11 13:00:00,STATION_A_01,474.11,32.1
2025-07-11 14:00:00,STATION_A_01,500.49,34.2
2025-07-11 15:00:00,STATION_A_01,494.01,35.6
2025-07-11 16:00:00,STATION_A_01,510.93,33.4
2025-07-11 17:00:00,STATION_A_01,482.71,31.6
2025-07-11 18:00:00,STATION_A_01,565.78,30.7
2025-07-11 19:00:00,STATION_A_01,624.55,30.8
2025-07-11 20:00:00,STATION_A_01,581.72,28.4
2025-07-11 21:00:00,STATION_A_01,534.85,27.7
2025-07-11 22:00:00,STATION_A_01,460.16,24.2
2025-07-11 23:00:00,STATION_A_01,418.12,27.3
2025-07-12 00:00:00,STATION_A_01,422.8,22.0
2025-07-12 01:00:00,STATION_A_01,385.01,
2025-07-12 02:00:00,STATION_A_01,399.24,23.0
2025-07-12 03:00:00,STATION_A_01,425.9,26.2
2025-07-12 04:00:00,STATION_A_01,421.98,22.0
2025-07-12 05:00:00,STATION_A_01,431.48,22.1
2025-07-12 06:00:00,STATION_A_01,471.75,23.0
2025-07-12 07:00:00,STATION_A_01,491.07,28.0
2025-07-12 08:00:00,STATION_A_01,534.09,21.1
2025-07-12 09:00:00,STATION_A_01,523.19,25.6
2025-07-12 10:00:00,STATION_A_01,532.1,33.6
2025-07-12 11:00:00,STATION_A_01,538.16,30.9
2025-07-12 12:00:00,STATION_A_01,492.5,28.8
2025-07-12 13:00:00,STATION_A_01,485.42,31.5
2025-07-12 14:00:00,STATION_A_01,518.52,32.2
2025-07-12 15:00:00,STATION_A_01,504.19,33.7
2025-07-12 16:00:00,STATION_A_01,544.57,35.4
2025-07-12 17:00:00,STATION_A_01,549.59,32.3
2025-07-12 18:00:00,STATION_A_01,581.27,29.8
2025-07-12 19:00:00,STATION_A_01,690.93,31.2
2025-07-12 20:00:00,STATION_A_01,639.55,27.4
2025-07-12 21:00:00,STATION_A_01,538.61,25.6
2025-07-12 22:00:00,STATION_A_01,477.3,23.0
2025-07-12 23:00:00,STATION_A_01,439.03,22.2
2025-07-13 00:00:00,STATION_A_01,405.03,22.4
2025-07-13 01:00:00,STATION_A_01,405.35,21.2
2025-07-13 02:00:00,STATION_A_01,409.36,23.4
2025-07-13 03:00:00,STATION_A_01,398.2,20.5
2025-07-13 04:00:00,STATION_A_01,401.24,17.1
2025-07-13 05:00:00,STATION_A_01,428.98,21.4
2025-07-13 06:00:00,STATION_A_01,434.3,23.2
2025-07-13 07:00:00,STATION_A_01,487.82,24.0
2025-07-13 08:00:00,STATION_A_01,525.09,28.9
2025-07-13 09:00:00,STATION_A_01,491.03,26.3
2025-07-13 10:00:00,STATION_A_01,521.1,30.3
2025-07-13 11:00:00,STATION_A_01,493.31,29.8
2025-07-13 12:00:00,STATION_A_01,502.97,30.8
2025-07-13 13:00:00,STATION_A_01,487.23,30.1
2025-07-13 14:00:00,STATION_A_01,504.05,32.0
2025-07-13 15:00:00,STATION_A_01,497.36,30.9
2025-07-13 16:00:00,STATION_A_01,505.73,32.4
2025-07-13 17:00:00,STATION_A_01,545.14,31.2
2025-07-13 18:00:00,STATION_A_01,599.6,29.1
2025-07-13 19:00:00,STATION_A_01,665.91,31.6
2025-07-13 20:00:00,STATION_A_01,615.62,29.5
2025-07-13 21:00:00,STATION_A_01,546.51,26.6
2025-07-13 22:00:00,STATION_A_01,482.66,26.5
2025-07-13 23:00:00,STATION_A_01,,24.9
2025-07-14 00:00:00,STATION_A_01,375.86,22.5
2025-07-14 01:00:00,STATION_A_01,387.16,23.4
2025-07-14 02:00:00,STATION_A_01,410.94,21.7
2025-07-14 03:00:00,STATION_A_01,382.15,21.0
2025-07-14 04:00:00,STATION_A_01,390.73,19.9
2025-07-14 05:00:00,STATION_A_01,389.18,22.7
2025-07-14 06:00:00,STATION_A_01,446.83,25.1
2025-07-14 07:00:00,STATION_A_01,484.03,23.8
2025-07-14 08:00:00,STATION_A_01,546.78,30.8
2025-07-14 09:00:00,STATION_A_01,525.05,29.1
2025-07-14 10:00:00,STATION_A_01,487.64,31.0
2025-07-14 11:00:00,STATION_A_01,476.27,31.3
2025-07-14 12:00:00,STATION_A_01,526.81,34.2
2025-07-14 13:00:00,STATION_A_01,485.45,30.2
2025-07-14 14:00:00,STATION_A_01,425.07,27.5
2025-07-14 15:00:00,STATION_A_01,475.38,31.5
2025-07-14 16:00:00,STATION_A_01,476.56,33.1
2025-07-14 17:00:00,STATION_A_01,521.98,31.9
2025-07-14 18:00:00,STATION_A_01,578.64,31.3
2025-07-14 19:00:00,STATION_A_01,610.56,32.2
2025-07-14 20:00:00,STATION_A_01,614.92,29.4
2025-07-14 21:00:00,STATION_A_01,549.92,28.9
2025-07-14 22:00:00,STATION_A_01,458.06,24.5
2025-07-14 23:00:00,STATION_A_01,416.37,23.1
2025-07-15 00:00:00,STATION_A_01,408.9,27.0
2025-07-15 01:00:00,STATION_A_01,391.27,23.5
2025-07-15 02:00:00,STATION_A_01,387.4,21.7
2025-07-15 03:00:00,STATION_A_01,399.28,21.6
2025-07-15 04:00:00,STATION_A_01,413.79,21.7
2025-07-15 05:00:00,STATION_A_01,413.2,22.0
2025-07-15 06:00:00,STATION_A_01,435.89,21.8
2025-07-15 07:00:00,STATION_A_01,479.39,22.4
2025-07-15 08:00:00,STATION_A_01,499.64,25.9
2025-07-15 09:00:00,STATION_A_01,486.47,26.4
2025-07-15 10:00:00,STATION_A_01,518.97,30.7
2025-07-15 11:00:00,STATION_A_01,464.95,30.4
2025-07-15 12:00:00,STATION_A_01,498.32,31.3
2025-07-15 13:00:00,STATION_A_01,477.53,30.3
2025-07-15 14:00:00,STATION_A_01,466.2,31.9
2025-07-15 15:00:00,STATION_A_01,479.0,32.9
2025-07-15 16:00:00,STATION_A_01,479.96,33.4
2025-07-15 17:00:00,STATION_A_01,515.17,31.5
2025-07-15 18:00:00,STATION_A_01,587.98,32.8
2025-07-15 19:00:00,STATION_A_01,601.04,29.9
2025-07-15 20:00:00,STATION_A_01,642.76,30.1
2025-07-15 21:00:00,STATION_A_01,542.33,26.6
2025-07-15 22:00:00,STATION_A_01,473.27,23.0
2025-07-15 23:00:00,STATION_A_01,413.45,25.6
2025-07-16 00:00:00,STATION_A_01,387.34,25.4
2025-07-16 01:00:00,STATION_A_01,394.79,24.4
2025-07-16 02:00:00,STATION_A_01,381.94,23.6
2025-07-16 03:00:00,STATION_A_01,389.62,22.1
2025-07-16 04:00:00,STATION_A_01,389.8,21.4
2025-07-16 05:00:00,STATION_A_01,388.86,24.3
2025-07-16 06:00:00,STATION_A_01,435.67,24.9
2025-07-16 07:00:00,STATION_A_01,469.34,24.1
2025-07-16 08:00:00,STATION_A_01,512.77,28.2
2025-07-16 09:00:00,STATION_A_01,488.21,25.9
2025-07-16 10:00:00,STATION_A_01,484.09,27.7
2025-07-16 11:00:00,STATION_A_01,482.27,32.8
2025-07-16 12:00:00,STATION_A_01,488.51,32.4
2025-07-16 13:00:00,STATION_A_01,475.54,31.0
2025-07-16 14:00:00,STATION_A_01,480.61,32.6
2025-07-16 15:00:00,STATION_A_01,472.05,32.6
2025-07-16 16:00:00,STATION_A_01,439.57,27.2
2025-07-16 17:00:00,STATION_A_01,504.42,30.0
2025-07-16 18:00:00,STATION_A_01,574.12,30.8
2025-07-16 19:00:00,STATION_A_01,595.22,29.2
2025-07-16 20:00:00,STATION_A_01,631.01,29.2
2025-07-16 21:00:00,STATION_A_01,567.81,29.5
2025-07-16 22:00:00,STATION_A_01,444.56,25.7
2025-07-16 23:00:00,STATION_A_01,424.64,23.2
2025-07-17 00:00:00,STATION_A_01,391.53,24.7
2025-07-17 01:00:00,STATION_A_01,386.66,22.7
2025-07-17 02:00:00,STATION_A_01,391.91,22.6
2025-07-17 03:00:00,STATION_A_01,388.58,22.2
2025-07-17 04:00:00,STATION_A_01,403.71,26.9
2025-07-17 05:00:00,STATION_A_01,409.86,19.3
2025-07-17 06:00:00,STATION_A_01,431.01,23.4
2025-07-17 07:00:00,STATION_A_01,450.39,25.1
2025-07-17 08:00:00,STATION_A_01,504.61,24.8
2025-07-17 09:00:00,STATION_A_01,504.98,29.1
2025-07-17 10:00:00,STATION_A_01,498.68,30.2
2025-07-17 11:00:00,STATION_A_01,476.99,29.8
2025-07-17 12:00:00,STATION_A_01,473.73,30.4
2025-07-17 13:00:00,STATION_A_01,502.3,31.4
2025-07-17 14:00:00,STATION_A_01,489.23,31.9
2025-07-17 15:00:00,STATION_A_01,479.12,32.2
2025-07-17 16:00:00,STATION_A_01,474.73,31.8
2025-07-17 17:00:00,STATION_A_01,536.62,32.1
2025-07-17 18:00:00,STATION_A_01,572.39,32.2
2025-07-17 19:00:00,STATION_A_01,592.42,27.7
2025-07-17 20:00:00,STATION_A_01,569.43,26.8
2025-07-17 21:00:00,STATION_A_01,533.54,24.3
2025-07-17 22:00:00,STATION_A_01,462.77,27.8
2025-07-17 23:00:00,STATION_A_01,407.08,25.5
2025-07-18 00:00:00,STATION_A_01,383.48,25.0
2025-07-18 01:00:00,STATION_A_01,389.34,20.8
2025-07-18 02:00:00,STATION_A_01,376.6,26.1
2025-07-18 03:00:00,STATION_A_01,366.61,21.6
2025-07-18 04:00:00,STATION_A_01,,23.2
2025-07-18 05:00:00,STATION_A_01,,24.9
2025-07-18 06:00:00,STATION_A_01,,22.3
2025-07-18 07:00:00,STATION_A_01,,24.1
2025-07-18 08:00:00,STATION_A_01,,26.6
2025-07-18 09:00:00,STATION_A_01,,32.6
2025-07-18 10:00:00,STATION_A_01,481.96,29.3
2025-07-18 11:00:00,STATION_A_01,514.67,32.8
2025-07-18 12:00:00,STATION_A_01,492.87,33.1
2025-07-18 13:00:00,STATION_A_01,465.98,32.3
2025-07-18 14:00:00,STATION_A_01,474.31,30.4
2025-07-18 15:00:00,STATION_A_01,514.65,34.2
2025-07-18 16:00:00,STATION_A_01,466.04,29.4
2025-07-18 17:00:00,STATION_A_01,526.87,34.5
2025-07-18 18:00:00,STATION_A_01,579.94,31.3
2025-07-18 19:00:00,STATION_A_01,596.24,25.1
2025-07-18 20:00:00,STATION_A_01,600.4,28.1
2025-07-18 21:00:00,STATION_A_01,585.56,28.7
2025-07-18 22:00:00,STATION_A_01,450.26,25.8
2025-07-18 23:00:00,STATION_A_01,426.14,26.4
2025-07-19 00:00:00,STATION_A_01,420.63,22.6
2025-07-19 01:00:00,STATION_A_01,404.96,21.0
2025-07-19 02:00:00,STATION_A_01,407.97,22.7
2025-07-19 03:00:00,STATION_A_01,424.04,22.8
2025-07-19 04:00:00,STATION_A_01,418.16,22.2
2025-07-19 05:00:00,STATION_A_01,433.82,25.6
2025-07-19 06:00:00,STATION_A_01,442.31,22.6
2025-07-19 07:00:00,STATION_A_01,513.72,25.7
2025-07-19 08:00:00,STATION_A_01,536.24,26.4
2025-07-19 09:00:00,STATION_A_01,513.67,24.7
2025-07-19 10:00:00,STATION_A_01,492.3,26.4
2025-07-19 11:00:00,STATION_A_01,496.07,29.9
2025-07-19 12:00:00,STATION_A_01,532.18,34.5
2025-07-19 13:00:00,STATION_A_01,526.61,32.7
2025-07-19 14:00:00,STATION_A_01,487.81,29.0
2025-07-19 15:00:00,STATION_A_01,490.67,26.7
2025-07-19 16:00:00,STATION_A_01,531.53,33.5
2025-07-19 17:00:00,STATION_A_01,527.35,31.5
2025-07-19 18:00:00,STATION_A_01,659.48,32.9
2025-07-19 19:00:00,STATION_A_01,634.17,28.3
2025-07-19 20:00:00,STATION_A_01,652.06,29.4
2025-07-19 21:00:00,STATION_A_01,598.56,29.0
2025-07-19 22:00:00,STATION_A_01,459.49,25.5
2025-07-19 23:00:00,STATION_A_01,435.13,24.3
2025-07-20 00:00:00,STATION_A_01,406.67,24.1
2025-07-20 01:00:00,STATION_A_01,415.03,24.3
2025-07-20 02:00:00,STATION_A_01,416.86,22.8
2025-07-20 03:00:00,STATION_A_01,412.64,24.5
2025-07-20 04:00:00,STATION_A_01,415.62,22.0
2025-07-20 05:00:00,STATION_A_01,442.34,21.0
2025-07-20 06:00:00,STATION_A_01,479.17,27.7
2025-07-20 07:00:00,STATION_A_01,506.1,24.0
2025-07-20 08:00:00,STATION_A_01,531.35,25.2
2025-07-20 09:00:00,STATION_A_01,552.22,27.4
2025-07-20 10:00:00,STATION_A_01,511.0,28.9
2025-07-20 11:00:00,STATION_A_01,489.46,29.2
2025-07-20 12:00:00,STATION_A_01,486.63,30.9
2025-07-20 13:00:00,STATION_A_01,501.94,31.6
2025-07-20 14:00:00,STATION_A_01,515.2,32.4
2025-07-20 15:00:00,STATION_A_01,473.99,28.1
2025-07-20 16:00:00,STATION_A_01,528.12,35.5
2025-07-20 17:00:00,STATION_A_01,545.6,31.4
2025-07-20 18:00:00,STATION_A_01,608.12,31.9
2025-07-20 19:00:00,STATION_A_01,617.49,27.4
2025-07-20 20:00:00,STATION_A_01,646.76,27.9
2025-07-20 21:00:00,STATION_A_01,579.47,26.3
2025-07-20 22:00:00,STATION_A_01,493.99,28.9
2025-07-20 23:00:00,STATION_A_01,440.99,24.0
2025-07-21 00:00:00,STATION_A_01,370.43,25.5
2025-07-21 01:00:00,STATION_A_01,374.8,22.2
2025-07-21 02:00:00,STATION_A_01,383.83,22.0
2025-07-21 03:00:00,STATION_A_01,401.86,22.3
2025-07-21 04:00:00,STATION_A_01,385.67,25.2
2025-07-21 05:00:00,STATION_A_01,398.01,19.9
2025-07-21 06:00:00,STATION_A_01,436.92,21.7
2025-07-21 07:00:00,STATION_A_01,477.74,21.6
2025-07-21 08:00:00,STATION_A_01,489.51,24.3
2025-07-21 09:00:00,STATION_A_01,511.57,26.0
2025-07-21 10:00:00,STATION_A_01,454.83,25.8
2025-07-21 11:00:00,STATION_A_01,464.96,28.6
2025-07-21 12:00:00,STATION_A_01,451.31,27.3
2025-07-21 13:00:00,STATION_A_01,484.2,29.8
2025-07-21 14:00:00,STATION_A_01,522.5,34.3
2025-07-21 15:00:00,STATION_A_01,506.33,33.0
2025-07-21 16:00:00,STATION_A_01,473.71,32.5
2025-07-21 17:00:00,STATION_A_01,512.4,29.8
2025-07-21 18:00:00,STATION_A_01,556.23,28.1
2025-07-21 19:00:00,STATION_A_01,616.61,27.8
2025-07-21 20:00:00,STATION_A_01,607.13,28.7
2025-07-21 21:00:00,STATION_A_01,550.29,29.1
2025-07-21 22:00:00,STATION_A_01,483.69,27.9
2025-07-21 23:00:00,STATION_A_01,425.62,26.2
2025-07-22 00:00:00,STATION_A_01,405.82,22.8
2025-07-22 01:00:00,STATION_A_01,391.96,23.4
2025-07-22 02:00:00,STATION_A_01,388.92,22.3
2025-07-22 03:00:00,STATION_A_01,365.58,22.3
2025-07-22 04:00:00,STATION_A_01,380.66,26.5
2025-07-22 05:00:00,STATION_A_01,402.39,20.2
2025-07-22 06:00:00,STATION_A_01,424.24,23.7
2025-07-22 07:00:00,STATION_A_01,498.14,27.3
2025-07-22 08:00:00,STATION_A_01,482.95,23.6
2025-07-22 09:00:00,STATION_A_01,482.77,26.3
2025-07-22 10:00:00,STATION_A_01,466.39,27.8
2025-07-22 11:00:00,STATION_A_01,485.47,29.5
2025-07-22 12:00:00,STATION_A_01,454.68,28.0
2025-07-22 13:00:00,STATION_A_01,507.02,32.7
2025-07-22 14:00:00,STATION_A_01,501.74,33.3
2025-07-22 15:00:00,STATION_A_01,498.37,33.2
2025-07-22 16:00:00,STATION_A_01,479.77,30.6
2025-07-22 17:00:00,STATION_A_01,513.5,31.8
2025-07-22 18:00:00,STATION_A_01,534.28,29.3
2025-07-22 19:00:00,STATION_A_01,612.3,29.3
2025-07-22 20:00:00,STATION_A_01,647.66,32.6
2025-07-22 21:00:00,STATION_A_01,544.8,27.7
2025-07-22 22:00:00,STATION_A_01,449.08,24.1
2025-07-22 23:00:00,STATION_A_01,426.21,25.4
2025-07-23 00:00:00,STATION_A_01,390.22,21.6
2025-07-23 01:00:00,STATION_A_01,380.75,21.2
2025-07-23 02:00:00,STATION_A_01,385.5,21.0
2025-07-23 03:00:00,STATION_A_01,410.29,21.9
2025-07-23 04:00:00,STATION_A_01,400.8,24.5
2025-07-23 05:00:00,STATION_A_01,417.8,24.4
2025-07-23 06:00:00,STATION_A_01,425.07,25.0
2025-07-23 07:00:00,STATION_A_01,469.15,23.1
2025-07-23 08:00:00,STATION_A_01,491.3,25.3
2025-07-23 09:00:00,STATION_A_01,505.27,28.0
2025-07-23 10:00:00,STATION_A_01,468.62,27.6
2025-07-23 11:00:00,STATION_A_01,464.08,29.4
2025-07-23 12:00:00,STATION_A_01,485.29,31.7
2025-07-23 13:00:00,STATION_A_01,478.14,31.0
2025-07-23 14:00:00,STATION_A_01,491.01,32.5
2025-07-23 15:00:00,STATION_A_01,515.93,35.1
2025-07-23 16:00:00,STATION_A_01,459.95,31.8
2025-07-23 17:00:00,STATION_A_01,534.46,33.8
2025-07-23 18:00:00,STATION_A_01,603.58,31.9
2025-07-23 19:00:00,STATION_A_01,593.02,27.2
2025-07-23 20:00:00,STATION_A_01,581.94,26.7
2025-07-23 21:00:00,STATION_A_01,538.79,26.0
2025-07-23 22:00:00,STATION_A_01,446.31,24.7
2025-07-23 23:00:00,STATION_A_01,413.84,24.9
2025-07-24 00:00:00,STATION_A_01,379.61,25.2
2025-07-24 01:00:00,STATION_A_01,371.19,25.6
2025-07-24 02:00:00,STATION_A_01,388.68,23.4
2025-07-24 03:00:00,STATION_A_01,377.93,21.9
2025-07-24 04:00:00,STATION_A_01,397.96,19.1
2025-07-24 05:00:00,STATION_A_01,418.58,23.4
2025-07-24 06:00:00,STATION_A_01,458.05,24.1
2025-07-24 07:00:00,STATION_A_01,478.96,25.4
2025-07-24 08:00:00,STATION_A_01,548.5,30.0
2025-07-24 09:00:00,STATION_A_01,522.62,29.7
2025-07-24 10:00:00,STATION_A_01,485.67,30.1
2025-07-24 11:00:00,STATION_A_01,437.68,28.1
2025-07-24 12:00:00,STATION_A_01,497.02,29.9
2025-07-24 13:00:00,STATION_A_01,478.28,31.4
2025-07-24 14:00:00,STATION_A_01,496.93,30.7
2025-07-24 15:00:00,STATION_A_01,493.69,33.2
2025-07-24 16:00:00,STATION_A_01,473.49,32.7
2025-07-24 17:00:00,STATION_A_01,501.22,29.7
2025-07-24 18:00:00,STATION_A_01,625.87,33.0
2025-07-24 19:00:00,STATION_A_01,648.77,30.0
2025-07-24 20:00:00,STATION_A_01,575.14,25.6
2025-07-24 21:00:00,STATION_A_01,528.5,27.4
2025-07-24 22:00:00,STATION_A_01,464.95,26.7
2025-07-24 23:00:00,STATION_A_01,418.05,26.8
2025-07-25 00:00:00,STATION_A_01,402.33,23.4
2025-07-25 01:00:00,STATION_A_01,397.66,24.8
2025-07-25 02:00:00,STATION_A_01,373.05,23.1
2025-07-25 03:00:00,STATION_A_01,395.43,20.3
2025-07-25 04:00:00,STATION_A_01,392.24,20.3
2025-07-25 05:00:00,STATION_A_01,407.18,25.3
2025-07-25 06:00:00,STATION_A_01,441.31,26.2
2025-07-25 07:00:00,STATION_A_01,492.69,25.6
2025-07-25 08:00:00,STATION_A_01,538.19,28.9
2025-07-25 09:00:00,STATION_A_01,504.34,29.3
2025-07-25 10:00:00,STATION_A_01,488.25,29.9
2025-07-25 11:00:00,STATION_A_01,455.91,28.2
2025-07-25 12:00:00,STATION_A_01,485.23,34.0
2025-07-25 13:00:00,STATION_A_01,498.83,32.6
2025-07-25 14:00:00,STATION_A_01,508.1,31.4
2025-07-25 15:00:00,STATION_A_01,450.27,31.0
2025-07-25 16:00:00,STATION_A_01,484.05,32.5
2025-07-25 17:00:00,STATION_A_01,487.99,28.6
2025-07-25 18:00:00,STATION_A_01,589.14,32.1
2025-07-25 19:00:00,STATION_A_01,589.68,28.1
2025-07-25 20:00:00,STATION_A_01,593.29,29.4
2025-07-25 21:00:00,STATION_A_01,511.72,26.5
2025-07-25 22:00:00,STATION_A_01,473.97,25.7
2025-07-25 23:00:00,STATION_A_01,403.58,23.7
2025-07-26 00:00:00,STATION_A_01,408.12,23.7
2025-07-26 01:00:00,STATION_A_01,441.05,26.7
2025-07-26 02:00:00,STATION_A_01,405.67,25.3
2025-07-26 03:00:00,STATION_A_01,417.83,23.3
2025-07-26 04:00:00,STATION_A_01,429.2,22.7
2025-07-26 05:00:00,STATION_A_01,442.5,24.8
2025-07-26 06:00:00,STATION_A_01,447.55,26.1
2025-07-26 07:00:00,STATION_A_01,496.98,23.5
2025-07-26 08:00:00,STATION_A_01,534.7,26.0
2025-07-26 09:00:00,STATION_A_01,541.69,24.1
2025-07-26 10:00:00,STATION_A_01,514.22,30.7
2025-07-26 11:00:00,STATION_A_01,524.81,33.5
2025-07-26 12:00:00,STATION_A_01,519.26,31.0
2025-07-26 13:00:00,STATION_A_01,499.07,27.8
2025-07-26 14:00:00,STATION_A_01,537.35,33.2
2025-07-26 15:00:00,STATION_A_01,485.03,30.6
2025-07-26 16:00:00,STATION_A_01,493.24,30.9
2025-07-26 17:00:00,STATION_A_01,555.73,32.7
2025-07-26 18:00:00,STATION_A_01,631.98,31.3
2025-07-26 19:00:00,STATION_A_01,645.56,28.9
2025-07-26 20:00:00,STATION_A_01,633.09,27.5
2025-07-26 21:00:00,STATION_A_01,558.04,27.6
2025-07-26 22:00:00,STATION_A_01,509.04,25.4
2025-07-26 23:00:00,STATION_A_01,440.69,23.0
2025-07-27 00:00:00,STATION_A_01,424.93,23.4
2025-07-27 01:00:00,STATION_A_01,413.68,23.9
2025-07-27 02:00:00,STATION_A_01,414.34,22.4
2025-07-27 03:00:00,STATION_A_01,397.85,20.1
2025-07-27 04:00:00,STATION_A_01,394.15,24.5
2025-07-27 05:00:00,STATION_A_01,453.27,18.3
2025-07-27 06:00:00,STATION_A_01,463.9,23.2
2025-07-27 07:00:00,STATION_A_01,508.92,23.9
2025-07-27 08:00:00,STATION_A_01,516.44,26.4
2025-07-27 09:00:00,STATION_A_01,524.14,28.4
2025-07-27 10:00:00,STATION_A_01,538.75,30.7
2025-07-27 11:00:00,STATION_A_01,513.44,28.5
2025-07-27 12:00:00,STATION_A_01,512.21,31.8
2025-07-27 13:00:00,STATION_A_01,533.81,31.9
2025-07-27 14:00:00,STATION_A_01,496.65,29.0
2025-07-27 15:00:00,STATION_A_01,533.37,35.6
2025-07-27 16:00:00,STATION_A_01,512.37,29.4
2025-07-27 17:00:00,STATION_A_01,542.62,32.3
2025-07-27 18:00:00,STATION_A_01,633.57,31.5
2025-07-27 19:00:00,STATION_A_01,670.14,30.3
2025-07-27 20:00:00,STATION_A_01,635.63,27.7
2025-07-27 21:00:00,STATION_A_01,605.73,28.9
2025-07-27 22:00:00,STATION_A_01,489.01,23.3
2025-07-27 23:00:00,STATION_A_01,437.68,24.9
2025-07-28 00:00:00,STATION_A_01,403.73,23.0
2025-07-28 01:00:00,STATION_A_01,402.41,22.0
2025-07-28 02:00:00,STATION_A_01,402.0,23.5
2025-07-28 03:00:00,STATION_A_01,350.9,24.5
2025-07-28 04:00:00,STATION_A_01,398.16,22.1
2025-07-28 05:00:00,STATION_A_01,408.6,24.6
2025-07-28 06:00:00,STATION_A_01,436.13,24.1
2025-07-28 07:00:00,STATION_A_01,484.86,23.4
2025-07-28 08:00:00,STATION_A_01,503.12,25.7
2025-07-28 09:00:00,STATION_A_01,501.74,26.8
2025-07-28 10:00:00,STATION_A_01,465.3,27.4
2025-07-28 11:00:00,STATION_A_01,497.1,30.5
2025-07-28 12:00:00,STATION_A_01,495.72,31.2
2025-07-28 13:00:00,STATION_A_01,476.53,28.7
2025-07-28 14:00:00,STATION_A_01,472.59,29.0
2025-07-28 15:00:00,STATION_A_01,499.3,32.9
2025-07-28 16:00:00,STATION_A_01,481.48,30.5
2025-07-28 17:00:00,STATION_A_01,514.33,32.1
2025-07-28 18:00:00,STATION_A_01,599.87,32.2
2025-07-28 19:00:00,STATION_A_01,600.51,27.5
2025-07-28 20:00:00,STATION_A_01,612.05,26.1
2025-07-28 21:00:00,STATION_A_01,580.98,30.4
2025-07-28 22:00:00,STATION_A_01,456.0,26.8
2025-07-28 23:00:00,STATION_A_01,438.8,24.2
2025-07-29 00:00:00,STATION_A_01,368.19,22.3
2025-07-29 01:00:00,STATION_A_01,395.94,22.3
2025-07-29 02:00:00,STATION_A_01,382.49,20.6
2025-07-29 03:00:00,STATION_A_01,409.18,24.1
2025-07-29 04:00:00,STATION_A_01,395.97,21.3
2025-07-29 05:00:00,STATION_A_01,397.7,25.1
2025-07-29 06:00:00,STATION_A_01,433.2,23.2
2025-07-29 07:00:00,STATION_A_01,468.11,23.1
2025-07-29 08:00:00,STATION_A_01,495.41,25.3
2025-07-29 09:00:00,STATION_A_01,481.71,22.6
2025-07-29 10:00:00,STATION_A_01,466.77,28.4
2025-07-29 11:00:00,STATION_A_01,473.07,29.4
2025-07-29 12:00:00,STATION_A_01,498.38,32.2
2025-07-29 13:00:00,STATION_A_01,453.23,28.1
2025-07-29 14:00:00,STATION_A_01,482.48,34.1
2025-07-29 15:00:00,STATION_A_01,493.36,33.6
2025-07-29 16:00:00,STATION_A_01,502.86,34.2
2025-07-29 17:00:00,STATION_A_01,519.85,31.4
2025-07-29 18:00:00,STATION_A_01,596.32,32.6
2025-07-29 19:00:00,STATION_A_01,617.78,27.1
2025-07-29 20:00:00,STATION_A_01,636.19,29.9
2025-07-29 21:00:00,STATION_A_01,561.93,25.9
2025-07-29 22:00:00,STATION_A_01,494.18,23.1
2025-07-29 23:00:00,STATION_A_01,394.54,22.9
2025-07-30 00:00:00,STATION_A_01,366.91,23.9
2025-07-30 01:00:00,STATION_A_01,389.07,21.7
2025-07-30 02:00:00,STATION_A_01,394.31,23.3
2025-07-30 03:00:00,STATION_A_01,392.2,19.2
2025-07-30 04:00:00,STATION_A_01,405.35,18.8
2025-07-30 05:00:00,STATION_A_01,402.88,25.6
2025-07-30 06:00:00,STATION_A_01,427.98,25.5
2025-07-30 07:00:00,STATION_A_01,469.83,23.0
2025-07-30 08:00:00,STATION_A_01,496.82,26.1
2025-07-30 09:00:00,STATION_A_01,522.56,29.1
2025-07-30 10:00:00,STATION_A_01,476.84,29.3
2025-07-30 11:00:00,STATION_A_01,469.87,30.0
2025-07-30 12:00:00,STATION_A_01,503.73,32.7
2025-07-30 13:00:00,STATION_A_01,478.01,30.1
2025-07-30 14:00:00,STATION_A_01,502.37,32.0
2025-07-30 15:00:00,STATION_A_01,466.2,32.1
2025-07-30 16:00:00,STATION_A_01,461.0,31.4
2025-07-30 17:00:00,STATION_A_01,508.63,30.8
2025-07-30 18:00:00,STATION_A_01,577.88,30.8
2025-07-30 19:00:00,STATION_A_01,605.55,29.8
2025-07-30 20:00:00,STATION_A_01,608.44,26.7
2025-07-30 21:00:00,STATION_A_01,576.88,28.7
2025-07-30 22:00:00,STATION_A_01,449.46,24.3
2025-07-30 23:00:00,STATION_A_01,429.05,24.5
2025-07-31 00:00:00,STATION_A_01,364.66,23.3
2025-07-31 01:00:00,STATION_A_01,399.62,23.8
2025-07-31 02:00:00,STATION_A_01,385.09,18.8
2025-07-31 03:00:00,STATION_A_01,399.23,24.1
2025-07-31 04:00:00,STATION_A_01,382.83,21.4
2025-07-31 05:00:00,STATION_A_01,404.59,25.3
2025-07-31 06:00:00,STATION_A_01,426.23,23.0
2025-07-31 07:00:00,STATION_A_01,473.41,24.8
2025-07-31 08:00:00,STATION_A_01,552.94,29.5
2025-07-31 09:00:00,STATION_A_01,489.89,26.8
2025-07-31 10:00:00,STATION_A_01,520.7,30.7
2025-07-31 11:00:00,STATION_A_01,466.45,29.7
2025-07-31 12:00:00,STATION_A_01,505.17,31.4
2025-07-31 13:00:00,STATION_A_01,469.96,31.5
2025-07-31 14:00:00,STATION_A_01,494.76,33.4
2025-07-31 15:00:00,STATION_A_01,461.49,30.8
2025-07-31 16:00:00,STATION_A_01,483.4,30.1
2025-07-31 17:00:00,STATION_A_01,502.68,30.3
2025-07-31 18:00:00,STATION_A_01,540.36,30.8
2025-07-31 19:00:00,STATION_A_01,593.02,29.3
2025-07-31 20:00:00,STATION_A_01,601.91,29.8
2025-07-31 21:00:00,STATION_A_01,570.07,29.6
2025-07-31 22:00:00,STATION_A_01,466.0,24.3
2025-07-31 23:00:00,STATION_A_01,409.43,23.5
2025-08-01 00:00:00,STATION_A_01,382.74,21.2
2025-08-01 01:00:00,STATION_A_01,400.38,26.7
2025-08-01 02:00:00,STATION_A_01,376.94,23.1
2025-08-01 03:00:00,STATION_A_01,393.52,23.3
2025-08-01 04:00:00,STATION_A_01,395.97,20.2
2025-08-01 05:00:00,STATION_A_01,401.94,23.1
2025-08-01 06:00:00,STATION_A_01,439.38,24.7
2025-08-01 07:00:00,STATION_A_01,476.76,24.4
2025-08-01 08:00:00,STATION_A_01,520.74,27.9
2025-08-01 09:00:00,STATION_A_01,510.39,31.4
2025-08-01 10:00:00,STATION_A_01,469.58,26.8
2025-08-01 11:00:00,STATION_A_01,468.12,27.8
2025-08-01 12:00:00,STATION_A_01,471.73,29.0
2025-08-01 13:00:00,STATION_A_01,518.85,34.3
2025-08-01 14:00:00,STATION_A_01,498.78,33.7
2025-08-01 15:00:00,STATION_A_01,485.43,31.8
2025-08-01 16:00:00,STATION_A_01,478.32,31.9
2025-08-01 17:00:00,STATION_A_01,481.99,29.9
2025-08-01 18:00:00,STATION_A_01,595.53,32.2
2025-08-01 19:00:00,STATION_A_01,584.06,28.9
2025-08-01 20:00:00,STATION_A_01,604.24,28.0
2025-08-01 21:00:00,STATION_A_01,538.94,28.3
2025-08-01 22:00:00,STATION_A_01,450.6,25.6
2025-08-01 23:00:00,STATION_A_01,414.01,24.4
2025-08-02 00:00:00,STATION_A_01,403.45,23.8
2025-08-02 01:00:00,STATION_A_01,416.5,24.5
2025-08-02 02:00:00,STATION_A_01,411.7,25.5
2025-08-02 03:00:00,STATION_A_01,405.06,23.4
2025-08-02 04:00:00,STATION_A_01,429.59,24.0
2025-08-02 05:00:00,STATION_A_01,430.83,22.7
2025-08-02 06:00:00,STATION_A_01,467.91,22.5
2025-08-02 07:00:00,STATION_A_01,521.89,26.0
2025-08-02 08:00:00,STATION_A_01,548.5,26.2
2025-08-02 09:00:00,STATION_A_01,520.47,24.6
2025-08-02 10:00:00,STATION_A_01,494.15,27.8
2025-08-02 11:00:00,STATION_A_01,477.34,29.4
2025-08-02 12:00:00,STATION_A_01,502.86,29.7
2025-08-02 13:00:00,STATION_A_01,553.96,34.0
2025-08-02 14:00:00,STATION_A_01,525.91,32.7
2025-08-02 15:00:00,STATION_A_01,476.16,34.5
2025-08-02 16:00:00,STATION_A_01,519.83,32.3
2025-08-02 17:00:00,STATION_A_01,552.17,31.5
2025-08-02 18:00:00,STATION_A_01,581.05,28.9
2025-08-02 19:00:00,STATION_A_01,669.4,29.6
2025-08-02 20:00:00,STATION_A_01,650.09,28.4
2025-08-02 21:00:00,STATION_A_01,544.51,24.7
2025-08-02 22:00:00,STATION_A_01,498.57,25.0
2025-08-02 23:00:00,STATION_A_01,421.93,24.2
2025-08-03 00:00:00,STATION_A_01,409.8,24.5
2025-08-03 01:00:00,STATION_A_01,408.75,23.8
2025-08-03 02:00:00,STATION_A_01,401.67,21.5
2025-08-03 03:00:00,STATION_A_01,414.31,23.2
2025-08-03 04:00:00,STATION_A_01,428.66,22.2
2025-08-03 05:00:00,STATION_A_01,452.42,17.8
2025-08-03 06:00:00,STATION_A_01,468.32,22.9
2025-08-03 07:00:00,STATION_A_01,485.98,26.7
2025-08-03 08:00:00,STATION_A_01,507.95,22.9
2025-08-03 09:00:00,STATION_A_01,525.89,27.3
2025-08-03 10:00:00,STATION_A_01,524.71,31.2
2025-08-03 11:00:00,STATION_A_01,478.68,28.2
2025-08-03 12:00:00,STATION_A_01,531.52,30.5
2025-08-03 13:00:00,STATION_A_01,498.47,28.9
2025-08-03 14:00:00,STATION_A_01,543.94,34.7
2025-08-03 15:00:00,STATION_A_01,514.39,31.8
2025-08-03 16:00:00,STATION_A_01,504.89,31.9
2025-08-03 17:00:00,STATION_A_01,594.63,33.7
2025-08-03 18:00:00,STATION_A_01,596.63,31.7
2025-08-03 19:00:00,STATION_A_01,624.5,28.0
2025-08-03 20:00:00,STATION_A_01,610.48,27.2
2025-08-03 21:00:00,STATION_A_01,595.9,28.0
2025-08-03 22:00:00,STATION_A_01,491.95,24.8
2025-08-03 23:00:00,STATION_A_01,429.5,20.9
2025-08-04 00:00:00,STATION_A_01,377.87,23.6
2025-08-04 01:00:00,STATION_A_01,400.48,20.3
2025-08-04 02:00:00,STATION_A_01,390.26,25.4
2025-08-04 03:00:00,STATION_A_01,401.36,22.6
2025-08-04 04:00:00,STATION_A_01,389.82,20.8
2025-08-04 05:00:00,STATION_A_01,408.39,21.7
2025-08-04 06:00:00,STATION_A_01,436.33,20.3
2025-08-04 07:00:00,STATION_A_01,465.7,22.7
2025-08-04 08:00:00,STATION_A_01,507.82,27.7
2025-08-04 09:00:00,STATION_A_01,507.91,31.1
2025-08-04 10:00:00,STATION_A_01,488.52,29.6
2025-08-04 11:00:00,STATION_A_01,474.62,29.3
2025-08-04 12:00:00,STATION_A_01,482.85,29.7
2025-08-04 13:00:00,STATION_A_01,480.75,29.5
2025-08-04 14:00:00,STATION_A_01,508.94,35.4
2025-08-04 15:00:00,STATION_A_01,489.59,31.5
2025-08-04 16:00:00,STATION_A_01,513.48,35.5
2025-08-04 17:00:00,STATION_A_01,543.82,33.8
2025-08-04 18:00:00,STATION_A_01,557.25,27.3
2025-08-04 19:00:00,STATION_A_01,598.87,28.3
2025-08-04 20:00:00,STATION_A_01,594.5,27.1
2025-08-04 21:00:00,STATION_A_01,540.4,26.9
2025-08-04 22:00:00,STATION_A_01,440.32,25.7
2025-08-04 23:00:00,STATION_A_01,425.93,30.1
2025-08-05 00:00:00,STATION_A_01,372.84,21.7
2025-08-05 01:00:00,STATION_A_01,384.8,23.3
2025-08-05 02:00:00,STATION_A_01,382.6,23.5
2025-08-05 03:00:00,STATION_A_01,372.06,22.2
2025-08-05 04:00:00,STATION_A_01,391.26,22.6
2025-08-05 05:00:00,STATION_A_01,401.32,21.0
2025-08-05 06:00:00,STATION_A_01,445.48,23.8
2025-08-05 07:00:00,STATION_A_01,497.29,25.6
2025-08-05 08:00:00,STATION_A_01,503.87,26.4
2025-08-05 09:00:00,STATION_A_01,489.19,28.1
2025-08-05 10:00:00,STATION_A_01,498.84,30.8
2025-08-05 11:00:00,STATION_A_01,478.16,31.1
2025-08-05 12:00:00,STATION_A_01,473.34,30.6
2025-08-05 13:00:00,STATION_A_01,457.91,29.1
2025-08-05 14:00:00,STATION_A_01,467.88,30.6
2025-08-05 15:00:00,STATION_A_01,466.82,31.4
2025-08-05 16:00:00,STATION_A_01,485.94,32.1
2025-08-05 17:00:00,STATION_A_01,503.62,30.3
2025-08-05 18:00:00,STATION_A_01,574.52,28.7
2025-08-05 19:00:00,STATION_A_01,600.37,27.3
2025-08-05 20:00:00,STATION_A_01,582.88,25.3
2025-08-05 21:00:00,STATION_A_01,521.68,26.6
2025-08-05 22:00:00,STATION_A_01,440.87,23.1
2025-08-05 23:00:00,STATION_A_01,403.55,22.8
2025-08-06 00:00:00,STATION_A_01,378.14,22.9
2025-08-06 01:00:00,STATION_A_01,359.51,20.4
2025-08-06 02:00:00,STATION_A_01,375.11,23.0
2025-08-06 03:00:00,STATION_A_01,401.83,23.5
2025-08-06 04:00:00,STATION_A_01,392.75,21.4
2025-08-06 05:00:00,STATION_A_01,397.64,22.0
2025-08-06 06:00:00,STATION_A_01,435.85,24.5
2025-08-06 07:00:00,STATION_A_01,447.71,23.3
2025-08-06 08:00:00,STATION_A_01,497.46,24.3
2025-08-06 09:00:00,STATION_A_01,522.84,29.1
2025-08-06 10:00:00,STATION_A_01,480.4,29.8
2025-08-06 11:00:00,STATION_A_01,450.47,30.5
2025-08-06 12:00:00,STATION_A_01,481.3,32.0
2025-08-06 13:00:00,STATION_A_01,471.32,27.6
2025-08-06 14:00:00,STATION_A_01,501.85,34.0
2025-08-06 15:00:00,STATION_A_01,458.17,32.5
2025-08-06 16:00:00,STATION_A_01,514.5,33.4
2025-08-06 17:00:00,STATION_A_01,491.33,31.8
2025-08-06 18:00:00,STATION_A_01,559.16,30.5
2025-08-06 19:00:00,STATION_A_01,588.16,28.9
2025-08-06 20:00:00,STATION_A_01,587.34,28.9
2025-08-06 21:00:00,STATION_A_01,517.01,26.4
2025-08-06 22:00:00,STATION_A_01,469.85,27.3
2025-08-06 23:00:00,STATION_A_01,422.56,21.7
2025-08-07 00:00:00,STATION_A_01,380.53,22.5
2025-08-07 01:00:00,STATION_A_01,377.1,26.4
2025-08-07 02:00:00,STATION_A_01,389.23,21.2
2025-08-07 03:00:00,STATION_A_01,390.07,21.7
2025-08-07 04:00:00,STATION_A_01,390.67,20.7
2025-08-07 05:00:00,STATION_A_01,403.64,23.4
2025-08-07 06:00:00,STATION_A_01,429.26,22.2
2025-08-07 07:00:00,STATION_A_01,471.93,24.2
2025-08-07 08:00:00,STATION_A_01,500.55,27.2
2025-08-07 09:00:00,STATION_A_01,492.85,25.7
2025-08-07 10:00:00,STATION_A_01,506.95,29.6
2025-08-07 11:00:00,STATION_A_01,476.01,30.8
2025-08-07 12:00:00,STATION_A_01,486.78,32.2
2025-08-07 13:00:00,STATION_A_01,486.74,31.3
2025-08-07 14:00:00,STATION_A_01,513.41,37.4
2025-08-07 15:00:00,STATION_A_01,492.61,33.6
2025-08-07 16:00:00,STATION_A_01,479.7,32.1
2025-08-07 17:00:00,STATION_A_01,483.24,29.5
2025-08-07 18:00:00,STATION_A_01,571.84,30.1
2025-08-07 19:00:00,STATION_A_01,632.94,31.9
2025-08-07 20:00:00,STATION_A_01,609.63,31.2
2025-08-07 21:00:00,STATION_A_01,555.02,29.6
2025-08-07 22:00:00,STATION_A_01,462.52,27.1
2025-08-07 23:00:00,STATION_A_01,418.22,22.3
2025-08-08 00:00:00,STATION_A_01,391.87,24.3
2025-08-08 01:00:00,STATION_A_01,382.49,20.5
2025-08-08 02:00:00,STATION_A_01,380.85,19.5
2025-08-08 03:00:00,STATION_A_01,384.2,22.5
2025-08-08 04:00:00,STATION_A_01,391.09,23.2
2025-08-08 05:00:00,STATION_A_01,404.96,24.3
2025-08-08 06:00:00,STATION_A_01,432.98,24.4
2025-08-08 07:00:00,STATION_A_01,468.63,25.4
2025-08-08 08:00:00,STATION_A_01,504.57,23.8
2025-08-08 09:00:00,STATION_A_01,475.43,26.7
2025-08-08 10:00:00,STATION_A_01,479.81,25.4
2025-08-08 11:00:00,STATION_A_01,445.83,25.6
2025-08-08 12:00:00,STATION_A_01,467.05,31.6
2025-08-08 13:00:00,STATION_A_01,472.2,29.7
2025-08-08 14:00:00,STATION_A_01,498.95,33.1
2025-08-08 15:00:00,STATION_A_01,477.86,33.6
2025-08-08 16:00:00,STATION_A_01,442.53,30.4
2025-08-08 17:00:00,STATION_A_01,494.0,32.1
2025-08-08 18:00:00,STATION_A_01,555.74,29.1
2025-08-08 19:00:00,STATION_A_01,547.71,25.9
2025-08-08 20:00:00,STATION_A_01,573.23,28.3
2025-08-08 21:00:00,STATION_A_01,524.65,26.0
2025-08-08 22:00:00,STATION_A_01,447.78,24.8
2025-08-08 23:00:00,STATION_A_01,413.47,28.0
2025-08-09 00:00:00,STATION_A_01,400.48,20.6
2025-08-09 01:00:00,STATION_A_01,390.19,23.3
2025-08-09 02:00:00,STATION_A_01,410.88,20.4
2025-08-09 03:00:00,STATION_A_01,397.82,23.6
2025-08-09 04:00:00,STATION_A_01,404.06,22.7
2025-08-09 05:00:00,STATION_A_01,426.81,23.3
2025-08-09 06:00:00,STATION_A_01,451.36,21.7
2025-08-09 07:00:00,STATION_A_01,487.73,23.0
2025-08-09 08:00:00,STATION_A_01,503.47,27.2
2025-08-09 09:00:00,STATION_A_01,545.47,30.0
2025-08-09 10:00:00,STATION_A_01,501.25,28.9
2025-08-09 11:00:00,STATION_A_01,468.35,27.6
2025-08-09 12:00:00,STATION_A_01,489.11,30.8
2025-08-09 13:00:00,STATION_A_01,542.25,35.3
2025-08-09 14:00:00,STATION_A_01,512.26,31.6
2025-08-09 15:00:00,STATION_A_01,515.74,34.2
2025-08-09 16:00:00,STATION_A_01,505.44,30.1
2025-08-09 17:00:00,STATION_A_01,536.69,30.9
2025-08-09 18:00:00,STATION_A_01,598.93,31.3
2025-08-09 19:00:00,STATION_A_01,659.7,29.9
2025-08-09 20:00:00,STATION_A_01,613.63,26.7
2025-08-09 21:00:00,STATION_A_01,547.85,25.3
2025-08-09 22:00:00,STATION_A_01,503.52,27.3
2025-08-09 23:00:00,STATION_A_01,424.42,26.5
2025-08-10 00:00:00,STATION_A_01,405.35,26.0
2025-08-10 01:00:00,STATION_A_01,417.3,25.8
2025-08-10 02:00:00,STATION_A_01,408.1,22.3
2025-08-10 03:00:00,STATION_A_01,401.52,21.4
2025-08-10 04:00:00,STATION_A_01,390.7,24.5
2025-08-10 05:00:00,STATION_A_01,397.11,23.8
2025-08-10 06:00:00,STATION_A_01,477.83,21.6
2025-08-10 07:00:00,STATION_A_01,499.67,22.5
2025-08-10 08:00:00,STATION_A_01,514.28,26.4
2025-08-10 09:00:00,STATION_A_01,513.01,26.4
2025-08-10 10:00:00,STATION_A_01,479.05,27.9
2025-08-10 11:00:00,STATION_A_01,496.61,31.1
2025-08-10 12:00:00,STATION_A_01,494.54,31.5
2025-08-10 13:00:00,STATION_A_01,505.33,33.3
2025-08-10 14:00:00,STATION_A_01,449.54,27.9
2025-08-10 15:00:00,STATION_A_01,475.48,32.0
2025-08-10 16:00:00,STATION_A_01,516.38,32.6
2025-08-10 17:00:00,STATION_A_01,490.3,28.1
2025-08-10 18:00:00,STATION_A_01,585.18,28.9
2025-08-10 19:00:00,STATION_A_01,637.63,27.6
2025-08-10 20:00:00,STATION_A_01,625.6,28.0
2025-08-10 21:00:00,STATION_A_01,575.34,29.7
2025-08-10 22:00:00,STATION_A_01,502.21,29.1
2025-08-10 23:00:00,STATION_A_01,425.02,22.9
2025-08-11 00:00:00,STATION_A_01,392.89,24.2
2025-08-11 01:00:00,STATION_A_01,399.56,23.5
2025-08-11 02:00:00,STATION_A_01,395.39,22.7
2025-08-11 03:00:00,STATION_A_01,360.22,22.6
2025-08-11 04:00:00,STATION_A_01,380.41,22.6
2025-08-11 05:00:00,STATION_A_01,397.24,25.5
2025-08-11 06:00:00,STATION_A_01,431.83,25.2
2025-08-11 07:00:00,STATION_A_01,445.59,22.3
2025-08-11 08:00:00,STATION_A_01,472.98,26.8
2025-08-11 09:00:00,STATION_A_01,510.23,28.3
2025-08-11 10:00:00,STATION_A_01,459.61,28.5
2025-08-11 11:00:00,STATION_A_01,453.47,31.1
2025-08-11 12:00:00,STATION_A_01,455.51,30.4
2025-08-11 13:00:00,STATION_A_01,482.88,31.2
2025-08-11 14:00:00,STATION_A_01,464.16,31.5
2025-08-11 15:00:00,STATION_A_01,439.67,27.8
2025-08-11 16:00:00,STATION_A_01,451.04,31.1
2025-08-11 17:00:00,STATION_A_01,463.06,29.6
2025-08-11 18:00:00,STATION_A_01,553.94,27.9
2025-08-11 19:00:00,STATION_A_01,631.0,31.6
2025-08-11 20:00:00,STATION_A_01,591.08,28.8
2025-08-11 21:00:00,STATION_A_01,512.01,26.6
2025-08-11 22:00:00,STATION_A_01,464.36,24.4
2025-08-11 23:00:00,STATION_A_01,410.62,24.8
2025-08-12 00:00:00,STATION_A_01,391.37,25.0
2025-08-12 01:00:00,STATION_A_01,374.28,20.9
2025-08-12 02:00:00,STATION_A_01,380.6,21.9
2025-08-12 03:00:00,STATION_A_01,384.62,23.3
2025-08-12 04:00:00,STATION_A_01,384.8,18.5
2025-08-12 05:00:00,STATION_A_01,395.25,22.3
2025-08-12 06:00:00,STATION_A_01,419.2,22.4
2025-08-12 07:00:00,STATION_A_01,470.24,23.9
2025-08-12 08:00:00,STATION_A_01,470.54,24.4
2025-08-12 09:00:00,STATION_A_01,487.86,26.8
2025-08-12 10:00:00,STATION_A_01,490.61,31.3
2025-08-12 11:00:00,STATION_A_01,448.35,28.4
2025-08-12 12:00:00,STATION_A_01,474.14,30.5
2025-08-12 13:00:00,STATION_A_01,495.63,34.3
2025-08-12 14:00:00,STATION_A_01,455.64,30.2
2025-08-12 15:00:00,STATION_A_01,491.77,34.6
2025-08-12 16:00:00,STATION_A_01,469.33,31.2
2025-08-12 17:00:00,STATION_A_01,510.66,33.9
2025-08-12 18:00:00,STATION_A_01,554.12,31.3
2025-08-12 19:00:00,STATION_A_01,599.83,29.5
2025-08-12 20:00:00,STATION_A_01,575.81,27.7
2025-08-12 21:00:00,STATION_A_01,,25.5
2025-08-12 22:00:00,STATION_A_01,,25.5
2025-08-12 23:00:00,STATION_A_01,,25.8
2025-08-13 00:00:00,STATION_A_01,,23.1
2025-08-13 01:00:00,STATION_A_01,,21.8
2025-08-13 02:00:00,STATION_A_01,,21.4
2025-08-13 03:00:00,STATION_A_01,,23.5
2025-08-13 04:00:00,STATION_A_01,,24.1
2025-08-13 05:00:00,STATION_A_01,399.23,21.1
2025-08-13 06:00:00,STATION_A_01,396.96,21.9
2025-08-13 07:00:00,STATION_A_01,462.35,24.8
2025-08-13 08:00:00,STATION_A_01,504.27,28.0
2025-08-13 09:00:00,STATION_A_01,489.13,28.6
2025-08-13 10:00:00,STATION_A_01,447.34,25.5
2025-08-13 11:00:00,STATION_A_01,428.67,28.4
2025-08-13 12:00:00,STATION_A_01,417.51,28.2
2025-08-13 13:00:00,STATION_A_01,456.41,30.2
2025-08-13 14:00:00,STATION_A_01,494.06,34.0
2025-08-13 15:00:00,STATION_A_01,404.37,28.7
2025-08-13 16:00:00,STATION_A_01,,28.2
2025-08-13 17:00:00,STATION_A_01,455.31,29.2
2025-08-13 18:00:00,STATION_A_01,549.94,30.4
2025-08-13 19:00:00,STATION_A_01,636.74,30.0
2025-08-13 20:00:00,STATION_A_01,587.38,28.5
2025-08-13 21:00:00,STATION_A_01,532.55,28.6
2025-08-13 22:00:00,STATION_A_01,454.84,22.1
2025-08-13 23:00:00,STATION_A_01,404.26,26.2
2025-08-14 00:00:00,STATION_A_01,376.02,22.5
2025-08-14 01:00:00,STATION_A_01,387.25,23.6
2025-08-14 02:00:00,STATION_A_01,385.38,19.4
2025-08-14 03:00:00,STATION_A_01,381.57,21.6
2025-08-14 04:00:00,STATION_A_01,380.55,22.2
2025-08-14 05:00:00,STATION_A_01,390.71,24.3
2025-08-14 06:00:00,STATION_A_01,433.62,20.2
2025-08-14 07:00:00,STATION_A_01,459.03,24.1
2025-08-14 08:00:00,STATION_A_01,500.36,23.2
2025-08-14 09:00:00,STATION_A_01,469.22,27.3
2025-08-14 10:00:00,STATION_A_01,484.89,29.1
2025-08-14 11:00:00,STATION_A_01,474.31,31.1
2025-08-14 12:00:00,STATION_A_01,442.75,28.8
2025-08-14 13:00:00,STATION_A_01,488.84,32.2
2025-08-14 14:00:00,STATION_A_01,477.21,33.5
2025-08-14 15:00:00,STATION_A_01,437.23,28.3
2025-08-14 16:00:00,STATION_A_01,460.77,32.2
2025-08-14 17:00:00,STATION_A_01,500.51,32.3
2025-08-14 18:00:00,STATION_A_01,556.03,29.3
2025-08-14 19:00:00,STATION_A_01,579.59,26.6
2025-08-14 20:00:00,STATION_A_01,579.71,29.4
2025-08-14 21:00:00,STATION_A_01,495.87,24.3
2025-08-14 22:00:00,STATION_A_01,447.13,24.9
2025-08-14 23:00:00,STATION_A_01,404.98,23.9
2025-08-15 00:00:00,STATION_A_01,370.55,24.2
2025-08-15 01:00:00,STATION_A_01,392.78,21.0
2025-08-15 02:00:00,STATION_A_01,385.21,20.5
2025-08-15 03:00:00,STATION_A_01,371.62,21.7
2025-08-15 04:00:00,STATION_A_01,373.8,23.5
2025-08-15 05:00:00,STATION_A_01,392.86,26.3
2025-08-15 06:00:00,STATION_A_01,418.79,20.2
2025-08-15 07:00:00,STATION_A_01,476.98,24.5
2025-08-15 08:00:00,STATION_A_01,495.98,23.1
2025-08-15 09:00:00,STATION_A_01,488.28,28.2
2025-08-15 10:00:00,STATION_A_01,451.03,25.9
2025-08-15 11:00:00,STATION_A_01,450.38,27.5
2025-08-15 12:00:00,STATION_A_01,452.38,28.7
2025-08-15 13:00:00,STATION_A_01,472.13,30.4
2025-08-15 14:00:00,STATION_A_01,477.19,31.6
2025-08-15 15:00:00,STATION_A_01,468.3,32.0
2025-08-15 16:00:00,STATION_A_01,447.66,31.0
2025-08-15 17:00:00,STATION_A_01,460.37,28.1
2025-08-15 18:00:00,STATION_A_01,551.92,31.0
2025-08-15 19:00:00,STATION_A_01,578.77,28.6
2025-08-15 20:00:00,STATION_A_01,575.7,29.7
2025-08-15 21:00:00,STATION_A_01,517.67,25.1
2025-08-15 22:00:00,STATION_A_01,446.85,22.2
2025-08-15 23:00:00,STATION_A_01,386.43,23.9
2025-08-16 00:00:00,STATION_A_01,396.26,25.2
2025-08-16 01:00:00,STATION_A_01,396.86,22.4
2025-08-16 02:00:00,STATION_A_01,400.72,21.3
2025-08-16 03:00:00,STATION_A_01,388.67,19.9
2025-08-16 04:00:00,STATION_A_01,388.58,24.8
2025-08-16 05:00:00,STATION_A_01,421.38,20.2
2025-08-16 06:00:00,STATION_A_01,428.81,21.5
2025-08-16 07:00:00,STATION_A_01,485.38,24.9
2025-08-16 08:00:00,STATION_A_01,506.95,21.7
2025-08-16 09:00:00,STATION_A_01,517.27,28.5
2025-08-16 10:00:00,STATION_A_01,492.63,28.6
2025-08-16 11:00:00,STATION_A_01,507.67,30.3
2025-08-16 12:00:00,STATION_A_01,472.43,30.6
2025-08-16 13:00:00,STATION_A_01,503.34,30.1
2025-08-16 14:00:00,STATION_A_01,445.76,29.0
2025-08-16 15:00:00,STATION_A_01,497.18,30.8
2025-08-16 16:00:00,STATION_A_01,444.28,29.1
2025-08-16 17:00:00,STATION_A_01,554.37,31.3
2025-08-16 18:00:00,STATION_A_01,582.48,31.1
2025-08-16 19:00:00,STATION_A_01,672.24,31.3
2025-08-16 20:00:00,STATION_A_01,635.04,28.2
2025-08-16 21:00:00,STATION_A_01,549.02,27.9
2025-08-16 22:00:00,STATION_A_01,463.84,24.5
2025-08-16 23:00:00,STATION_A_01,414.08,23.0
2025-08-17 00:00:00,STATION_A_01,405.86,23.6
2025-08-17 01:00:00,STATION_A_01,393.35,21.3
2025-08-17 02:00:00,STATION_A_01,389.32,22.0
2025-08-17 03:00:00,STATION_A_01,406.37,19.4
2025-08-17 04:00:00,STATION_A_01,392.63,19.9
2025-08-17 05:00:00,STATION_A_01,411.13,23.1
2025-08-17 06:00:00,STATION_A_01,446.7,24.4
2025-08-17 07:00:00,STATION_A_01,478.92,22.0
2025-08-17 08:00:00,STATION_A_01,504.48,26.1
2025-08-17 09:00:00,STATION_A_01,515.95,25.2
2025-08-17 10:00:00,STATION_A_01,476.19,27.4
2025-08-17 11:00:00,STATION_A_01,488.03,31.1
2025-08-17 12:00:00,STATION_A_01,492.17,31.0
2025-08-17 13:00:00,STATION_A_01,509.53,31.7
2025-08-17 14:00:00,STATION_A_01,502.28,34.2
2025-08-17 15:00:00,STATION_A_01,475.46,29.7
2025-08-17 16:00:00,STATION_A_01,470.26,29.0
2025-08-17 17:00:00,STATION_A_01,478.29,29.0
2025-08-17 18:00:00,STATION_A_01,595.07,29.1
2025-08-17 19:00:00,STATION_A_01,617.65,24.3
2025-08-17 20:00:00,STATION_A_01,592.0,27.0
2025-08-17 21:00:00,STATION_A_01,520.79,25.2
2025-08-17 22:00:00,STATION_A_01,472.37,26.3
2025-08-17 23:00:00,STATION_A_01,406.54,24.4
2025-08-18 00:00:00,STATION_A_01,387.5,21.6
2025-08-18 01:00:00,STATION_A_01,369.67,23.0
2025-08-18 02:00:00,STATION_A_01,390.07,22.7
2025-08-18 03:00:00,STATION_A_01,367.26,19.9
2025-08-18 04:00:00,STATION_A_01,376.88,20.5
2025-08-18 05:00:00,STATION_A_01,412.33,17.9
2025-08-18 06:00:00,STATION_A_01,415.62,20.7
2025-08-18 07:00:00,STATION_A_01,461.53,22.3
2025-08-18 08:00:00,STATION_A_01,493.46,25.0
2025-08-18 09:00:00,STATION_A_01,460.09,24.4
2025-08-18 10:00:00,STATION_A_01,428.11,26.4
2025-08-18 11:00:00,STATION_A_01,412.13,26.3
2025-08-18 12:00:00,STATION_A_01,463.12,29.8
2025-08-18 13:00:00,STATION_A_01,473.0,31.0
2025-08-18 14:00:00,STATION_A_01,478.21,31.4
2025-08-18 15:00:00,STATION_A_01,447.72,30.9
2025-08-18 16:00:00,STATION_A_01,415.74,27.9
2025-08-18 17:00:00,STATION_A_01,443.77,29.1
2025-08-18 18:00:00,STATION_A_01,571.44,28.7
2025-08-18 19:00:00,STATION_A_01,584.36,27.7
2025-08-18 20:00:00,STATION_A_01,574.86,27.4
2025-08-18 21:00:00,STATION_A_01,531.16,28.6
2025-08-18 22:00:00,STATION_A_01,425.11,26.3
2025-08-18 23:00:00,STATION_A_01,389.04,21.9
2025-08-19 00:00:00,STATION_A_01,390.17,23.8
2025-08-19 01:00:00,STATION_A_01,379.64,23.0
2025-08-19 02:00:00,STATION_A_01,366.37,19.9
2025-08-19 03:00:00,STATION_A_01,361.91,22.7
2025-08-19 04:00:00,STATION_A_01,371.94,21.0
2025-08-19 05:00:00,STATION_A_01,389.04,19.3
2025-08-19 06:00:00,STATION_A_01,440.32,23.4
2025-08-19 07:00:00,STATION_A_01,454.85,24.0
2025-08-19 08:00:00,STATION_A_01,463.77,24.3
2025-08-19 09:00:00,STATION_A_01,464.91,25.9
2025-08-19 10:00:00,STATION_A_01,441.63,25.9
2025-08-19 11:00:00,STATION_A_01,435.47,29.5
2025-08-19 12:00:00,STATION_A_01,456.23,29.3
2025-08-19 13:00:00,STATION_A_01,477.48,30.4
2025-08-19 14:00:00,STATION_A_01,464.54,31.2
2025-08-19 15:00:00,STATION_A_01,425.26,28.7
2025-08-19 16:00:00,STATION_A_01,432.23,29.0
2025-08-19 17:00:00,STATION_A_01,429.58,26.1
2025-08-19 18:00:00,STATION_A_01,542.76,30.4
2025-08-19 19:00:00,STATION_A_01,564.75,26.2
2025-08-19 20:00:00,STATION_A_01,558.09,27.5
2025-08-19 21:00:00,STATION_A_01,534.57,26.6
2025-08-19 22:00:00,STATION_A_01,447.29,25.8
2025-08-19 23:00:00,STATION_A_01,377.74,21.4
2025-08-20 00:00:00,STATION_A_01,355.12,22.4
2025-08-20 01:00:00,STATION_A_01,362.76,24.7
2025-08-20 02:00:00,STATION_A_01,387.57,24.3
2025-08-20 03:00:00,STATION_A_01,381.5,22.9
2025-08-20 04:00:00,STATION_A_01,391.89,21.8
2025-08-20 05:00:00,STATION_A_01,388.64,19.9
2025-08-20 06:00:00,STATION_A_01,414.69,23.8
2025-08-20 07:00:00,STATION_A_01,441.11,23.2
2025-08-20 08:00:00,STATION_A_01,481.67,25.6
2025-08-20 09:00:00,STATION_A_01,462.03,24.7
2025-08-20 10:00:00,STATION_A_01,440.75,26.8
2025-08-20 11:00:00,STATION_A_01,461.43,28.6
2025-08-20 12:00:00,STATION_A_01,451.92,29.7
2025-08-20 13:00:00,STATION_A_01,481.41,30.9
2025-08-20 14:00:00,STATION_A_01,430.28,29.5
2025-08-20 15:00:00,STATION_A_01,460.1,28.3
2025-08-20 16:00:00,STATION_A_01,463.93,33.4
2025-08-20 17:00:00,STATION_A_01,520.65,34.5
2025-08-20 18:00:00,STATION_A_01,552.76,30.1
2025-08-20 19:00:00,STATION_A_01,549.78,25.9
2025-08-20 20:00:00,STATION_A_01,568.04,25.7
2025-08-20 21:00:00,STATION_A_01,520.39,26.8
2025-08-20 22:00:00,STATION_A_01,436.63,27.0
2025-08-20 23:00:00,STATION_A_01,387.97,21.3
2025-08-21 00:00:00,STATION_A_01,371.75,22.2
2025-08-21 01:00:00,STATION_A_01,370.2,22.0
2025-08-21 02:00:00,STATION_A_01,384.83,22.7
2025-08-21 03:00:00,STATION_A_01,378.69,20.4
2025-08-21 04:00:00,STATION_A_01,381.27,18.3
2025-08-21 05:00:00,STATION_A_01,393.24,22.7
2025-08-21 06:00:00,STATION_A_01,393.75,24.4
2025-08-21 07:00:00,STATION_A_01,447.45,23.2
2025-08-21 08:00:00,STATION_A_01,479.66,25.3
2025-08-21 09:00:00,STATION_A_01,476.63,24.9
2025-08-21 10:00:00,STATION_A_01,438.61,25.5
2025-08-21 11:00:00,STATION_A_01,469.24,30.0
2025-08-21 12:00:00,STATION_A_01,463.57,29.9
2025-08-21 13:00:00,STATION_A_01,457.45,30.8
2025-08-21 14:00:00,STATION_A_01,472.13,33.1
2025-08-21 15:00:00,STATION_A_01,436.46,28.7
2025-08-21 16:00:00,STATION_A_01,433.81,29.4
2025-08-21 17:00:00,STATION_A_01,496.4,30.2
2025-08-21 18:00:00,STATION_A_01,507.64,28.2
2025-08-21 19:00:00,STATION_A_01,594.22,29.6
2025-08-21 20:00:00,STATION_A_01,571.88,26.7
2025-08-21 21:00:00,STATION_A_01,496.75,24.0
2025-08-21 22:00:00,STATION_A_01,429.88,24.6
2025-08-21 23:00:00,STATION_A_01,393.38,23.7
2025-08-22 00:00:00,STATION_A_01,378.18,24.0
2025-08-22 01:00:00,STATION_A_01,365.55,22.2
2025-08-22 02:00:00,STATION_A_01,360.13,21.9
2025-08-22 03:00:00,STATION_A_01,382.04,21.4
2025-08-22 04:00:00,STATION_A_01,377.96,20.7
2025-08-22 05:00:00,STATION_A_01,396.27,20.2
2025-08-22 06:00:00,STATION_A_01,423.01,22.8
2025-08-22 07:00:00,STATION_A_01,479.26,22.7
2025-08-22 08:00:00,STATION_A_01,500.84,27.5
2025-08-22 09:00:00,STATION_A_01,469.39,28.1
2025-08-22 10:00:00,STATION_A_01,455.9,28.1
2025-08-22 11:00:00,STATION_A_01,435.42,28.8
2025-08-22 12:00:00,STATION_A_01,440.01,28.9
2025-08-22 13:00:00,STATION_A_01,422.4,27.6
2025-08-22 14:00:00,STATION_A_01,446.39,29.9
2025-08-22 15:00:00,STATION_A_01,450.93,30.7
2025-08-22 16:00:00,STATION_A_01,446.2,30.7
2025-08-22 17:00:00,STATION_A_01,465.92,30.7
2025-08-22 18:00:00,STATION_A_01,521.84,30.7
2025-08-22 19:00:00,STATION_A_01,592.73,26.8
2025-08-22 20:00:00,STATION_A_01,558.01,25.7
2025-08-22 21:00:00,STATION_A_01,507.8,28.3
2025-08-22 22:00:00,STATION_A_01,440.09,25.8
2025-08-22 23:00:00,STATION_A_01,415.52,22.6
2025-08-23 00:00:00,STATION_A_01,397.91,22.0
2025-08-23 01:00:00,STATION_A_01,363.22,21.2
2025-08-23 02:00:00,STATION_A_01,418.67,21.0
2025-08-23 03:00:00,STATION_A_01,373.35,21.6
2025-08-23 04:00:00,STATION_A_01,393.4,25.5
2025-08-23 05:00:00,STATION_A_01,396.25,21.7
2025-08-23 06:00:00,STATION_A_01,430.16,23.4
2025-08-23 07:00:00,STATION_A_01,483.1,20.1
2025-08-23 08:00:00,STATION_A_01,475.06,23.4
2025-08-23 09:00:00,STATION_A_01,502.06,27.8
2025-08-23 10:00:00,STATION_A_01,486.22,27.5
2025-08-23 11:00:00,STATION_A_01,436.5,20.1
2025-08-23 12:00:00,STATION_A_01,463.08,30.2
2025-08-23 13:00:00,STATION_A_01,504.93,33.2
2025-08-23 14:00:00,STATION_A_01,446.47,26.6
2025-08-23 15:00:00,STATION_A_01,480.68,33.1
2025-08-23 16:00:00,STATION_A_01,423.98,25.2
2025-08-23 17:00:00,STATION_A_01,519.93,31.4
2025-08-23 18:00:00,STATION_A_01,567.05,28.9
2025-08-23 19:00:00,STATION_A_01,569.65,23.7
2025-08-23 20:00:00,STATION_A_01,586.56,27.6
2025-08-23 21:00:00,STATION_A_01,544.79,27.6
2025-08-23 22:00:00,STATION_A_01,448.26,25.0
2025-08-23 23:00:00,STATION_A_01,417.61,24.2
2025-08-24 00:00:00,STATION_A_01,405.53,21.3
2025-08-24 01:00:00,STATION_A_01,398.83,17.9
2025-08-24 02:00:00,STATION_A_01,378.36,22.1
2025-08-24 03:00:00,STATION_A_01,395.22,23.8
2025-08-24 04:00:00,STATION_A_01,392.72,22.9
2025-08-24 05:00:00,STATION_A_01,415.86,17.7
2025-08-24 06:00:00,STATION_A_01,446.16,19.3
2025-08-24 07:00:00,STATION_A_01,486.96,21.5
2025-08-24 08:00:00,STATION_A_01,501.31,21.3
2025-08-24 09:00:00,STATION_A_01,486.52,25.5
2025-08-24 10:00:00,STATION_A_01,495.21,27.4
2025-08-24 11:00:00,STATION_A_01,459.08,25.3
2025-08-24 12:00:00,STATION_A_01,490.23,30.2
2025-08-24 13:00:00,STATION_A_01,488.18,30.7
2025-08-24 14:00:00,STATION_A_01,455.95,29.1
2025-08-24 15:00:00,STATION_A_01,477.31,29.9
2025-08-24 16:00:00,STATION_A_01,442.38,26.6
2025-08-24 17:00:00,STATION_A_01,485.26,29.0
2025-08-24 18:00:00,STATION_A_01,552.79,28.9
2025-08-24 19:00:00,STATION_A_01,590.65,28.2
2025-08-24 20:00:00,STATION_A_01,613.7,27.4
2025-08-24 21:00:00,STATION_A_01,536.23,25.9
2025-08-24 22:00:00,STATION_A_01,460.82,23.7
2025-08-24 23:00:00,STATION_A_01,414.19,23.6
2025-08-25 00:00:00,STATION_A_01,361.11,23.8
2025-08-25 01:00:00,STATION_A_01,347.26,21.0
2025-08-25 02:00:00,STATION_A_01,354.17,21.3
2025-08-25 03:00:00,STATION_A_01,361.08,20.2
2025-08-25 04:00:00,STATION_A_01,364.51,19.5
2025-08-25 05:00:00,STATION_A_01,386.16,22.1
2025-08-25 06:00:00,STATION_A_01,420.42,20.9
2025-08-25 07:00:00,STATION_A_01,448.68,23.6
2025-08-25 08:00:00,STATION_A_01,488.61,24.2
2025-08-25 09:00:00,STATION_A_01,449.25,24.8
2025-08-25 10:00:00,STATION_A_01,430.47,26.0
2025-08-25 11:00:00,STATION_A_01,424.3,26.8
2025-08-25 12:00:00,STATION_A_01,433.12,25.8
2025-08-25 13:00:00,STATION_A_01,455.48,30.2
2025-08-25 14:00:00,STATION_A_01,451.37,30.4
2025-08-25 15:00:00,STATION_A_01,429.13,31.7
2025-08-25 16:00:00,STATION_A_01,421.71,29.0
2025-08-25 17:00:00,STATION_A_01,506.91,32.9
2025-08-25 18:00:00,STATION_A_01,488.8,28.1
2025-08-25 19:00:00,STATION_A_01,570.84,26.2
2025-08-25 20:00:00,STATION_A_01,556.36,24.8
2025-08-25 21:00:00,STATION_A_01,486.2,22.2
2025-08-25 22:00:00,STATION_A_01,428.48,26.9
2025-08-25 23:00:00,STATION_A_01,409.46,25.4
2025-08-26 00:00:00,STATION_A_01,380.19,22.9
2025-08-26 01:00:00,STATION_A_01,367.78,19.5
2025-08-26 02:00:00,STATION_A_01,368.08,23.9
2025-08-26 03:00:00,STATION_A_01,361.95,19.8
2025-08-26 04:00:00,STATION_A_01,371.71,20.1
2025-08-26 05:00:00,STATION_A_01,375.67,23.7
2025-08-26 06:00:00,STATION_A_01,409.92,23.0
2025-08-26 07:00:00,STATION_A_01,476.58,26.8
2025-08-26 08:00:00,STATION_A_01,469.06,24.4
2025-08-26 09:00:00,STATION_A_01,445.03,24.5
2025-08-26 10:00:00,STATION_A_01,415.65,25.4
2025-08-26 11:00:00,STATION_A_01,419.34,24.3
2025-08-26 12:00:00,STATION_A_01,426.7,28.1
2025-08-26 13:00:00,STATION_A_01,465.15,31.4
2025-08-26 14:00:00,STATION_A_01,433.56,30.9
2025-08-26 15:00:00,STATION_A_01,444.04,30.1
2025-08-26 16:00:00,STATION_A_01,412.49,28.1
2025-08-26 17:00:00,STATION_A_01,468.94,29.8
2025-08-26 18:00:00,STATION_A_01,531.0,30.4
2025-08-26 19:00:00,STATION_A_01,596.64,28.4
2025-08-26 20:00:00,STATION_A_01,557.58,26.8
2025-08-26 21:00:00,STATION_A_01,519.68,23.8
2025-08-26 22:00:00,STATION_A_01,436.89,25.5
2025-08-26 23:00:00,STATION_A_01,416.2,17.2
2025-08-27 00:00:00,STATION_A_01,363.9,22.4
2025-08-27 01:00:00,STATION_A_01,369.18,25.6
2025-08-27 02:00:00,STATION_A_01,386.84,17.8
2025-08-27 03:00:00,STATION_A_01,375.58,19.9
2025-08-27 04:00:00,STATION_A_01,374.66,20.5
2025-08-27 05:00:00,STATION_A_01,378.23,20.1
2025-08-27 06:00:00,STATION_A_01,408.11,23.6
2025-08-27 07:00:00,STATION_A_01,461.33,23.6
2025-08-27 08:00:00,STATION_A_01,485.55,24.1
2025-08-27 09:00:00,STATION_A_01,453.58,26.5
2025-08-27 10:00:00,STATION_A_01,424.41,26.4
2025-08-27 11:00:00,STATION_A_01,457.28,33.2
2025-08-27 12:00:00,STATION_A_01,448.46,28.8
2025-08-27 13:00:00,STATION_A_01,437.19,29.6
2025-08-27 14:00:00,STATION_A_01,430.26,26.7
2025-08-27 15:00:00,STATION_A_01,433.43,28.9
2025-08-27 16:00:00,STATION_A_01,442.82,31.8
2025-08-27 17:00:00,STATION_A_01,463.54,26.9
2025-08-27 18:00:00,STATION_A_01,478.01,24.6
2025-08-27 19:00:00,STATION_A_01,586.29,27.6
2025-08-27 20:00:00,STATION_A_01,577.63,28.8
2025-08-27 21:00:00,STATION_A_01,466.9,25.2
2025-08-27 22:00:00,STATION_A_01,447.39,23.3
2025-08-27 23:00:00,STATION_A_01,400.98,19.4
2025-08-28 00:00:00,STATION_A_01,360.99,22.4
2025-08-28 01:00:00,STATION_A_01,355.91,22.0
2025-08-28 02:00:00,STATION_A_01,361.2,17.2
2025-08-28 03:00:00,STATION_A_01,388.59,22.2
2025-08-28 04:00:00,STATION_A_01,359.87,21.7
2025-08-28 05:00:00,STATION_A_01,368.11,22.9
2025-08-28 06:00:00,STATION_A_01,411.72,22.6
2025-08-28 07:00:00,STATION_A_01,428.02,23.8
2025-08-28 08:00:00,STATION_A_01,456.13,24.7
2025-08-28 09:00:00,STATION_A_01,471.6,26.6
2025-08-28 10:00:00,STATION_A_01,434.17,23.0
2025-08-28 11:00:00,STATION_A_01,411.87,24.7
2025-08-28 12:00:00,STATION_A_01,426.0,27.1
2025-08-28 13:00:00,STATION_A_01,436.88,28.9
2025-08-28 14:00:00,STATION_A_01,445.49,30.3
2025-08-28 15:00:00,STATION_A_01,427.73,30.4
2025-08-28 16:00:00,STATION_A_01,440.22,31.6
2025-08-28 17:00:00,STATION_A_01,469.26,31.2
2025-08-28 18:00:00,STATION_A_01,493.18,26.8
2025-08-28 19:00:00,STATION_A_01,578.4,27.8
2025-08-28 20:00:00,STATION_A_01,556.33,24.7
2025-08-28 21:00:00,STATION_A_01,480.46,24.7
2025-08-28 22:00:00,STATION_A_01,415.33,24.3
2025-08-28 23:00:00,STATION_A_01,400.97,16.5
2025-08-29 00:00:00,STATION_A_01,384.67,25.8
2025-08-29 01:00:00,STATION_A_01,354.53,21.7
2025-08-29 02:00:00,STATION_A_01,366.13,19.2
2025-08-29 03:00:00,STATION_A_01,365.67,23.5
2025-08-29 04:00:00,STATION_A_01,368.45,19.6
2025-08-29 05:00:00,STATION_A_01,375.26,21.0
2025-08-29 06:00:00,STATION_A_01,420.23,20.6
2025-08-29 07:00:00,STATION_A_01,451.35,25.4
2025-08-29 08:00:00,STATION_A_01,477.32,23.4
2025-08-29 09:00:00,STATION_A_01,461.37,25.1
2025-08-29 10:00:00,STATION_A_01,454.99,28.3
2025-08-29 11:00:00,STATION_A_01,449.33,28.3
2025-08-29 12:00:00,STATION_A_01,447.68,28.2
2025-08-29 13:00:00,STATION_A_01,483.64,31.0
2025-08-29 14:00:00,STATION_A_01,486.59,34.1
2025-08-29 15:00:00,STATION_A_01,426.92,30.2
2025-08-29 16:00:00,STATION_A_01,442.22,29.7
2025-08-29 17:00:00,STATION_A_01,470.33,29.3
2025-08-29 18:00:00,STATION_A_01,560.23,30.6
2025-08-29 19:00:00,STATION_A_01,533.03,26.2
2025-08-29 20:00:00,STATION_A_01,552.11,25.6
2025-08-29 21:00:00,STATION_A_01,482.61,22.1
2025-08-29 22:00:00,STATION_A_01,433.4,21.5
2025-08-29 23:00:00,STATION_A_01,384.51,21.5
2025-08-30 00:00:00,STATION_A_01,390.1,21.3
2025-08-30 01:00:00,STATION_A_01,371.17,23.8
2025-08-30 02:00:00,STATION_A_01,393.31,21.1
2025-08-30 03:00:00,STATION_A_01,395.2,18.3
2025-08-30 04:00:00,STATION_A_01,395.86,18.8
2025-08-30 05:00:00,STATION_A_01,422.09,23.1
2025-08-30 06:00:00,STATION_A_01,427.25,23.4
2025-08-30 07:00:00,STATION_A_01,476.04,22.4
2025-08-30 08:00:00,STATION_A_01,495.31,22.7
2025-08-30 09:00:00,STATION_A_01,489.47,26.8
2025-08-30 10:00:00,STATION_A_01,478.93,24.2
2025-08-30 11:00:00,STATION_A_01,453.7,27.9
2025-08-30 12:00:00,STATION_A_01,480.99,32.2
2025-08-30 13:00:00,STATION_A_01,491.99,29.3
2025-08-30 14:00:00,STATION_A_01,449.86,28.0
2025-08-30 15:00:00,STATION_A_01,440.7,30.3
2025-08-30 16:00:00,STATION_A_01,440.39,28.5
2025-08-30 17:00:00,STATION_A_01,450.28,26.4
2025-08-30 18:00:00,STATION_A_01,527.64,29.4
2025-08-30 19:00:00,STATION_A_01,601.7,29.2
2025-08-30 20:00:00,STATION_A_01,574.6,25.4
2025-08-30 21:00:00,STATION_A_01,535.64,24.1
2025-08-30 22:00:00,STATION_A_01,459.81,21.8
2025-08-30 23:00:00,STATION_A_01,415.21,22.1
2025-08-31 00:00:00,STATION_A_01,375.58,20.2
2025-08-31 01:00:00,STATION_A_01,399.23,18.6
2025-08-31 02:00:00,STATION_A_01,398.49,23.4
2025-08-31 03:00:00,STATION_A_01,389.07,20.7
2025-08-31 04:00:00,STATION_A_01,392.64,21.0
2025-08-31 05:00:00,STATION_A_01,387.72,22.1
2025-08-31 06:00:00,STATION_A_01,442.47,22.6
2025-08-31 07:00:00,STATION_A_01,492.68,21.5
2025-08-31 08:00:00,STATION_A_01,497.15,23.9
2025-08-31 09:00:00,STATION_A_01,472.25,24.1
2025-08-31 10:00:00,STATION_A_01,454.94,26.7
2025-08-31 11:00:00,STATION_A_01,445.49,27.6
2025-08-31 12:00:00,STATION_A_01,446.24,27.3
2025-08-31 13:00:00,STATION_A_01,453.95,26.4
2025-08-31 14:00:00,STATION_A_01,467.34,29.5
2025-08-31 15:00:00,STATION_A_01,461.74,29.1
2025-08-31 16:00:00,STATION_A_01,433.73,25.9
2025-08-31 17:00:00,STATION_A_01,479.26,29.7
2025-08-31 18:00:00,STATION_A_01,548.29,29.8
2025-08-31 19:00:00,STATION_A_01,620.57,31.6
2025-08-31 20:00:00,STATION_A_01,571.69,25.2
2025-08-31 21:00:00,STATION_A_01,542.83,23.7
2025-08-31 22:00:00,STATION_A_01,474.43,21.4
2025-08-31 23:00:00,STATION_A_01,417.04,22.6
2025-09-01 00:00:00,STATION_A_01,363.15,21.5
2025-09-01 01:00:00,STATION_A_01,353.54,18.9
2025-09-01 02:00:00,STATION_A_01,366.0,19.5
2025-09-01 03:00:00,STATION_A_01,370.27,16.1
2025-09-01 04:00:00,STATION_A_01,381.17,21.5
2025-09-01 05:00:00,STATION_A_01,365.88,18.9
2025-09-01 06:00:00,STATION_A_01,409.54,21.0
2025-09-01 07:00:00,STATION_A_01,435.54,19.5
2025-09-01 08:00:00,STATION_A_01,464.08,22.2
2025-09-01 09:00:00,STATION_A_01,459.45,24.0
2025-09-01 10:00:00,STATION_A_01,436.74,25.7
2025-09-01 11:00:00,STATION_A_01,424.25,27.8
2025-09-01 12:00:00,STATION_A_01,455.17,30.5
2025-09-01 13:00:00,STATION_A_01,438.09,30.0
2025-09-01 14:00:00,STATION_A_01,449.09,30.9
2025-09-01 15:00:00,STATION_A_01,454.69,31.9
2025-09-01 16:00:00,STATION_A_01,436.78,30.2
2025-09-01 17:00:00,STATION_A_01,447.18,28.6
2025-09-01 18:00:00,STATION_A_01,518.83,29.7
2025-09-01 19:00:00,STATION_A_01,582.65,28.8
2025-09-01 20:00:00,STATION_A_01,,26.9
2025-09-01 21:00:00,STATION_A_01,476.32,21.9
2025-09-01 22:00:00,STATION_A_01,431.74,21.7
2025-09-01 23:00:00,STATION_A_01,379.92,21.6
2025-09-02 00:00:00,STATION_A_01,347.7,22.4
2025-09-02 01:00:00,STATION_A_01,374.05,20.2
2025-09-02 02:00:00,STATION_A_01,351.08,21.8
2025-09-02 03:00:00,STATION_A_01,360.04,21.9
2025-09-02 04:00:00,STATION_A_01,359.1,21.9
2025-09-02 05:00:00,STATION_A_01,373.84,22.4
2025-09-02 06:00:00,STATION_A_01,399.33,19.1
2025-09-02 07:00:00,STATION_A_01,450.74,22.8
2025-09-02 08:00:00,STATION_A_01,464.66,22.0
2025-09-02 09:00:00,STATION_A_01,462.3,21.4
2025-09-02 10:00:00,STATION_A_01,417.91,25.1
2025-09-02 11:00:00,STATION_A_01,457.91,29.1
2025-09-02 12:00:00,STATION_A_01,410.78,28.6
2025-09-02 13:00:00,STATION_A_01,441.41,32.2
2025-09-02 14:00:00,STATION_A_01,454.41,29.3
2025-09-02 15:00:00,STATION_A_01,459.33,33.6
2025-09-02 16:00:00,STATION_A_01,430.27,29.3
2025-09-02 17:00:00,STATION_A_01,457.46,28.6
2025-09-02 18:00:00,STATION_A_01,498.03,25.5
2025-09-02 19:00:00,STATION_A_01,570.42,28.8
2025-09-02 20:00:00,STATION_A_01,526.32,24.7
2025-09-02 21:00:00,STATION_A_01,497.76,23.2
2025-09-02 22:00:00,STATION_A_01,431.58,25.4
2025-09-02 23:00:00,STATION_A_01,397.83,24.0
2025-09-03 00:00:00,STATION_A_01,377.25,22.9
2025-09-03 01:00:00,STATION_A_01,366.13,19.4
2025-09-03 02:00:00,STATION_A_01,351.17,19.5
2025-09-03 03:00:00,STATION_A_01,380.74,19.3
2025-09-03 04:00:00,STATION_A_01,354.68,21.0
2025-09-03 05:00:00,STATION_A_01,379.38,22.9
2025-09-03 06:00:00,STATION_A_01,401.3,21.5
2025-09-03 07:00:00,STATION_A_01,436.78,25.4
2025-09-03 08:00:00,STATION_A_01,471.68,24.6
2025-09-03 09:00:00,STATION_A_01,452.82,23.8
2025-09-03 10:00:00,STATION_A_01,436.55,27.0
2025-09-03 11:00:00,STATION_A_01,427.66,29.7
2025-09-03 12:00:00,STATION_A_01,447.87,31.2
2025-09-03 13:00:00,STATION_A_01,439.07,30.5
2025-09-03 14:00:00,STATION_A_01,428.75,28.9
2025-09-03 15:00:00,STATION_A_01,417.99,28.6
2025-09-03 16:00:00,STATION_A_01,450.32,29.9
2025-09-03 17:00:00,STATION_A_01,469.27,31.4
2025-09-03 18:00:00,STATION_A_01,481.69,28.4
2025-09-03 19:00:00,STATION_A_01,572.99,27.4
2025-09-03 20:00:00,STATION_A_01,545.2,25.6
2025-09-03 21:00:00,STATION_A_01,484.86,23.6
2025-09-03 22:00:00,STATION_A_01,418.71,22.7
2025-09-03 23:00:00,STATION_A_01,373.46,22.1
2025-09-04 00:00:00,STATION_A_01,378.22,23.8
2025-09-04 01:00:00,STATION_A_01,362.54,19.5
2025-09-04 02:00:00,STATION_A_01,345.57,19.6
2025-09-04 03:00:00,STATION_A_01,372.78,17.7
2025-09-04 04:00:00,STATION_A_01,375.1,20.7
2025-09-04 05:00:00,STATION_A_01,376.95,22.4
2025-09-04 06:00:00,STATION_A_01,393.85,23.6
2025-09-04 07:00:00,STATION_A_01,429.6,22.1
2025-09-04 08:00:00,STATION_A_01,450.68,23.9
2025-09-04 09:00:00,STATION_A_01,466.96,23.8
2025-09-04 10:00:00,STATION_A_01,424.4,26.3
2025-09-04 11:00:00,STATION_A_01,399.52,27.1
2025-09-04 12:00:00,STATION_A_01,427.92,27.6
2025-09-04 13:00:00,STATION_A_01,434.56,28.5
2025-09-04 14:00:00,STATION_A_01,429.56,29.5
2025-09-04 15:00:00,STATION_A_01,405.64,28.4
2025-09-04 16:00:00,STATION_A_01,406.4,28.3
2025-09-04 17:00:00,STATION_A_01,484.4,31.3
2025-09-04 18:00:00,STATION_A_01,545.42,32.4
2025-09-04 19:00:00,STATION_A_01,545.44,24.3
2025-09-04 20:00:00,STATION_A_01,541.4,23.1
2025-09-04 21:00:00,STATION_A_01,489.82,22.4
2025-09-04 22:00:00,STATION_A_01,417.65,22.7
2025-09-04 23:00:00,STATION_A_01,380.19,23.3
2025-09-05 00:00:00,STATION_A_01,370.38,21.6
2025-09-05 01:00:00,STATION_A_01,372.72,20.1
2025-09-05 02:00:00,STATION_A_01,348.13,20.3
2025-09-05 03:00:00,STATION_A_01,366.35,17.9
2025-09-05 04:00:00,STATION_A_01,375.6,18.9
2025-09-05 05:00:00,STATION_A_01,394.19,19.8
2025-09-05 06:00:00,STATION_A_01,431.92,17.7
2025-09-05 07:00:00,STATION_A_01,433.68,19.5
2025-09-05 08:00:00,STATION_A_01,476.22,20.7
2025-09-05 09:00:00,STATION_A_01,449.14,25.3
2025-09-05 10:00:00,STATION_A_01,433.92,25.6
2025-09-05 11:00:00,STATION_A_01,428.43,27.5
2025-09-05 12:00:00,STATION_A_01,398.32,24.0
2025-09-05 13:00:00,STATION_A_01,420.59,25.4
2025-09-05 14:00:00,STATION_A_01,447.0,29.8
2025-09-05 15:00:00,STATION_A_01,399.74,23.8
2025-09-05 16:00:00,STATION_A_01,431.59,30.8
2025-09-05 17:00:00,STATION_A_01,413.67,24.8
2025-09-05 18:00:00,STATION_A_01,521.11,28.9
2025-09-05 19:00:00,STATION_A_01,540.77,24.8
2025-09-05 20:00:00,STATION_A_01,533.88,27.1
2025-09-05 21:00:00,STATION_A_01,511.25,29.7
2025-09-05 22:00:00,STATION_A_01,430.24,18.6
2025-09-05 23:00:00,STATION_A_01,376.06,22.8
2025-09-06 00:00:00,STATION_A_01,392.36,17.2
2025-09-06 01:00:00,STATION_A_01,363.16,20.4
2025-09-06 02:00:00,STATION_A_01,399.06,18.8
2025-09-06 03:00:00,STATION_A_01,384.38,19.2
2025-09-06 04:00:00,STATION_A_01,383.42,17.5
2025-09-06 05:00:00,STATION_A_01,371.32,21.1
2025-09-06 06:00:00,STATION_A_01,448.07,17.8
2025-09-06 07:00:00,STATION_A_01,472.69,23.6
2025-09-06 08:00:00,STATION_A_01,490.51,21.8
2025-09-06 09:00:00,STATION_A_01,485.28,21.3
2025-09-06 10:00:00,STATION_A_01,472.08,27.9
2025-09-06 11:00:00,STATION_A_01,436.49,26.1
2025-09-06 12:00:00,STATION_A_01,1860.1,30.6
2025-09-06 13:00:00,STATION_A_01,464.86,30.2
2025-09-06 14:00:00,STATION_A_01,445.45,27.0
2025-09-06 15:00:00,STATION_A_01,457.01,28.5
2025-09-06 16:00:00,STATION_A_01,443.16,28.7
2025-09-06 17:00:00,STATION_A_01,512.0,30.7
2025-09-06 18:00:00,STATION_A_01,539.42,28.0
2025-09-06 19:00:00,STATION_A_01,580.06,26.5
2025-09-06 20:00:00,STATION_A_01,603.98,24.7
2025-09-06 21:00:00,STATION_A_01,535.23,23.7
2025-09-06 22:00:00,STATION_A_01,466.24,24.9
2025-09-06 23:00:00,STATION_A_01,395.5,21.4
2025-09-07 00:00:00,STATION_A_01,403.48,19.6
2025-09-07 01:00:00,STATION_A_01,385.37,18.5
2025-09-07 02:00:00,STATION_A_01,385.88,18.0
2025-09-07 03:00:00,STATION_A_01,373.58,16.3
2025-09-07 04:00:00,STATION_A_01,396.84,17.7
2025-09-07 05:00:00,STATION_A_01,384.95,22.2
2025-09-07 06:00:00,STATION_A_01,430.48,19.9
2025-09-07 07:00:00,STATION_A_01,,22.5
2025-09-07 08:00:00,STATION_A_01,521.29,18.0
2025-09-07 09:00:00,STATION_A_01,480.72,24.7
2025-09-07 10:00:00,STATION_A_01,472.91,24.6
2025-09-07 11:00:00,STATION_A_01,421.46,25.2
2025-09-07 12:00:00,STATION_A_01,463.49,27.4
2025-09-07 13:00:00,STATION_A_01,424.32,26.9
2025-09-07 14:00:00,STATION_A_01,434.87,24.5
2025-09-07 15:00:00,STATION_A_01,444.92,30.1
2025-09-07 16:00:00,STATION_A_01,439.08,28.7
2025-09-07 17:00:00,STATION_A_01,459.33,27.3
2025-09-07 18:00:00,STATION_A_01,503.68,25.3
2025-09-07 19:00:00,STATION_A_01,549.79,23.4
2025-09-07 20:00:00,STATION_A_01,561.07,25.3
2025-09-07 21:00:00,STATION_A_01,519.0,26.6
2025-09-07 22:00:00,STATION_A_01,459.58,22.8
2025-09-07 23:00:00,STATION_A_01,411.82,18.8
2025-09-08 00:00:00,STATION_A_01,368.76,20.5
2025-09-08 01:00:00,STATION_A_01,346.91,19.3
2025-09-08 02:00:00,STATION_A_01,353.94,20.4
2025-09-08 03:00:00,STATION_A_01,365.83,19.8
2025-09-08 04:00:00,STATION_A_01,390.74,13.5
2025-09-08 05:00:00,STATION_A_01,364.81,20.4
2025-09-08 06:00:00,STATION_A_01,418.16,18.3
2025-09-08 07:00:00,STATION_A_01,439.06,18.6
2025-09-08 08:00:00,STATION_A_01,449.63,21.9
2025-09-08 09:00:00,STATION_A_01,452.13,24.3
2025-09-08 10:00:00,STATION_A_01,420.66,21.8
2025-09-08 11:00:00,STATION_A_01,410.53,27.2
2025-09-08 12:00:00,STATION_A_01,419.87,28.3
2025-09-08 13:00:00,STATION_A_01,413.41,27.8
2025-09-08 14:00:00,STATION_A_01,407.41,26.6
2025-09-08 15:00:00,STATION_A_01,413.5,26.6
2025-09-08 16:00:00,STATION_A_01,429.84,30.0
2025-09-08 17:00:00,STATION_A_01,440.1,25.0
2025-09-08 18:00:00,STATION_A_01,516.35,28.8
2025-09-08 19:00:00,STATION_A_01,526.96,25.6
2025-09-08 20:00:00,STATION_A_01,511.8,24.6
2025-09-08 21:00:00,STATION_A_01,471.12,20.5
2025-09-08 22:00:00,STATION_A_01,412.91,22.0
2025-09-08 23:00:00,STATION_A_01,372.53,22.2
2025-09-09 00:00:00,STATION_A_01,376.32,17.6
2025-09-09 01:00:00,STATION_A_01,366.47,20.1
2025-09-09 02:00:00,STATION_A_01,382.62,18.9
2025-09-09 03:00:00,STATION_A_01,360.85,17.4
2025-09-09 04:00:00,STATION_A_01,376.02,20.3
2025-09-09 05:00:00,STATION_A_01,408.34,15.3
2025-09-09 06:00:00,STATION_A_01,397.93,20.6
2025-09-09 07:00:00,STATION_A_01,443.12,23.9
2025-09-09 08:00:00,STATION_A_01,473.09,24.7
2025-09-09 09:00:00,STATION_A_01,445.22,24.1
2025-09-09 10:00:00,STATION_A_01,418.55,24.1
2025-09-09 11:00:00,STATION_A_01,400.72,24.6
2025-09-09 12:00:00,STATION_A_01,385.87,26.2
2025-09-09 13:00:00,STATION_A_01,430.72,28.5
2025-09-09 14:00:00,STATION_A_01,403.26,26.6
2025-09-09 15:00:00,STATION_A_01,409.83,29.5
2025-09-09 16:00:00,STATION_A_01,443.92,31.9
2025-09-09 17:00:00,STATION_A_01,422.65,27.4
2025-09-09 18:00:00,STATION_A_01,495.61,24.4
2025-09-09 19:00:00,STATION_A_01,541.51,23.4
2025-09-09 20:00:00,STATION_A_01,528.65,26.0
2025-09-09 21:00:00,STATION_A_01,481.33,23.3
2025-09-09 22:00:00,STATION_A_01,406.71,23.7
2025-09-09 23:00:00,STATION_A_01,386.83,20.0
2025-09-10 00:00:00,STATION_A_01,358.74,21.3
2025-09-10 01:00:00,STATION_A_01,364.23,18.8
2025-09-10 02:00:00,STATION_A_01,372.56,17.3
2025-09-10 03:00:00,STATION_A_01,360.45,17.7
2025-09-10 04:00:00,STATION_A_01,359.91,16.4
2025-09-10 05:00:00,STATION_A_01,381.48,22.7
2025-09-10 06:00:00,STATION_A_01,408.52,19.7
2025-09-10 07:00:00,STATION_A_01,431.11,22.0
2025-09-10 08:00:00,STATION_A_01,462.61,21.0
2025-09-10 09:00:00,STATION_A_01,459.92,21.3
2025-09-10 10:00:00,STATION_A_01,431.95,24.1
2025-09-10 11:00:00,STATION_A_01,411.89,27.6
2025-09-10 12:00:00,STATION_A_01,393.18,25.7
2025-09-10 13:00:00,STATION_A_01,397.69,25.8
2025-09-10 14:00:00,STATION_A_01,417.87,28.1
2025-09-10 15:00:00,STATION_A_01,432.81,28.9
2025-09-10 16:00:00,STATION_A_01,423.39,30.8
2025-09-10 17:00:00,STATION_A_01,436.18,28.0
2025-09-10 18:00:00,STATION_A_01,491.53,27.8
2025-09-10 19:00:00,STATION_A_01,535.04,26.9
2025-09-10 20:00:00,STATION_A_01,533.22,22.4
2025-09-10 21:00:00,STATION_A_01,465.5,21.5
2025-09-10 22:00:00,STATION_A_01,431.0,20.0
2025-09-10 23:00:00,STATION_A_01,384.05,18.4
2025-09-11 00:00:00,STATION_A_01,379.58,21.1
2025-09-11 01:00:00,STATION_A_01,347.83,19.4
2025-09-11 02:00:00,STATION_A_01,377.17,18.6
2025-09-11 03:00:00,STATION_A_01,396.07,13.6
2025-09-11 04:00:00,STATION_A_01,356.32,22.1
2025-09-11 05:00:00,STATION_A_01,378.85,17.3
2025-09-11 06:00:00,STATION_A_01,389.83,23.4
2025-09-11 07:00:00,STATION_A_01,435.41,18.1
2025-09-11 08:00:00,STATION_A_01,457.21,20.4
2025-09-11 09:00:00,STATION_A_01,449.41,19.1
2025-09-11 10:00:00,STATION_A_01,401.59,25.0
2025-09-11 11:00:00,STATION_A_01,430.64,23.5
2025-09-11 12:00:00,STATION_A_01,405.78,24.5
2025-09-11 13:00:00,STATION_A_01,412.02,24.8
2025-09-11 14:00:00,STATION_A_01,420.53,29.1
2025-09-11 15:00:00,STATION_A_01,415.14,29.2
2025-09-11 16:00:00,STATION_A_01,428.09,31.0
2025-09-11 17:00:00,STATION_A_01,427.81,26.0
2025-09-11 18:00:00,STATION_A_01,491.24,26.9
2025-09-11 19:00:00,STATION_A_01,544.69,23.2
2025-09-11 20:00:00,STATION_A_01,535.91,23.7
2025-09-11 21:00:00,STATION_A_01,489.78,22.1
2025-09-11 22:00:00,STATION_A_01,418.6,22.7
2025-09-11 23:00:00,STATION_A_01,380.81,22.5
2025-09-12 00:00:00,STATION_A_01,353.98,21.3
2025-09-12 01:00:00,STATION_A_01,376.55,17.3
2025-09-12 02:00:00,STATION_A_01,359.26,20.1
2025-09-12 03:00:00,STATION_A_01,362.93,18.0
2025-09-12 04:00:00,STATION_A_01,367.06,17.7
2025-09-12 05:00:00,STATION_A_01,380.54,17.5
2025-09-12 06:00:00,STATION_A_01,405.76,18.5
2025-09-12 07:00:00,STATION_A_01,435.59,23.7
2025-09-12 08:00:00,STATION_A_01,450.09,22.2
2025-09-12 09:00:00,STATION_A_01,453.2,23.2
2025-09-12 10:00:00,STATION_A_01,427.61,23.7
2025-09-12 11:00:00,STATION_A_01,451.73,29.7
2025-09-12 12:00:00,STATION_A_01,419.93,28.7
2025-09-12 13:00:00,STATION_A_01,418.0,25.8
2025-09-12 14:00:00,STATION_A_01,392.44,27.1
2025-09-12 15:00:00,STATION_A_01,414.08,27.3
2025-09-12 16:00:00,STATION_A_01,394.79,27.8
2025-09-12 17:00:00,STATION_A_01,416.43,25.8
2025-09-12 18:00:00,STATION_A_01,497.16,27.1
2025-09-12 19:00:00,STATION_A_01,541.64,27.9
2025-09-12 20:00:00,STATION_A_01,521.7,21.8
2025-09-12 21:00:00,STATION_A_01,474.4,20.9
2025-09-12 22:00:00,STATION_A_01,426.19,20.8
2025-09-12 23:00:00,STATION_A_01,370.0,19.7
2025-09-13 00:00:00,STATION_A_01,376.68,23.0
2025-09-13 01:00:00,STATION_A_01,373.5,20.4
2025-09-13 02:00:00,STATION_A_01,386.01,19.8
2025-09-13 03:00:00,STATION_A_01,396.76,17.5
2025-09-13 04:00:00,STATION_A_01,372.31,17.6
2025-09-13 05:00:00,STATION_A_01,421.73,16.0
2025-09-13 06:00:00,STATION_A_01,415.77,20.8
2025-09-13 07:00:00,STATION_A_01,464.78,21.3
2025-09-13 08:00:00,STATION_A_01,471.84,23.8
2025-09-13 09:00:00,STATION_A_01,475.1,22.4
2025-09-13 10:00:00,STATION_A_01,472.67,23.8
2025-09-13 11:00:00,STATION_A_01,431.32,25.5
2025-09-13 12:00:00,STATION_A_01,439.85,27.8
2025-09-13 13:00:00,STATION_A_01,432.47,24.3
2025-09-13 14:00:00,STATION_A_01,432.25,28.7
2025-09-13 15:00:00,STATION_A_01,446.84,27.5
2025-09-13 16:00:00,STATION_A_01,424.86,25.5
2025-09-13 17:00:00,STATION_A_01,440.21,23.2
2025-09-13 18:00:00,STATION_A_01,498.74,25.9
2025-09-13 19:00:00,STATION_A_01,581.66,27.8
2025-09-13 20:00:00,STATION_A_01,587.32,27.0
2025-09-13 21:00:00,STATION_A_01,493.55,23.4
2025-09-13 22:00:00,STATION_A_01,455.73,25.1
2025-09-13 23:00:00,STATION_A_01,399.46,20.3
2025-09-14 00:00:00,STATION_A_01,367.74,20.9
2025-09-14 01:00:00,STATION_A_01,381.92,17.6
2025-09-14 02:00:00,STATION_A_01,406.83,17.1
2025-09-14 03:00:00,STATION_A_01,377.45,16.6
2025-09-14 04:00:00,STATION_A_01,396.93,14.3
2025-09-14 05:00:00,STATION_A_01,402.65,20.8
2025-09-14 06:00:00,STATION_A_01,433.49,18.1
2025-09-14 07:00:00,STATION_A_01,458.11,18.8
2025-09-14 08:00:00,STATION_A_01,499.41,19.2
2025-09-14 09:00:00,STATION_A_01,482.49,22.2
2025-09-14 10:00:00,STATION_A_01,454.52,27.0
2025-09-14 11:00:00,STATION_A_01,442.67,28.8
2025-09-14 12:00:00,STATION_A_01,426.61,23.0
2025-09-14 13:00:00,STATION_A_01,438.92,26.1
2025-09-14 14:00:00,STATION_A_01,414.42,25.4
2025-09-14 15:00:00,STATION_A_01,457.3,29.2
2025-09-14 16:00:00,STATION_A_01,452.87,27.8
2025-09-14 17:00:00,STATION_A_01,449.36,25.6
2025-09-14 18:00:00,STATION_A_01,517.78,26.1
2025-09-14 19:00:00,STATION_A_01,581.22,24.2
2025-09-14 20:00:00,STATION_A_01,599.36,26.8
2025-09-14 21:00:00,STATION_A_01,528.88,23.6
2025-09-14 22:00:00,STATION_A_01,422.53,22.6
2025-09-14 23:00:00,STATION_A_01,416.77,15.4
2025-09-15 00:00:00,STATION_A_01,364.03,18.9
2025-09-15 01:00:00,STATION_A_01,350.66,22.1
2025-09-15 02:00:00,STATION_A_01,371.75,20.2
2025-09-15 03:00:00,STATION_A_01,393.97,14.3
2025-09-15 04:00:00,STATION_A_01,361.77,17.3
2025-09-15 05:00:00,STATION_A_01,384.46,16.1
2025-09-15 06:00:00,STATION_A_01,390.1,22.1
2025-09-15 07:00:00,STATION_A_01,432.81,20.5
2025-09-15 08:00:00,STATION_A_01,453.62,19.8
2025-09-15 09:00:00,STATION_A_01,454.12,22.5
2025-09-15 10:00:00,STATION_A_01,412.24,19.0
2025-09-15 11:00:00,STATION_A_01,377.29,22.9
2025-09-15 12:00:00,STATION_A_01,389.99,25.9
2025-09-15 13:00:00,STATION_A_01,413.27,28.1
2025-09-15 14:00:00,STATION_A_01,397.53,23.6
2025-09-15 15:00:00,STATION_A_01,400.98,26.6
2025-09-15 16:00:00,STATION_A_01,404.82,28.9
2025-09-15 17:00:00,STATION_A_01,412.76,24.0
2025-09-15 18:00:00,STATION_A_01,472.88,26.3
2025-09-15 19:00:00,STATION_A_01,516.05,25.0
2025-09-15 20:00:00,STATION_A_01,530.05,26.8
2025-09-15 21:00:00,STATION_A_01,471.68,22.0
2025-09-15 22:00:00,STATION_A_01,424.57,20.9
2025-09-15 23:00:00,STATION_A_01,367.37,21.6
2025-09-16 00:00:00,STATION_A_01,365.12,16.5
2025-09-16 01:00:00,STATION_A_01,358.6,17.7
2025-09-16 02:00:00,STATION_A_01,375.06,16.8
2025-09-16 03:00:00,STATION_A_01,364.79,17.2
2025-09-16 04:00:00,STATION_A_01,371.58,19.2
2025-09-16 05:00:00,STATION_A_01,362.38,19.1
2025-09-16 06:00:00,STATION_A_01,407.71,17.6
2025-09-16 07:00:00,STATION_A_01,428.16,20.1
2025-09-16 08:00:00,STATION_A_01,440.59,23.7
2025-09-16 09:00:00,STATION_A_01,442.0,20.8
2025-09-16 10:00:00,STATION_A_01,435.89,23.8
2025-09-16 11:00:00,STATION_A_01,395.55,24.4
2025-09-16 12:00:00,STATION_A_01,405.3,25.6
2025-09-16 13:00:00,STATION_A_01,395.44,23.5
2025-09-16 14:00:00,STATION_A_01,411.73,29.5
2025-09-16 15:00:00,STATION_A_01,386.8,25.7
2025-09-16 16:00:00,STATION_A_01,410.44,28.8
2025-09-16 17:00:00,STATION_A_01,421.35,25.3
2025-09-16 18:00:00,STATION_A_01,479.21,24.6
2025-09-16 19:00:00,STATION_A_01,515.9,26.9
2025-09-16 20:00:00,STATION_A_01,521.67,25.3
2025-09-16 21:00:00,STATION_A_01,484.99,22.7
2025-09-16 22:00:00,STATION_A_01,402.05,22.4
2025-09-16 23:00:00,STATION_A_01,375.85,19.4
2025-09-17 00:00:00,STATION_A_01,362.39,18.7
2025-09-17 01:00:00,STATION_A_01,359.75,16.8
2025-09-17 02:00:00,STATION_A_01,361.33,19.1
2025-09-17 03:00:00,STATION_A_01,355.87,16.1
2025-09-17 04:00:00,STATION_A_01,366.52,20.2
2025-09-17 05:00:00,STATION_A_01,383.95,17.4
2025-09-17 06:00:00,STATION_A_01,403.17,18.8
2025-09-17 07:00:00,STATION_A_01,447.06,21.1
2025-09-17 08:00:00,STATION_A_01,450.87,20.9
2025-09-17 09:00:00,STATION_A_01,435.35,21.6
2025-09-17 10:00:00,STATION_A_01,431.67,23.3
2025-09-17 11:00:00,STATION_A_01,424.61,26.1
2025-09-17 12:00:00,STATION_A_01,399.02,24.3
2025-09-17 13:00:00,STATION_A_01,408.36,26.1
2025-09-17 14:00:00,STATION_A_01,420.36,26.8
2025-09-17 15:00:00,STATION_A_01,410.48,28.5
2025-09-17 16:00:00,STATION_A_01,406.44,26.6
2025-09-17 17:00:00,STATION_A_01,460.35,29.5
2025-09-17 18:00:00,STATION_A_01,474.65,25.2
2025-09-17 19:00:00,STATION_A_01,536.44,24.1
2025-09-17 20:00:00,STATION_A_01,529.82,23.1
2025-09-17 21:00:00,STATION_A_01,464.45,19.8
2025-09-17 22:00:00,STATION_A_01,410.08,19.0
2025-09-17 23:00:00,STATION_A_01,375.08,18.8
2025-09-18 00:00:00,STATION_A_01,363.0,20.6
2025-09-18 01:00:00,STATION_A_01,372.28,17.8
2025-09-18 02:00:00,STATION_A_01,,16.5
2025-09-18 03:00:00,STATION_A_01,361.51,19.4
2025-09-18 04:00:00,STATION_A_01,361.84,20.1
2025-09-18 05:00:00,STATION_A_01,372.22,20.1
2025-09-18 06:00:00,STATION_A_01,414.24,17.0
2025-09-18 07:00:00,STATION_A_01,445.8,18.7
2025-09-18 08:00:00,STATION_A_01,437.87,24.0
2025-09-18 09:00:00,STATION_A_01,433.08,22.4
2025-09-18 10:00:00,STATION_A_01,405.38,22.7
2025-09-18 11:00:00,STATION_A_01,415.58,25.7
2025-09-18 12:00:00,STATION_A_01,432.04,27.2
2025-09-18 13:00:00,STATION_A_01,385.78,25.1
2025-09-18 14:00:00,STATION_A_01,427.12,27.0
2025-09-18 15:00:00,STATION_A_01,411.62,28.4
2025-09-18 16:00:00,STATION_A_01,406.42,24.5
2025-09-18 17:00:00,STATION_A_01,431.96,26.2
2025-09-18 18:00:00,STATION_A_01,499.39,23.4
2025-09-18 19:00:00,STATION_A_01,533.2,22.6
2025-09-18 20:00:00,STATION_A_01,510.78,22.2
2025-09-18 21:00:00,STATION_A_01,476.76,22.8
2025-09-18 22:00:00,STATION_A_01,421.76,20.2
2025-09-18 23:00:00,STATION_A_01,380.7,18.4
2025-09-19 00:00:00,STATION_A_01,366.21,18.5
2025-09-19 01:00:00,STATION_A_01,370.8,15.6
2025-09-19 02:00:00,STATION_A_01,356.7,17.9
2025-09-19 03:00:00,STATION_A_01,348.39,19.0
2025-09-19 04:00:00,STATION_A_01,365.71,17.0
2025-09-19 05:00:00,STATION_A_01,382.38,17.3
2025-09-19 06:00:00,STATION_A_01,380.32,19.1
2025-09-19 07:00:00,STATION_A_01,444.84,
2025-09-19 08:00:00,STATION_A_01,430.61,21.5
2025-09-19 09:00:00,STATION_A_01,445.08,27.4
2025-09-19 10:00:00,STATION_A_01,429.22,22.8
2025-09-19 11:00:00,STATION_A_01,391.26,24.0
2025-09-19 12:00:00,STATION_A_01,417.04,26.5
2025-09-19 13:00:00,STATION_A_01,460.69,28.9
2025-09-19 14:00:00,STATION_A_01,434.18,28.2
2025-09-19 15:00:00,STATION_A_01,395.46,22.7
2025-09-19 16:00:00,STATION_A_01,414.62,27.5
2025-09-19 17:00:00,STATION_A_01,441.86,30.6
2025-09-19 18:00:00,STATION_A_01,463.92,26.3
2025-09-19 19:00:00,STATION_A_01,530.38,22.1
2025-09-19 20:00:00,STATION_A_01,534.72,23.6
2025-09-19 21:00:00,STATION_A_01,494.07,19.5
2025-09-19 22:00:00,STATION_A_01,409.78,22.8
2025-09-19 23:00:00,STATION_A_01,387.53,17.7
2025-09-20 00:00:00,STATION_A_01,383.54,18.4
2025-09-20 01:00:00,STATION_A_01,390.7,15.9
2025-09-20 02:00:00,STATION_A_01,391.03,16.0
2025-09-20 03:00:00,STATION_A_01,369.47,19.5
2025-09-20 04:00:00,STATION_A_01,393.6,17.2
2025-09-20 05:00:00,STATION_A_01,408.49,16.5
2025-09-20 06:00:00,STATION_A_01,432.94,16.2
2025-09-20 07:00:00,STATION_A_01,488.76,15.9
2025-09-20 08:00:00,STATION_A_01,504.1,18.1
2025-09-20 09:00:00,STATION_A_01,476.39,21.8
2025-09-20 10:00:00,STATION_A_01,429.04,24.6
2025-09-20 11:00:00,STATION_A_01,428.8,23.0
2025-09-20 12:00:00,STATION_A_01,433.04,27.9
2025-09-20 13:00:00,STATION_A_01,433.95,24.5
2025-09-20 14:00:00,STATION_A_01,417.17,25.8
2025-09-20 15:00:00,STATION_A_01,431.37,24.5
2025-09-20 16:00:00,STATION_A_01,442.79,28.1
2025-09-20 17:00:00,STATION_A_01,491.9,29.6
2025-09-20 18:00:00,STATION_A_01,523.59,21.9
2025-09-20 19:00:00,STATION_A_01,557.52,23.4
2025-09-20 20:00:00,STATION_A_01,554.47,25.2
2025-09-20 21:00:00,STATION_A_01,534.7,19.0
2025-09-20 22:00:00,STATION_A_01,438.75,21.4
2025-09-20 23:00:00,STATION_A_01,384.33,21.4
2025-09-21 00:00:00,STATION_A_01,392.45,18.2
2025-09-21 01:00:00,STATION_A_01,383.51,18.3
2025-09-21 02:00:00,STATION_A_01,389.84,20.0
2025-09-21 03:00:00,STATION_A_01,378.05,20.2
2025-09-21 04:00:00,STATION_A_01,392.29,16.7
2025-09-21 05:00:00,STATION_A_01,422.88,16.4
2025-09-21 06:00:00,STATION_A_01,419.17,16.4
2025-09-21 07:00:00,STATION_A_01,452.35,20.8
2025-09-21 08:00:00,STATION_A_01,481.4,17.8
2025-09-21 09:00:00,STATION_A_01,441.2,21.0
2025-09-21 10:00:00,STATION_A_01,450.78,22.9
2025-09-21 11:00:00,STATION_A_01,421.28,23.0
2025-09-21 12:00:00,STATION_A_01,439.84,25.4
2025-09-21 13:00:00,STATION_A_01,468.57,30.2
2025-09-21 14:00:00,STATION_A_01,433.78,25.9
2025-09-21 15:00:00,STATION_A_01,412.36,25.5
2025-09-21 16:00:00,STATION_A_01,424.25,27.9
2025-09-21 17:00:00,STATION_A_01,451.52,26.1
2025-09-21 18:00:00,STATION_A_01,534.5,27.5
2025-09-21 19:00:00,STATION_A_01,560.45,24.2
2025-09-21 20:00:00,STATION_A_01,550.17,22.3
2025-09-21 21:00:00,STATION_A_01,499.51,18.3
2025-09-21 22:00:00,STATION_A_01,455.83,17.3
2025-09-21 23:00:00,STATION_A_01,410.69,15.8
2025-09-22 00:00:00,STATION_A_01,358.5,18.6
2025-09-22 01:00:00,STATION_A_01,372.02,14.7
2025-09-22 02:00:00,STATION_A_01,353.79,18.9
2025-09-22 03:00:00,STATION_A_01,370.47,16.6
2025-09-22 04:00:00,STATION_A_01,377.43,16.2
2025-09-22 05:00:00,STATION_A_01,406.26,15.6
2025-09-22 06:00:00,STATION_A_01,408.27,19.0
2025-09-22 07:00:00,STATION_A_01,463.72,17.5
2025-09-22 08:00:00,STATION_A_01,452.21,18.3
2025-09-22 09:00:00,STATION_A_01,422.86,23.4
2025-09-22 10:00:00,STATION_A_01,415.48,23.2
2025-09-22 11:00:00,STATION_A_01,412.09,23.3
2025-09-22 12:00:00,STATION_A_01,412.6,25.9
2025-09-22 13:00:00,STATION_A_01,420.82,25.5
2025-09-22 14:00:00,STATION_A_01,380.15,26.6
2025-09-22 15:00:00,STATION_A_01,406.32,24.6
2025-09-22 16:00:00,STATION_A_01,423.45,29.7
2025-09-22 17:00:00,STATION_A_01,407.31,24.4
2025-09-22 18:00:00,STATION_A_01,501.84,27.5
2025-09-22 19:00:00,STATION_A_01,531.51,23.4
2025-09-22 20:00:00,STATION_A_01,533.67,24.0
2025-09-22 21:00:00,STATION_A_01,489.45,22.6
2025-09-22 22:00:00,STATION_A_01,419.94,22.1
2025-09-22 23:00:00,STATION_A_01,371.44,17.4
2025-09-23 00:00:00,STATION_A_01,353.5,19.7
2025-09-23 01:00:00,STATION_A_01,338.68,20.3
2025-09-23 02:00:00,STATION_A_01,375.28,16.0
2025-09-23 03:00:00,STATION_A_01,381.53,16.4
2025-09-23 04:00:00,STATION_A_01,362.47,15.6
2025-09-23 05:00:00,STATION_A_01,376.72,16.4
2025-09-23 06:00:00,STATION_A_01,386.9,20.8
2025-09-23 07:00:00,STATION_A_01,442.33,16.9
2025-09-23 08:00:00,STATION_A_01,467.28,18.2
2025-09-23 09:00:00,STATION_A_01,435.96,24.0
2025-09-23 10:00:00,STATION_A_01,422.51,23.5
2025-09-23 11:00:00,STATION_A_01,423.59,27.3
2025-09-23 12:00:00,STATION_A_01,416.65,23.7
2025-09-23 13:00:00,STATION_A_01,395.95,25.5
2025-09-23 14:00:00,STATION_A_01,417.02,24.6
2025-09-23 15:00:00,STATION_A_01,409.65,26.2
2025-09-23 16:00:00,STATION_A_01,410.94,22.6
2025-09-23 17:00:00,STATION_A_01,426.18,26.5
2025-09-23 18:00:00,STATION_A_01,470.76,25.1
2025-09-23 19:00:00,STATION_A_01,515.43,23.4
2025-09-23 20:00:00,STATION_A_01,513.09,21.7
2025-09-23 21:00:00,STATION_A_01,479.52,19.5
2025-09-23 22:00:00,STATION_A_01,424.28,21.2
2025-09-23 23:00:00,STATION_A_01,402.46,16.6
2025-09-24 00:00:00,STATION_A_01,354.77,18.5
2025-09-24 01:00:00,STATION_A_01,353.07,20.5
2025-09-24 02:00:00,STATION_A_01,356.41,19.0
2025-09-24 03:00:00,STATION_A_01,373.21,13.5
2025-09-24 04:00:00,STATION_A_01,382.37,15.4
2025-09-24 05:00:00,STATION_A_01,381.94,17.6
2025-09-24 06:00:00,STATION_A_01,408.49,17.4
2025-09-24 07:00:00,STATION_A_01,455.86,16.0
2025-09-24 08:00:00,STATION_A_01,460.4,20.4
2025-09-24 09:00:00,STATION_A_01,447.82,20.9
2025-09-24 10:00:00,STATION_A_01,406.26,25.6
2025-09-24 11:00:00,STATION_A_01,412.17,22.9
2025-09-24 12:00:00,STATION_A_01,410.75,26.5
2025-09-24 13:00:00,STATION_A_01,403.05,22.8
2025-09-24 14:00:00,STATION_A_01,404.82,23.7
2025-09-24 15:00:00,STATION_A_01,403.85,27.1
2025-09-24 16:00:00,STATION_A_01,416.63,27.5
2025-09-24 17:00:00,STATION_A_01,412.48,23.4
2025-09-24 18:00:00,STATION_A_01,496.51,24.4
2025-09-24 19:00:00,STATION_A_01,529.09,20.9
2025-09-24 20:00:00,STATION_A_01,521.07,21.9
2025-09-24 21:00:00,STATION_A_01,470.04,22.5
2025-09-24 22:00:00,STATION_A_01,408.91,18.9
2025-09-24 23:00:00,STATION_A_01,365.62,18.1
2025-09-25 00:00:00,STATION_A_01,377.89,15.4
2025-09-25 01:00:00,STATION_A_01,390.05,15.5
2025-09-25 02:00:00,STATION_A_01,341.06,19.3
2025-09-25 03:00:00,STATION_A_01,359.86,16.1
2025-09-25 04:00:00,STATION_A_01,386.45,14.3
2025-09-25 05:00:00,STATION_A_01,383.86,16.1
2025-09-25 06:00:00,STATION_A_01,428.68,14.5
2025-09-25 07:00:00,STATION_A_01,447.85,16.6
2025-09-25 08:00:00,STATION_A_01,446.16,22.0
2025-09-25 09:00:00,STATION_A_01,438.15,20.5
2025-09-25 10:00:00,STATION_A_01,389.47,25.4
2025-09-25 11:00:00,STATION_A_01,390.68,23.0
2025-09-25 12:00:00,STATION_A_01,414.75,24.1
2025-09-25 13:00:00,STATION_A_01,420.84,26.1
2025-09-25 14:00:00,STATION_A_01,416.94,20.6
2025-09-25 15:00:00,STATION_A_01,397.57,26.0
2025-09-25 16:00:00,STATION_A_01,371.57,25.3
2025-09-25 17:00:00,STATION_A_01,428.34,27.6
2025-09-25 18:00:00,STATION_A_01,496.34,25.9
2025-09-25 19:00:00,STATION_A_01,550.91,21.1
2025-09-25 20:00:00,STATION_A_01,546.55,24.3
2025-09-25 21:00:00,STATION_A_01,473.61,20.3
2025-09-25 22:00:00,STATION_A_01,409.94,17.9
2025-09-25 23:00:00,STATION_A_01,379.83,18.7
2025-09-26 00:00:00,STATION_A_01,365.58,16.9
2025-09-26 01:00:00,STATION_A_01,370.73,19.2
2025-09-26 02:00:00,STATION_A_01,368.69,16.6
2025-09-26 03:00:00,STATION_A_01,368.78,16.2
2025-09-26 04:00:00,STATION_A_01,366.88,17.6
2025-09-26 05:00:00,STATION_A_01,378.55,18.4
2025-09-26 06:00:00,STATION_A_01,408.11,18.6
2025-09-26 07:00:00,STATION_A_01,424.39,20.8
2025-09-26 08:00:00,STATION_A_01,440.42,20.5
2025-09-26 09:00:00,STATION_A_01,456.31,20.9
2025-09-26 10:00:00,STATION_A_01,397.35,24.1
2025-09-26 11:00:00,STATION_A_01,419.68,22.8
2025-09-26 12:00:00,STATION_A_01,384.55,24.1
2025-09-26 13:00:00,STATION_A_01,413.95,27.9
2025-09-26 14:00:00,STATION_A_01,427.47,28.2
2025-09-26 15:00:00,STATION_A_01,392.96,25.4
2025-09-26 16:00:00,STATION_A_01,381.1,24.4
2025-09-26 17:00:00,STATION_A_01,438.66,27.4
2025-09-26 18:00:00,STATION_A_01,480.52,25.4
2025-09-26 19:00:00,STATION_A_01,525.48,23.6
2025-09-26 20:00:00,STATION_A_01,519.14,21.3
2025-09-26 21:00:00,STATION_A_01,475.97,21.2
2025-09-26 22:00:00,STATION_A_01,411.46,19.3
2025-09-26 23:00:00,STATION_A_01,411.75,17.0
2025-09-27 00:00:00,STATION_A_01,383.12,17.3
2025-09-27 01:00:00,STATION_A_01,383.9,16.8
2025-09-27 02:00:00,STATION_A_01,388.9,15.1
2025-09-27 03:00:00,STATION_A_01,404.02,17.3
2025-09-27 04:00:00,STATION_A_01,369.44,18.1
2025-09-27 05:00:00,STATION_A_01,402.47,18.0
2025-09-27 06:00:00,STATION_A_01,432.46,16.5
2025-09-27 07:00:00,STATION_A_01,444.35,19.4
2025-09-27 08:00:00,STATION_A_01,473.15,19.3
2025-09-27 09:00:00,STATION_A_01,480.05,18.2
2025-09-27 10:00:00,STATION_A_01,429.97,22.9
2025-09-27 11:00:00,STATION_A_01,429.46,23.1
2025-09-27 12:00:00,STATION_A_01,467.13,28.5
2025-09-27 13:00:00,STATION_A_01,442.61,27.2
2025-09-27 14:00:00,STATION_A_01,412.49,26.4
2025-09-27 15:00:00,STATION_A_01,407.26,25.7
2025-09-27 16:00:00,STATION_A_01,415.08,25.4
2025-09-27 17:00:00,STATION_A_01,444.95,22.8
2025-09-27 18:00:00,STATION_A_01,510.34,20.7
2025-09-27 19:00:00,STATION_A_01,564.56,21.3
2025-09-27 20:00:00,STATION_A_01,584.38,21.6
2025-09-27 21:00:00,STATION_A_01,523.44,16.6
2025-09-27 22:00:00,STATION_A_01,434.71,18.2
2025-09-27 23:00:00,STATION_A_01,420.1,17.6
2025-09-28 00:00:00,STATION_A_01,401.49,16.5
2025-09-28 01:00:00,STATION_A_01,397.57,14.9
2025-09-28 02:00:00,STATION_A_01,392.31,15.0
2025-09-28 03:00:00,STATION_A_01,386.91,18.6
2025-09-28 04:00:00,STATION_A_01,389.08,16.8
2025-09-28 05:00:00,STATION_A_01,389.26,15.1
2025-09-28 06:00:00,STATION_A_01,440.53,16.7
2025-09-28 07:00:00,STATION_A_01,480.23,17.8
2025-09-28 08:00:00,STATION_A_01,510.76,17.6
2025-09-28 09:00:00,STATION_A_01,463.64,18.9
2025-09-28 10:00:00,STATION_A_01,442.34,23.3
2025-09-28 11:00:00,STATION_A_01,429.24,21.9
2025-09-28 12:00:00,STATION_A_01,429.68,21.7
2025-09-28 13:00:00,STATION_A_01,432.94,24.3
2025-09-28 14:00:00,STATION_A_01,426.46,25.1
2025-09-28 15:00:00,STATION_A_01,418.63,21.5
2025-09-28 16:00:00,STATION_A_01,426.14,24.8
2025-09-28 17:00:00,STATION_A_01,463.21,26.0
2025-09-28 18:00:00,STATION_A_01,498.23,24.5
2025-09-28 19:00:00,STATION_A_01,563.74,26.7
2025-09-28 20:00:00,STATION_A_01,552.96,23.8
2025-09-28 21:00:00,STATION_A_01,497.33,22.9
2025-09-28 22:00:00,STATION_A_01,420.94,24.1
2025-09-28 23:00:00,STATION_A_01,400.89,19.2
2025-09-29 00:00:00,STATION_A_01,369.25,17.0
2025-09-29 01:00:00,STATION_A_01,360.55,17.7
2025-09-29 02:00:00,STATION_A_01,374.55,14.4
2025-09-29 03:00:00,STATION_A_01,375.17,15.5
2025-09-29 04:00:00,STATION_A_01,392.86,14.3
2025-09-29 05:00:00,STATION_A_01,377.46,16.6
2025-09-29 06:00:00,STATION_A_01,402.22,15.5
2025-09-29 07:00:00,STATION_A_01,448.12,16.4
2025-09-29 08:00:00,STATION_A_01,476.93,19.6
2025-09-29 09:00:00,STATION_A_01,427.83,19.8
2025-09-29 10:00:00,STATION_A_01,431.77,17.9
2025-09-29 11:00:00,STATION_A_01,415.03,19.9
2025-09-29 12:00:00,STATION_A_01,379.52,21.4
2025-09-29 13:00:00,STATION_A_01,411.48,22.6
2025-09-29 14:00:00,STATION_A_01,408.16,25.5
2025-09-29 15:00:00,STATION_A_01,389.97,25.3
2025-09-29 16:00:00,STATION_A_01,391.89,26.6
2025-09-29 17:00:00,STATION_A_01,416.97,25.6
2025-09-29 18:00:00,STATION_A_01,475.27,25.4
2025-09-29 19:00:00,STATION_A_01,523.95,23.6
2025-09-29 20:00:00,STATION_A_01,520.63,21.7
2025-09-29 21:00:00,STATION_A_01,471.83,22.1
2025-09-29 22:00:00,STATION_A_01,427.28,20.5
2025-09-29 23:00:00,STATION_A_01,369.42,18.4
2025-09-30 00:00:00,STATION_A_01,341.34,18.8
2025-09-30 01:00:00,STATION_A_01,397.95,11.5
2025-09-30 02:00:00,STATION_A_01,371.53,14.7
2025-09-30 03:00:00,STATION_A_01,370.88,14.5
2025-09-30 04:00:00,STATION_A_01,365.84,17.3
2025-09-30 05:00:00,STATION_A_01,375.78,18.6
2025-09-30 06:00:00,STATION_A_01,416.07,13.9
2025-09-30 07:00:00,STATION_A_01,437.88,20.0
2025-09-30 08:00:00,STATION_A_01,457.93,16.5
2025-09-30 09:00:00,STATION_A_01,447.15,17.8
2025-09-30 10:00:00,STATION_A_01,390.84,20.7
2025-09-30 11:00:00,STATION_A_01,414.47,21.7
2025-09-30 12:00:00,STATION_A_01,402.47,20.5
2025-09-30 13:00:00,STATION_A_01,414.17,25.2
2025-09-30 14:00:00,STATION_A_01,406.77,25.8
2025-09-30 15:00:00,STATION_A_01,402.28,26.6
2025-09-30 16:00:00,STATION_A_01,394.21,23.8
2025-09-30 17:00:00,STATION_A_01,427.68,24.0
2025-09-30 18:00:00,STATION_A_01,467.31,23.2
2025-09-30 19:00:00,STATION_A_01,511.94,25.3
2025-09-30 20:00:00,STATION_A_01,548.79,16.0
2025-09-30 21:00:00,STATION_A_01,476.98,18.2
2025-09-30 22:00:00,STATION_A_01,436.05,18.7
2025-09-30 23:00:00,STATION_A_01,396.82,15.5
2025-10-01 00:00:00,STATION_A_01,296.9,15.9
2025-10-01 01:00:00,STATION_A_01,302.06,15.3
2025-10-01 02:00:00,STATION_A_01,309.89,13.9
2025-10-01 03:00:00,STATION_A_01,305.1,15.0
2025-10-01 04:00:00,STATION_A_01,306.58,16.2
2025-10-01 05:00:00,STATION_A_01,318.39,15.1
2025-10-01 06:00:00,STATION_A_01,327.8,15.5
2025-10-01 07:00:00,STATION_A_01,345.5,17.0
2025-10-01 08:00:00,STATION_A_01,373.61,18.5
2025-10-01 09:00:00,STATION_A_01,379.97,16.6
2025-10-01 10:00:00,STATION_A_01,336.82,21.8
2025-10-01 11:00:00,STATION_A_01,340.37,21.3
2025-10-01 12:00:00,STATION_A_01,331.1,25.4
2025-10-01 13:00:00,STATION_A_01,345.54,24.9
2025-10-01 14:00:00,STATION_A_01,341.95,26.5
2025-10-01 15:00:00,STATION_A_01,330.72,22.7
2025-10-01 16:00:00,STATION_A_01,313.16,23.7
2025-10-01 17:00:00,STATION_A_01,347.3,21.6
2025-10-01 18:00:00,STATION_A_01,405.46,21.8
2025-10-01 19:00:00,STATION_A_01,435.98,24.4
2025-10-01 20:00:00,STATION_A_01,438.54,23.6
2025-10-01 21:00:00,STATION_A_01,385.91,17.7
2025-10-01 22:00:00,STATION_A_01,365.92,17.7
2025-10-01 23:00:00,STATION_A_01,310.16,17.2
2025-10-02 00:00:00,STATION_A_01,282.78,17.2
2025-10-02 01:00:00,STATION_A_01,311.24,12.2
2025-10-02 02:00:00,STATION_A_01,294.75,12.0
2025-10-02 03:00:00,STATION_A_01,295.17,15.6
2025-10-02 04:00:00,STATION_A_01,341.17,11.4
2025-10-02 05:00:00,STATION_A_01,316.49,14.6
2025-10-02 06:00:00,STATION_A_01,324.25,16.4
2025-10-02 07:00:00,STATION_A_01,362.79,17.9
2025-10-02 08:00:00,STATION_A_01,370.12,18.0
2025-10-02 09:00:00,STATION_A_01,373.58,18.9
2025-10-02 10:00:00,STATION_A_01,332.13,22.3
2025-10-02 11:00:00,STATION_A_01,332.05,22.5
2025-10-02 12:00:00,STATION_A_01,321.58,21.8
2025-10-02 13:00:00,STATION_A_01,356.27,23.8
2025-10-02 14:00:00,STATION_A_01,333.71,24.9
2025-10-02 15:00:00,STATION_A_01,328.46,27.4
2025-10-02 16:00:00,STATION_A_01,320.78,25.6
2025-10-02 17:00:00,STATION_A_01,342.12,25.9
2025-10-02 18:00:00,STATION_A_01,385.15,21.8
2025-10-02 19:00:00,STATION_A_01,424.0,21.0
2025-10-02 20:00:00,STATION_A_01,451.12,20.4
2025-10-02 21:00:00,STATION_A_01,387.68,19.3
2025-10-02 22:00:00,STATION_A_01,333.33,16.5
2025-10-02 23:00:00,STATION_A_01,299.72,19.4
2025-10-03 00:00:00,STATION_A_01,304.26,17.6
2025-10-03 01:00:00,STATION_A_01,304.32,14.6
2025-10-03 02:00:00,STATION_A_01,301.43,15.9
2025-10-03 03:00:00,STATION_A_01,315.13,15.0
2025-10-03 04:00:00,STATION_A_01,298.85,16.0
2025-10-03 05:00:00,STATION_A_01,330.94,12.8
2025-10-03 06:00:00,STATION_A_01,333.46,15.7
2025-10-03 07:00:00,STATION_A_01,372.04,16.9
2025-10-03 08:00:00,STATION_A_01,370.25,19.2
2025-10-03 09:00:00,STATION_A_01,365.63,18.2
2025-10-03 10:00:00,STATION_A_01,362.12,16.1
2025-10-03 11:00:00,STATION_A_01,336.83,19.8
2025-10-03 12:00:00,STATION_A_01,330.01,22.6
2025-10-03 13:00:00,STATION_A_01,329.6,23.6
2025-10-03 14:00:00,STATION_A_01,349.02,27.0
2025-10-03 15:00:00,STATION_A_01,326.79,25.2
2025-10-03 16:00:00,STATION_A_01,319.92,24.1
2025-10-03 17:00:00,STATION_A_01,341.19,23.5
2025-10-03 18:00:00,STATION_A_01,403.36,24.7
2025-10-03 19:00:00,STATION_A_01,434.13,20.7
2025-10-03 20:00:00,STATION_A_01,430.38,20.3
2025-10-03 21:00:00,STATION_A_01,402.59,17.4
2025-10-03 22:00:00,STATION_A_01,342.67,20.7
2025-10-03 23:00:00,STATION_A_01,314.53,17.7
2025-10-04 00:00:00,STATION_A_01,335.35,14.5
2025-10-04 01:00:00,STATION_A_01,334.76,14.8
2025-10-04 02:00:00,STATION_A_01,326.48,15.5
2025-10-04 03:00:00,STATION_A_01,339.37,13.9
2025-10-04 04:00:00,STATION_A_01,331.68,13.6
2025-10-04 05:00:00,STATION_A_01,347.51,13.8
2025-10-04 06:00:00,STATION_A_01,366.41,16.4
2025-10-04 07:00:00,STATION_A_01,401.89,16.1
2025-10-04 08:00:00,STATION_A_01,415.31,17.1
2025-10-04 09:00:00,STATION_A_01,402.62,16.8
2025-10-04 10:00:00,STATION_A_01,378.67,20.6
2025-10-04 11:00:00,STATION_A_01,344.56,21.2
2025-10-04 12:00:00,STATION_A_01,349.88,22.0
2025-10-04 13:00:00,STATION_A_01,351.72,23.7
2025-10-04 14:00:00,STATION_A_01,345.76,25.2
2025-10-04 15:00:00,STATION_A_01,323.5,25.2
2025-10-04 16:00:00,STATION_A_01,354.83,24.8
2025-10-04 17:00:00,STATION_A_01,358.07,22.9
2025-10-04 18:00:00,STATION_A_01,418.28,21.5
2025-10-04 19:00:00,STATION_A_01,443.31,19.7
2025-10-04 20:00:00,STATION_A_01,468.87,19.3
2025-10-04 21:00:00,STATION_A_01,408.68,19.2
2025-10-04 22:00:00,STATION_A_01,362.81,16.5
2025-10-04 23:00:00,STATION_A_01,338.14,16.9
2025-10-05 00:00:00,STATION_A_01,321.38,13.9
2025-10-05 01:00:00,STATION_A_01,329.16,11.8
2025-10-05 02:00:00,STATION_A_01,322.19,15.8
2025-10-05 03:00:00,STATION_A_01,336.48,13.3
2025-10-05 04:00:00,STATION_A_01,326.97,12.8
2025-10-05 05:00:00,STATION_A_01,335.91,12.9
2025-10-05 06:00:00,STATION_A_01,357.41,16.4
2025-10-05 07:00:00,STATION_A_01,384.69,19.1
2025-10-05 08:00:00,STATION_A_01,421.48,17.0
2025-10-05 09:00:00,STATION_A_01,377.58,18.6
2025-10-05 10:00:00,STATION_A_01,357.34,22.2
2025-10-05 11:00:00,STATION_A_01,367.55,18.1
2025-10-05 12:00:00,STATION_A_01,369.31,25.9
2025-10-05 13:00:00,STATION_A_01,353.59,27.5
2025-10-05 14:00:00,STATION_A_01,347.08,18.8
2025-10-05 15:00:00,STATION_A_01,344.51,23.6
2025-10-05 16:00:00,STATION_A_01,337.42,22.3
2025-10-05 17:00:00,STATION_A_01,360.61,22.7
2025-10-05 18:00:00,STATION_A_01,419.06,21.6
2025-10-05 19:00:00,STATION_A_01,477.23,22.8
2025-10-05 20:00:00,STATION_A_01,442.51,20.0
2025-10-05 21:00:00,STATION_A_01,442.22,17.3
2025-10-05 22:00:00,STATION_A_01,364.65,17.4
2025-10-05 23:00:00,STATION_A_01,337.39,17.5
2025-10-06 00:00:00,STATION_A_01,323.5,13.3
2025-10-06 01:00:00,STATION_A_01,318.4,11.7
2025-10-06 02:00:00,STATION_A_01,294.16,17.8
2025-10-06 03:00:00,STATION_A_01,318.35,12.8
2025-10-06 04:00:00,STATION_A_01,310.3,13.9
2025-10-06 05:00:00,STATION_A_01,326.09,13.9
2025-10-06 06:00:00,STATION_A_01,335.03,16.4
2025-10-06 07:00:00,STATION_A_01,363.78,19.6
2025-10-06 08:00:00,STATION_A_01,362.93,18.6
2025-10-06 09:00:00,STATION_A_01,366.52,16.1
2025-10-06 10:00:00,STATION_A_01,336.28,17.6
2025-10-06 11:00:00,STATION_A_01,329.18,20.5
2025-10-06 12:00:00,STATION_A_01,318.21,21.7
2025-10-06 13:00:00,STATION_A_01,328.15,19.9
2025-10-06 14:00:00,STATION_A_01,319.84,24.9
2025-10-06 15:00:00,STATION_A_01,334.19,21.6
2025-10-06 16:00:00,STATION_A_01,315.52,26.1
2025-10-06 17:00:00,STATION_A_01,336.78,26.2
2025-10-06 18:00:00,STATION_A_01,395.37,21.7
2025-10-06 19:00:00,STATION_A_01,451.76,22.0
2025-10-06 20:00:00,STATION_A_01,441.16,17.8
2025-10-06 21:00:00,STATION_A_01,390.08,19.9
2025-10-06 22:00:00,STATION_A_01,363.92,16.7
2025-10-06 23:00:00,STATION_A_01,333.25,14.4
2025-10-07 00:00:00,STATION_A_01,309.5,14.7
2025-10-07 01:00:00,STATION_A_01,304.87,13.6
2025-10-07 02:00:00,STATION_A_01,314.0,13.4
2025-10-07 03:00:00,STATION_A_01,293.21,15.5
2025-10-07 04:00:00,STATION_A_01,310.92,12.6
2025-10-07 05:00:00,STATION_A_01,321.12,17.6
2025-10-07 06:00:00,STATION_A_01,361.33,12.8
2025-10-07 07:00:00,STATION_A_01,361.71,19.1
2025-10-07 08:00:00,STATION_A_01,369.54,15.5
2025-10-07 09:00:00,STATION_A_01,354.83,18.6
2025-10-07 10:00:00,STATION_A_01,337.67,19.0
2025-10-07 11:00:00,STATION_A_01,,20.4
2025-10-07 12:00:00,STATION_A_01,320.62,23.5
2025-10-07 13:00:00,STATION_A_01,331.51,25.5
2025-10-07 14:00:00,STATION_A_01,344.45,25.4
2025-10-07 15:00:00,STATION_A_01,325.16,22.7
2025-10-07 16:00:00,STATION_A_01,325.0,23.6
2025-10-07 17:00:00,STATION_A_01,337.85,21.4
2025-10-07 18:00:00,STATION_A_01,376.09,20.2
2025-10-07 19:00:00,STATION_A_01,423.77,19.0
2025-10-07 20:00:00,STATION_A_01,417.51,19.1
2025-10-07 21:00:00,STATION_A_01,394.92,19.1
2025-10-07 22:00:00,STATION_A_01,365.92,13.9
2025-10-07 23:00:00,STATION_A_01,312.07,16.1
2025-10-08 00:00:00,STATION_A_01,297.51,17.8
2025-10-08 01:00:00,STATION_A_01,312.55,16.3
2025-10-08 02:00:00,STATION_A_01,328.31,12.7
2025-10-08 03:00:00,STATION_A_01,324.39,11.1
2025-10-08 04:00:00,STATION_A_01,308.04,14.6
2025-10-08 05:00:00,STATION_A_01,340.84,10.1
2025-10-08 06:00:00,STATION_A_01,346.3,17.0
2025-10-08 07:00:00,STATION_A_01,351.82,15.6
2025-10-08 08:00:00,STATION_A_01,385.17,20.5
2025-10-08 09:00:00,STATION_A_01,374.04,15.3
2025-10-08 10:00:00,STATION_A_01,335.19,21.3
2025-10-08 11:00:00,STATION_A_01,326.62,20.6
2025-10-08 12:00:00,STATION_A_01,334.15,21.2
2025-10-08 13:00:00,STATION_A_01,324.01,20.1
2025-10-08 14:00:00,STATION_A_01,326.88,24.1
2025-10-08 15:00:00,STATION_A_01,326.21,24.4
2025-10-08 16:00:00,STATION_A_01,326.55,26.3
2025-10-08 17:00:00,STATION_A_01,350.47,24.4
2025-10-08 18:00:00,STATION_A_01,389.53,20.8
2025-10-08 19:00:00,STATION_A_01,445.31,19.0
2025-10-08 20:00:00,STATION_A_01,457.66,17.2
2025-10-08 21:00:00,STATION_A_01,400.26,21.1
2025-10-08 22:00:00,STATION_A_01,359.33,15.8
2025-10-08 23:00:00,STATION_A_01,319.06,18.7
2025-10-09 00:00:00,STATION_A_01,377.44,15.8
2025-10-09 01:00:00,STATION_A_01,399.39,14.7
2025-10-09 02:00:00,STATION_A_01,391.8,13.1
2025-10-09 03:00:00,STATION_A_01,373.31,14.6
2025-10-09 04:00:00,STATION_A_01,372.42,13.6
2025-10-09 05:00:00,STATION_A_01,391.73,13.4
2025-10-09 06:00:00,STATION_A_01,408.48,16.1
2025-10-09 07:00:00,STATION_A_01,459.0,15.6
2025-10-09 08:00:00,STATION_A_01,465.74,15.6
2025-10-09 09:00:00,STATION_A_01,457.07,19.3
2025-10-09 10:00:00,STATION_A_01,402.33,19.4
2025-10-09 11:00:00,STATION_A_01,384.97,21.5
2025-10-09 12:00:00,STATION_A_01,402.73,20.8
2025-10-09 13:00:00,STATION_A_01,397.98,20.2
2025-10-09 14:00:00,STATION_A_01,388.51,26.0
2025-10-09 15:00:00,STATION_A_01,385.96,25.8
2025-10-09 16:00:00,STATION_A_01,386.31,24.5
2025-10-09 17:00:00,STATION_A_01,423.33,21.7
2025-10-09 18:00:00,STATION_A_01,471.35,21.1
2025-10-09 19:00:00,STATION_A_01,520.39,23.1
2025-10-09 20:00:00,STATION_A_01,533.64,18.8
2025-10-09 21:00:00,STATION_A_01,503.9,17.1
2025-10-09 22:00:00,STATION_A_01,430.04,20.4
2025-10-09 23:00:00,STATION_A_01,393.44,15.8
2025-10-10 00:00:00,STATION_A_01,363.25,17.8
2025-10-10 01:00:00,STATION_A_01,384.38,11.4
2025-10-10 02:00:00,STATION_A_01,379.44,14.4
2025-10-10 03:00:00,STATION_A_01,368.75,17.0
2025-10-10 04:00:00,STATION_A_01,395.06,13.5
2025-10-10 05:00:00,STATION_A_01,375.04,13.4
2025-10-10 06:00:00,STATION_A_01,424.84,12.6
2025-10-10 07:00:00,STATION_A_01,447.31,17.6
2025-10-10 08:00:00,STATION_A_01,474.74,15.4
2025-10-10 09:00:00,STATION_A_01,439.31,17.9
2025-10-10 10:00:00,STATION_A_01,413.43,17.1
2025-10-10 11:00:00,STATION_A_01,410.48,23.3
2025-10-10 12:00:00,STATION_A_01,396.21,23.5
2025-10-10 13:00:00,STATION_A_01,388.35,22.2
2025-10-10 14:00:00,STATION_A_01,410.58,20.6
2025-10-10 15:00:00,STATION_A_01,397.16,25.6
2025-10-10 16:00:00,STATION_A_01,392.94,22.0
2025-10-10 17:00:00,STATION_A_01,413.17,20.2
2025-10-10 18:00:00,STATION_A_01,486.72,
2025-10-10 19:00:00,STATION_A_01,548.71,19.3
2025-10-10 20:00:00,STATION_A_01,523.37,16.7
2025-10-10 21:00:00,STATION_A_01,471.86,16.9
2025-10-10 22:00:00,STATION_A_01,415.73,18.2
2025-10-10 23:00:00,STATION_A_01,394.87,15.0
2025-10-11 00:00:00,STATION_A_01,388.97,15.1
2025-10-11 01:00:00,STATION_A_01,411.96,12.4
2025-10-11 02:00:00,STATION_A_01,412.74,13.4
2025-10-11 03:00:00,STATION_A_01,391.67,16.5
2025-10-11 04:00:00,STATION_A_01,414.39,12.6
2025-10-11 05:00:00,STATION_A_01,416.82,14.4
2025-10-11 06:00:00,STATION_A_01,457.39,11.7
2025-10-11 07:00:00,STATION_A_01,451.29,18.2
2025-10-11 08:00:00,STATION_A_01,488.39,15.8
2025-10-11 09:00:00,STATION_A_01,451.3,19.8
2025-10-11 10:00:00,STATION_A_01,443.1,18.9
2025-10-11 11:00:00,STATION_A_01,428.77,21.4
2025-10-11 12:00:00,STATION_A_01,412.29,22.5
2025-10-11 13:00:00,STATION_A_01,432.16,21.2
2025-10-11 14:00:00,STATION_A_01,416.06,24.5
2025-10-11 15:00:00,STATION_A_01,404.48,21.3
2025-10-11 16:00:00,STATION_A_01,411.0,23.9
2025-10-11 17:00:00,STATION_A_01,435.58,21.3
2025-10-11 18:00:00,STATION_A_01,515.88,21.9
2025-10-11 19:00:00,STATION_A_01,560.5,19.4
2025-10-11 20:00:00,STATION_A_01,575.56,19.2
2025-10-11 21:00:00,STATION_A_01,520.87,15.9
2025-10-11 22:00:00,STATION_A_01,448.45,17.1
2025-10-11 23:00:00,STATION_A_01,436.68,15.5
2025-10-12 00:00:00,STATION_A_01,384.54,13.3
2025-10-12 01:00:00,STATION_A_01,414.43,13.4
2025-10-12 02:00:00,STATION_A_01,418.95,13.3
2025-10-12 03:00:00,STATION_A_01,416.6,11.8
2025-10-12 04:00:00,STATION_A_01,404.09,12.8
2025-10-12 05:00:00,STATION_A_01,441.24,11.7
2025-10-12 06:00:00,STATION_A_01,422.18,18.5
2025-10-12 07:00:00,STATION_A_01,463.49,17.2
2025-10-12 08:00:00,STATION_A_01,490.7,16.9
2025-10-12 09:00:00,STATION_A_01,460.67,19.8
2025-10-12 10:00:00,STATION_A_01,450.54,15.4
2025-10-12 11:00:00,STATION_A_01,460.33,15.5
2025-10-12 12:00:00,STATION_A_01,419.84,20.4
2025-10-12 13:00:00,STATION_A_01,434.09,19.4
2025-10-12 14:00:00,STATION_A_01,409.8,21.9
2025-10-12 15:00:00,STATION_A_01,416.4,22.9
2025-10-12 16:00:00,STATION_A_01,405.27,24.0
2025-10-12 17:00:00,STATION_A_01,435.92,19.8
2025-10-12 18:00:00,STATION_A_01,506.46,21.8
2025-10-12 19:00:00,STATION_A_01,574.91,20.1
2025-10-12 20:00:00,STATION_A_01,567.95,19.5
2025-10-12 21:00:00,STATION_A_01,529.4,16.7
2025-10-12 22:00:00,STATION_A_01,442.8,18.9
2025-10-12 23:00:00,STATION_A_01,414.76,15.1
2025-10-13 00:00:00,STATION_A_01,370.82,17.3
2025-10-13 01:00:00,STATION_A_01,378.61,11.9
2025-10-13 02:00:00,STATION_A_01,383.58,14.2
2025-10-13 03:00:00,STATION_A_01,394.5,12.6
2025-10-13 04:00:00,STATION_A_01,378.24,12.3
2025-10-13 05:00:00,STATION_A_01,383.19,14.5
2025-10-13 06:00:00,STATION_A_01,417.18,13.6
2025-10-13 07:00:00,STATION_A_01,459.96,10.3
2025-10-13 08:00:00,STATION_A_01,492.42,10.7
2025-10-13 09:00:00,STATION_A_01,456.14,19.8
2025-10-13 10:00:00,STATION_A_01,403.36,20.9
2025-10-13 11:00:00,STATION_A_01,415.98,23.3
2025-10-13 12:00:00,STATION_A_01,399.68,20.9
2025-10-13 13:00:00,STATION_A_01,432.56,19.3
2025-10-13 14:00:00,STATION_A_01,394.59,21.4
2025-10-13 15:00:00,STATION_A_01,391.08,22.3
2025-10-13 16:00:00,STATION_A_01,384.87,20.3
2025-10-13 17:00:00,STATION_A_01,415.75,24.6
2025-10-13 18:00:00,STATION_A_01,495.86,24.9
2025-10-13 19:00:00,STATION_A_01,534.42,20.8
2025-10-13 20:00:00,STATION_A_01,548.9,18.7
2025-10-13 21:00:00,STATION_A_01,484.09,15.2
2025-10-13 22:00:00,STATION_A_01,425.83,19.0
2025-10-13 23:00:00,STATION_A_01,384.24,15.2
2025-10-14 00:00:00,STATION_A_01,365.37,13.4
2025-10-14 01:00:00,STATION_A_01,378.45,14.0
2025-10-14 02:00:00,STATION_A_01,387.78,11.6
2025-10-14 03:00:00,STATION_A_01,382.07,12.8
2025-10-14 04:00:00,STATION_A_01,402.71,10.1
2025-10-14 05:00:00,STATION_A_01,396.53,15.1
2025-10-14 06:00:00,STATION_A_01,438.66,13.7
2025-10-14 07:00:00,STATION_A_01,432.62,17.0
2025-10-14 08:00:00,STATION_A_01,492.35,15.7
2025-10-14 09:00:00,STATION_A_01,476.68,17.1
2025-10-14 10:00:00,STATION_A_01,427.15,16.4
2025-10-14 11:00:00,STATION_A_01,384.71,21.1
2025-10-14 12:00:00,STATION_A_01,393.49,19.1
2025-10-14 13:00:00,STATION_A_01,402.14,20.6
2025-10-14 14:00:00,STATION_A_01,422.78,21.9
2025-10-14 15:00:00,STATION_A_01,392.76,22.3
2025-10-14 16:00:00,STATION_A_01,392.73,18.9
2025-10-14 17:00:00,STATION_A_01,415.81,21.0
2025-10-14 18:00:00,STATION_A_01,462.75,22.1
2025-10-14 19:00:00,STATION_A_01,545.76,19.0
2025-10-14 20:00:00,STATION_A_01,536.69,18.1
2025-10-14 21:00:00,STATION_A_01,515.21,17.6
2025-10-14 22:00:00,STATION_A_01,440.39,15.8
2025-10-14 23:00:00,STATION_A_01,411.92,13.0
2025-10-15 00:00:00,STATION_A_01,375.16,13.7
2025-10-15 01:00:00,STATION_A_01,362.71,14.7
2025-10-15 02:00:00,STATION_A_01,380.66,10.6
2025-10-15 03:00:00,STATION_A_01,372.22,11.6
2025-10-15 04:00:00,STATION_A_01,405.05,10.0
2025-10-15 05:00:00,STATION_A_01,385.69,14.7
2025-10-15 06:00:00,STATION_A_01,433.77,13.6
2025-10-15 07:00:00,STATION_A_01,466.22,13.2
2025-10-15 08:00:00,STATION_A_01,468.61,16.0
2025-10-15 09:00:00,STATION_A_01,450.57,14.9
2025-10-15 10:00:00,STATION_A_01,434.06,16.5
2025-10-15 11:00:00,STATION_A_01,413.6,16.9
2025-10-15 12:00:00,STATION_A_01,420.22,18.6
2025-10-15 13:00:00,STATION_A_01,399.49,23.7
2025-10-15 14:00:00,STATION_A_01,408.22,20.4
2025-10-15 15:00:00,STATION_A_01,409.37,22.8
2025-10-15 16:00:00,STATION_A_01,397.07,20.2
2025-10-15 17:00:00,STATION_A_01,432.04,22.6
2025-10-15 18:00:00,STATION_A_01,493.56,18.7
2025-10-15 19:00:00,STATION_A_01,556.58,19.6
2025-10-15 20:00:00,STATION_A_01,541.41,18.5
2025-10-15 21:00:00,STATION_A_01,484.66,21.3
2025-10-15 22:00:00,STATION_A_01,427.61,17.0
2025-10-15 23:00:00,STATION_A_01,392.72,13.6
2025-10-16 00:00:00,STATION_A_01,361.54,14.8
2025-10-16 01:00:00,STATION_A_01,378.14,16.6
2025-10-16 02:00:00,STATION_A_01,383.99,9.4
2025-10-16 03:00:00,STATION_A_01,397.57,10.6
2025-10-16 04:00:00,STATION_A_01,392.59,11.9
2025-10-16 05:00:00,STATION_A_01,409.85,12.0
2025-10-16 06:00:00,STATION_A_01,420.33,12.9
2025-10-16 07:00:00,STATION_A_01,459.76,12.2
2025-10-16 08:00:00,STATION_A_01,465.98,18.2
2025-10-16 09:00:00,STATION_A_01,464.02,14.4
2025-10-16 10:00:00,STATION_A_01,411.16,17.8
2025-10-16 11:00:00,STATION_A_01,422.51,21.2
2025-10-16 12:00:00,STATION_A_01,396.03,20.3
2025-10-16 13:00:00,STATION_A_01,399.56,19.3
2025-10-16 14:00:00,STATION_A_01,403.1,19.1
2025-10-16 15:00:00,STATION_A_01,405.45,21.3
2025-10-16 16:00:00,STATION_A_01,372.1,20.2
2025-10-16 17:00:00,STATION_A_01,436.32,21.5
2025-10-16 18:00:00,STATION_A_01,479.3,17.8
2025-10-16 19:00:00,STATION_A_01,531.69,20.8
2025-10-16 20:00:00,STATION_A_01,527.29,18.4
2025-10-16 21:00:00,STATION_A_01,515.75,17.3
2025-10-16 22:00:00,STATION_A_01,423.64,18.3
2025-10-16 23:00:00,STATION_A_01,393.09,13.7
2025-10-17 00:00:00,STATION_A_01,380.9,12.0
2025-10-17 01:00:00,STATION_A_01,386.53,11.6
2025-10-17 02:00:00,STATION_A_01,386.85,11.8
2025-10-17 03:00:00,STATION_A_01,389.93,11.8
2025-10-17 04:00:00,STATION_A_01,393.36,10.6
2025-10-17 05:00:00,STATION_A_01,398.03,8.9
2025-10-17 06:00:00,STATION_A_01,424.9,12.3
2025-10-17 07:00:00,STATION_A_01,463.32,15.0
2025-10-17 08:00:00,STATION_A_01,465.55,15.7
2025-10-17 09:00:00,STATION_A_01,453.48,18.9
2025-10-17 10:00:00,STATION_A_01,415.14,21.5
2025-10-17 11:00:00,STATION_A_01,400.01,20.5
2025-10-17 12:00:00,STATION_A_01,416.96,22.6
2025-10-17 13:00:00,STATION_A_01,388.76,22.3
2025-10-17 14:00:00,STATION_A_01,394.82,24.5
2025-10-17 15:00:00,STATION_A_01,405.29,24.9
2025-10-17 16:00:00,STATION_A_01,413.13,23.1
2025-10-17 17:00:00,STATION_A_01,448.66,22.2
2025-10-17 18:00:00,STATION_A_01,481.27,19.8
2025-10-17 19:00:00,STATION_A_01,539.92,19.1
2025-10-17 20:00:00,STATION_A_01,554.16,17.4
2025-10-17 21:00:00,STATION_A_01,503.5,17.9
2025-10-17 22:00:00,STATION_A_01,444.51,14.2
2025-10-17 23:00:00,STATION_A_01,409.08,14.0
2025-10-18 00:00:00,STATION_A_01,424.87,8.9
2025-10-18 01:00:00,STATION_A_01,398.11,15.5
2025-10-18 02:00:00,STATION_A_01,399.44,11.5
2025-10-18 03:00:00,STATION_A_01,401.97,12.6
2025-10-18 04:00:00,STATION_A_01,395.24,14.5
2025-10-18 05:00:00,STATION_A_01,407.5,12.9
2025-10-18 06:00:00,STATION_A_01,419.87,15.8
2025-10-18 07:00:00,STATION_A_01,493.54,11.9
2025-10-18 08:00:00,STATION_A_01,478.51,19.6
2025-10-18 09:00:00,STATION_A_01,475.8,18.5
2025-10-18 10:00:00,STATION_A_01,455.1,18.2
2025-10-18 11:00:00,STATION_A_01,428.57,21.5
2025-10-18 12:00:00,STATION_A_01,435.99,17.8
2025-10-18 13:00:00,STATION_A_01,421.37,20.2
2025-10-18 14:00:00,STATION_A_01,435.76,23.8
2025-10-18 15:00:00,STATION_A_01,424.42,18.0
2025-10-18 16:00:00,STATION_A_01,413.37,22.2
2025-10-18 17:00:00,STATION_A_01,446.78,21.7
2025-10-18 18:00:00,STATION_A_01,498.53,23.5
2025-10-18 19:00:00,STATION_A_01,575.86,16.1
2025-10-18 20:00:00,STATION_A_01,550.91,20.7
2025-10-18 21:00:00,STATION_A_01,525.54,15.5
2025-10-18 22:00:00,STATION_A_01,473.92,14.5
2025-10-18 23:00:00,STATION_A_01,437.0,11.9
2025-10-19 00:00:00,STATION_A_01,427.84,11.0
2025-10-19 01:00:00,STATION_A_01,416.1,12.9
2025-10-19 02:00:00,STATION_A_01,437.86,9.7
2025-10-19 03:00:00,STATION_A_01,410.05,12.9
2025-10-19 04:00:00,STATION_A_01,423.3,10.5
2025-10-19 05:00:00,STATION_A_01,,10.0
2025-10-19 06:00:00,STATION_A_01,,12.0
2025-10-19 07:00:00,STATION_A_01,477.46,14.6
2025-10-19 08:00:00,STATION_A_01,488.86,14.6
2025-10-19 09:00:00,STATION_A_01,504.53,16.4
2025-10-19 10:00:00,STATION_A_01,430.89,18.9
2025-10-19 11:00:00,STATION_A_01,431.41,20.7
2025-10-19 12:00:00,STATION_A_01,422.68,19.2
2025-10-19 13:00:00,STATION_A_01,451.02,18.6
2025-10-19 14:00:00,STATION_A_01,440.1,21.1
2025-10-19 15:00:00,STATION_A_01,422.12,22.0
2025-10-19 16:00:00,STATION_A_01,439.45,18.4
2025-10-19 17:00:00,STATION_A_01,454.49,18.9
2025-10-19 18:00:00,STATION_A_01,546.94,18.5
2025-10-19 19:00:00,STATION_A_01,580.97,18.4
2025-10-19 20:00:00,STATION_A_01,568.72,16.2
2025-10-19 21:00:00,STATION_A_01,518.91,17.6
2025-10-19 22:00:00,STATION_A_01,475.14,12.2
2025-10-19 23:00:00,STATION_A_01,433.28,11.1
2025-10-20 00:00:00,STATION_A_01,367.01,12.2
2025-10-20 01:00:00,STATION_A_01,389.28,11.7
2025-10-20 02:00:00,STATION_A_01,381.99,8.9
2025-10-20 03:00:00,STATION_A_01,365.81,10.3
2025-10-20 04:00:00,STATION_A_01,389.22,10.8
2025-10-20 05:00:00,STATION_A_01,395.48,11.3
2025-10-20 06:00:00,STATION_A_01,416.23,13.0
2025-10-20 07:00:00,STATION_A_01,430.03,12.6
2025-10-20 08:00:00,STATION_A_01,454.53,17.6
2025-10-20 09:00:00,STATION_A_01,452.78,17.0
2025-10-20 10:00:00,STATION_A_01,426.29,16.0
2025-10-20 11:00:00,STATION_A_01,412.15,18.7
2025-10-20 12:00:00,STATION_A_01,420.21,19.8
2025-10-20 13:00:00,STATION_A_01,412.8,22.5
2025-10-20 14:00:00,STATION_A_01,414.03,19.7
2025-10-20 15:00:00,STATION_A_01,404.21,22.3
2025-10-20 16:00:00,STATION_A_01,384.08,20.9
2025-10-20 17:00:00,STATION_A_01,428.51,23.0
2025-10-20 18:00:00,STATION_A_01,492.0,21.9
2025-10-20 19:00:00,STATION_A_01,528.55,18.9
2025-10-20 20:00:00,STATION_A_01,534.16,16.9
2025-10-20 21:00:00,STATION_A_01,498.39,17.1
2025-10-20 22:00:00,STATION_A_01,422.35,14.6
2025-10-20 23:00:00,STATION_A_01,377.1,16.8
2025-10-21 00:00:00,STATION_A_01,374.84,12.7
2025-10-21 01:00:00,STATION_A_01,392.35,11.1
2025-10-21 02:00:00,STATION_A_01,392.33,10.5
2025-10-21 03:00:00,STATION_A_01,407.21,9.0
2025-10-21 04:00:00,STATION_A_01,377.51,12.3
2025-10-21 05:00:00,STATION_A_01,397.02,10.3
2025-10-21 06:00:00,STATION_A_01,424.96,14.6
2025-10-21 07:00:00,STATION_A_01,464.31,11.3
2025-10-21 08:00:00,STATION_A_01,470.44,15.0
2025-10-21 09:00:00,STATION_A_01,428.33,18.0
2025-10-21 10:00:00,STATION_A_01,448.79,13.3
2025-10-21 11:00:00,STATION_A_01,418.66,22.0
2025-10-21 12:00:00,STATION_A_01,399.85,18.6
2025-10-21 13:00:00,STATION_A_01,418.22,20.4
2025-10-21 14:00:00,STATION_A_01,401.49,21.6
2025-10-21 15:00:00,STATION_A_01,374.91,22.1
2025-10-21 16:00:00,STATION_A_01,385.42,21.1
2025-10-21 17:00:00,STATION_A_01,413.21,21.9
2025-10-21 18:00:00,STATION_A_01,475.72,20.3
2025-10-21 19:00:00,STATION_A_01,534.2,21.5
2025-10-21 20:00:00,STATION_A_01,564.24,18.2
2025-10-21 21:00:00,STATION_A_01,461.11,19.5
2025-10-21 22:00:00,STATION_A_01,425.89,16.4
2025-10-21 23:00:00,STATION_A_01,405.14,10.3
2025-10-22 00:00:00,STATION_A_01,352.53,17.1
2025-10-22 01:00:00,STATION_A_01,390.76,10.6
2025-10-22 02:00:00,STATION_A_01,377.25,13.8
2025-10-22 03:00:00,STATION_A_01,370.36,11.0
2025-10-22 04:00:00,STATION_A_01,384.21,13.1
2025-10-22 05:00:00,STATION_A_01,394.47,10.4
2025-10-22 06:00:00,STATION_A_01,423.98,13.5
2025-10-22 07:00:00,STATION_A_01,481.62,12.9
2025-10-22 08:00:00,STATION_A_01,471.56,17.4
2025-10-22 09:00:00,STATION_A_01,459.37,16.6
2025-10-22 10:00:00,STATION_A_01,415.2,18.7
2025-10-22 11:00:00,STATION_A_01,428.61,14.3
2025-10-22 12:00:00,STATION_A_01,415.02,19.0
2025-10-22 13:00:00,STATION_A_01,412.39,20.7
2025-10-22 14:00:00,STATION_A_01,401.15,20.8
2025-10-22 15:00:00,STATION_A_01,395.24,22.3
2025-10-22 16:00:00,STATION_A_01,382.13,19.8
2025-10-22 17:00:00,STATION_A_01,415.73,20.0
2025-10-22 18:00:00,STATION_A_01,488.58,21.3
2025-10-22 19:00:00,STATION_A_01,575.22,14.1
2025-10-22 20:00:00,STATION_A_01,540.16,18.1
2025-10-22 21:00:00,STATION_A_01,520.98,15.2
2025-10-22 22:00:00,STATION_A_01,453.06,12.9
2025-10-22 23:00:00,STATION_A_01,397.33,14.0
2025-10-23 00:00:00,STATION_A_01,363.13,14.4
2025-10-23 01:00:00,STATION_A_01,393.5,13.3
2025-10-23 02:00:00,STATION_A_01,397.25,10.7
2025-10-23 03:00:00,STATION_A_01,401.49,12.4
2025-10-23 04:00:00,STATION_A_01,407.97,12.5
2025-10-23 05:00:00,STATION_A_01,390.19,11.3
2025-10-23 06:00:00,STATION_A_01,420.56,11.0
2025-10-23 07:00:00,STATION_A_01,435.47,12.1
2025-10-23 08:00:00,STATION_A_01,484.94,15.9
2025-10-23 09:00:00,STATION_A_01,470.35,15.5
2025-10-23 10:00:00,STATION_A_01,439.34,15.0
2025-10-23 11:00:00,STATION_A_01,411.42,15.0
2025-10-23 12:00:00,STATION_A_01,403.86,20.5
2025-10-23 13:00:00,STATION_A_01,415.03,18.8
2025-10-23 14:00:00,STATION_A_01,410.45,20.8
2025-10-23 15:00:00,STATION_A_01,395.88,22.6
2025-10-23 16:00:00,STATION_A_01,410.92,17.9
2025-10-23 17:00:00,STATION_A_01,424.04,19.7
2025-10-23 18:00:00,STATION_A_01,501.73,18.7
2025-10-23 19:00:00,STATION_A_01,545.09,18.7
2025-10-23 20:00:00,STATION_A_01,516.81,19.1
2025-10-23 21:00:00,STATION_A_01,530.67,13.2
2025-10-23 22:00:00,STATION_A_01,449.82,15.4
2025-10-23 23:00:00,STATION_A_01,400.24,15.1
2025-10-24 00:00:00,STATION_A_01,388.55,11.7
2025-10-24 01:00:00,STATION_A_01,405.11,11.0
2025-10-24 02:00:00,STATION_A_01,369.99,11.5
2025-10-24 03:00:00,STATION_A_01,400.61,11.2
2025-10-24 04:00:00,STATION_A_01,384.23,11.8
2025-10-24 05:00:00,STATION_A_01,411.19,12.3
2025-10-24 06:00:00,STATION_A_01,439.64,10.3
2025-10-24 07:00:00,STATION_A_01,442.78,14.8
2025-10-24 08:00:00,STATION_A_01,465.63,16.3
2025-10-24 09:00:00,STATION_A_01,473.74,15.7
2025-10-24 10:00:00,STATION_A_01,440.44,14.0
2025-10-24 11:00:00,STATION_A_01,406.69,17.6
2025-10-24 12:00:00,STATION_A_01,401.96,19.2
2025-10-24 13:00:00,STATION_A_01,425.8,17.5
2025-10-24 14:00:00,STATION_A_01,423.43,19.4
2025-10-24 15:00:00,STATION_A_01,380.78,17.7
2025-10-24 16:00:00,STATION_A_01,423.58,21.1
2025-10-24 17:00:00,STATION_A_01,426.85,19.9
2025-10-24 18:00:00,STATION_A_01,509.46,15.8
2025-10-24 19:00:00,STATION_A_01,531.68,18.4
2025-10-24 20:00:00,STATION_A_01,547.96,16.6
2025-10-24 21:00:00,STATION_A_01,498.33,16.3
2025-10-24 22:00:00,STATION_A_01,432.65,13.5
2025-10-24 23:00:00,STATION_A_01,401.34,11.6
2025-10-25 00:00:00,STATION_A_01,426.83,10.4
2025-10-25 01:00:00,STATION_A_01,398.73,10.1
2025-10-25 02:00:00,STATION_A_01,418.15,10.6
2025-10-25 03:00:00,STATION_A_01,409.72,10.7
2025-10-25 04:00:00,STATION_A_01,408.59,10.2
2025-10-25 05:00:00,STATION_A_01,454.48,10.3
2025-10-25 06:00:00,STATION_A_01,448.87,11.2
2025-10-25 07:00:00,STATION_A_01,458.41,17.3
2025-10-25 08:00:00,STATION_A_01,517.03,12.6
2025-10-25 09:00:00,STATION_A_01,487.2,14.2
2025-10-25 10:00:00,STATION_A_01,440.38,22.4
2025-10-25 11:00:00,STATION_A_01,436.38,18.4
2025-10-25 12:00:00,STATION_A_01,450.25,16.1
2025-10-25 13:00:00,STATION_A_01,430.8,20.9
2025-10-25 14:00:00,STATION_A_01,426.98,18.2
2025-10-25 15:00:00,STATION_A_01,423.83,21.7
2025-10-25 16:00:00,STATION_A_01,419.78,19.5
2025-10-25 17:00:00,STATION_A_01,450.62,18.6
2025-10-25 18:00:00,STATION_A_01,,21.5
2025-10-25 19:00:00,STATION_A_01,567.16,18.6
2025-10-25 20:00:00,STATION_A_01,586.98,18.2
2025-10-25 21:00:00,STATION_A_01,544.41,16.0
2025-10-25 22:00:00,STATION_A_01,488.78,13.2
2025-10-25 23:00:00,STATION_A_01,431.94,13.9
2025-10-26 00:00:00,STATION_A_01,400.25,13.8
2025-10-26 01:00:00,STATION_A_01,410.7,11.1
2025-10-26 02:00:00,STATION_A_01,398.51,13.6
2025-10-26 03:00:00,STATION_A_01,386.3,11.8
2025-10-26 04:00:00,STATION_A_01,424.72,10.8
2025-10-26 05:00:00,STATION_A_01,430.73,11.3
2025-10-26 06:00:00,STATION_A_01,467.02,11.9
2025-10-26 07:00:00,STATION_A_01,505.97,10.4
2025-10-26 08:00:00,STATION_A_01,523.08,13.6
2025-10-26 09:00:00,STATION_A_01,473.42,15.4
2025-10-26 10:00:00,STATION_A_01,448.02,15.5
2025-10-26 11:00:00,STATION_A_01,408.22,18.0
2025-10-26 12:00:00,STATION_A_01,435.08,18.5
2025-10-26 13:00:00,STATION_A_01,423.61,20.6
2025-10-26 14:00:00,STATION_A_01,416.67,20.9
2025-10-26 15:00:00,STATION_A_01,420.58,20.1
2025-10-26 16:00:00,STATION_A_01,426.78,17.2
2025-10-26 17:00:00,STATION_A_01,432.89,22.4
2025-10-26 18:00:00,STATION_A_01,553.55,18.2
2025-10-26 19:00:00,STATION_A_01,576.88,17.3
2025-10-26 20:00:00,STATION_A_01,570.13,15.7
2025-10-26 21:00:00,STATION_A_01,528.62,14.2
2025-10-26 22:00:00,STATION_A_01,454.59,16.6
2025-10-26 23:00:00,STATION_A_01,417.23,15.1
2025-10-27 00:00:00,STATION_A_01,396.78,12.3
2025-10-27 01:00:00,STATION_A_01,389.82,10.5
2025-10-27 02:00:00,STATION_A_01,406.15,11.3
2025-10-27 03:00:00,STATION_A_01,388.05,10.2
2025-10-27 04:00:00,STATION_A_01,401.41,9.9
2025-10-27 05:00:00,STATION_A_01,414.75,11.3
2025-10-27 06:00:00,STATION_A_01,450.37,10.7
2025-10-27 07:00:00,STATION_A_01,482.83,12.9
2025-10-27 08:00:00,STATION_A_01,480.09,14.0
2025-10-27 09:00:00,STATION_A_01,460.84,15.9
2025-10-27 10:00:00,STATION_A_01,410.28,15.0
2025-10-27 11:00:00,STATION_A_01,407.49,18.5
2025-10-27 12:00:00,STATION_A_01,432.2,16.6
2025-10-27 13:00:00,STATION_A_01,426.74,18.0
2025-10-27 14:00:00,STATION_A_01,408.21,18.5
2025-10-27 15:00:00,STATION_A_01,421.14,17.7
2025-10-27 16:00:00,STATION_A_01,391.17,21.3
2025-10-27 17:00:00,STATION_A_01,428.94,17.3
2025-10-27 18:00:00,STATION_A_01,490.18,17.0
2025-10-27 19:00:00,STATION_A_01,516.46,19.5
2025-10-27 20:00:00,STATION_A_01,566.08,15.1
2025-10-27 21:00:00,STATION_A_01,509.61,14.5
2025-10-27 22:00:00,STATION_A_01,459.96,11.8
2025-10-27 23:00:00,STATION_A_01,396.09,13.9
2025-10-28 00:00:00,STATION_A_01,381.22,12.8
2025-10-28 01:00:00,STATION_A_01,363.69,11.8
2025-10-28 02:00:00,STATION_A_01,392.67,11.0
2025-10-28 03:00:00,STATION_A_01,394.31,10.0
2025-10-28 04:00:00,STATION_A_01,388.76,9.1
2025-10-28 05:00:00,STATION_A_01,412.18,9.0
2025-10-28 06:00:00,STATION_A_01,421.31,13.6
2025-10-28 07:00:00,STATION_A_01,484.79,13.6
2025-10-28 08:00:00,STATION_A_01,479.04,12.2
2025-10-28 09:00:00,STATION_A_01,470.88,14.7
2025-10-28 10:00:00,STATION_A_01,424.51,15.4
2025-10-28 11:00:00,STATION_A_01,419.03,15.0
2025-10-28 12:00:00,STATION_A_01,415.49,18.4
2025-10-28 13:00:00,STATION_A_01,414.41,18.1
2025-10-28 14:00:00,STATION_A_01,413.39,17.6
2025-10-28 15:00:00,STATION_A_01,410.94,16.8
2025-10-28 16:00:00,STATION_A_01,405.24,16.5
2025-10-28 17:00:00,STATION_A_01,443.0,18.2
2025-10-28 18:00:00,STATION_A_01,487.6,17.9
2025-10-28 19:00:00,STATION_A_01,554.14,15.5
2025-10-28 20:00:00,STATION_A_01,550.65,17.1
2025-10-28 21:00:00,STATION_A_01,508.76,14.5
2025-10-28 22:00:00,STATION_A_01,448.07,14.5
2025-10-28 23:00:00,STATION_A_01,412.21,11.9
2025-10-29 00:00:00,STATION_A_01,398.89,9.7
2025-10-29 01:00:00,STATION_A_01,387.44,10.5
2025-10-29 02:00:00,STATION_A_01,391.14,7.6
2025-10-29 03:00:00,STATION_A_01,376.37,10.6
2025-10-29 04:00:00,STATION_A_01,386.44,8.2
2025-10-29 05:00:00,STATION_A_01,419.92,12.0
2025-10-29 06:00:00,STATION_A_01,412.67,10.5
2025-10-29 07:00:00,STATION_A_01,476.34,14.0
2025-10-29 08:00:00,STATION_A_01,486.95,11.2
2025-10-29 09:00:00,STATION_A_01,488.8,13.3
2025-10-29 10:00:00,STATION_A_01,407.52,16.4
2025-10-29 11:00:00,STATION_A_01,405.3,19.0
2025-10-29 12:00:00,STATION_A_01,420.73,20.9
2025-10-29 13:00:00,STATION_A_01,421.64,18.7
2025-10-29 14:00:00,STATION_A_01,399.33,22.4
2025-10-29 15:00:00,STATION_A_01,378.91,18.8
2025-10-29 16:00:00,STATION_A_01,381.75,21.1
2025-10-29 17:00:00,STATION_A_01,454.69,16.9
2025-10-29 18:00:00,STATION_A_01,483.41,18.6
2025-10-29 19:00:00,STATION_A_01,571.1,12.7
2025-10-29 20:00:00,STATION_A_01,569.49,13.7
2025-10-29 21:00:00,STATION_A_01,484.87,15.3
2025-10-29 22:00:00,STATION_A_01,462.05,10.9
2025-10-29 23:00:00,STATION_A_01,400.77,12.8
2025-10-30 00:00:00,STATION_A_01,385.99,12.5
2025-10-30 01:00:00,STATION_A_01,389.96,9.2
2025-10-30 02:00:00,STATION_A_01,384.71,7.9
2025-10-30 03:00:00,STATION_A_01,394.41,8.6
2025-10-30 04:00:00,STATION_A_01,411.79,7.9
2025-10-30 05:00:00,STATION_A_01,414.05,10.0
2025-10-30 06:00:00,STATION_A_01,435.71,11.1
2025-10-30 07:00:00,STATION_A_01,485.86,11.3
2025-10-30 08:00:00,STATION_A_01,471.01,16.1
2025-10-30 09:00:00,STATION_A_01,476.28,13.0
2025-10-30 10:00:00,STATION_A_01,419.64,18.0
2025-10-30 11:00:00,STATION_A_01,437.02,14.8
2025-10-30 12:00:00,STATION_A_01,418.42,17.8
2025-10-30 13:00:00,STATION_A_01,402.38,20.6
2025-10-30 14:00:00,STATION_A_01,387.39,21.0
2025-10-30 15:00:00,STATION_A_01,412.54,18.3
2025-10-30 16:00:00,STATION_A_01,388.13,19.9
2025-10-30 17:00:00,STATION_A_01,429.19,19.2
2025-10-30 18:00:00,STATION_A_01,528.57,16.7
2025-10-30 19:00:00,STATION_A_01,553.72,17.8
2025-10-30 20:00:00,STATION_A_01,557.75,18.9
2025-10-30 21:00:00,STATION_A_01,495.92,15.1
2025-10-30 22:00:00,STATION_A_01,455.07,14.1
2025-10-30 23:00:00,STATION_A_01,404.54,13.1
2025-10-31 00:00:00,STATION_A_01,404.32,8.1
2025-10-31 01:00:00,STATION_A_01,410.51,10.8
2025-10-31 02:00:00,STATION_A_01,399.39,7.6
2025-10-31 03:00:00,STATION_A_01,400.71,8.2
2025-10-31 04:00:00,STATION_A_01,374.75,13.4
2025-10-31 05:00:00,STATION_A_01,421.36,9.5
2025-10-31 06:00:00,STATION_A_01,436.47,9.4
2025-10-31 07:00:00,STATION_A_01,475.61,13.8
2025-10-31 08:00:00,STATION_A_01,476.8,11.2
2025-10-31 09:00:00,STATION_A_01,481.04,13.3
2025-10-31 10:00:00,STATION_A_01,419.96,17.6
2025-10-31 11:00:00,STATION_A_01,426.67,16.6
2025-10-31 12:00:00,STATION_A_01,429.22,14.7
2025-10-31 13:00:00,STATION_A_01,406.11,19.2
2025-10-31 14:00:00,STATION_A_01,407.74,18.0
2025-10-31 15:00:00,STATION_A_01,385.23,21.7
2025-10-31 16:00:00,STATION_A_01,414.66,17.7
2025-10-31 17:00:00,STATION_A_01,413.23,20.2
2025-10-31 18:00:00,STATION_A_01,,20.7
2025-10-31 19:00:00,STATION_A_01,,15.0
2025-10-31 20:00:00,STATION_A_01,,15.0
2025-10-31 21:00:00,STATION_A_01,,14.8
2025-10-31 22:00:00,STATION_A_01,452.59,11.3
2025-10-31 23:00:00,STATION_A_01,411.06,12.2
2025-11-01 00:00:00,STATION_A_01,393.83,10.1
2025-11-01 01:00:00,STATION_A_01,406.5,9.3
2025-11-01 02:00:00,STATION_A_01,415.34,9.4
2025-11-01 03:00:00,STATION_A_01,412.74,9.2
2025-11-01 04:00:00,STATION_A_01,405.11,9.6
2025-11-01 05:00:00,STATION_A_01,450.01,8.7
2025-11-01 06:00:00,STATION_A_01,472.15,9.5
2025-11-01 07:00:00,STATION_A_01,505.61,11.3
2025-11-01 08:00:00,STATION_A_01,511.23,12.6
2025-11-01 09:00:00,STATION_A_01,504.82,13.1
2025-11-01 10:00:00,STATION_A_01,468.05,15.7
2025-11-01 11:00:00,STATION_A_01,457.44,13.1
2025-11-01 12:00:00,STATION_A_01,454.28,16.0
2025-11-01 13:00:00,STATION_A_01,435.45,17.6
2025-11-01 14:00:00,STATION_A_01,442.62,17.0
2025-11-01 15:00:00,STATION_A_01,430.13,21.7
2025-11-01 16:00:00,STATION_A_01,439.63,18.6
2025-11-01 17:00:00,STATION_A_01,474.24,18.4
2025-11-01 18:00:00,STATION_A_01,533.79,16.4
2025-11-01 19:00:00,STATION_A_01,585.15,16.3
2025-11-01 20:00:00,STATION_A_01,597.26,13.0
2025-11-01 21:00:00,STATION_A_01,516.53,13.6
2025-11-01 22:00:00,STATION_A_01,467.61,11.0
2025-11-01 23:00:00,STATION_A_01,436.02,11.0
2025-11-02 00:00:00,STATION_A_01,433.33,5.7
2025-11-02 01:00:00,STATION_A_01,442.74,7.5
2025-11-02 02:00:00,STATION_A_01,423.84,11.7
2025-11-02 03:00:00,STATION_A_01,408.38,10.4
2025-11-02 04:00:00,STATION_A_01,423.79,11.5
2025-11-02 05:00:00,STATION_A_01,420.47,12.1
2025-11-02 06:00:00,STATION_A_01,467.94,11.6
2025-11-02 07:00:00,STATION_A_01,518.59,10.5
2025-11-02 08:00:00,STATION_A_01,548.42,10.6
2025-11-02 09:00:00,STATION_A_01,483.93,15.8
2025-11-02 10:00:00,STATION_A_01,477.48,15.1
2025-11-02 11:00:00,STATION_A_01,407.23,20.6
2025-11-02 12:00:00,STATION_A_01,462.08,16.5
2025-11-02 13:00:00,STATION_A_01,432.98,21.4
2025-11-02 14:00:00,STATION_A_01,436.57,18.1
2025-11-02 15:00:00,STATION_A_01,395.75,20.9
2025-11-02 16:00:00,STATION_A_01,415.41,21.4
2025-11-02 17:00:00,STATION_A_01,486.78,16.1
2025-11-02 18:00:00,STATION_A_01,525.22,16.3
2025-11-02 19:00:00,STATION_A_01,608.43,14.3
2025-11-02 20:00:00,STATION_A_01,606.39,12.8
2025-11-02 21:00:00,STATION_A_01,549.62,14.9
2025-11-02 22:00:00,STATION_A_01,481.55,12.1
2025-11-02 23:00:00,STATION_A_01,425.73,11.4
2025-11-03 00:00:00,STATION_A_01,389.54,11.2
2025-11-03 01:00:00,STATION_A_01,425.91,6.1
2025-11-03 02:00:00,STATION_A_01,393.78,11.2
2025-11-03 03:00:00,STATION_A_01,400.22,8.1
2025-11-03 04:00:00,STATION_A_01,421.27,9.9
2025-11-03 05:00:00,STATION_A_01,420.48,10.5
2025-11-03 06:00:00,STATION_A_01,438.36,12.6
2025-11-03 07:00:00,STATION_A_01,481.21,11.0
2025-11-03 08:00:00,STATION_A_01,521.81,8.5
2025-11-03 09:00:00,STATION_A_01,482.46,13.7
2025-11-03 10:00:00,STATION_A_01,413.87,15.2
2025-11-03 11:00:00,STATION_A_01,434.69,14.1
2025-11-03 12:00:00,STATION_A_01,416.83,17.2
2025-11-03 13:00:00,STATION_A_01,416.64,17.1
2025-11-03 14:00:00,STATION_A_01,420.21,15.8
2025-11-03 15:00:00,STATION_A_01,380.26,19.6
2025-11-03 16:00:00,STATION_A_01,389.2,17.2
2025-11-03 17:00:00,STATION_A_01,453.68,17.0
2025-11-03 18:00:00,STATION_A_01,508.04,16.1
2025-11-03 19:00:00,STATION_A_01,507.07,18.2
2025-11-03 20:00:00,STATION_A_01,551.98,14.7
2025-11-03 21:00:00,STATION_A_01,523.01,13.7
2025-11-03 22:00:00,STATION_A_01,451.76,11.5
2025-11-03 23:00:00,STATION_A_01,422.73,12.0
2025-11-04 00:00:00,STATION_A_01,394.77,12.4
2025-11-04 01:00:00,STATION_A_01,378.35,10.4
2025-11-04 02:00:00,STATION_A_01,392.38,10.0
2025-11-04 03:00:00,STATION_A_01,390.99,9.7
2025-11-04 04:00:00,STATION_A_01,397.49,6.3
2025-11-04 05:00:00,STATION_A_01,404.17,7.6
2025-11-04 06:00:00,STATION_A_01,433.35,9.6
2025-11-04 07:00:00,STATION_A_01,475.63,9.7
2025-11-04 08:00:00,STATION_A_01,507.4,10.2
2025-11-04 09:00:00,STATION_A_01,504.41,10.0
2025-11-04 10:00:00,STATION_A_01,458.61,12.2
2025-11-04 11:00:00,STATION_A_01,433.34,15.3
2025-11-04 12:00:00,STATION_A_01,418.41,16.6
2025-11-04 13:00:00,STATION_A_01,433.31,16.1
2025-11-04 14:00:00,STATION_A_01,410.4,18.2
2025-11-04 15:00:00,STATION_A_01,401.23,17.4
2025-11-04 16:00:00,STATION_A_01,415.9,20.0
2025-11-04 17:00:00,STATION_A_01,411.86,17.2
2025-11-04 18:00:00,STATION_A_01,468.17,18.0
2025-11-04 19:00:00,STATION_A_01,558.67,16.1
2025-11-04 20:00:00,STATION_A_01,572.0,12.1
2025-11-04 21:00:00,STATION_A_01,494.89,13.2
2025-11-04 22:00:00,STATION_A_01,449.98,9.9
2025-11-04 23:00:00,STATION_A_01,404.7,10.8
2025-11-05 00:00:00,STATION_A_01,409.16,8.5
2025-11-05 01:00:00,STATION_A_01,407.4,9.7
2025-11-05 02:00:00,STATION_A_01,426.43,6.1
2025-11-05 03:00:00,STATION_A_01,384.11,8.4
2025-11-05 04:00:00,STATION_A_01,385.24,9.6
2025-11-05 05:00:00,STATION_A_01,392.7,10.7
2025-11-05 06:00:00,STATION_A_01,463.04,8.4
2025-11-05 07:00:00,STATION_A_01,483.58,10.8
2025-11-05 08:00:00,STATION_A_01,494.61,12.3
2025-11-05 09:00:00,STATION_A_01,464.98,16.0
2025-11-05 10:00:00,STATION_A_01,454.05,11.8
2025-11-05 11:00:00,STATION_A_01,418.72,14.0
2025-11-05 12:00:00,STATION_A_01,411.93,21.6
2025-11-05 13:00:00,STATION_A_01,421.38,16.9
2025-11-05 14:00:00,STATION_A_01,415.37,14.4
2025-11-05 15:00:00,STATION_A_01,414.12,16.9
2025-11-05 16:00:00,STATION_A_01,422.89,12.8
2025-11-05 17:00:00,STATION_A_01,438.66,17.8
2025-11-05 18:00:00,STATION_A_01,490.65,18.0
2025-11-05 19:00:00,STATION_A_01,579.32,13.9
2025-11-05 20:00:00,STATION_A_01,570.77,13.6
2025-11-05 21:00:00,STATION_A_01,494.06,14.9
2025-11-05 22:00:00,STATION_A_01,471.88,8.8
2025-11-05 23:00:00,STATION_A_01,428.58,8.4
2025-11-06 00:00:00,STATION_A_01,402.43,9.2
2025-11-06 01:00:00,STATION_A_01,414.7,7.5
2025-11-06 02:00:00,STATION_A_01,396.09,7.8
2025-11-06 03:00:00,STATION_A_01,417.7,5.9
2025-11-06 04:00:00,STATION_A_01,384.83,8.8
2025-11-06 05:00:00,STATION_A_01,415.31,8.6
2025-11-06 06:00:00,STATION_A_01,435.57,10.6
2025-11-06 07:00:00,STATION_A_01,495.91,11.0
2025-11-06 08:00:00,STATION_A_01,492.52,12.1
2025-11-06 09:00:00,STATION_A_01,497.32,10.4
2025-11-06 10:00:00,STATION_A_01,419.35,15.1
2025-11-06 11:00:00,STATION_A_01,423.75,14.8
2025-11-06 12:00:00,STATION_A_01,414.8,16.1
2025-11-06 13:00:00,STATION_A_01,440.37,19.1
2025-11-06 14:00:00,STATION_A_01,413.1,16.4
2025-11-06 15:00:00,STATION_A_01,395.71,20.2
2025-11-06 16:00:00,STATION_A_01,397.92,20.2
2025-11-06 17:00:00,STATION_A_01,414.94,18.5
2025-11-06 18:00:00,STATION_A_01,503.57,14.6
2025-11-06 19:00:00,STATION_A_01,587.06,11.5
2025-11-06 20:00:00,STATION_A_01,553.82,16.2
2025-11-06 21:00:00,STATION_A_01,483.81,13.2
2025-11-06 22:00:00,STATION_A_01,453.94,10.4
2025-11-06 23:00:00,STATION_A_01,417.81,12.7
2025-11-07 00:00:00,STATION_A_01,408.68,7.9
2025-11-07 01:00:00,STATION_A_01,415.17,7.9
2025-11-07 02:00:00,STATION_A_01,387.5,9.1
2025-11-07 03:00:00,STATION_A_01,424.1,6.0
2025-11-07 04:00:00,STATION_A_01,405.65,8.0
2025-11-07 05:00:00,STATION_A_01,425.39,10.6
2025-11-07 06:00:00,STATION_A_01,442.42,9.8
2025-11-07 07:00:00,STATION_A_01,445.0,12.7
2025-11-07 08:00:00,STATION_A_01,498.1,13.6
2025-11-07 09:00:00,STATION_A_01,472.45,12.8
2025-11-07 10:00:00,STATION_A_01,459.38,9.9
2025-11-07 11:00:00,STATION_A_01,418.47,13.2
2025-11-07 12:00:00,STATION_A_01,435.29,17.6
2025-11-07 13:00:00,STATION_A_01,429.94,14.2
2025-11-07 14:00:00,STATION_A_01,435.39,16.9
2025-11-07 15:00:00,STATION_A_01,398.3,18.2
2025-11-07 16:00:00,STATION_A_01,387.26,20.1
2025-11-07 17:00:00,STATION_A_01,460.38,16.0
2025-11-07 18:00:00,STATION_A_01,507.58,15.1
2025-11-07 19:00:00,STATION_A_01,558.92,15.1
2025-11-07 20:00:00,STATION_A_01,542.86,14.7
2025-11-07 21:00:00,STATION_A_01,512.16,12.6
2025-11-07 22:00:00,STATION_A_01,451.96,13.5
2025-11-07 23:00:00,STATION_A_01,408.41,9.0
2025-11-08 00:00:00,STATION_A_01,414.44,9.5
2025-11-08 01:00:00,STATION_A_01,416.47,9.3
2025-11-08 02:00:00,STATION_A_01,430.18,7.3
2025-11-08 03:00:00,STATION_A_01,437.66,9.4
2025-11-08 04:00:00,STATION_A_01,426.18,8.3
2025-11-08 05:00:00,STATION_A_01,428.51,9.9
2025-11-08 06:00:00,STATION_A_01,503.74,9.6
2025-11-08 07:00:00,STATION_A_01,501.65,10.9
2025-11-08 08:00:00,STATION_A_01,532.06,10.3
2025-11-08 09:00:00,STATION_A_01,509.01,11.5
2025-11-08 10:00:00,STATION_A_01,458.37,16.1
2025-11-08 11:00:00,STATION_A_01,448.2,16.2
2025-11-08 12:00:00,STATION_A_01,470.09,14.2
2025-11-08 13:00:00,STATION_A_01,452.93,17.1
2025-11-08 14:00:00,STATION_A_01,474.77,13.0
2025-11-08 15:00:00,STATION_A_01,447.44,16.4
2025-11-08 16:00:00,STATION_A_01,427.73,19.0
2025-11-08 17:00:00,STATION_A_01,473.53,16.6
2025-11-08 18:00:00,STATION_A_01,548.02,16.3
2025-11-08 19:00:00,STATION_A_01,609.82,9.6
2025-11-08 20:00:00,STATION_A_01,644.3,13.2
2025-11-08 21:00:00,STATION_A_01,538.51,13.3
2025-11-08 22:00:00,STATION_A_01,475.67,12.2
2025-11-08 23:00:00,STATION_A_01,421.44,12.0
2025-11-09 00:00:00,STATION_A_01,410.76,8.7
2025-11-09 01:00:00,STATION_A_01,437.43,8.0
2025-11-09 02:00:00,STATION_A_01,463.21,5.4
2025-11-09 03:00:00,STATION_A_01,423.91,7.3
2025-11-09 04:00:00,STATION_A_01,445.16,5.6
2025-11-09 05:00:00,STATION_A_01,460.51,5.0
2025-11-09 06:00:00,STATION_A_01,494.5,7.1
2025-11-09 07:00:00,STATION_A_01,526.97,12.8
2025-11-09 08:00:00,STATION_A_01,553.57,10.7
2025-11-09 09:00:00,STATION_A_01,503.96,12.9
2025-11-09 10:00:00,STATION_A_01,484.65,12.8
2025-11-09 11:00:00,STATION_A_01,476.7,11.7
2025-11-09 12:00:00,STATION_A_01,443.24,17.6
2025-11-09 13:00:00,STATION_A_01,456.22,12.7
2025-11-09 14:00:00,STATION_A_01,438.21,16.1
2025-11-09 15:00:00,STATION_A_01,445.3,17.2
2025-11-09 16:00:00,STATION_A_01,446.67,17.5
2025-11-09 17:00:00,STATION_A_01,472.93,15.3
2025-11-09 18:00:00,STATION_A_01,557.57,12.6
2025-11-09 19:00:00,STATION_A_01,623.53,13.4
2025-11-09 20:00:00,STATION_A_01,583.39,12.4
2025-11-09 21:00:00,STATION_A_01,551.81,11.1
2025-11-09 22:00:00,STATION_A_01,501.8,13.0
2025-11-09 23:00:00,STATION_A_01,456.96,7.9
2025-11-10 00:00:00,STATION_A_01,385.49,9.4
2025-11-10 01:00:00,STATION_A_01,402.37,8.4
2025-11-10 02:00:00,STATION_A_01,407.99,9.4
2025-11-10 03:00:00,STATION_A_01,379.44,7.3
2025-11-10 04:00:00,STATION_A_01,404.4,9.1
2025-11-10 05:00:00,STATION_A_01,416.59,7.8
2025-11-10 06:00:00,STATION_A_01,424.82,9.7
2025-11-10 07:00:00,STATION_A_01,498.22,7.2
2025-11-10 08:00:00,STATION_A_01,523.11,6.3
2025-11-10 09:00:00,STATION_A_01,477.89,13.0
2025-11-10 10:00:00,STATION_A_01,440.27,14.3
2025-11-10 11:00:00,STATION_A_01,414.08,15.6
2025-11-10 12:00:00,STATION_A_01,414.91,14.8
2025-11-10 13:00:00,STATION_A_01,406.9,19.1
2025-11-10 14:00:00,STATION_A_01,431.91,16.1
2025-11-10 15:00:00,STATION_A_01,407.68,17.9
2025-11-10 16:00:00,STATION_A_01,405.55,18.0
2025-11-10 17:00:00,STATION_A_01,417.43,19.6
2025-11-10 18:00:00,STATION_A_01,504.24,15.1
2025-11-10 19:00:00,STATION_A_01,581.25,13.5
2025-11-10 20:00:00,STATION_A_01,592.86,10.8
2025-11-10 21:00:00,STATION_A_01,499.59,15.1
2025-11-10 22:00:00,STATION_A_01,424.52,11.8
2025-11-10 23:00:00,STATION_A_01,409.01,10.7
2025-11-11 00:00:00,STATION_A_01,373.51,14.3
2025-11-11 01:00:00,STATION_A_01,391.48,8.6
2025-11-11 02:00:00,STATION_A_01,409.9,5.1
2025-11-11 03:00:00,STATION_A_01,416.42,7.0
2025-11-11 04:00:00,STATION_A_01,415.7,5.7
2025-11-11 05:00:00,STATION_A_01,434.21,7.3
2025-11-11 06:00:00,STATION_A_01,433.75,8.0
2025-11-11 07:00:00,STATION_A_01,486.55,8.7
2025-11-11 08:00:00,STATION_A_01,489.0,8.4
2025-11-11 09:00:00,STATION_A_01,463.49,15.0
2025-11-11 10:00:00,STATION_A_01,434.37,13.9
2025-11-11 11:00:00,STATION_A_01,446.48,14.1
2025-11-11 12:00:00,STATION_A_01,426.44,16.9
2025-11-11 13:00:00,STATION_A_01,434.89,17.1
2025-11-11 14:00:00,STATION_A_01,412.98,17.3
2025-11-11 15:00:00,STATION_A_01,393.48,18.2
2025-11-11 16:00:00,STATION_A_01,399.72,17.0
2025-11-11 17:00:00,STATION_A_01,442.05,17.5
2025-11-11 18:00:00,STATION_A_01,523.77,16.9
2025-11-11 19:00:00,STATION_A_01,569.18,14.8
2025-11-11 20:00:00,STATION_A_01,567.57,13.0
2025-11-11 21:00:00,STATION_A_01,504.86,14.9
2025-11-11 22:00:00,STATION_A_01,463.63,10.0
2025-11-11 23:00:00,STATION_A_01,439.81,10.4
2025-11-12 00:00:00,STATION_A_01,411.06,9.3
2025-11-12 01:00:00,STATION_A_01,411.27,6.7
2025-11-12 02:00:00,STATION_A_01,413.02,5.9
2025-11-12 03:00:00,STATION_A_01,413.05,6.5
2025-11-12 04:00:00,STATION_A_01,418.98,6.4
2025-11-12 05:00:00,STATION_A_01,427.51,5.2
2025-11-12 06:00:00,STATION_A_01,444.54,7.4
2025-11-12 07:00:00,STATION_A_01,497.26,10.0
2025-11-12 08:00:00,STATION_A_01,492.44,13.0
2025-11-12 09:00:00,STATION_A_01,490.84,13.0
2025-11-12 10:00:00,STATION_A_01,491.86,8.5
2025-11-12 11:00:00,STATION_A_01,431.98,15.5
2025-11-12 12:00:00,STATION_A_01,437.72,14.3
2025-11-12 13:00:00,STATION_A_01,460.31,16.9
2025-11-12 14:00:00,STATION_A_01,423.32,16.6
2025-11-12 15:00:00,STATION_A_01,400.45,16.4
2025-11-12 16:00:00,STATION_A_01,410.85,16.4
2025-11-12 17:00:00,STATION_A_01,464.02,16.1
2025-11-12 18:00:00,STATION_A_01,479.17,17.8
2025-11-12 19:00:00,STATION_A_01,555.42,14.3
2025-11-12 20:00:00,STATION_A_01,576.96,15.2
2025-11-12 21:00:00,STATION_A_01,510.63,13.6
2025-11-12 22:00:00,STATION_A_01,454.36,11.9
2025-11-12 23:00:00,STATION_A_01,447.28,6.3
2025-11-13 00:00:00,STATION_A_01,386.97,10.4
2025-11-13 01:00:00,STATION_A_01,392.84,6.8
2025-11-13 02:00:00,STATION_A_01,387.57,8.4
2025-11-13 03:00:00,STATION_A_01,421.52,5.2
2025-11-13 04:00:00,STATION_A_01,422.44,5.0
2025-11-13 05:00:00,STATION_A_01,400.57,11.2
2025-11-13 06:00:00,STATION_A_01,444.25,6.7
2025-11-13 07:00:00,STATION_A_01,474.5,11.4
2025-11-13 08:00:00,STATION_A_01,518.43,10.8
2025-11-13 09:00:00,STATION_A_01,478.2,11.0
2025-11-13 10:00:00,STATION_A_01,443.86,12.9
2025-11-13 11:00:00,STATION_A_01,429.23,11.8
2025-11-13 12:00:00,STATION_A_01,426.28,15.2
2025-11-13 13:00:00,STATION_A_01,442.43,14.0
2025-11-13 14:00:00,STATION_A_01,448.6,15.7
2025-11-13 15:00:00,STATION_A_01,406.72,18.2
2025-11-13 16:00:00,STATION_A_01,411.57,16.9
2025-11-13 17:00:00,STATION_A_01,469.87,13.3
2025-11-13 18:00:00,STATION_A_01,510.98,16.7
2025-11-13 19:00:00,STATION_A_01,559.3,14.2
2025-11-13 20:00:00,STATION_A_01,614.13,12.0
2025-11-13 21:00:00,STATION_A_01,517.09,13.1
2025-11-13 22:00:00,STATION_A_01,466.58,10.2
2025-11-13 23:00:00,STATION_A_01,437.73,7.3
2025-11-14 00:00:00,STATION_A_01,393.66,11.5
2025-11-14 01:00:00,STATION_A_01,422.45,7.4
2025-11-14 02:00:00,STATION_A_01,402.46,6.8
2025-11-14 03:00:00,STATION_A_01,420.64,6.1
2025-11-14 04:00:00,STATION_A_01,405.49,9.1
2025-11-14 05:00:00,STATION_A_01,438.31,6.5
2025-11-14 06:00:00,STATION_A_01,461.24,5.4
2025-11-14 07:00:00,STATION_A_01,490.37,8.0
2025-11-14 08:00:00,STATION_A_01,503.54,12.8
2025-11-14 09:00:00,STATION_A_01,483.49,13.1
2025-11-14 10:00:00,STATION_A_01,444.86,12.4
2025-11-14 11:00:00,STATION_A_01,,16.5
2025-11-14 12:00:00,STATION_A_01,433.45,16.4
2025-11-14 13:00:00,STATION_A_01,432.23,15.3
2025-11-14 14:00:00,STATION_A_01,419.33,15.9
2025-11-14 15:00:00,STATION_A_01,414.09,17.0
2025-11-14 16:00:00,STATION_A_01,429.06,14.8
2025-11-14 17:00:00,STATION_A_01,429.57,15.8
2025-11-14 18:00:00,STATION_A_01,513.4,15.6
2025-11-14 19:00:00,STATION_A_01,597.03,11.0
2025-11-14 20:00:00,STATION_A_01,541.91,12.5
2025-11-14 21:00:00,STATION_A_01,531.46,11.1
2025-11-14 22:00:00,STATION_A_01,463.21,12.2
2025-11-14 23:00:00,STATION_A_01,444.32,5.9
2025-11-15 00:00:00,STATION_A_01,440.35,7.4
2025-11-15 01:00:00,STATION_A_01,431.58,6.4
2025-11-15 02:00:00,STATION_A_01,415.01,8.5
2025-11-15 03:00:00,STATION_A_01,414.99,6.6
2025-11-15 04:00:00,STATION_A_01,436.47,10.0
2025-11-15 05:00:00,STATION_A_01,453.02,8.5
2025-11-15 06:00:00,STATION_A_01,498.05,7.3
2025-11-15 07:00:00,STATION_A_01,507.71,9.5
2025-11-15 08:00:00,STATION_A_01,552.63,9.6
2025-11-15 09:00:00,STATION_A_01,488.97,13.0
2025-11-15 10:00:00,STATION_A_01,481.44,10.3
2025-11-15 11:00:00,STATION_A_01,469.4,12.4
2025-11-15 12:00:00,STATION_A_01,462.43,15.7
2025-11-15 13:00:00,STATION_A_01,466.89,17.8
2025-11-15 14:00:00,STATION_A_01,465.62,12.1
2025-11-15 15:00:00,STATION_A_01,417.65,18.7
2025-11-15 16:00:00,STATION_A_01,431.97,15.8
2025-11-15 17:00:00,STATION_A_01,484.47,12.2
2025-11-15 18:00:00,STATION_A_01,607.24,9.4
2025-11-15 19:00:00,STATION_A_01,634.38,11.1
2025-11-15 20:00:00,STATION_A_01,629.24,12.6
2025-11-15 21:00:00,STATION_A_01,556.07,11.3
2025-11-15 22:00:00,STATION_A_01,487.0,
2025-11-15 23:00:00,STATION_A_01,463.1,8.1
2025-11-16 00:00:00,STATION_A_01,432.16,5.9
2025-11-16 01:00:00,STATION_A_01,432.58,6.4
2025-11-16 02:00:00,STATION_A_01,426.97,6.7
2025-11-16 03:00:00,STATION_A_01,429.35,6.9
2025-11-16 04:00:00,STATION_A_01,445.69,5.2
2025-11-16 05:00:00,STATION_A_01,434.68,8.7
2025-11-16 06:00:00,STATION_A_01,490.0,6.8
2025-11-16 07:00:00,STATION_A_01,532.93,7.3
2025-11-16 08:00:00,STATION_A_01,542.0,9.1
2025-11-16 09:00:00,STATION_A_01,497.26,13.2
2025-11-16 10:00:00,STATION_A_01,484.6,12.3
2025-11-16 11:00:00,STATION_A_01,461.86,12.4
2025-11-16 12:00:00,STATION_A_01,452.33,16.3
2025-11-16 13:00:00,STATION_A_01,453.24,19.3
2025-11-16 14:00:00,STATION_A_01,434.55,16.3
2025-11-16 15:00:00,STATION_A_01,453.91,18.3
2025-11-16 16:00:00,STATION_A_01,433.04,17.8
2025-11-16 17:00:00,STATION_A_01,488.26,14.3
2025-11-16 18:00:00,STATION_A_01,534.06,14.7
2025-11-16 19:00:00,STATION_A_01,639.44,11.4
2025-11-16 20:00:00,STATION_A_01,613.24,12.1
2025-11-16 21:00:00,STATION_A_01,560.89,10.1
2025-11-16 22:00:00,STATION_A_01,490.0,9.3
2025-11-16 23:00:00,STATION_A_01,454.4,7.5
2025-11-17 00:00:00,STATION_A_01,412.82,7.2
2025-11-17 01:00:00,STATION_A_01,407.4,7.9
2025-11-17 02:00:00,STATION_A_01,411.72,6.3
2025-11-17 03:00:00,STATION_A_01,417.89,3.0
2025-11-17 04:00:00,STATION_A_01,412.29,5.1
2025-11-17 05:00:00,STATION_A_01,432.77,4.2
2025-11-17 06:00:00,STATION_A_01,458.6,8.2
2025-11-17 07:00:00,STATION_A_01,496.87,9.6
2025-11-17 08:00:00,STATION_A_01,518.34,10.3
2025-11-17 09:00:00,STATION_A_01,497.17,9.7
2025-11-17 10:00:00,STATION_A_01,-68.78,12.8
2025-11-17 11:00:00,STATION_A_01,438.96,12.7
2025-11-17 12:00:00,STATION_A_01,424.03,12.5
2025-11-17 13:00:00,STATION_A_01,425.94,16.6
2025-11-17 14:00:00,STATION_A_01,415.92,17.2
2025-11-17 15:00:00,STATION_A_01,397.65,17.6
2025-11-17 16:00:00,STATION_A_01,417.22,14.7
2025-11-17 17:00:00,STATION_A_01,443.36,17.4
2025-11-17 18:00:00,STATION_A_01,504.97,13.6
2025-11-17 19:00:00,STATION_A_01,556.41,14.7
2025-11-17 20:00:00,STATION_A_01,608.78,11.4
2025-11-17 21:00:00,STATION_A_01,510.01,10.7
2025-11-17 22:00:00,STATION_A_01,485.0,5.5
2025-11-17 23:00:00,STATION_A_01,416.43,8.2
2025-11-18 00:00:00,STATION_A_01,398.83,7.7
2025-11-18 01:00:00,STATION_A_01,411.22,6.1
2025-11-18 02:00:00,STATION_A_01,389.66,9.5
2025-11-18 03:00:00,STATION_A_01,428.17,4.1
2025-11-18 04:00:00,STATION_A_01,435.27,5.3
2025-11-18 05:00:00,STATION_A_01,444.13,5.2
2025-11-18 06:00:00,STATION_A_01,473.08,6.5
2025-11-18 07:00:00,STATION_A_01,467.78,10.4
2025-11-18 08:00:00,STATION_A_01,494.93,12.4
2025-11-18 09:00:00,STATION_A_01,503.81,9.7
2025-11-18 10:00:00,STATION_A_01,473.83,10.9
2025-11-18 11:00:00,STATION_A_01,468.07,11.3
2025-11-18 12:00:00,STATION_A_01,437.33,16.7
2025-11-18 13:00:00,STATION_A_01,436.38,17.1
2025-11-18 14:00:00,STATION_A_01,458.02,15.4
2025-11-18 15:00:00,STATION_A_01,429.44,13.2
2025-11-18 16:00:00,STATION_A_01,426.95,13.2
2025-11-18 17:00:00,STATION_A_01,453.73,15.4
2025-11-18 18:00:00,STATION_A_01,499.51,15.3
2025-11-18 19:00:00,STATION_A_01,598.39,9.6
2025-11-18 20:00:00,STATION_A_01,558.55,11.6
2025-11-18 21:00:00,STATION_A_01,508.9,13.9
2025-11-18 22:00:00,STATION_A_01,468.83,9.3
2025-11-18 23:00:00,STATION_A_01,427.41,11.2
2025-11-19 00:00:00,STATION_A_01,415.59,8.6
2025-11-19 01:00:00,STATION_A_01,408.74,4.7
2025-11-19 02:00:00,STATION_A_01,438.01,5.6
2025-11-19 03:00:00,STATION_A_01,417.25,5.8
2025-11-19 04:00:00,STATION_A_01,427.06,4.4
2025-11-19 05:00:00,STATION_A_01,417.91,4.9
2025-11-19 06:00:00,STATION_A_01,438.39,10.1
2025-11-19 07:00:00,STATION_A_01,517.75,6.6
2025-11-19 08:00:00,STATION_A_01,505.32,11.5
2025-11-19 09:00:00,STATION_A_01,498.18,10.0
2025-11-19 10:00:00,STATION_A_01,461.5,12.0
2025-11-19 11:00:00,STATION_A_01,418.66,14.2
2025-11-19 12:00:00,STATION_A_01,441.11,13.1
2025-11-19 13:00:00,STATION_A_01,448.03,16.0
2025-11-19 14:00:00,STATION_A_01,458.17,11.7
2025-11-19 15:00:00,STATION_A_01,413.7,16.4
2025-11-19 16:00:00,STATION_A_01,458.52,11.0
2025-11-19 17:00:00,STATION_A_01,441.38,14.5
2025-11-19 18:00:00,STATION_A_01,497.31,15.7
2025-11-19 19:00:00,STATION_A_01,598.04,14.3
2025-11-19 20:00:00,STATION_A_01,605.77,9.7
2025-11-19 21:00:00,STATION_A_01,540.08,8.7
2025-11-19 22:00:00,STATION_A_01,474.78,8.3
2025-11-19 23:00:00,STATION_A_01,419.11,8.7
2025-11-20 00:00:00,STATION_A_01,427.16,3.6
2025-11-20 01:00:00,STATION_A_01,414.89,6.4
2025-11-20 02:00:00,STATION_A_01,412.63,6.5
2025-11-20 03:00:00,STATION_A_01,405.28,5.3
2025-11-20 04:00:00,STATION_A_01,417.81,6.9
2025-11-20 05:00:00,STATION_A_01,422.7,6.9
2025-11-20 06:00:00,STATION_A_01,451.27,6.3
2025-11-20 07:00:00,STATION_A_01,530.65,4.7
2025-11-20 08:00:00,STATION_A_01,542.08,9.6
2025-11-20 09:00:00,STATION_A_01,528.15,8.9
2025-11-20 10:00:00,STATION_A_01,472.56,10.8
2025-11-20 11:00:00,STATION_A_01,433.88,13.9
2025-11-20 12:00:00,STATION_A_01,426.27,16.6
2025-11-20 13:00:00,STATION_A_01,443.05,14.7
2025-11-20 14:00:00,STATION_A_01,421.13,16.3
2025-11-20 15:00:00,STATION_A_01,445.95,12.8
2025-11-20 16:00:00,STATION_A_01,398.03,15.7
2025-11-20 17:00:00,STATION_A_01,452.69,14.7
2025-11-20 18:00:00,STATION_A_01,518.63,16.2
2025-11-20 19:00:00,STATION_A_01,571.57,12.0
2025-11-20 20:00:00,STATION_A_01,583.57,11.4
2025-11-20 21:00:00,STATION_A_01,532.39,12.5
2025-11-20 22:00:00,STATION_A_01,490.42,9.2
2025-11-20 23:00:00,STATION_A_01,424.29,6.2
2025-11-21 00:00:00,STATION_A_01,378.67,11.7
2025-11-21 01:00:00,STATION_A_01,411.14,4.4
2025-11-21 02:00:00,STATION_A_01,399.61,5.7
2025-11-21 03:00:00,STATION_A_01,398.74,6.3
2025-11-21 04:00:00,STATION_A_01,407.39,6.3
2025-11-21 05:00:00,STATION_A_01,446.75,6.0
2025-11-21 06:00:00,STATION_A_01,457.84,6.7
2025-11-21 07:00:00,STATION_A_01,500.72,7.6
2025-11-21 08:00:00,STATION_A_01,512.93,7.2
2025-11-21 09:00:00,STATION_A_01,484.46,14.3
2025-11-21 10:00:00,STATION_A_01,485.62,11.3
2025-11-21 11:00:00,STATION_A_01,427.12,13.9
2025-11-21 12:00:00,STATION_A_01,462.45,13.3
2025-11-21 13:00:00,STATION_A_01,446.5,14.0
2025-11-21 14:00:00,STATION_A_01,435.41,14.3
2025-11-21 15:00:00,STATION_A_01,437.76,12.5
2025-11-21 16:00:00,STATION_A_01,429.06,14.8
2025-11-21 17:00:00,STATION_A_01,482.73,13.9
2025-11-21 18:00:00,STATION_A_01,517.0,16.0
2025-11-21 19:00:00,STATION_A_01,601.42,10.7
2025-11-21 20:00:00,STATION_A_01,586.0,10.7
2025-11-21 21:00:00,STATION_A_01,556.49,8.8
2025-11-21 22:00:00,STATION_A_01,448.85,11.8
2025-11-21 23:00:00,STATION_A_01,439.71,6.5
2025-11-22 00:00:00,STATION_A_01,464.86,7.9
2025-11-22 01:00:00,STATION_A_01,404.41,7.9
2025-11-22 02:00:00,STATION_A_01,445.77,5.4
2025-11-22 03:00:00,STATION_A_01,456.92,3.0
2025-11-22 04:00:00,STATION_A_01,454.05,3.2
2025-11-22 05:00:00,STATION_A_01,449.47,7.7
2025-11-22 06:00:00,STATION_A_01,500.97,4.6
2025-11-22 07:00:00,STATION_A_01,522.6,8.6
2025-11-22 08:00:00,STATION_A_01,550.39,9.3
2025-11-22 09:00:00,STATION_A_01,516.79,11.0
2025-11-22 10:00:00,STATION_A_01,511.66,12.4
2025-11-22 11:00:00,STATION_A_01,474.87,11.0
2025-11-22 12:00:00,STATION_A_01,483.15,11.9
2025-11-22 13:00:00,STATION_A_01,452.89,15.7
2025-11-22 14:00:00,STATION_A_01,475.46,13.8
2025-11-22 15:00:00,STATION_A_01,479.66,10.2
2025-11-22 16:00:00,STATION_A_01,449.58,16.1
2025-11-22 17:00:00,STATION_A_01,482.05,12.6
2025-11-22 18:00:00,STATION_A_01,538.81,14.5
2025-11-22 19:00:00,STATION_A_01,627.57,15.2
2025-11-22 20:00:00,STATION_A_01,610.79,11.6
2025-11-22 21:00:00,STATION_A_01,568.96,12.1
2025-11-22 22:00:00,STATION_A_01,488.48,9.3
2025-11-22 23:00:00,STATION_A_01,458.09,10.8
2025-11-23 00:00:00,STATION_A_01,438.04,4.8
2025-11-23 01:00:00,STATION_A_01,430.19,6.0
2025-11-23 02:00:00,STATION_A_01,430.05,6.7
2025-11-23 03:00:00,STATION_A_01,439.59,5.0
2025-11-23 04:00:00,STATION_A_01,443.44,7.6
2025-11-23 05:00:00,STATION_A_01,464.22,5.2
2025-11-23 06:00:00,STATION_A_01,459.52,10.5
2025-11-23 07:00:00,STATION_A_01,511.18,11.6
2025-11-23 08:00:00,STATION_A_01,530.94,9.4
2025-11-23 09:00:00,STATION_A_01,532.08,11.1
2025-11-23 10:00:00,STATION_A_01,491.5,13.5
2025-11-23 11:00:00,STATION_A_01,481.31,10.4
2025-11-23 12:00:00,STATION_A_01,483.82,11.2
2025-11-23 13:00:00,STATION_A_01,478.42,16.6
2025-11-23 14:00:00,STATION_A_01,455.94,15.3
2025-11-23 15:00:00,STATION_A_01,439.75,14.5
2025-11-23 16:00:00,STATION_A_01,458.28,14.8
2025-11-23 17:00:00,STATION_A_01,494.02,10.0
2025-11-23 18:00:00,STATION_A_01,554.93,13.2
2025-11-23 19:00:00,STATION_A_01,617.56,11.2
2025-11-23 20:00:00,STATION_A_01,603.6,13.0
2025-11-23 21:00:00,STATION_A_01,557.66,11.9
2025-11-23 22:00:00,STATION_A_01,510.16,9.9
2025-11-23 23:00:00,STATION_A_01,470.43,8.5
2025-11-24 00:00:00,STATION_A_01,435.34,3.9
2025-11-24 01:00:00,STATION_A_01,416.82,6.9
2025-11-24 02:00:00,STATION_A_01,412.12,6.5
2025-11-24 03:00:00,STATION_A_01,386.48,7.4
2025-11-24 04:00:00,STATION_A_01,412.14,9.2
2025-11-24 05:00:00,STATION_A_01,421.29,2.8
2025-11-24 06:00:00,STATION_A_01,443.88,5.9
2025-11-24 07:00:00,STATION_A_01,507.0,6.3
2025-11-24 08:00:00,STATION_A_01,522.35,9.1
2025-11-24 09:00:00,STATION_A_01,494.14,10.0
2025-11-24 10:00:00,STATION_A_01,485.94,10.8
2025-11-24 11:00:00,STATION_A_01,442.92,14.2
2025-11-24 12:00:00,STATION_A_01,449.94,11.4
2025-11-24 13:00:00,STATION_A_01,468.26,12.3
2025-11-24 14:00:00,STATION_A_01,461.86,12.8
2025-11-24 15:00:00,STATION_A_01,433.38,14.1
2025-11-24 16:00:00,STATION_A_01,428.33,12.4
2025-11-24 17:00:00,STATION_A_01,454.99,14.1
2025-11-24 18:00:00,STATION_A_01,507.91,13.1
2025-11-24 19:00:00,STATION_A_01,593.31,11.0
2025-11-24 20:00:00,STATION_A_01,566.37,12.8
2025-11-24 21:00:00,STATION_A_01,536.69,9.9
2025-11-24 22:00:00,STATION_A_01,470.78,10.7
2025-11-24 23:00:00,STATION_A_01,414.62,7.2
2025-11-25 00:00:00,STATION_A_01,402.15,6.4
2025-11-25 01:00:00,STATION_A_01,417.14,4.7
2025-11-25 02:00:00,STATION_A_01,420.13,5.2
2025-11-25 03:00:00,STATION_A_01,411.43,6.3
2025-11-25 04:00:00,STATION_A_01,424.77,4.5
2025-11-25 05:00:00,STATION_A_01,424.7,6.6
2025-11-25 06:00:00,STATION_A_01,454.26,5.0
2025-11-25 07:00:00,STATION_A_01,490.58,8.8
2025-11-25 08:00:00,STATION_A_01,524.35,7.6
2025-11-25 09:00:00,STATION_A_01,490.05,11.4
2025-11-25 10:00:00,STATION_A_01,467.59,11.2
2025-11-25 11:00:00,STATION_A_01,439.74,15.0
2025-11-25 12:00:00,STATION_A_01,462.77,11.2
2025-11-25 13:00:00,STATION_A_01,449.44,11.3
2025-11-25 14:00:00,STATION_A_01,423.75,13.4
2025-11-25 15:00:00,STATION_A_01,451.63,12.2
2025-11-25 16:00:00,STATION_A_01,444.13,12.0
2025-11-25 17:00:00,STATION_A_01,445.92,15.1
2025-11-25 18:00:00,STATION_A_01,531.64,13.2
2025-11-25 19:00:00,STATION_A_01,608.96,11.4
2025-11-25 20:00:00,STATION_A_01,624.42,10.4
2025-11-25 21:00:00,STATION_A_01,551.74,8.8
2025-11-25 22:00:00,STATION_A_01,476.89,11.6
2025-11-25 23:00:00,STATION_A_01,428.68,6.1
2025-11-26 00:00:00,STATION_A_01,426.0,3.9
2025-11-26 01:00:00,STATION_A_01,410.64,7.0
2025-11-26 02:00:00,STATION_A_01,427.25,4.7
2025-11-26 03:00:00,STATION_A_01,425.64,8.6
2025-11-26 04:00:00,STATION_A_01,432.7,4.1
2025-11-26 05:00:00,STATION_A_01,421.0,7.1
2025-11-26 06:00:00,STATION_A_01,443.2,8.2
2025-11-26 07:00:00,STATION_A_01,532.13,6.4
2025-11-26 08:00:00,STATION_A_01,537.48,7.1
2025-11-26 09:00:00,STATION_A_01,502.36,11.0
2025-11-26 10:00:00,STATION_A_01,459.22,12.0
2025-11-26 11:00:00,STATION_A_01,463.57,9.6
2025-11-26 12:00:00,STATION_A_01,444.22,11.1
2025-11-26 13:00:00,STATION_A_01,471.87,9.3
2025-11-26 14:00:00,STATION_A_01,420.12,15.4
2025-11-26 15:00:00,STATION_A_01,425.58,14.0
2025-11-26 16:00:00,STATION_A_01,424.12,14.0
2025-11-26 17:00:00,STATION_A_01,438.1,10.8
2025-11-26 18:00:00,STATION_A_01,535.29,11.1
2025-11-26 19:00:00,STATION_A_01,580.46,11.2
2025-11-26 20:00:00,STATION_A_01,599.19,9.7
2025-11-26 21:00:00,STATION_A_01,542.97,9.9
2025-11-26 22:00:00,STATION_A_01,496.36,9.5
2025-11-26 23:00:00,STATION_A_01,424.41,11.4
2025-11-27 00:00:00,STATION_A_01,421.99,6.1
2025-11-27 01:00:00,STATION_A_01,418.57,7.4
2025-11-27 02:00:00,STATION_A_01,438.94,3.4
2025-11-27 03:00:00,STATION_A_01,441.7,1.7
2025-11-27 04:00:00,STATION_A_01,433.13,4.3
2025-11-27 05:00:00,STATION_A_01,459.53,2.5
2025-11-27 06:00:00,STATION_A_01,438.75,6.2
2025-11-27 07:00:00,STATION_A_01,542.09,5.7
2025-11-27 08:00:00,STATION_A_01,565.67,4.8
2025-11-27 09:00:00,STATION_A_01,492.0,12.7
2025-11-27 10:00:00,STATION_A_01,456.82,9.8
2025-11-27 11:00:00,STATION_A_01,478.27,9.0
2025-11-27 12:00:00,STATION_A_01,432.74,14.6
2025-11-27 13:00:00,STATION_A_01,459.96,12.4
2025-11-27 14:00:00,STATION_A_01,416.35,16.1
2025-11-27 15:00:00,STATION_A_01,459.91,13.0
2025-11-27 16:00:00,STATION_A_01,419.42,13.2
2025-11-27 17:00:00,STATION_A_01,463.44,14.3
2025-11-27 18:00:00,STATION_A_01,496.39,14.0
2025-11-27 19:00:00,STATION_A_01,582.22,13.3
2025-11-27 20:00:00,STATION_A_01,591.52,10.6
2025-11-27 21:00:00,STATION_A_01,556.67,10.5
2025-11-27 22:00:00,STATION_A_01,469.43,9.6
2025-11-27 23:00:00,STATION_A_01,451.17,7.5
2025-11-28 00:00:00,STATION_A_01,409.37,5.8
2025-11-28 01:00:00,STATION_A_01,429.83,2.6
2025-11-28 02:00:00,STATION_A_01,417.41,5.8
2025-11-28 03:00:00,STATION_A_01,431.01,4.7
2025-11-28 04:00:00,STATION_A_01,435.91,4.0
2025-11-28 05:00:00,STATION_A_01,439.11,7.5
2025-11-28 06:00:00,STATION_A_01,484.75,3.4
2025-11-28 07:00:00,STATION_A_01,502.92,10.0
2025-11-28 08:00:00,STATION_A_01,514.8,8.1
2025-11-28 09:00:00,STATION_A_01,508.67,10.0
2025-11-28 10:00:00,STATION_A_01,494.41,9.9
2025-11-28 11:00:00,STATION_A_01,445.08,8.8
2025-11-28 12:00:00,STATION_A_01,456.43,12.5
2025-11-28 13:00:00,STATION_A_01,454.17,14.2
2025-11-28 14:00:00,STATION_A_01,452.09,15.3
2025-11-28 15:00:00,STATION_A_01,440.04,13.8
2025-11-28 16:00:00,STATION_A_01,451.65,10.1
2025-11-28 17:00:00,STATION_A_01,485.8,10.8
2025-11-28 18:00:00,STATION_A_01,503.04,16.5
2025-11-28 19:00:00,STATION_A_01,598.7,9.8
2025-11-28 20:00:00,STATION_A_01,563.49,13.2
2025-11-28 21:00:00,STATION_A_01,578.16,7.7
2025-11-28 22:00:00,STATION_A_01,489.72,7.8
2025-11-28 23:00:00,STATION_A_01,425.96,8.1
2025-11-29 00:00:00,STATION_A_01,455.61,4.4
2025-11-29 01:00:00,STATION_A_01,450.4,8.0
2025-11-29 02:00:00,STATION_A_01,462.56,4.8
2025-11-29 03:00:00,STATION_A_01,438.47,5.3
2025-11-29 04:00:00,STATION_A_01,420.71,4.1
2025-11-29 05:00:00,STATION_A_01,468.06,6.3
2025-11-29 06:00:00,STATION_A_01,474.97,8.7
2025-11-29 07:00:00,STATION_A_01,551.2,6.6
2025-11-29 08:00:00,STATION_A_01,556.8,11.1
2025-11-29 09:00:00,STATION_A_01,560.17,8.2
2025-11-29 10:00:00,STATION_A_01,516.7,11.9
2025-11-29 11:00:00,STATION_A_01,491.47,12.5
2025-11-29 12:00:00,STATION_A_01,509.64,10.7
2025-11-29 13:00:00,STATION_A_01,492.8,13.8
2025-11-29 14:00:00,STATION_A_01,486.93,13.9
2025-11-29 15:00:00,STATION_A_01,464.41,12.5
2025-11-29 16:00:00,STATION_A_01,441.96,14.5
2025-11-29 17:00:00,STATION_A_01,527.43,13.7
2025-11-29 18:00:00,STATION_A_01,568.44,12.5
2025-11-29 19:00:00,STATION_A_01,651.65,11.5
2025-11-29 20:00:00,STATION_A_01,629.05,
2025-11-29 21:00:00,STATION_A_01,600.81,8.6
2025-11-29 22:00:00,STATION_A_01,479.34,8.3
2025-11-29 23:00:00,STATION_A_01,469.28,5.7
2025-11-30 00:00:00,STATION_A_01,426.18,10.5
2025-11-30 01:00:00,STATION_A_01,467.22,2.4
2025-11-30 02:00:00,STATION_A_01,470.21,3.4
2025-11-30 03:00:00,STATION_A_01,445.16,3.4
2025-11-30 04:00:00,STATION_A_01,449.24,8.2
2025-11-30 05:00:00,STATION_A_01,495.95,2.6
2025-11-30 06:00:00,STATION_A_01,528.05,6.5
2025-11-30 07:00:00,STATION_A_01,550.59,7.2
2025-11-30 08:00:00,STATION_A_01,552.24,8.5
2025-11-30 09:00:00,STATION_A_01,511.08,11.3
2025-11-30 10:00:00,STATION_A_01,515.28,12.5
2025-11-30 11:00:00,STATION_A_01,495.29,10.7
2025-11-30 12:00:00,STATION_A_01,477.75,12.9
2025-11-30 13:00:00,STATION_A_01,474.84,9.9
2025-11-30 14:00:00,STATION_A_01,458.47,13.9
2025-11-30 15:00:00,STATION_A_01,473.62,12.5
2025-11-30 16:00:00,STATION_A_01,467.77,13.4
2025-11-30 17:00:00,STATION_A_01,487.96,10.2
2025-11-30 18:00:00,STATION_A_01,573.75,13.2
2025-11-30 19:00:00,STATION_A_01,625.66,8.5
2025-11-30 20:00:00,STATION_A_01,660.03,10.6
2025-11-30 21:00:00,STATION_A_01,600.18,6.9
2025-11-30 22:00:00,STATION_A_01,516.18,6.3
2025-11-30 23:00:00,STATION_A_01,473.15,8.8
2025-12-01 00:00:00,STATION_A_01,423.3,6.6
2025-12-01 01:00:00,STATION_A_01,432.87,6.9
2025-12-01 02:00:00,STATION_A_01,418.34,7.1
2025-12-01 03:00:00,STATION_A_01,437.2,2.8
2025-12-01 04:00:00,STATION_A_01,418.9,7.0
2025-12-01 05:00:00,STATION_A_01,459.14,2.2
2025-12-01 06:00:00,STATION_A_01,489.18,6.9
2025-12-01 07:00:00,STATION_A_01,511.57,5.7
2025-12-01 08:00:00,STATION_A_01,549.91,6.1
2025-12-01 09:00:00,STATION_A_01,494.38,10.1
2025-12-01 10:00:00,STATION_A_01,442.8,11.9
2025-12-01 11:00:00,STATION_A_01,451.18,13.0
2025-12-01 12:00:00,STATION_A_01,456.7,12.8
2025-12-01 13:00:00,STATION_A_01,451.29,13.4
2025-12-01 14:00:00,STATION_A_01,424.09,14.6
2025-12-01 15:00:00,STATION_A_01,435.68,14.3
2025-12-01 16:00:00,STATION_A_01,435.89,14.6
2025-12-01 17:00:00,STATION_A_01,459.25,13.5
2025-12-01 18:00:00,STATION_A_01,511.39,13.9
2025-12-01 19:00:00,STATION_A_01,612.63,8.4
2025-12-01 20:00:00,STATION_A_01,616.87,10.0
2025-12-01 21:00:00,STATION_A_01,572.72,6.5
2025-12-01 22:00:00,STATION_A_01,473.87,8.2
2025-12-01 23:00:00,STATION_A_01,434.44,9.5
2025-12-02 00:00:00,STATION_A_01,438.47,4.6
2025-12-02 01:00:00,STATION_A_01,414.27,4.9
2025-12-02 02:00:00,STATION_A_01,425.43,5.6
2025-12-02 03:00:00,STATION_A_01,462.06,0.3
2025-12-02 04:00:00,STATION_A_01,423.76,3.3
2025-12-02 05:00:00,STATION_A_01,457.04,5.3
2025-12-02 06:00:00,STATION_A_01,520.75,0.2
2025-12-02 07:00:00,STATION_A_01,521.38,4.7
2025-12-02 08:00:00,STATION_A_01,519.07,9.6
2025-12-02 09:00:00,STATION_A_01,517.75,10.6
2025-12-02 10:00:00,STATION_A_01,472.14,10.8
2025-12-02 11:00:00,STATION_A_01,423.04,12.8
2025-12-02 12:00:00,STATION_A_01,452.76,12.6
2025-12-02 13:00:00,STATION_A_01,456.14,14.0
2025-12-02 14:00:00,STATION_A_01,458.43,12.9
2025-12-02 15:00:00,STATION_A_01,425.33,13.8
2025-12-02 16:00:00,STATION_A_01,440.82,12.3
2025-12-02 17:00:00,STATION_A_01,474.29,15.3
2025-12-02 18:00:00,STATION_A_01,524.4,
2025-12-02 19:00:00,STATION_A_01,562.85,13.7
2025-12-02 20:00:00,STATION_A_01,631.36,9.3
2025-12-02 21:00:00,STATION_A_01,561.17,7.1
2025-12-02 22:00:00,STATION_A_01,491.69,9.9
2025-12-02 23:00:00,STATION_A_01,426.78,7.4
2025-12-03 00:00:00,STATION_A_01,422.89,5.9
2025-12-03 01:00:00,STATION_A_01,440.06,3.4
2025-12-03 02:00:00,STATION_A_01,427.64,4.8
2025-12-03 03:00:00,STATION_A_01,427.31,2.0
2025-12-03 04:00:00,STATION_A_01,404.54,5.2
2025-12-03 05:00:00,STATION_A_01,454.88,7.0
2025-12-03 06:00:00,STATION_A_01,467.53,8.2
2025-12-03 07:00:00,STATION_A_01,526.72,7.6
2025-12-03 08:00:00,STATION_A_01,561.99,5.0
2025-12-03 09:00:00,STATION_A_01,521.26,9.1
2025-12-03 10:00:00,STATION_A_01,457.18,13.8
2025-12-03 11:00:00,STATION_A_01,472.66,9.5
2025-12-03 12:00:00,STATION_A_01,474.88,12.0
2025-12-03 13:00:00,STATION_A_01,446.0,15.4
2025-12-03 14:00:00,STATION_A_01,465.59,14.5
2025-12-03 15:00:00,STATION_A_01,401.44,18.0
2025-12-03 16:00:00,STATION_A_01,427.68,12.0
2025-12-03 17:00:00,STATION_A_01,496.29,11.1
2025-12-03 18:00:00,STATION_A_01,518.76,14.3
2025-12-03 19:00:00,STATION_A_01,649.01,9.0
2025-12-03 20:00:00,STATION_A_01,632.79,9.6
2025-12-03 21:00:00,STATION_A_01,580.58,8.6
2025-12-03 22:00:00,STATION_A_01,492.95,9.3
2025-12-03 23:00:00,STATION_A_01,433.21,7.4
2025-12-04 00:00:00,STATION_A_01,406.45,6.0
2025-12-04 01:00:00,STATION_A_01,451.02,3.7
2025-12-04 02:00:00,STATION_A_01,407.81,6.1
2025-12-04 03:00:00,STATION_A_01,421.79,11.0
2025-12-04 04:00:00,STATION_A_01,439.93,5.2
2025-12-04 05:00:00,STATION_A_01,447.93,4.6
2025-12-04 06:00:00,STATION_A_01,495.72,2.8
2025-12-04 07:00:00,STATION_A_01,531.39,5.0
2025-12-04 08:00:00,STATION_A_01,536.91,6.9
2025-12-04 09:00:00,STATION_A_01,541.11,7.6
2025-12-04 10:00:00,STATION_A_01,498.57,9.8
2025-12-04 11:00:00,STATION_A_01,448.21,14.2
2025-12-04 12:00:00,STATION_A_01,441.57,14.2
2025-12-04 13:00:00,STATION_A_01,475.5,12.4
2025-12-04 14:00:00,STATION_A_01,436.2,11.0
2025-12-04 15:00:00,STATION_A_01,433.48,15.8
2025-12-04 16:00:00,STATION_A_01,450.88,13.1
2025-12-04 17:00:00,STATION_A_01,481.44,9.6
2025-12-04 18:00:00,STATION_A_01,550.63,13.2
2025-12-04 19:00:00,STATION_A_01,593.83,12.8
2025-12-04 20:00:00,STATION_A_01,628.93,5.4
2025-12-04 21:00:00,STATION_A_01,581.21,7.1
2025-12-04 22:00:00,STATION_A_01,479.47,7.1
2025-12-04 23:00:00,STATION_A_01,454.54,7.5
2025-12-05 00:00:00,STATION_A_01,411.07,4.1
2025-12-05 01:00:00,STATION_A_01,442.08,2.8
2025-12-05 02:00:00,STATION_A_01,429.93,5.1
2025-12-05 03:00:00,STATION_A_01,433.29,2.8
2025-12-05 04:00:00,STATION_A_01,439.45,4.8
2025-12-05 05:00:00,STATION_A_01,458.7,2.3
2025-12-05 06:00:00,STATION_A_01,505.77,2.6
2025-12-05 07:00:00,STATION_A_01,521.94,7.4
2025-12-05 08:00:00,STATION_A_01,543.64,7.7
2025-12-05 09:00:00,STATION_A_01,514.25,10.1
2025-12-05 10:00:00,STATION_A_01,481.36,8.7
2025-12-05 11:00:00,STATION_A_01,465.79,9.4
2025-12-05 12:00:00,STATION_A_01,452.17,14.3
2025-12-05 13:00:00,STATION_A_01,470.93,9.9
2025-12-05 14:00:00,STATION_A_01,454.39,15.3
2025-12-05 15:00:00,STATION_A_01,431.31,15.6
2025-12-05 16:00:00,STATION_A_01,440.84,14.6
2025-12-05 17:00:00,STATION_A_01,467.04,11.4
2025-12-05 18:00:00,STATION_A_01,567.76,10.4
2025-12-05 19:00:00,STATION_A_01,600.71,10.5
2025-12-05 20:00:00,STATION_A_01,610.9,7.4
2025-12-05 21:00:00,STATION_A_01,594.81,6.7
2025-12-05 22:00:00,STATION_A_01,497.55,8.4
2025-12-05 23:00:00,STATION_A_01,458.1,7.2
2025-12-06 00:00:00,STATION_A_01,470.71,3.0
2025-12-06 01:00:00,STATION_A_01,454.02,5.4
2025-12-06 02:00:00,STATION_A_01,455.64,4.5
2025-12-06 03:00:00,STATION_A_01,461.28,6.2
2025-12-06 04:00:00,STATION_A_01,476.23,4.7
2025-12-06 05:00:00,STATION_A_01,470.58,6.1
2025-12-06 06:00:00,STATION_A_01,535.14,5.8
2025-12-06 07:00:00,STATION_A_01,542.38,7.7
2025-12-06 08:00:00,STATION_A_01,565.69,4.8
2025-12-06 09:00:00,STATION_A_01,528.34,8.1
2025-12-06 10:00:00,STATION_A_01,491.42,9.5
2025-12-06 11:00:00,STATION_A_01,489.27,10.3
2025-12-06 12:00:00,STATION_A_01,483.23,12.5
2025-12-06 13:00:00,STATION_A_01,492.56,13.6
2025-12-06 14:00:00,STATION_A_01,477.13,13.7
2025-12-06 15:00:00,STATION_A_01,481.04,12.8
2025-12-06 16:00:00,STATION_A_01,478.9,11.6
2025-12-06 17:00:00,STATION_A_01,499.26,14.4
2025-12-06 18:00:00,STATION_A_01,568.63,12.3
2025-12-06 19:00:00,STATION_A_01,682.64,8.9
2025-12-06 20:00:00,STATION_A_01,629.16,9.2
2025-12-06 21:00:00,STATION_A_01,619.82,5.2
2025-12-06 22:00:00,STATION_A_01,522.98,7.1
2025-12-06 23:00:00,STATION_A_01,492.07,5.6
2025-12-07 00:00:00,STATION_A_01,462.97,3.8
2025-12-07 01:00:00,STATION_A_01,449.82,6.9
2025-12-07 02:00:00,STATION_A_01,469.92,1.5
2025-12-07 03:00:00,STATION_A_01,476.72,4.7
2025-12-07 04:00:00,STATION_A_01,451.62,7.5
2025-12-07 05:00:00,STATION_A_01,497.22,6.0
2025-12-07 06:00:00,STATION_A_01,517.72,4.7
2025-12-07 07:00:00,STATION_A_01,567.66,3.7
2025-12-07 08:00:00,STATION_A_01,587.64,4.5
2025-12-07 09:00:00,STATION_A_01,566.15,7.4
2025-12-07 10:00:00,STATION_A_01,513.83,8.2
2025-12-07 11:00:00,STATION_A_01,502.56,9.3
2025-12-07 12:00:00,STATION_A_01,494.97,11.0
2025-12-07 13:00:00,STATION_A_01,2240.3,12.2
2025-12-07 14:00:00,STATION_A_01,482.82,13.7
2025-12-07 15:00:00,STATION_A_01,486.72,10.8
2025-12-07 16:00:00,STATION_A_01,480.85,11.6
2025-12-07 17:00:00,STATION_A_01,533.62,12.1
2025-12-07 18:00:00,STATION_A_01,591.66,11.2
2025-12-07 19:00:00,STATION_A_01,670.02,13.9
2025-12-07 20:00:00,STATION_A_01,653.59,9.8
2025-12-07 21:00:00,STATION_A_01,631.26,5.3
2025-12-07 22:00:00,STATION_A_01,514.02,7.7
2025-12-07 23:00:00,STATION_A_01,495.31,6.8
2025-12-08 00:00:00,STATION_A_01,427.34,4.4
2025-12-08 01:00:00,STATION_A_01,451.74,1.7
2025-12-08 02:00:00,STATION_A_01,423.67,6.6
2025-12-08 03:00:00,STATION_A_01,453.99,1.3
2025-12-08 04:00:00,STATION_A_01,436.29,4.6
2025-12-08 05:00:00,STATION_A_01,445.29,4.3
2025-12-08 06:00:00,STATION_A_01,478.18,5.8
2025-12-08 07:00:00,STATION_A_01,532.11,8.7
2025-12-08 08:00:00,STATION_A_01,546.96,7.8
2025-12-08 09:00:00,STATION_A_01,511.96,7.1
2025-12-08 10:00:00,STATION_A_01,492.26,11.3
2025-12-08 11:00:00,STATION_A_01,462.39,9.3
2025-12-08 12:00:00,STATION_A_01,473.47,11.8
2025-12-08 13:00:00,STATION_A_01,483.27,9.9
2025-12-08 14:00:00,STATION_A_01,473.3,10.8
2025-12-08 15:00:00,STATION_A_01,467.05,13.0
2025-12-08 16:00:00,STATION_A_01,436.0,13.4
2025-12-08 17:00:00,STATION_A_01,507.08,9.2
2025-12-08 18:00:00,STATION_A_01,565.2,12.4
2025-12-08 19:00:00,STATION_A_01,613.07,9.0
2025-12-08 20:00:00,STATION_A_01,594.84,11.6
2025-12-08 21:00:00,STATION_A_01,566.42,7.4
2025-12-08 22:00:00,STATION_A_01,513.73,4.8
2025-12-08 23:00:00,STATION_A_01,439.48,5.8
2025-12-09 00:00:00,STATION_A_01,449.14,2.9
2025-12-09 01:00:00,STATION_A_01,414.06,6.1
2025-12-09 02:00:00,STATION_A_01,456.03,3.3
2025-12-09 03:00:00,STATION_A_01,449.53,2.9
2025-12-09 04:00:00,STATION_A_01,463.08,4.4
2025-12-09 05:00:00,STATION_A_01,473.7,2.0
2025-12-09 06:00:00,STATION_A_01,495.07,2.2
2025-12-09 07:00:00,STATION_A_01,514.38,6.3
2025-12-09 08:00:00,STATION_A_01,561.63,4.7
2025-12-09 09:00:00,STATION_A_01,536.28,6.0
2025-12-09 10:00:00,STATION_A_01,497.69,10.7
2025-12-09 11:00:00,STATION_A_01,454.21,11.3
2025-12-09 12:00:00,STATION_A_01,503.39,9.1
2025-12-09 13:00:00,STATION_A_01,488.17,11.0
2025-12-09 14:00:00,STATION_A_01,464.06,11.0
2025-12-09 15:00:00,STATION_A_01,453.39,15.9
2025-12-09 16:00:00,STATION_A_01,433.87,14.2
2025-12-09 17:00:00,STATION_A_01,492.33,11.3
2025-12-09 18:00:00,STATION_A_01,530.39,12.4
2025-12-09 19:00:00,STATION_A_01,662.14,7.9
2025-12-09 20:00:00,STATION_A_01,603.46,8.0
2025-12-09 21:00:00,STATION_A_01,547.02,8.1
2025-12-09 22:00:00,STATION_A_01,489.49,7.5
2025-12-09 23:00:00,STATION_A_01,475.08,5.4
2025-12-10 00:00:00,STATION_A_01,446.68,4.9
2025-12-10 01:00:00,STATION_A_01,441.65,3.8
2025-12-10 02:00:00,STATION_A_01,455.85,2.9
2025-12-10 03:00:00,STATION_A_01,445.02,2.5
2025-12-10 04:00:00,STATION_A_01,455.37,2.4
2025-12-10 05:00:00,STATION_A_01,477.49,4.1
2025-12-10 06:00:00,STATION_A_01,483.7,5.2
2025-12-10 07:00:00,STATION_A_01,518.66,5.8
2025-12-10 08:00:00,STATION_A_01,567.9,4.5
2025-12-10 09:00:00,STATION_A_01,548.17,6.0
2025-12-10 10:00:00,STATION_A_01,489.88,9.8
2025-12-10 11:00:00,STATION_A_01,471.25,12.9
2025-12-10 12:00:00,STATION_A_01,465.74,11.5
2025-12-10 13:00:00,STATION_A_01,474.14,11.2
2025-12-10 14:00:00,STATION_A_01,463.31,12.9
2025-12-10 15:00:00,STATION_A_01,462.26,10.6
2025-12-10 16:00:00,STATION_A_01,459.81,14.8
2025-12-10 17:00:00,STATION_A_01,490.89,12.3
2025-12-10 18:00:00,STATION_A_01,558.8,10.0
2025-12-10 19:00:00,STATION_A_01,629.59,9.9
2025-12-10 20:00:00,STATION_A_01,647.84,8.1
2025-12-10 21:00:00,STATION_A_01,569.69,10.2
2025-12-10 22:00:00,STATION_A_01,514.74,6.2
2025-12-10 23:00:00,STATION_A_01,441.18,5.7
2025-12-11 00:00:00,STATION_A_01,406.92,5.4
2025-12-11 01:00:00,STATION_A_01,462.88,2.2
2025-12-11 02:00:00,STATION_A_01,448.19,3.4
2025-12-11 03:00:00,STATION_A_01,443.58,3.4
2025-12-11 04:00:00,STATION_A_01,468.92,0.3
2025-12-11 05:00:00,STATION_A_01,482.45,4.0
2025-12-11 06:00:00,STATION_A_01,510.59,4.2
2025-12-11 07:00:00,STATION_A_01,545.18,5.5
2025-12-11 08:00:00,STATION_A_01,538.93,6.5
2025-12-11 09:00:00,STATION_A_01,517.86,8.2
2025-12-11 10:00:00,STATION_A_01,452.28,11.4
2025-12-11 11:00:00,STATION_A_01,491.46,8.0
2025-12-11 12:00:00,STATION_A_01,487.9,10.5
2025-12-11 13:00:00,STATION_A_01,479.59,13.1
2025-12-11 14:00:00,STATION_A_01,466.53,13.2
2025-12-11 15:00:00,STATION_A_01,445.66,13.3
2025-12-11 16:00:00,STATION_A_01,424.75,17.3
2025-12-11 17:00:00,STATION_A_01,473.93,13.0
2025-12-11 18:00:00,STATION_A_01,544.98,13.1
2025-12-11 19:00:00,STATION_A_01,609.16,9.6
2025-12-11 20:00:00,STATION_A_01,668.07,7.2
2025-12-11 21:00:00,STATION_A_01,557.37,7.1
2025-12-11 22:00:00,STATION_A_01,496.73,7.8
2025-12-11 23:00:00,STATION_A_01,435.75,6.0
2025-12-12 00:00:00,STATION_A_01,441.46,4.9
2025-12-12 01:00:00,STATION_A_01,445.81,3.1
2025-12-12 02:00:00,STATION_A_01,444.91,2.3
2025-12-12 03:00:00,STATION_A_01,438.05,2.5
2025-12-12 04:00:00,STATION_A_01,445.28,4.3
2025-12-12 05:00:00,STATION_A_01,450.18,5.0
2025-12-12 06:00:00,STATION_A_01,500.62,2.4
2025-12-12 07:00:00,STATION_A_01,555.06,6.6
2025-12-12 08:00:00,STATION_A_01,562.86,5.2
2025-12-12 09:00:00,STATION_A_01,535.7,8.4
2025-12-12 10:00:00,STATION_A_01,491.48,8.5
2025-12-12 11:00:00,STATION_A_01,452.69,12.8
2025-12-12 12:00:00,STATION_A_01,476.46,10.2
2025-12-12 13:00:00,STATION_A_01,501.91,12.1
2025-12-12 14:00:00,STATION_A_01,455.81,13.3
2025-12-12 15:00:00,STATION_A_01,464.6,10.8
2025-12-12 16:00:00,STATION_A_01,446.48,12.1
2025-12-12 17:00:00,STATION_A_01,458.72,11.3
2025-12-12 18:00:00,STATION_A_01,554.48,10.1
2025-12-12 19:00:00,STATION_A_01,667.92,9.2
2025-12-12 20:00:00,STATION_A_01,627.56,10.8
2025-12-12 21:00:00,STATION_A_01,606.85,6.5
2025-12-12 22:00:00,STATION_A_01,497.97,7.4
2025-12-12 23:00:00,STATION_A_01,433.1,5.8
2025-12-13 00:00:00,STATION_A_01,466.58,1.6
2025-12-13 01:00:00,STATION_A_01,473.47,4.3
2025-12-13 02:00:00,STATION_A_01,489.1,0.3
2025-12-13 03:00:00,STATION_A_01,471.2,3.8
2025-12-13 04:00:00,STATION_A_01,476.98,1.9
2025-12-13 05:00:00,STATION_A_01,504.85,3.3
2025-12-13 06:00:00,STATION_A_01,530.18,1.8
2025-12-13 07:00:00,STATION_A_01,572.82,5.3
2025-12-13 08:00:00,STATION_A_01,583.25,7.9
2025-12-13 09:00:00,STATION_A_01,569.38,6.0
2025-12-13 10:00:00,STATION_A_01,521.06,7.6
2025-12-13 11:00:00,STATION_A_01,496.24,10.7
2025-12-13 12:00:00,STATION_A_01,523.55,11.7
2025-12-13 13:00:00,STATION_A_01,540.54,7.3
2025-12-13 14:00:00,STATION_A_01,488.69,15.8
2025-12-13 15:00:00,STATION_A_01,467.72,13.2
2025-12-13 16:00:00,STATION_A_01,460.92,13.4
2025-12-13 17:00:00,STATION_A_01,539.64,11.4
2025-12-13 18:00:00,STATION_A_01,631.38,7.5
2025-12-13 19:00:00,STATION_A_01,658.52,11.1
2025-12-13 20:00:00,STATION_A_01,670.98,7.7
2025-12-13 21:00:00,STATION_A_01,584.06,8.5
2025-12-13 22:00:00,STATION_A_01,554.28,5.9
2025-12-13 23:00:00,STATION_A_01,506.78,5.5
2025-12-14 00:00:00,STATION_A_01,468.94,2.6
2025-12-14 01:00:00,STATION_A_01,458.46,4.8
2025-12-14 02:00:00,STATION_A_01,501.9,0.6
2025-12-14 03:00:00,STATION_A_01,452.65,6.6
2025-12-14 04:00:00,STATION_A_01,484.99,6.8
2025-12-14 05:00:00,STATION_A_01,479.94,6.2
2025-12-14 06:00:00,STATION_A_01,511.26,6.3
2025-12-14 07:00:00,STATION_A_01,573.2,4.8
2025-12-14 08:00:00,STATION_A_01,574.34,8.2
2025-12-14 09:00:00,STATION_A_01,586.82,7.2
2025-12-14 10:00:00,STATION_A_01,556.75,5.8
2025-12-14 11:00:00,STATION_A_01,508.34,12.5
2025-12-14 12:00:00,STATION_A_01,497.71,12.8
2025-12-14 13:00:00,STATION_A_01,499.44,11.5
2025-12-14 14:00:00,STATION_A_01,507.14,9.8
2025-12-14 15:00:00,STATION_A_01,483.84,11.1
2025-12-14 16:00:00,STATION_A_01,522.25,8.7
2025-12-14 17:00:00,STATION_A_01,529.89,13.2
2025-12-14 18:00:00,STATION_A_01,615.14,7.9
2025-12-14 19:00:00,STATION_A_01,647.43,10.3
2025-12-14 20:00:00,STATION_A_01,710.88,7.1
2025-12-14 21:00:00,STATION_A_01,632.92,4.8
2025-12-14 22:00:00,STATION_A_01,538.12,6.6
2025-12-14 23:00:00,STATION_A_01,518.45,4.4
2025-12-15 00:00:00,STATION_A_01,434.19,5.4
2025-12-15 01:00:00,STATION_A_01,455.21,0.8
2025-12-15 02:00:00,STATION_A_01,454.51,1.3
2025-12-15 03:00:00,STATION_A_01,454.72,-1.8
2025-12-15 04:00:00,STATION_A_01,476.46,-1.3
2025-12-15 05:00:00,STATION_A_01,445.57,6.4
2025-12-15 06:00:00,STATION_A_01,475.21,7.6
2025-12-15 07:00:00,STATION_A_01,530.73,5.0
2025-12-15 08:00:00,STATION_A_01,560.0,4.6
2025-12-15 09:00:00,STATION_A_01,530.08,6.7
2025-12-15 10:00:00,STATION_A_01,497.22,10.1
2025-12-15 11:00:00,STATION_A_01,483.55,8.8
2025-12-15 12:00:00,STATION_A_01,477.44,11.1
2025-12-15 13:00:00,STATION_A_01,507.88,11.4
2025-12-15 14:00:00,STATION_A_01,472.94,10.9
2025-12-15 15:00:00,STATION_A_01,470.2,11.1
2025-12-15 16:00:00,STATION_A_01,467.33,12.4
2025-12-15 17:00:00,STATION_A_01,505.65,9.7
2025-12-15 18:00:00,STATION_A_01,567.09,11.5
2025-12-15 19:00:00,STATION_A_01,637.24,8.8
2025-12-15 20:00:00,STATION_A_01,639.84,8.8
2025-12-15 21:00:00,STATION_A_01,560.21,9.8
2025-12-15 22:00:00,STATION_A_01,508.38,5.7
2025-12-15 23:00:00,STATION_A_01,462.24,6.5
2025-12-16 00:00:00,STATION_A_01,437.91,0.6
2025-12-16 01:00:00,STATION_A_01,472.52,2.2
2025-12-16 02:00:00,STATION_A_01,478.61,2.6
2025-12-16 03:00:00,STATION_A_01,442.13,5.8
2025-12-16 04:00:00,STATION_A_01,480.91,-1.0
2025-12-16 05:00:00,STATION_A_01,484.51,2.8
2025-12-16 06:00:00,STATION_A_01,472.72,6.4
2025-12-16 07:00:00,STATION_A_01,564.18,3.4
2025-12-16 08:00:00,STATION_A_01,558.78,5.6
2025-12-16 09:00:00,STATION_A_01,570.2,7.8
2025-12-16 10:00:00,STATION_A_01,499.68,8.8
2025-12-16 11:00:00,STATION_A_01,480.71,12.4
2025-12-16 12:00:00,STATION_A_01,474.75,11.4
2025-12-16 13:00:00,STATION_A_01,495.67,13.7
2025-12-16 14:00:00,STATION_A_01,468.66,11.2
2025-12-16 15:00:00,STATION_A_01,480.72,10.6
2025-12-16 16:00:00,STATION_A_01,472.56,11.4
2025-12-16 17:00:00,STATION_A_01,515.53,9.2
2025-12-16 18:00:00,STATION_A_01,568.4,11.4
2025-12-16 19:00:00,STATION_A_01,627.42,8.9
2025-12-16 20:00:00,STATION_A_01,604.47,7.2
2025-12-16 21:00:00,STATION_A_01,596.37,8.1
2025-12-16 22:00:00,STATION_A_01,518.99,3.9
2025-12-16 23:00:00,STATION_A_01,479.22,6.2
2025-12-17 00:00:00,STATION_A_01,457.63,2.8
2025-12-17 01:00:00,STATION_A_01,458.19,5.0
2025-12-17 02:00:00,STATION_A_01,467.68,1.7
2025-12-17 03:00:00,STATION_A_01,422.76,3.4
2025-12-17 04:00:00,STATION_A_01,465.61,2.8
2025-12-17 05:00:00,STATION_A_01,462.36,4.3
2025-12-17 06:00:00,STATION_A_01,518.17,3.9
2025-12-17 07:00:00,STATION_A_01,569.83,1.7
2025-12-17 08:00:00,STATION_A_01,564.18,7.7
2025-12-17 09:00:00,STATION_A_01,540.41,6.9
2025-12-17 10:00:00,STATION_A_01,486.96,9.7
2025-12-17 11:00:00,STATION_A_01,473.67,10.7
2025-12-17 12:00:00,STATION_A_01,466.56,9.1
2025-12-17 13:00:00,STATION_A_01,482.81,9.6
2025-12-17 14:00:00,STATION_A_01,450.36,12.9
2025-12-17 15:00:00,STATION_A_01,447.42,11.3
2025-12-17 16:00:00,STATION_A_01,458.45,13.4
2025-12-17 17:00:00,STATION_A_01,510.33,10.9
2025-12-17 18:00:00,STATION_A_01,561.32,12.3
2025-12-17 19:00:00,STATION_A_01,623.73,10.2
2025-12-17 20:00:00,STATION_A_01,624.05,8.8
2025-12-17 21:00:00,STATION_A_01,586.51,6.4
2025-12-17 22:00:00,STATION_A_01,504.54,6.3
2025-12-17 23:00:00,STATION_A_01,462.8,6.8
2025-12-18 00:00:00,STATION_A_01,434.19,3.5
2025-12-18 01:00:00,STATION_A_01,459.08,3.8
2025-12-18 02:00:00,STATION_A_01,449.89,2.4
2025-12-18 03:00:00,STATION_A_01,461.83,2.4
2025-12-18 04:00:00,STATION_A_01,458.63,5.4
2025-12-18 05:00:00,STATION_A_01,468.73,5.0
2025-12-18 06:00:00,STATION_A_01,515.7,3.7
2025-12-18 07:00:00,STATION_A_01,516.67,5.0
2025-12-18 08:00:00,STATION_A_01,566.97,4.5
2025-12-18 09:00:00,STATION_A_01,562.95,
2025-12-18 10:00:00,STATION_A_01,511.77,8.8
2025-12-18 11:00:00,STATION_A_01,502.67,10.9
2025-12-18 12:00:00,STATION_A_01,499.42,11.7
2025-12-18 13:00:00,STATION_A_01,497.87,9.1
2025-12-18 14:00:00,STATION_A_01,464.26,13.4
2025-12-18 15:00:00,STATION_A_01,453.29,11.6
2025-12-18 16:00:00,STATION_A_01,469.33,9.8
2025-12-18 17:00:00,STATION_A_01,486.39,13.5
2025-12-18 18:00:00,STATION_A_01,550.92,13.0
2025-12-18 19:00:00,STATION_A_01,621.1,9.9
2025-12-18 20:00:00,STATION_A_01,644.29,9.5
2025-12-18 21:00:00,STATION_A_01,607.78,8.4
2025-12-18 22:00:00,STATION_A_01,519.6,8.3
2025-12-18 23:00:00,STATION_A_01,465.22,5.9
2025-12-19 00:00:00,STATION_A_01,475.77,1.1
2025-12-19 01:00:00,STATION_A_01,445.4,6.3
2025-12-19 02:00:00,STATION_A_01,450.21,4.2
2025-12-19 03:00:00,STATION_A_01,462.75,1.2
2025-12-19 04:00:00,STATION_A_01,468.76,0.4
2025-12-19 05:00:00,STATION_A_01,480.14,3.6
2025-12-19 06:00:00,STATION_A_01,512.11,3.0
2025-12-19 07:00:00,STATION_A_01,536.75,5.1
2025-12-19 08:00:00,STATION_A_01,551.17,7.0
2025-12-19 09:00:00,STATION_A_01,557.58,5.9
2025-12-19 10:00:00,STATION_A_01,525.64,6.1
2025-12-19 11:00:00,STATION_A_01,481.63,10.0
2025-12-19 12:00:00,STATION_A_01,476.87,9.3
2025-12-19 13:00:00,STATION_A_01,500.78,11.3
2025-12-19 14:00:00,STATION_A_01,502.51,9.1
2025-12-19 15:00:00,STATION_A_01,443.95,11.2
2025-12-19 16:00:00,STATION_A_01,478.79,12.8
2025-12-19 17:00:00,STATION_A_01,497.55,12.1
2025-12-19 18:00:00,STATION_A_01,587.95,8.9
2025-12-19 19:00:00,STATION_A_01,674.53,7.2
2025-12-19 20:00:00,STATION_A_01,675.92,8.2
2025-12-19 21:00:00,STATION_A_01,601.85,7.9
2025-12-19 22:00:00,STATION_A_01,521.41,6.4
2025-12-19 23:00:00,STATION_A_01,463.83,3.6
2025-12-20 00:00:00,STATION_A_01,454.88,3.9
2025-12-20 01:00:00,STATION_A_01,484.69,5.3
2025-12-20 02:00:00,STATION_A_01,503.56,2.5
2025-12-20 03:00:00,STATION_A_01,492.23,-0.9
2025-12-20 04:00:00,STATION_A_01,487.95,2.5
2025-12-20 05:00:00,STATION_A_01,482.41,6.3
2025-12-20 06:00:00,STATION_A_01,543.77,1.1
2025-12-20 07:00:00,STATION_A_01,601.58,4.5
2025-12-20 08:00:00,STATION_A_01,612.18,5.1
2025-12-20 09:00:00,STATION_A_01,578.57,7.0
2025-12-20 10:00:00,STATION_A_01,578.16,8.4
2025-12-20 11:00:00,STATION_A_01,490.83,
2025-12-20 12:00:00,STATION_A_01,524.55,10.3
2025-12-20 13:00:00,STATION_A_01,491.85,13.3
2025-12-20 14:00:00,STATION_A_01,507.38,11.2
2025-12-20 15:00:00,STATION_A_01,501.05,11.0
2025-12-20 16:00:00,STATION_A_01,516.01,10.2
2025-12-20 17:00:00,STATION_A_01,552.15,7.7
2025-12-20 18:00:00,STATION_A_01,605.15,10.7
2025-12-20 19:00:00,STATION_A_01,653.5,12.9
2025-12-20 20:00:00,STATION_A_01,665.15,8.9
2025-12-20 21:00:00,STATION_A_01,633.11,8.0
2025-12-20 22:00:00,STATION_A_01,563.3,4.8
2025-12-20 23:00:00,STATION_A_01,515.39,4.0
2025-12-21 00:00:00,STATION_A_01,475.65,5.1
2025-12-21 01:00:00,STATION_A_01,469.29,6.2
2025-12-21 02:00:00,STATION_A_01,492.72,4.8
2025-12-21 03:00:00,STATION_A_01,497.94,3.4
2025-12-21 04:00:00,STATION_A_01,512.91,2.1
2025-12-21 05:00:00,STATION_A_01,511.86,2.9
2025-12-21 06:00:00,STATION_A_01,568.81,2.0
2025-12-21 07:00:00,STATION_A_01,595.7,1.7
2025-12-21 08:00:00,STATION_A_01,617.26,3.4
2025-12-21 09:00:00,STATION_A_01,602.99,6.8
2025-12-21 10:00:00,STATION_A_01,559.6,7.4
2025-12-21 11:00:00,STATION_A_01,531.95,6.5
2025-12-21 12:00:00,STATION_A_01,506.24,10.0
2025-12-21 13:00:00,STATION_A_01,519.83,10.3
2025-12-21 14:00:00,STATION_A_01,511.97,9.2
2025-12-21 15:00:00,STATION_A_01,523.78,10.8
2025-12-21 16:00:00,STATION_A_01,513.75,10.8
2025-12-21 17:00:00,STATION_A_01,535.59,9.8
2025-12-21 18:00:00,STATION_A_01,589.79,11.8
2025-12-21 19:00:00,STATION_A_01,694.57,5.7
2025-12-21 20:00:00,STATION_A_01,706.29,4.4
2025-12-21 21:00:00,STATION_A_01,630.09,6.7
2025-12-21 22:00:00,STATION_A_01,572.72,5.6
2025-12-21 23:00:00,STATION_A_01,493.35,5.0
2025-12-22 00:00:00,STATION_A_01,490.56,2.3
2025-12-22 01:00:00,STATION_A_01,457.66,0.8
2025-12-22 02:00:00,STATION_A_01,447.28,2.0
2025-12-22 03:00:00,STATION_A_01,489.57,1.0
2025-12-22 04:00:00,STATION_A_01,472.49,4.8
2025-12-22 05:00:00,STATION_A_01,482.11,1.9
2025-12-22 06:00:00,STATION_A_01,519.5,3.1
2025-12-22 07:00:00,STATION_A_01,539.14,8.7
2025-12-22 08:00:00,STATION_A_01,580.57,5.0
2025-12-22 09:00:00,STATION_A_01,530.55,7.6
2025-12-22 10:00:00,STATION_A_01,477.26,9.0
2025-12-22 11:00:00,STATION_A_01,477.7,10.3
2025-12-22 12:00:00,STATION_A_01,513.16,10.5
2025-12-22 13:00:00,STATION_A_01,514.11,11.1
2025-12-22 14:00:00,STATION_A_01,479.3,11.4
2025-12-22 15:00:00,STATION_A_01,464.7,10.4
2025-12-22 16:00:00,STATION_A_01,475.04,11.8
2025-12-22 17:00:00,STATION_A_01,498.88,14.4
2025-12-22 18:00:00,STATION_A_01,580.2,12.2
2025-12-22 19:00:00,STATION_A_01,603.65,9.6
2025-12-22 20:00:00,STATION_A_01,699.29,9.4
2025-12-22 21:00:00,STATION_A_01,626.32,5.1
2025-12-22 22:00:00,STATION_A_01,527.64,4.9
2025-12-22 23:00:00,STATION_A_01,466.01,5.9
2025-12-23 00:00:00,STATION_A_01,460.74,5.8
2025-12-23 01:00:00,STATION_A_01,475.91,1.0
2025-12-23 02:00:00,STATION_A_01,470.89,1.0
2025-12-23 03:00:00,STATION_A_01,455.96,5.7
2025-12-23 04:00:00,STATION_A_01,468.52,2.1
2025-12-23 05:00:00,STATION_A_01,473.96,5.7
2025-12-23 06:00:00,STATION_A_01,523.87,3.5
2025-12-23 07:00:00,STATION_A_01,561.57,4.6
2025-12-23 08:00:00,STATION_A_01,586.27,4.8
2025-12-23 09:00:00,STATION_A_01,567.33,8.2
2025-12-23 10:00:00,STATION_A_01,484.76,10.2
2025-12-23 11:00:00,STATION_A_01,495.35,7.1
2025-12-23 12:00:00,STATION_A_01,497.96,9.3
2025-12-23 13:00:00,STATION_A_01,476.77,12.3
2025-12-23 14:00:00,STATION_A_01,481.5,10.9
2025-12-23 15:00:00,STATION_A_01,493.75,10.5
2025-12-23 16:00:00,STATION_A_01,465.81,13.0
2025-12-23 17:00:00,STATION_A_01,479.8,12.7
2025-12-23 18:00:00,STATION_A_01,584.39,9.1
2025-12-23 19:00:00,STATION_A_01,650.69,9.3
2025-12-23 20:00:00,STATION_A_01,673.21,5.6
2025-12-23 21:00:00,STATION_A_01,619.89,4.9
2025-12-23 22:00:00,STATION_A_01,535.49,5.5
2025-12-23 23:00:00,STATION_A_01,482.48,4.2
2025-12-24 00:00:00,STATION_A_01,455.32,1.3
2025-12-24 01:00:00,STATION_A_01,465.83,1.0
2025-12-24 02:00:00,STATION_A_01,468.35,-0.1
2025-12-24 03:00:00,STATION_A_01,462.23,2.5
2025-12-24 04:00:00,STATION_A_01,496.56,-1.7
2025-12-24 05:00:00,STATION_A_01,498.88,0.5
2025-12-24 06:00:00,STATION_A_01,545.48,-0.3
2025-12-24 07:00:00,STATION_A_01,551.56,4.8
2025-12-24 08:00:00,STATION_A_01,622.43,2.0
2025-12-24 09:00:00,STATION_A_01,568.18,6.5
2025-12-24 10:00:00,STATION_A_01,506.66,10.7
2025-12-24 11:00:00,STATION_A_01,491.58,11.9
2025-12-24 12:00:00,STATION_A_01,503.41,6.6
2025-12-24 13:00:00,STATION_A_01,466.34,11.2
2025-12-24 14:00:00,STATION_A_01,488.14,9.3
2025-12-24 15:00:00,STATION_A_01,495.07,9.1
2025-12-24 16:00:00,STATION_A_01,480.15,10.9
2025-12-24 17:00:00,STATION_A_01,502.78,12.8
2025-12-24 18:00:00,STATION_A_01,569.37,10.9
2025-12-24 19:00:00,STATION_A_01,629.25,7.6
2025-12-24 20:00:00,STATION_A_01,677.25,9.0
2025-12-24 21:00:00,STATION_A_01,624.07,2.4
2025-12-24 22:00:00,STATION_A_01,532.95,3.9
2025-12-24 23:00:00,STATION_A_01,484.5,2.6
2025-12-25 00:00:00,STATION_A_01,478.71,3.1
2025-12-25 01:00:00,STATION_A_01,479.8,1.9
2025-12-25 02:00:00,STATION_A_01,458.88,1.5
2025-12-25 03:00:00,STATION_A_01,486.64,1.3
2025-12-25 04:00:00,STATION_A_01,472.29,1.8
2025-12-25 05:00:00,STATION_A_01,475.37,3.2
2025-12-25 06:00:00,STATION_A_01,514.66,3.3
2025-12-25 07:00:00,STATION_A_01,554.4,3.5
2025-12-25 08:00:00,STATION_A_01,559.44,5.9
2025-12-25 09:00:00,STATION_A_01,564.04,7.9
2025-12-25 10:00:00,STATION_A_01,524.09,6.6
2025-12-25 11:00:00,STATION_A_01,509.2,8.7
2025-12-25 12:00:00,STATION_A_01,491.7,11.9
2025-12-25 13:00:00,STATION_A_01,515.06,8.6
2025-12-25 14:00:00,STATION_A_01,448.08,14.3
2025-12-25 15:00:00,STATION_A_01,477.74,8.8
2025-12-25 16:00:00,STATION_A_01,490.16,10.4
2025-12-25 17:00:00,STATION_A_01,509.32,8.8
2025-12-25 18:00:00,STATION_A_01,573.26,13.7
2025-12-25 19:00:00,STATION_A_01,639.08,7.9
2025-12-25 20:00:00,STATION_A_01,669.81,6.7
2025-12-25 21:00:00,STATION_A_01,635.84,5.7
2025-12-25 22:00:00,STATION_A_01,544.05,5.3
2025-12-25 23:00:00,STATION_A_01,467.29,3.4
2025-12-26 00:00:00,STATION_A_01,477.27,2.7
2025-12-26 01:00:00,STATION_A_01,520.18,-4.2
2025-12-26 02:00:00,STATION_A_01,505.19,1.8
2025-12-26 03:00:00,STATION_A_01,478.45,1.5
2025-12-26 04:00:00,STATION_A_01,451.29,3.5
2025-12-26 05:00:00,STATION_A_01,484.04,4.5
2025-12-26 06:00:00,STATION_A_01,545.22,2.6
2025-12-26 07:00:00,STATION_A_01,554.88,5.4
2025-12-26 08:00:00,STATION_A_01,612.67,3.1
2025-12-26 09:00:00,STATION_A_01,543.42,7.7
2025-12-26 10:00:00,STATION_A_01,534.38,6.5
2025-12-26 11:00:00,STATION_A_01,479.81,6.6
2025-12-26 12:00:00,STATION_A_01,489.51,9.4
2025-12-26 13:00:00,STATION_A_01,487.24,13.0
2025-12-26 14:00:00,STATION_A_01,484.8,11.3
2025-12-26 15:00:00,STATION_A_01,450.35,13.8
2025-12-26 16:00:00,STATION_A_01,482.0,9.6
2025-12-26 17:00:00,STATION_A_01,514.53,12.4
2025-12-26 18:00:00,STATION_A_01,598.54,8.5
2025-12-26 19:00:00,STATION_A_01,658.14,9.1
2025-12-26 20:00:00,STATION_A_01,676.37,7.9
2025-12-26 21:00:00,STATION_A_01,596.41,7.5
2025-12-26 22:00:00,STATION_A_01,552.78,5.5
2025-12-26 23:00:00,STATION_A_01,483.38,2.6
2025-12-27 00:00:00,STATION_A_01,512.94,4.4
2025-12-27 01:00:00,STATION_A_01,498.96,5.2
2025-12-27 02:00:00,STATION_A_01,501.64,0.6
2025-12-27 03:00:00,STATION_A_01,514.24,-1.9
2025-12-27 04:00:00,STATION_A_01,504.99,2.5
2025-12-27 05:00:00,STATION_A_01,531.5,1.5
2025-12-27 06:00:00,STATION_A_01,572.27,2.6
2025-12-27 07:00:00,STATION_A_01,575.1,4.8
2025-12-27 08:00:00,STATION_A_01,634.93,4.2
2025-12-27 09:00:00,STATION_A_01,568.63,5.8
2025-12-27 10:00:00,STATION_A_01,555.94,7.3
2025-12-27 11:00:00,STATION_A_01,540.53,11.3
2025-12-27 12:00:00,STATION_A_01,512.36,9.7
2025-12-27 13:00:00,STATION_A_01,521.01,8.2
2025-12-27 14:00:00,STATION_A_01,536.75,8.7
2025-12-27 15:00:00,STATION_A_01,526.75,11.3
2025-12-27 16:00:00,STATION_A_01,527.52,8.8
2025-12-27 17:00:00,STATION_A_01,540.5,7.6
2025-12-27 18:00:00,STATION_A_01,596.52,10.8
2025-12-27 19:00:00,STATION_A_01,695.22,9.9
2025-12-27 20:00:00,STATION_A_01,691.52,6.8
2025-12-27 21:00:00,STATION_A_01,646.65,
2025-12-27 22:00:00,STATION_A_01,571.55,5.3
2025-12-27 23:00:00,STATION_A_01,509.53,4.9
2025-12-28 00:00:00,STATION_A_01,515.75,3.9
2025-12-28 01:00:00,STATION_A_01,530.64,-2.7
2025-12-28 02:00:00,STATION_A_01,521.23,1.1
2025-12-28 03:00:00,STATION_A_01,512.46,2.3
2025-12-28 04:00:00,STATION_A_01,,0.8
2025-12-28 05:00:00,STATION_A_01,519.43,2.1
2025-12-28 06:00:00,STATION_A_01,546.01,4.1
2025-12-28 07:00:00,STATION_A_01,613.53,3.9
2025-12-28 08:00:00,STATION_A_01,598.9,7.6
2025-12-28 09:00:00,STATION_A_01,615.96,8.2
2025-12-28 10:00:00,STATION_A_01,549.86,7.2
2025-12-28 11:00:00,STATION_A_01,541.5,8.2
2025-12-28 12:00:00,STATION_A_01,557.91,4.4
2025-12-28 13:00:00,STATION_A_01,530.62,9.7
2025-12-28 14:00:00,STATION_A_01,567.46,8.4
2025-12-28 15:00:00,STATION_A_01,503.71,11.4
2025-12-28 16:00:00,STATION_A_01,509.08,11.1
2025-12-28 17:00:00,STATION_A_01,538.83,11.6
2025-12-28 18:00:00,STATION_A_01,618.2,12.1
2025-12-28 19:00:00,STATION_A_01,702.95,8.5
2025-12-28 20:00:00,STATION_A_01,663.34,11.5
2025-12-28 21:00:00,STATION_A_01,640.25,6.6
2025-12-28 22:00:00,STATION_A_01,594.57,2.6
2025-12-28 23:00:00,STATION_A_01,542.32,2.8
2025-12-29 00:00:00,STATION_A_01,474.24,2.0
2025-12-29 01:00:00,STATION_A_01,470.43,3.0
2025-12-29 02:00:00,STATION_A_01,,-0.2
2025-12-29 03:00:00,STATION_A_01,473.96,0.8
2025-12-29 04:00:00,STATION_A_01,470.95,1.2
2025-12-29 05:00:00,STATION_A_01,478.06,1.2
2025-12-29 06:00:00,STATION_A_01,510.93,4.2
2025-12-29 07:00:00,STATION_A_01,578.66,4.9
2025-12-29 08:00:00,STATION_A_01,573.8,7.0
2025-12-29 09:00:00,STATION_A_01,567.24,5.5
2025-12-29 10:00:00,STATION_A_01,513.79,9.5
2025-12-29 11:00:00,STATION_A_01,537.08,6.1
2025-12-29 12:00:00,STATION_A_01,505.73,7.0
2025-12-29 13:00:00,STATION_A_01,520.08,8.1
2025-12-29 14:00:00,STATION_A_01,495.49,10.8
2025-12-29 15:00:00,STATION_A_01,474.69,13.1
2025-12-29 16:00:00,STATION_A_01,495.58,9.7
2025-12-29 17:00:00,STATION_A_01,530.93,9.4
2025-12-29 18:00:00,STATION_A_01,614.26,9.1
2025-12-29 19:00:00,STATION_A_01,659.76,9.5
2025-12-29 20:00:00,STATION_A_01,709.96,6.5
2025-12-29 21:00:00,STATION_A_01,621.74,5.2
2025-12-29 22:00:00,STATION_A_01,529.89,2.4
2025-12-29 23:00:00,STATION_A_01,508.46,2.7
2025-12-30 00:00:00,STATION_A_01,468.12,4.8
2025-12-30 01:00:00,STATION_A_01,475.68,2.1
2025-12-30 02:00:00,STATION_A_01,480.7,0.1
2025-12-30 03:00:00,STATION_A_01,443.98,3.5
2025-12-30 04:00:00,STATION_A_01,462.84,0.4
2025-12-30 05:00:00,STATION_A_01,505.39,4.5
2025-12-30 06:00:00,STATION_A_01,509.15,5.2
2025-12-30 07:00:00,STATION_A_01,587.35,3.8
2025-12-30 08:00:00,STATION_A_01,583.69,2.1
2025-12-30 09:00:00,STATION_A_01,533.75,10.2
2025-12-30 10:00:00,STATION_A_01,537.38,8.0
2025-12-30 11:00:00,STATION_A_01,511.37,7.9
2025-12-30 12:00:00,STATION_A_01,505.91,11.2
2025-12-30 13:00:00,STATION_A_01,500.61,11.5
2025-12-30 14:00:00,STATION_A_01,483.84,13.0
2025-12-30 15:00:00,STATION_A_01,483.13,9.7
2025-12-30 16:00:00,STATION_A_01,471.0,11.3
2025-12-30 17:00:00,STATION_A_01,558.33,8.1
2025-12-30 18:00:00,STATION_A_01,618.76,10.6
2025-12-30 19:00:00,STATION_A_01,651.49,8.4
2025-12-30 20:00:00,STATION_A_01,653.31,7.8
2025-12-30 21:00:00,STATION_A_01,613.48,5.8
2025-12-30 22:00:00,STATION_A_01,551.09,4.4
2025-12-30 23:00:00,STATION_A_01,501.98,2.1
2025-12-31 00:00:00,STATION_A_01,474.09,4.0
2025-12-31 01:00:00,STATION_A_01,465.25,4.5
2025-12-31 02:00:00,STATION_A_01,482.7,0.4
2025-12-31 03:00:00,STATION_A_01,506.69,2.2
2025-12-31 04:00:00,STATION_A_01,474.48,2.1
2025-12-31 05:00:00,STATION_A_01,519.09,1.9
2025-12-31 06:00:00,STATION_A_01,565.12,-0.1
2025-12-31 07:00:00,STATION_A_01,595.7,1.3
2025-12-31 08:00:00,STATION_A_01,573.63,3.3
2025-12-31 09:00:00,STATION_A_01,594.57,2.1
2025-12-31 10:00:00,STATION_A_01,513.43,9.8
2025-12-31 11:00:00,STATION_A_01,508.53,9.1
2025-12-31 12:00:00,STATION_A_01,495.45,9.3
2025-12-31 13:00:00,STATION_A_01,539.19,6.2
2025-12-31 14:00:00,STATION_A_01,529.48,7.3
2025-12-31 15:00:00,STATION_A_01,502.55,10.8
2025-12-31 16:00:00,STATION_A_01,468.49,14.2
2025-12-31 17:00:00,STATION_A_01,521.14,8.9
2025-12-31 18:00:00,STATION_A_01,599.88,10.9
2025-12-31 19:00:00,STATION_A_01,708.16,7.5
2025-12-31 20:00:00,STATION_A_01,678.77,7.3
2025-12-31 21:00:00,STATION_A_01,613.83,8.2
2025-12-31 22:00:00,STATION_A_01,545.62,4.1
2025-12-31 23:00:00,STATION_A_01,497.96,2.4
2025-01-01 00:00:00,STATION_B_02,148.61,3.1
2025-01-01 01:00:00,STATION_B_02,147.83,-0.1
2025-01-01 02:00:00,STATION_B_02,147.94,2.7
2025-01-01 03:00:00,STATION_B_02,148.22,2.8
2025-01-01 04:00:00,STATION_B_02,151.02,-2.2
2025-01-01 05:00:00,STATION_B_02,151.23,-0.6
2025-01-01 06:00:00,STATION_B_02,150.45,2.8
2025-01-01 07:00:00,STATION_B_02,185.79,3.0
2025-01-01 08:00:00,STATION_B_02,272.85,4.7
2025-01-01 09:00:00,STATION_B_02,376.49,4.4
2025-01-01 10:00:00,STATION_B_02,436.4,8.8
2025-01-01 11:00:00,STATION_B_02,476.09,9.7
2025-01-01 12:00:00,STATION_B_02,493.21,9.5
2025-01-01 13:00:00,STATION_B_02,491.02,12.1
2025-01-01 14:00:00,STATION_B_02,494.91,11.4
2025-01-01 15:00:00,STATION_B_02,458.14,9.2
2025-01-01 16:00:00,STATION_B_02,424.06,11.2
2025-01-01 17:00:00,STATION_B_02,367.04,8.4
2025-01-01 18:00:00,STATION_B_02,265.86,10.9
2025-01-01 19:00:00,STATION_B_02,184.59,8.3
2025-01-01 20:00:00,STATION_B_02,148.84,6.9
2025-01-01 21:00:00,STATION_B_02,144.39,4.7
2025-01-01 22:00:00,STATION_B_02,145.4,6.9
2025-01-01 23:00:00,STATION_B_02,140.97,3.3
2025-01-02 00:00:00,STATION_B_02,347.56,1.7
2025-01-02 01:00:00,STATION_B_02,328.71,1.1
2025-01-02 02:00:00,STATION_B_02,335.81,2.2
2025-01-02 03:00:00,STATION_B_02,322.63,1.7
2025-01-02 04:00:00,STATION_B_02,332.11,2.0
2025-01-02 05:00:00,STATION_B_02,328.41,2.5
2025-01-02 06:00:00,STATION_B_02,344.76,6.4
2025-01-02 07:00:00,STATION_B_02,422.28,2.8
2025-01-02 08:00:00,STATION_B_02,635.92,3.7
2025-01-02 09:00:00,STATION_B_02,806.66,4.4
2025-01-02 10:00:00,STATION_B_02,1012.59,8.2
2025-01-02 11:00:00,STATION_B_02,1054.57,10.3
2025-01-02 12:00:00,STATION_B_02,1047.02,9.1
2025-01-02 13:00:00,STATION_B_02,1134.26,8.5
2025-01-02 14:00:00,STATION_B_02,1127.4,9.0
2025-01-02 15:00:00,STATION_B_02,987.42,11.9
2025-01-02 16:00:00,STATION_B_02,975.93,11.9
2025-01-02 17:00:00,STATION_B_02,828.72,11.0
2025-01-02 18:00:00,STATION_B_02,605.96,8.1
2025-01-02 19:00:00,STATION_B_02,429.24,8.7
2025-01-02 20:00:00,STATION_B_02,347.13,7.3
2025-01-02 21:00:00,STATION_B_02,324.17,6.3
2025-01-02 22:00:00,STATION_B_02,339.98,6.2
2025-01-02 23:00:00,STATION_B_02,332.31,3.9
2025-01-03 00:00:00,STATION_B_02,322.57,3.7
2025-01-03 01:00:00,STATION_B_02,323.61,1.8
2025-01-03 02:00:00,STATION_B_02,339.07,1.7
2025-01-03 03:00:00,STATION_B_02,321.02,2.2
2025-01-03 04:00:00,STATION_B_02,329.61,-1.4
2025-01-03 05:00:00,STATION_B_02,328.44,1.1
2025-01-03 06:00:00,STATION_B_02,348.76,1.6
2025-01-03 07:00:00,STATION_B_02,424.33,2.3
2025-01-03 08:00:00,STATION_B_02,590.83,4.1
2025-01-03 09:00:00,STATION_B_02,850.44,8.5
2025-01-03 10:00:00,STATION_B_02,992.78,5.5
2025-01-03 11:00:00,STATION_B_02,1111.16,10.0
2025-01-03 12:00:00,STATION_B_02,1101.46,6.2
2025-01-03 13:00:00,STATION_B_02,1113.4,9.4
2025-01-03 14:00:00,STATION_B_02,1087.26,10.8
2025-01-03 15:00:00,STATION_B_02,1083.02,11.7
2025-01-03 16:00:00,STATION_B_02,988.92,11.8
2025-01-03 17:00:00,STATION_B_02,819.31,11.4
2025-01-03 18:00:00,STATION_B_02,616.19,8.6
2025-01-03 19:00:00,STATION_B_02,443.48,7.4
2025-01-03 20:00:00,STATION_B_02,332.22,8.6
2025-01-03 21:00:00,STATION_B_02,330.65,5.5
2025-01-03 22:00:00,STATION_B_02,327.59,2.3
2025-01-03 23:00:00,STATION_B_02,333.29,1.4
2025-01-04 00:00:00,STATION_B_02,205.27,0.7
2025-01-04 01:00:00,STATION_B_02,191.98,2.5
2025-01-04 02:00:00,STATION_B_02,203.37,1.4
2025-01-04 03:00:00,STATION_B_02,208.96,2.2
2025-01-04 04:00:00,STATION_B_02,201.31,0.4
2025-01-04 05:00:00,STATION_B_02,209.56,1.9
2025-01-04 06:00:00,STATION_B_02,213.92,3.5
2025-01-04 07:00:00,STATION_B_02,263.09,2.8
2025-01-04 08:00:00,STATION_B_02,386.93,5.4
2025-01-04 09:00:00,STATION_B_02,531.77,4.6
2025-01-04 10:00:00,STATION_B_02,627.92,6.4
2025-01-04 11:00:00,STATION_B_02,681.37,7.5
2025-01-04 12:00:00,STATION_B_02,680.19,7.0
2025-01-04 13:00:00,STATION_B_02,636.98,10.8
2025-01-04 14:00:00,STATION_B_02,662.02,9.6
2025-01-04 15:00:00,STATION_B_02,623.53,10.6
2025-01-04 16:00:00,STATION_B_02,617.37,11.3
2025-01-04 17:00:00,STATION_B_02,519.58,10.8
2025-01-04 18:00:00,STATION_B_02,378.33,10.4
2025-01-04 19:00:00,STATION_B_02,261.45,8.0
2025-01-04 20:00:00,STATION_B_02,215.53,6.3
2025-01-04 21:00:00,STATION_B_02,192.96,5.7
2025-01-04 22:00:00,STATION_B_02,203.8,1.5
2025-01-04 23:00:00,STATION_B_02,197.48,0.8
2025-01-05 00:00:00,STATION_B_02,204.33,-0.0
2025-01-05 01:00:00,STATION_B_02,215.09,-0.2
2025-01-05 02:00:00,STATION_B_02,210.34,1.8
2025-01-05 03:00:00,STATION_B_02,210.42,-0.7
2025-01-05 04:00:00,STATION_B_02,204.87,0.4
2025-01-05 05:00:00,STATION_B_02,198.02,3.9
2025-01-05 06:00:00,STATION_B_02,216.23,1.7
2025-01-05 07:00:00,STATION_B_02,270.4,4.7
2025-01-05 08:00:00,STATION_B_02,387.46,2.8
2025-01-05 09:00:00,STATION_B_02,500.37,5.4
2025-01-05 10:00:00,STATION_B_02,627.49,5.3
2025-01-05 11:00:00,STATION_B_02,632.21,7.5
2025-01-05 12:00:00,STATION_B_02,680.73,10.7
2025-01-05 13:00:00,STATION_B_02,667.49,6.8
2025-01-05 14:00:00,STATION_B_02,644.03,11.2
2025-01-05 15:00:00,STATION_B_02,668.57,11.0
2025-01-05 16:00:00,STATION_B_02,623.08,9.3
2025-01-05 17:00:00,STATION_B_02,520.39,7.3
2025-01-05 18:00:00,STATION_B_02,393.32,9.3
2025-01-05 19:00:00,STATION_B_02,264.06,7.2
2025-01-05 20:00:00,STATION_B_02,206.11,7.4
2025-01-05 21:00:00,STATION_B_02,204.27,5.8
2025-01-05 22:00:00,STATION_B_02,197.91,7.4
2025-01-05 23:00:00,STATION_B_02,210.24,2.9
2025-01-06 00:00:00,STATION_B_02,335.1,0.5
2025-01-06 01:00:00,STATION_B_02,333.83,1.9
2025-01-06 02:00:00,STATION_B_02,318.75,1.5
2025-01-06 03:00:00,STATION_B_02,328.86,3.4
2025-01-06 04:00:00,STATION_B_02,329.05,2.6
2025-01-06 05:00:00,STATION_B_02,322.4,2.2
2025-01-06 06:00:00,STATION_B_02,340.76,5.0
2025-01-06 07:00:00,STATION_B_02,436.59,1.2
2025-01-06 08:00:00,STATION_B_02,618.29,3.3
2025-01-06 09:00:00,STATION_B_02,817.7,4.0
2025-01-06 10:00:00,STATION_B_02,999.94,6.3
2025-01-06 11:00:00,STATION_B_02,1071.86,5.6
2025-01-06 12:00:00,STATION_B_02,1085.43,10.3
2025-01-06 13:00:00,STATION_B_02,1087.61,9.5
2025-01-06 14:00:00,STATION_B_02,1081.3,7.7
2025-01-06 15:00:00,STATION_B_02,1057.25,8.7
2025-01-06 16:00:00,STATION_B_02,987.08,10.9
2025-01-06 17:00:00,STATION_B_02,840.87,11.4
2025-01-06 18:00:00,STATION_B_02,596.14,12.7
2025-01-06 19:00:00,STATION_B_02,422.99,13.4
2025-01-06 20:00:00,STATION_B_02,348.39,7.7
2025-01-06 21:00:00,STATION_B_02,341.41,3.9
2025-01-06 22:00:00,STATION_B_02,344.31,0.6
2025-01-06 23:00:00,STATION_B_02,341.03,3.8
2025-01-07 00:00:00,STATION_B_02,322.88,0.8
2025-01-07 01:00:00,STATION_B_02,,0.8
2025-01-07 02:00:00,STATION_B_02,344.78,-0.1
2025-01-07 03:00:00,STATION_B_02,345.28,0.6
2025-01-07 04:00:00,STATION_B_02,323.06,3.0
2025-01-07 05:00:00,STATION_B_02,338.21,1.8
2025-01-07 06:00:00,STATION_B_02,348.83,2.0
2025-01-07 07:00:00,STATION_B_02,452.91,1.4
2025-01-07 08:00:00,STATION_B_02,602.52,1.4
2025-01-07 09:00:00,STATION_B_02,830.78,4.8
2025-01-07 10:00:00,STATION_B_02,959.2,6.8
2025-01-07 11:00:00,STATION_B_02,1063.11,11.3
2025-01-07 12:00:00,STATION_B_02,1151.13,9.3
2025-01-07 13:00:00,STATION_B_02,1075.37,11.6
2025-01-07 14:00:00,STATION_B_02,1089.44,9.4
2025-01-07 15:00:00,STATION_B_02,1089.16,8.3
2025-01-07 16:00:00,STATION_B_02,995.39,8.6
2025-01-07 17:00:00,STATION_B_02,841.15,8.5
2025-01-07 18:00:00,STATION_B_02,598.6,12.9
2025-01-07 19:00:00,STATION_B_02,412.74,6.6
2025-01-07 20:00:00,STATION_B_02,337.17,8.4
2025-01-07 21:00:00,STATION_B_02,335.5,4.1
2025-01-07 22:00:00,STATION_B_02,332.79,6.1
2025-01-07 23:00:00,STATION_B_02,339.23,4.0
2025-01-08 00:00:00,STATION_B_02,334.7,2.0
2025-01-08 01:00:00,STATION_B_02,335.72,1.4
2025-01-08 02:00:00,STATION_B_02,341.57,-0.2
2025-01-08 03:00:00,STATION_B_02,327.15,1.6
2025-01-08 04:00:00,STATION_B_02,328.99,0.2
2025-01-08 05:00:00,STATION_B_02,335.92,-0.7
2025-01-08 06:00:00,STATION_B_02,340.43,-0.0
2025-01-08 07:00:00,STATION_B_02,433.36,3.6
2025-01-08 08:00:00,STATION_B_02,626.43,7.2
2025-01-08 09:00:00,STATION_B_02,829.43,5.9
2025-01-08 10:00:00,STATION_B_02,1020.75,6.7
2025-01-08 11:00:00,STATION_B_02,1057.29,8.6
2025-01-08 12:00:00,STATION_B_02,1050.16,11.4
2025-01-08 13:00:00,STATION_B_02,1144.05,10.2
2025-01-08 14:00:00,STATION_B_02,1059.78,9.5
2025-01-08 15:00:00,STATION_B_02,1020.26,12.4
2025-01-08 16:00:00,STATION_B_02,994.34,11.1
2025-01-08 17:00:00,STATION_B_02,824.83,12.6
2025-01-08 18:00:00,STATION_B_02,614.26,9.4
2025-01-08 19:00:00,STATION_B_02,446.44,5.8
2025-01-08 20:00:00,STATION_B_02,338.06,4.4
2025-01-08 21:00:00,STATION_B_02,318.05,8.6
2025-01-08 22:00:00,STATION_B_02,337.04,7.5
2025-01-08 23:00:00,STATION_B_02,338.47,2.9
2025-01-09 00:00:00,STATION_B_02,340.02,1.5
2025-01-09 01:00:00,STATION_B_02,324.18,4.1
2025-01-09 02:00:00,STATION_B_02,346.8,-1.0
2025-01-09 03:00:00,STATION_B_02,343.64,-0.8
2025-01-09 04:00:00,STATION_B_02,333.84,2.1
2025-01-09 05:00:00,STATION_B_02,330.33,0.8
2025-01-09 06:00:00,STATION_B_02,350.14,2.2
2025-01-09 07:00:00,STATION_B_02,449.35,2.9
2025-01-09 08:00:00,STATION_B_02,599.83,5.0
2025-01-09 09:00:00,STATION_B_02,820.52,8.2
2025-01-09 10:00:00,STATION_B_02,993.13,7.0
2025-01-09 11:00:00,STATION_B_02,1062.33,9.2
2025-01-09 12:00:00,STATION_B_02,1111.4,5.3
2025-01-09 13:00:00,STATION_B_02,1117.87,9.7
2025-01-09 14:00:00,STATION_B_02,1107.47,8.7
2025-01-09 15:00:00,STATION_B_02,1080.33,8.2
2025-01-09 16:00:00,STATION_B_02,,8.7
2025-01-09 17:00:00,STATION_B_02,847.5,9.2
2025-01-09 18:00:00,STATION_B_02,574.97,10.7
2025-01-09 19:00:00,STATION_B_02,437.44,5.6
2025-01-09 20:00:00,STATION_B_02,334.38,6.9
2025-01-09 21:00:00,STATION_B_02,325.59,4.7
2025-01-09 22:00:00,STATION_B_02,332.66,3.8
2025-01-09 23:00:00,STATION_B_02,327.21,5.0
2025-01-10 00:00:00,STATION_B_02,335.4,3.2
2025-01-10 01:00:00,STATION_B_02,331.4,3.8
2025-01-10 02:00:00,STATION_B_02,332.46,0.7
2025-01-10 03:00:00,STATION_B_02,350.08,-0.5
2025-01-10 04:00:00,STATION_B_02,341.36,0.6
2025-01-10 05:00:00,STATION_B_02,336.94,1.9
2025-01-10 06:00:00,STATION_B_02,355.6,2.5
2025-01-10 07:00:00,STATION_B_02,426.98,1.2
2025-01-10 08:00:00,STATION_B_02,654.86,4.5
2025-01-10 09:00:00,STATION_B_02,823.87,6.0
2025-01-10 10:00:00,STATION_B_02,993.86,11.4
2025-01-10 11:00:00,STATION_B_02,1056.67,11.4
2025-01-10 12:00:00,STATION_B_02,1093.56,7.4
2025-01-10 13:00:00,STATION_B_02,1082.02,9.2
2025-01-10 14:00:00,STATION_B_02,1080.02,7.6
2025-01-10 15:00:00,STATION_B_02,1108.15,9.3
2025-01-10 16:00:00,STATION_B_02,962.53,10.8
2025-01-10 17:00:00,STATION_B_02,845.74,11.9
2025-01-10 18:00:00,STATION_B_02,621.13,7.7
2025-01-10 19:00:00,STATION_B_02,419.8,6.8
2025-01-10 20:00:00,STATION_B_02,353.43,3.0
2025-01-10 21:00:00,STATION_B_02,327.78,5.3
2025-01-10 22:00:00,STATION_B_02,322.85,2.4
2025-01-10 23:00:00,STATION_B_02,323.21,2.2
2025-01-11 00:00:00,STATION_B_02,211.64,0.6
2025-01-11 01:00:00,STATION_B_02,210.75,1.2
2025-01-11 02:00:00,STATION_B_02,212.08,-2.2
2025-01-11 03:00:00,STATION_B_02,208.28,-1.9
2025-01-11 04:00:00,STATION_B_02,203.18,4.8
2025-01-11 05:00:00,STATION_B_02,208.45,-0.9
2025-01-11 06:00:00,STATION_B_02,209.25,0.2
2025-01-11 07:00:00,STATION_B_02,264.12,6.5
2025-01-11 08:00:00,STATION_B_02,381.09,9.6
2025-01-11 09:00:00,STATION_B_02,533.65,3.5
2025-01-11 10:00:00,STATION_B_02,659.63,6.1
2025-01-11 11:00:00,STATION_B_02,652.37,8.6
2025-01-11 12:00:00,STATION_B_02,658.6,12.1
2025-01-11 13:00:00,STATION_B_02,686.43,7.9
2025-01-11 14:00:00,STATION_B_02,681.79,9.8
2025-01-11 15:00:00,STATION_B_02,627.26,11.8
2025-01-11 16:00:00,STATION_B_02,626.16,11.0
2025-01-11 17:00:00,STATION_B_02,522.46,9.0
2025-01-11 18:00:00,STATION_B_02,356.67,8.7
2025-01-11 19:00:00,STATION_B_02,264.11,5.5
2025-01-11 20:00:00,STATION_B_02,208.63,6.4
2025-01-11 21:00:00,STATION_B_02,202.18,5.1
2025-01-11 22:00:00,STATION_B_02,197.12,4.7
2025-01-11 23:00:00,STATION_B_02,208.87,2.2
2025-01-12 00:00:00,STATION_B_02,215.58,3.0
2025-01-12 01:00:00,STATION_B_02,207.36,3.2
2025-01-12 02:00:00,STATION_B_02,196.17,1.2
2025-01-12 03:00:00,STATION_B_02,209.21,1.4
2025-01-12 04:00:00,STATION_B_02,206.98,1.0
2025-01-12 05:00:00,STATION_B_02,202.4,1.4
2025-01-12 06:00:00,STATION_B_02,220.89,0.9
2025-01-12 07:00:00,STATION_B_02,273.59,3.7
2025-01-12 08:00:00,STATION_B_02,379.43,4.1
2025-01-12 09:00:00,STATION_B_02,497.01,9.3
2025-01-12 10:00:00,STATION_B_02,588.88,9.6
2025-01-12 11:00:00,STATION_B_02,659.05,8.6
2025-01-12 12:00:00,STATION_B_02,682.73,7.6
2025-01-12 13:00:00,STATION_B_02,676.65,7.7
2025-01-12 14:00:00,STATION_B_02,658.38,12.3
2025-01-12 15:00:00,STATION_B_02,673.62,10.8
2025-01-12 16:00:00,STATION_B_02,624.65,11.0
2025-01-12 17:00:00,STATION_B_02,528.66,6.6
2025-01-12 18:00:00,STATION_B_02,382.63,10.6
2025-01-12 19:00:00,STATION_B_02,256.84,8.8
2025-01-12 20:00:00,STATION_B_02,208.88,4.8
2025-01-12 21:00:00,STATION_B_02,202.47,4.7
2025-01-12 22:00:00,STATION_B_02,201.35,4.8
2025-01-12 23:00:00,STATION_B_02,194.94,3.2
2025-01-13 00:00:00,STATION_B_02,330.27,1.6
2025-01-13 01:00:00,STATION_B_02,345.31,1.2
2025-01-13 02:00:00,STATION_B_02,343.82,0.4
2025-01-13 03:00:00,STATION_B_02,340.54,1.0
2025-01-13 04:00:00,STATION_B_02,333.25,3.5
2025-01-13 05:00:00,STATION_B_02,356.53,-3.2
2025-01-13 06:00:00,STATION_B_02,342.42,1.7
2025-01-13 07:00:00,STATION_B_02,421.65,3.5
2025-01-13 08:00:00,STATION_B_02,639.83,4.8
2025-01-13 09:00:00,STATION_B_02,856.69,4.9
2025-01-13 10:00:00,STATION_B_02,1013.94,3.6
2025-01-13 11:00:00,STATION_B_02,1099.29,8.5
2025-01-13 12:00:00,STATION_B_02,1071.69,12.0
2025-01-13 13:00:00,STATION_B_02,1087.47,6.9
2025-01-13 14:00:00,STATION_B_02,1061.24,11.7
2025-01-13 15:00:00,STATION_B_02,1086.58,9.7
2025-01-13 16:00:00,STATION_B_02,1006.87,10.1
2025-01-13 17:00:00,STATION_B_02,877.85,7.8
2025-01-13 18:00:00,STATION_B_02,607.04,8.3
2025-01-13 19:00:00,STATION_B_02,415.67,10.3
2025-01-13 20:00:00,STATION_B_02,355.2,7.8
2025-01-13 21:00:00,STATION_B_02,333.8,8.7
2025-01-13 22:00:00,STATION_B_02,329.02,6.4
2025-01-13 23:00:00,STATION_B_02,318.09,3.9
2025-01-14 00:00:00,STATION_B_02,322.9,5.3
2025-01-14 01:00:00,STATION_B_02,325.43,2.2
2025-01-14 02:00:00,STATION_B_02,334.58,2.4
2025-01-14 03:00:00,STATION_B_02,333.13,0.2
2025-01-14 04:00:00,STATION_B_02,350.39,1.0
2025-01-14 05:00:00,STATION_B_02,325.02,0.1
2025-01-14 06:00:00,STATION_B_02,338.49,3.9
2025-01-14 07:00:00,STATION_B_02,440.64,1.0
2025-01-14 08:00:00,STATION_B_02,628.31,5.7
2025-01-14 09:00:00,STATION_B_02,798.26,5.2
2025-01-14 10:00:00,STATION_B_02,962.78,8.9
2025-01-14 11:00:00,STATION_B_02,1073.78,9.3
2025-01-14 12:00:00,STATION_B_02,1122.74,12.2
2025-01-14 13:00:00,STATION_B_02,1145.53,11.0
2025-01-14 14:00:00,STATION_B_02,1097.7,7.3
2025-01-14 15:00:00,STATION_B_02,1071.72,10.2
2025-01-14 16:00:00,STATION_B_02,990.17,8.0
2025-01-14 17:00:00,STATION_B_02,855.64,8.7
2025-01-14 18:00:00,STATION_B_02,626.84,11.6
2025-01-14 19:00:00,STATION_B_02,435.67,9.1
2025-01-14 20:00:00,STATION_B_02,346.23,5.5
2025-01-14 21:00:00,STATION_B_02,326.14,3.7
2025-01-14 22:00:00,STATION_B_02,331.39,4.3
2025-01-14 23:00:00,STATION_B_02,348.57,0.9
2025-01-15 00:00:00,STATION_B_02,333.32,0.9
2025-01-15 01:00:00,STATION_B_02,319.47,1.9
2025-01-15 02:00:00,STATION_B_02,330.59,3.0
2025-01-15 03:00:00,STATION_B_02,333.03,1.8
2025-01-15 04:00:00,STATION_B_02,326.94,-3.3
2025-01-15 05:00:00,STATION_B_02,338.5,1.9
2025-01-15 06:00:00,STATION_B_02,356.67,2.2
2025-01-15 07:00:00,STATION_B_02,453.56,3.9
2025-01-15 08:00:00,STATION_B_02,594.9,7.2
2025-01-15 09:00:00,STATION_B_02,886.57,1.8
2025-01-15 10:00:00,STATION_B_02,1050.1,5.7
2025-01-15 11:00:00,STATION_B_02,1098.44,9.0
2025-01-15 12:00:00,STATION_B_02,1088.08,6.1
2025-01-15 13:00:00,STATION_B_02,1056.06,12.3
2025-01-15 14:00:00,STATION_B_02,1095.51,10.8
2025-01-15 15:00:00,STATION_B_02,1071.77,11.8
2025-01-15 16:00:00,STATION_B_02,993.47,9.1
2025-01-15 17:00:00,STATION_B_02,861.17,11.1
2025-01-15 18:00:00,STATION_B_02,599.49,10.8
2025-01-15 19:00:00,STATION_B_02,402.92,8.3
2025-01-15 20:00:00,STATION_B_02,342.16,7.2
2025-01-15 21:00:00,STATION_B_02,334.35,6.0
2025-01-15 22:00:00,STATION_B_02,337.1,2.7
2025-01-15 23:00:00,STATION_B_02,336.81,2.8
2025-01-16 00:00:00,STATION_B_02,348.74,1.8
2025-01-16 01:00:00,STATION_B_02,325.67,2.0
2025-01-16 02:00:00,STATION_B_02,330.75,2.7
2025-01-16 03:00:00,STATION_B_02,354.0,-1.2
2025-01-16 04:00:00,STATION_B_02,,0.6
2025-01-16 05:00:00,STATION_B_02,333.05,4.0
2025-01-16 06:00:00,STATION_B_02,,0.8
2025-01-16 07:00:00,STATION_B_02,451.24,1.6
2025-01-16 08:00:00,STATION_B_02,634.81,4.6
2025-01-16 09:00:00,STATION_B_02,865.26,7.0
2025-01-16 10:00:00,STATION_B_02,992.5,6.8
2025-01-16 11:00:00,STATION_B_02,1116.46,10.3
2025-01-16 12:00:00,STATION_B_02,1061.39,10.4
2025-01-16 13:00:00,STATION_B_02,1060.6,11.2
2025-01-16 14:00:00,STATION_B_02,1102.99,11.1
2025-01-16 15:00:00,STATION_B_02,1043.07,14.5
2025-01-16 16:00:00,STATION_B_02,1011.3,9.8
2025-01-16 17:00:00,STATION_B_02,863.54,6.1
2025-01-16 18:00:00,STATION_B_02,631.47,11.8
2025-01-16 19:00:00,STATION_B_02,431.43,7.1
2025-01-16 20:00:00,STATION_B_02,339.28,6.9
2025-01-16 21:00:00,STATION_B_02,333.42,7.9
2025-01-16 22:00:00,STATION_B_02,329.17,1.4
2025-01-16 23:00:00,STATION_B_02,345.24,0.9
2025-01-17 00:00:00,STATION_B_02,,-0.8
2025-01-17 01:00:00,STATION_B_02,342.39,-0.1
2025-01-17 02:00:00,STATION_B_02,320.64,1.7
2025-01-17 03:00:00,STATION_B_02,316.55,1.6
2025-01-17 04:00:00,STATION_B_02,323.53,1.4
2025-01-17 05:00:00,STATION_B_02,357.24,-1.2
2025-01-17 06:00:00,STATION_B_02,,-2.1
2025-01-17 07:00:00,STATION_B_02,442.87,3.2
2025-01-17 08:00:00,STATION_B_02,617.53,3.4
2025-01-17 09:00:00,STATION_B_02,848.12,6.3
2025-01-17 10:00:00,STATION_B_02,1013.74,8.0
2025-01-17 11:00:00,STATION_B_02,1136.22,8.1
2025-01-17 12:00:00,STATION_B_02,1113.91,10.3
2025-01-17 13:00:00,STATION_B_02,1110.49,10.1
2025-01-17 14:00:00,STATION_B_02,1129.8,11.1
2025-01-17 15:00:00,STATION_B_02,1067.3,9.0
2025-01-17 16:00:00,STATION_B_02,1034.33,9.8
2025-01-17 17:00:00,STATION_B_02,858.55,10.0
2025-01-17 18:00:00,STATION_B_02,622.11,10.4
2025-01-17 19:00:00,STATION_B_02,424.97,7.2
2025-01-17 20:00:00,STATION_B_02,339.97,7.7
2025-01-17 21:00:00,STATION_B_02,324.71,5.0
2025-01-17 22:00:00,STATION_B_02,325.62,4.0
2025-01-17 23:00:00,STATION_B_02,323.84,4.6
2025-01-18 00:00:00,STATION_B_02,213.54,-1.5
2025-01-18 01:00:00,STATION_B_02,209.8,-1.0
2025-01-18 02:00:00,STATION_B_02,214.2,-1.8
2025-01-18 03:00:00,STATION_B_02,216.14,-3.5
2025-01-18 04:00:00,STATION_B_02,204.67,-0.4
2025-01-18 05:00:00,STATION_B_02,202.38,2.7
2025-01-18 06:00:00,STATION_B_02,218.05,1.6
2025-01-18 07:00:00,STATION_B_02,263.84,3.5
2025-01-18 08:00:00,STATION_B_02,375.76,6.2
2025-01-18 09:00:00,STATION_B_02,548.74,7.9
2025-01-18 10:00:00,STATION_B_02,608.4,6.6
2025-01-18 11:00:00,STATION_B_02,704.2,10.3
2025-01-18 12:00:00,STATION_B_02,689.64,9.1
2025-01-18 13:00:00,STATION_B_02,705.86,8.2
2025-01-18 14:00:00,STATION_B_02,699.94,9.1
2025-01-18 15:00:00,STATION_B_02,688.43,7.6
2025-01-18 16:00:00,STATION_B_02,655.16,8.5
2025-01-18 17:00:00,STATION_B_02,508.12,9.0
2025-01-18 18:00:00,STATION_B_02,375.7,10.3
2025-01-18 19:00:00,STATION_B_02,254.23,11.0
2025-01-18 20:00:00,STATION_B_02,207.16,4.3
2025-01-18 21:00:00,STATION_B_02,201.43,6.2
2025-01-18 22:00:00,STATION_B_02,218.01,2.4
2025-01-18 23:00:00,STATION_B_02,205.46,4.0
2025-01-19 00:00:00,STATION_B_02,219.16,1.9
2025-01-19 01:00:00,STATION_B_02,223.54,-1.9
2025-01-19 02:00:00,STATION_B_02,223.97,2.5
2025-01-19 03:00:00,STATION_B_02,220.99,-0.4
2025-01-19 04:00:00,STATION_B_02,223.19,-0.1
2025-01-19 05:00:00,STATION_B_02,213.25,-0.6
2025-01-19 06:00:00,STATION_B_02,221.4,0.9
2025-01-19 07:00:00,STATION_B_02,270.91,3.9
2025-01-19 08:00:00,STATION_B_02,388.79,3.9
2025-01-19 09:00:00,STATION_B_02,532.22,6.1
2025-01-19 10:00:00,STATION_B_02,643.94,7.4
2025-01-19 11:00:00,STATION_B_02,661.31,10.3
2025-01-19 12:00:00,STATION_B_02,662.63,8.3
2025-01-19 13:00:00,STATION_B_02,698.69,7.0
2025-01-19 14:00:00,STATION_B_02,662.94,12.1
2025-01-19 15:00:00,STATION_B_02,660.96,9.7
2025-01-19 16:00:00,STATION_B_02,615.33,12.1
2025-01-19 17:00:00,STATION_B_02,514.7,10.4
2025-01-19 18:00:00,STATION_B_02,391.33,8.7
2025-01-19 19:00:00,STATION_B_02,261.98,8.5
2025-01-19 20:00:00,STATION_B_02,217.18,10.3
2025-01-19 21:00:00,STATION_B_02,203.23,9.2
2025-01-19 22:00:00,STATION_B_02,205.6,4.4
2025-01-19 23:00:00,STATION_B_02,207.85,3.4
2025-01-20 00:00:00,STATION_B_02,321.71,4.1
2025-01-20 01:00:00,STATION_B_02,342.32,-0.2
2025-01-20 02:00:00,STATION_B_02,344.27,1.5
2025-01-20 03:00:00,STATION_B_02,346.78,0.7
2025-01-20 04:00:00,STATION_B_02,325.06,1.4
2025-01-20 05:00:00,STATION_B_02,327.02,-0.1
2025-01-20 06:00:00,STATION_B_02,352.75,-0.7
2025-01-20 07:00:00,STATION_B_02,458.58,-0.6
2025-01-20 08:00:00,STATION_B_02,635.61,2.3
2025-01-20 09:00:00,STATION_B_02,843.5,4.7
2025-01-20 10:00:00,STATION_B_02,985.74,6.2
2025-01-20 11:00:00,STATION_B_02,1055.11,11.4
2025-01-20 12:00:00,STATION_B_02,1073.7,10.9
2025-01-20 13:00:00,STATION_B_02,1138.76,7.9
2025-01-20 14:00:00,STATION_B_02,1124.59,10.8
2025-01-20 15:00:00,STATION_B_02,1053.93,9.6
2025-01-20 16:00:00,STATION_B_02,1028.01,9.6
2025-01-20 17:00:00,STATION_B_02,854.02,10.0
2025-01-20 18:00:00,STATION_B_02,590.98,10.0
2025-01-20 19:00:00,STATION_B_02,425.99,7.3
2025-01-20 20:00:00,STATION_B_02,345.68,8.7
2025-01-20 21:00:00,STATION_B_02,336.39,3.5
2025-01-20 22:00:00,STATION_B_02,317.8,4.3
2025-01-20 23:00:00,STATION_B_02,328.33,7.8
2025-01-21 00:00:00,STATION_B_02,340.77,2.5
2025-01-21 01:00:00,STATION_B_02,346.74,3.9
2025-01-21 02:00:00,STATION_B_02,331.62,1.0
2025-01-21 03:00:00,STATION_B_02,331.62,1.8
2025-01-21 04:00:00,STATION_B_02,336.08,0.8
2025-01-21 05:00:00,STATION_B_02,341.19,1.1
2025-01-21 06:00:00,STATION_B_02,356.29,0.7
2025-01-21 07:00:00,STATION_B_02,440.49,3.9
2025-01-21 08:00:00,STATION_B_02,612.14,2.7
2025-01-21 09:00:00,STATION_B_02,861.59,6.7
2025-01-21 10:00:00,STATION_B_02,993.08,8.7
2025-01-21 11:00:00,STATION_B_02,1084.54,8.6
2025-01-21 12:00:00,STATION_B_02,1157.27,8.4
2025-01-21 13:00:00,STATION_B_02,1058.51,10.5
2025-01-21 14:00:00,STATION_B_02,1093.83,9.6
2025-01-21 15:00:00,STATION_B_02,1035.65,12.0
2025-01-21 16:00:00,STATION_B_02,1025.52,6.9
2025-01-21 17:00:00,STATION_B_02,866.48,9.1
2025-01-21 18:00:00,STATION_B_02,625.92,5.3
2025-01-21 19:00:00,STATION_B_02,429.73,5.2
2025-01-21 20:00:00,STATION_B_02,353.57,9.2
2025-01-21 21:00:00,STATION_B_02,332.17,7.1
2025-01-21 22:00:00,STATION_B_02,341.71,3.0
2025-01-21 23:00:00,STATION_B_02,344.77,0.4
2025-01-22 00:00:00,STATION_B_02,,-3.2
2025-01-22 01:00:00,STATION_B_02,337.75,0.4
2025-01-22 02:00:00,STATION_B_02,321.73,5.3
2025-01-22 03:00:00,STATION_B_02,329.46,1.5
2025-01-22 04:00:00,STATION_B_02,,-0.1
2025-01-22 05:00:00,STATION_B_02,333.52,2.2
2025-01-22 06:00:00,STATION_B_02,375.17,-0.7
2025-01-22 07:00:00,STATION_B_02,420.22,2.6
2025-01-22 08:00:00,STATION_B_02,607.9,4.5
2025-01-22 09:00:00,STATION_B_02,874.97,5.4
2025-01-22 10:00:00,STATION_B_02,1005.91,8.2
2025-01-22 11:00:00,STATION_B_02,1097.26,8.6
2025-01-22 12:00:00,STATION_B_02,1095.7,10.1
2025-01-22 13:00:00,STATION_B_02,1104.77,8.5
2025-01-22 14:00:00,STATION_B_02,1081.71,11.8
2025-01-22 15:00:00,STATION_B_02,1069.52,13.3
2025-01-22 16:00:00,STATION_B_02,1030.79,8.4
2025-01-22 17:00:00,STATION_B_02,882.81,8.1
2025-01-22 18:00:00,STATION_B_02,602.63,11.3
2025-01-22 19:00:00,STATION_B_02,421.92,7.6
2025-01-22 20:00:00,STATION_B_02,336.94,9.3
2025-01-22 21:00:00,STATION_B_02,345.68,4.7
2025-01-22 22:00:00,STATION_B_02,334.42,6.9
2025-01-22 23:00:00,STATION_B_02,317.43,3.4
2025-01-23 00:00:00,STATION_B_02,318.0,2.6
2025-01-23 01:00:00,STATION_B_02,325.32,4.2
2025-01-23 02:00:00,STATION_B_02,340.55,0.3
2025-01-23 03:00:00,STATION_B_02,,-0.9
2025-01-23 04:00:00,STATION_B_02,343.32,0.1
2025-01-23 05:00:00,STATION_B_02,335.17,2.2
2025-01-23 06:00:00,STATION_B_02,370.44,-0.7
2025-01-23 07:00:00,STATION_B_02,441.35,4.3
2025-01-23 08:00:00,STATION_B_02,629.85,3.3
2025-01-23 09:00:00,STATION_B_02,874.11,7.6
2025-01-23 10:00:00,STATION_B_02,997.06,2.5
2025-01-23 11:00:00,STATION_B_02,1096.08,6.5
2025-01-23 12:00:00,STATION_B_02,1124.46,5.9
2025-01-23 13:00:00,STATION_B_02,1127.09,8.2
2025-01-23 14:00:00,STATION_B_02,1047.09,10.6
2025-01-23 15:00:00,STATION_B_02,1073.4,10.0
2025-01-23 16:00:00,STATION_B_02,1017.84,9.7
2025-01-23 17:00:00,STATION_B_02,852.16,9.4
2025-01-23 18:00:00,STATION_B_02,630.3,9.3
2025-01-23 19:00:00,STATION_B_02,,6.1
2025-01-23 20:00:00,STATION_B_02,342.91,8.1
2025-01-23 21:00:00,STATION_B_02,335.57,6.7
2025-01-23 22:00:00,STATION_B_02,329.6,5.0
2025-01-23 23:00:00,STATION_B_02,333.88,4.2
2025-01-24 00:00:00,STATION_B_02,341.54,2.7
2025-01-24 01:00:00,STATION_B_02,330.62,5.1
2025-01-24 02:00:00,STATION_B_02,340.75,0.8
2025-01-24 03:00:00,STATION_B_02,346.89,0.2
2025-01-24 04:00:00,STATION_B_02,345.71,-0.4
2025-01-24 05:00:00,STATION_B_02,,-0.4
2025-01-24 06:00:00,STATION_B_02,377.89,-0.1
2025-01-24 07:00:00,STATION_B_02,445.87,1.6
2025-01-24 08:00:00,STATION_B_02,618.29,4.2
2025-01-24 09:00:00,STATION_B_02,865.5,6.2
2025-01-24 10:00:00,STATION_B_02,1032.68,6.9
2025-01-24 11:00:00,STATION_B_02,1115.19,6.6
2025-01-24 12:00:00,STATION_B_02,1138.26,10.6
2025-01-24 13:00:00,STATION_B_02,1046.54,11.1
2025-01-24 14:00:00,STATION_B_02,1142.39,9.9
2025-01-24 15:00:00,STATION_B_02,1136.61,9.2
2025-01-24 16:00:00,STATION_B_02,1014.69,11.2
2025-01-24 17:00:00,STATION_B_02,851.67,10.1
2025-01-24 18:00:00,STATION_B_02,615.73,6.4
2025-01-24 19:00:00,STATION_B_02,425.49,7.8
2025-01-24 20:00:00,STATION_B_02,350.8,7.3
2025-01-24 21:00:00,STATION_B_02,339.39,3.9
2025-01-24 22:00:00,STATION_B_02,337.9,4.7
2025-01-24 23:00:00,STATION_B_02,343.45,0.6
2025-01-25 00:00:00,STATION_B_02,210.34,4.6
2025-01-25 01:00:00,STATION_B_02,210.63,3.7
2025-01-25 02:00:00,STATION_B_02,,0.5
2025-01-25 03:00:00,STATION_B_02,213.04,1.4
2025-01-25 04:00:00,STATION_B_02,223.41,-3.4
2025-01-25 05:00:00,STATION_B_02,,-0.6
2025-01-25 06:00:00,STATION_B_02,227.59,1.7
2025-01-25 07:00:00,STATION_B_02,265.2,1.3
2025-01-25 08:00:00,STATION_B_02,384.89,5.6
2025-01-25 09:00:00,STATION_B_02,513.13,9.2
2025-01-25 10:00:00,STATION_B_02,661.46,4.7
2025-01-25 11:00:00,STATION_B_02,709.48,6.5
2025-01-25 12:00:00,STATION_B_02,680.88,9.4
2025-01-25 13:00:00,STATION_B_02,693.5,12.6
2025-01-25 14:00:00,STATION_B_02,716.57,8.0
2025-01-25 15:00:00,STATION_B_02,666.14,10.8
2025-01-25 16:00:00,STATION_B_02,614.81,13.5
2025-01-25 17:00:00,STATION_B_02,537.82,6.8
2025-01-25 18:00:00,STATION_B_02,374.95,6.7
2025-01-25 19:00:00,STATION_B_02,265.11,7.2
2025-01-25 20:00:00,STATION_B_02,226.83,5.9
2025-01-25 21:00:00,STATION_B_02,201.28,7.1
2025-01-25 22:00:00,STATION_B_02,209.96,4.8
2025-01-25 23:00:00,STATION_B_02,212.77,-0.0
2025-01-26 00:00:00,STATION_B_02,205.86,3.2
2025-01-26 01:00:00,STATION_B_02,210.53,0.4
2025-01-26 02:00:00,STATION_B_02,216.04,3.3
2025-01-26 03:00:00,STATION_B_02,213.04,-0.3
2025-01-26 04:00:00,STATION_B_02,,-0.2
2025-01-26 05:00:00,STATION_B_02,216.8,2.4
2025-01-26 06:00:00,STATION_B_02,215.32,3.6
2025-01-26 07:00:00,STATION_B_02,260.77,4.0
2025-01-26 08:00:00,STATION_B_02,410.56,1.3
2025-01-26 09:00:00,STATION_B_02,529.65,6.6
2025-01-26 10:00:00,STATION_B_02,652.02,5.0
2025-01-26 11:00:00,STATION_B_02,660.38,8.4
2025-01-26 12:00:00,STATION_B_02,698.58,6.4
2025-01-26 13:00:00,STATION_B_02,659.74,10.6
2025-01-26 14:00:00,STATION_B_02,685.18,8.8
2025-01-26 15:00:00,STATION_B_02,663.42,8.1
2025-01-26 16:00:00,STATION_B_02,603.92,11.5
2025-01-26 17:00:00,STATION_B_02,514.82,10.2
2025-01-26 18:00:00,STATION_B_02,358.14,7.9
2025-01-26 19:00:00,STATION_B_02,252.11,10.6
2025-01-26 20:00:00,STATION_B_02,218.88,6.1
2025-01-26 21:00:00,STATION_B_02,206.93,5.7
2025-01-26 22:00:00,STATION_B_02,199.43,4.9
2025-01-26 23:00:00,STATION_B_02,210.71,2.1
2025-01-27 00:00:00,STATION_B_02,325.6,3.1
2025-01-27 01:00:00,STATION_B_02,343.46,0.5
2025-01-27 02:00:00,STATION_B_02,336.51,0.3
2025-01-27 03:00:00,STATION_B_02,330.1,3.3
2025-01-27 04:00:00,STATION_B_02,338.47,-0.9
2025-01-27 05:00:00,STATION_B_02,366.31,-2.9
2025-01-27 06:00:00,STATION_B_02,340.25,5.2
2025-01-27 07:00:00,STATION_B_02,426.89,7.8
2025-01-27 08:00:00,STATION_B_02,638.5,3.7
2025-01-27 09:00:00,STATION_B_02,846.18,2.2
2025-01-27 10:00:00,STATION_B_02,978.17,6.3
2025-01-27 11:00:00,STATION_B_02,1073.19,7.5
2025-01-27 12:00:00,STATION_B_02,1124.53,8.7
2025-01-27 13:00:00,STATION_B_02,1098.8,7.8
2025-01-27 14:00:00,STATION_B_02,1082.63,11.3
2025-01-27 15:00:00,STATION_B_02,1095.98,11.4
2025-01-27 16:00:00,STATION_B_02,993.25,7.6
2025-01-27 17:00:00,STATION_B_02,830.86,11.1
2025-01-27 18:00:00,STATION_B_02,576.23,12.7
2025-01-27 19:00:00,STATION_B_02,426.91,8.4
2025-01-27 20:00:00,STATION_B_02,347.37,6.3
2025-01-27 21:00:00,STATION_B_02,337.72,5.4
2025-01-27 22:00:00,STATION_B_02,319.78,5.5
2025-01-27 23:00:00,STATION_B_02,336.08,0.1
2025-01-28 00:00:00,STATION_B_02,145.14,2.6
2025-01-28 01:00:00,STATION_B_02,150.37,0.8
2025-01-28 02:00:00,STATION_B_02,154.65,4.4
2025-01-28 03:00:00,STATION_B_02,150.25,0.6
2025-01-28 04:00:00,STATION_B_02,143.85,4.0
2025-01-28 05:00:00,STATION_B_02,150.04,-0.5
2025-01-28 06:00:00,STATION_B_02,150.73,3.3
2025-01-28 07:00:00,STATION_B_02,187.76,3.9
2025-01-28 08:00:00,STATION_B_02,287.24,2.9
2025-01-28 09:00:00,STATION_B_02,368.89,6.0
2025-01-28 10:00:00,STATION_B_02,456.47,9.1
2025-01-28 11:00:00,STATION_B_02,490.46,7.5
2025-01-28 12:00:00,STATION_B_02,494.95,6.0
2025-01-28 13:00:00,STATION_B_02,496.59,9.8
2025-01-28 14:00:00,STATION_B_02,483.62,8.7
2025-01-28 15:00:00,STATION_B_02,495.33,9.9
2025-01-28 16:00:00,STATION_B_02,442.36,10.2
2025-01-28 17:00:00,STATION_B_02,378.12,6.8
2025-01-28 18:00:00,STATION_B_02,274.43,6.2
2025-01-28 19:00:00,STATION_B_02,193.18,8.9
2025-01-28 20:00:00,STATION_B_02,157.63,6.0
2025-01-28 21:00:00,STATION_B_02,141.36,1.1
2025-01-28 22:00:00,STATION_B_02,148.9,5.8
2025-01-28 23:00:00,STATION_B_02,142.56,3.8
2025-01-29 00:00:00,STATION_B_02,149.66,1.0
2025-01-29 01:00:00,STATION_B_02,151.83,-0.8
2025-01-29 02:00:00,STATION_B_02,148.57,2.6
2025-01-29 03:00:00,STATION_B_02,152.61,1.5
2025-01-29 04:00:00,STATION_B_02,150.82,5.4
2025-01-29 05:00:00,STATION_B_02,147.61,2.3
2025-01-29 06:00:00,STATION_B_02,154.04,3.0
2025-01-29 07:00:00,STATION_B_02,194.62,3.0
2025-01-29 08:00:00,STATION_B_02,266.85,5.9
2025-01-29 09:00:00,STATION_B_02,376.59,6.8
2025-01-29 10:00:00,STATION_B_02,467.84,9.2
2025-01-29 11:00:00,STATION_B_02,471.04,7.2
2025-01-29 12:00:00,STATION_B_02,491.53,8.3
2025-01-29 13:00:00,STATION_B_02,487.27,9.0
2025-01-29 14:00:00,STATION_B_02,513.35,11.8
2025-01-29 15:00:00,STATION_B_02,469.81,13.2
2025-01-29 16:00:00,STATION_B_02,445.71,9.5
2025-01-29 17:00:00,STATION_B_02,367.2,9.1
2025-01-29 18:00:00,STATION_B_02,273.28,9.7
2025-01-29 19:00:00,STATION_B_02,192.01,7.7
2025-01-29 20:00:00,STATION_B_02,149.77,8.7
2025-01-29 21:00:00,STATION_B_02,154.98,1.7
2025-01-29 22:00:00,STATION_B_02,150.74,3.0
2025-01-29 23:00:00,STATION_B_02,153.75,1.9
2025-01-30 00:00:00,STATION_B_02,151.43,-1.8
2025-01-30 01:00:00,STATION_B_02,152.54,-0.1
2025-01-30 02:00:00,STATION_B_02,151.01,-0.5
2025-01-30 03:00:00,STATION_B_02,156.81,0.6
2025-01-30 04:00:00,STATION_B_02,149.82,3.1
2025-01-30 05:00:00,STATION_B_02,151.25,1.2
2025-01-30 06:00:00,STATION_B_02,157.04,0.5
2025-01-30 07:00:00,STATION_B_02,191.71,3.3
2025-01-30 08:00:00,STATION_B_02,278.74,6.4
2025-01-30 09:00:00,STATION_B_02,394.03,4.0
2025-01-30 10:00:00,STATION_B_02,451.35,5.4
2025-01-30 11:00:00,STATION_B_02,486.62,9.2
2025-01-30 12:00:00,STATION_B_02,496.6,8.7
2025-01-30 13:00:00,STATION_B_02,493.95,11.1
2025-01-30 14:00:00,STATION_B_02,468.71,10.4
2025-01-30 15:00:00,STATION_B_02,467.46,11.8
2025-01-30 16:00:00,STATION_B_02,436.73,8.5
2025-01-30 17:00:00,STATION_B_02,375.72,9.9
2025-01-30 18:00:00,STATION_B_02,267.58,8.8
2025-01-30 19:00:00,STATION_B_02,189.44,6.0
2025-01-30 20:00:00,STATION_B_02,151.45,4.2
2025-01-30 21:00:00,STATION_B_02,145.69,7.0
2025-01-30 22:00:00,STATION_B_02,144.51,3.9
2025-01-30 23:00:00,STATION_B_02,153.44,1.5
2025-01-31 00:00:00,STATION_B_02,151.6,2.2
2025-01-31 01:00:00,STATION_B_02,149.33,3.7
2025-01-31 02:00:00,STATION_B_02,152.06,-2.9
2025-01-31 03:00:00,STATION_B_02,144.34,-1.7
2025-01-31 04:00:00,STATION_B_02,149.8,-0.5
2025-01-31 05:00:00,STATION_B_02,145.91,4.3
2025-01-31 06:00:00,STATION_B_02,157.97,2.9
2025-01-31 07:00:00,STATION_B_02,195.77,4.8
2025-01-31 08:00:00,STATION_B_02,283.97,2.5
2025-01-31 09:00:00,STATION_B_02,398.25,3.8
2025-01-31 10:00:00,STATION_B_02,446.84,7.8
2025-01-31 11:00:00,STATION_B_02,478.51,8.3
2025-01-31 12:00:00,STATION_B_02,503.38,10.2
2025-01-31 13:00:00,STATION_B_02,494.14,9.6
2025-01-31 14:00:00,STATION_B_02,485.27,10.9
2025-01-31 15:00:00,STATION_B_02,503.42,10.9
2025-01-31 16:00:00,STATION_B_02,451.79,11.8
2025-01-31 17:00:00,STATION_B_02,370.29,11.4
2025-01-31 18:00:00,STATION_B_02,271.83,6.3
2025-01-31 19:00:00,STATION_B_02,199.89,4.2
2025-01-31 20:00:00,STATION_B_02,153.54,8.8
2025-01-31 21:00:00,STATION_B_02,146.45,7.9
2025-01-31 22:00:00,STATION_B_02,152.05,2.7
2025-01-31 23:00:00,STATION_B_02,154.69,0.0
2025-02-01 00:00:00,STATION_B_02,93.83,2.6
2025-02-01 01:00:00,STATION_B_02,94.32,3.4
2025-02-01 02:00:00,STATION_B_02,92.82,4.4
2025-02-01 03:00:00,STATION_B_02,94.13,2.0
2025-02-01 04:00:00,STATION_B_02,91.62,0.5
2025-02-01 05:00:00,STATION_B_02,98.33,0.1
2025-02-01 06:00:00,STATION_B_02,94.22,2.5
2025-02-01 07:00:00,STATION_B_02,121.24,2.9
2025-02-01 08:00:00,STATION_B_02,168.03,2.8
2025-02-01 09:00:00,STATION_B_02,231.78,9.5
2025-02-01 10:00:00,STATION_B_02,273.38,10.3
2025-02-01 11:00:00,STATION_B_02,299.2,10.3
2025-02-01 12:00:00,STATION_B_02,309.83,7.6
2025-02-01 13:00:00,STATION_B_02,294.27,11.5
2025-02-01 14:00:00,STATION_B_02,301.07,11.6
2025-02-01 15:00:00,STATION_B_02,307.28,11.4
2025-02-01 16:00:00,STATION_B_02,264.96,12.7
2025-02-01 17:00:00,STATION_B_02,225.5,11.1
2025-02-01 18:00:00,STATION_B_02,171.65,10.6
2025-02-01 19:00:00,STATION_B_02,116.96,9.4
2025-02-01 20:00:00,STATION_B_02,95.41,7.7
2025-02-01 21:00:00,STATION_B_02,95.3,2.6
2025-02-01 22:00:00,STATION_B_02,89.74,4.7
2025-02-01 23:00:00,STATION_B_02,91.35,2.4
2025-02-02 00:00:00,STATION_B_02,91.81,0.2
2025-02-02 01:00:00,STATION_B_02,90.62,4.8
2025-02-02 02:00:00,STATION_B_02,94.8,4.4
2025-02-02 03:00:00,STATION_B_02,87.89,3.5
2025-02-02 04:00:00,STATION_B_02,89.85,1.7
2025-02-02 05:00:00,STATION_B_02,88.74,4.2
2025-02-02 06:00:00,STATION_B_02,100.69,2.5
2025-02-02 07:00:00,STATION_B_02,117.63,3.9
2025-02-02 08:00:00,STATION_B_02,172.36,2.7
2025-02-02 09:00:00,STATION_B_02,225.27,6.6
2025-02-02 10:00:00,STATION_B_02,279.08,7.2
2025-02-02 11:00:00,STATION_B_02,310.55,5.9
2025-02-02 12:00:00,STATION_B_02,306.24,9.2
2025-02-02 13:00:00,STATION_B_02,302.71,9.9
2025-02-02 14:00:00,STATION_B_02,285.59,13.8
2025-02-02 15:00:00,STATION_B_02,292.27,12.3
2025-02-02 16:00:00,STATION_B_02,277.73,10.5
2025-02-02 17:00:00,STATION_B_02,224.95,10.5
2025-02-02 18:00:00,STATION_B_02,171.41,9.4
2025-02-02 19:00:00,STATION_B_02,120.01,7.9
2025-02-02 20:00:00,STATION_B_02,94.65,5.2
2025-02-02 21:00:00,STATION_B_02,93.13,5.6
2025-02-02 22:00:00,STATION_B_02,91.81,3.3
2025-02-02 23:00:00,STATION_B_02,95.71,1.2
2025-02-03 00:00:00,STATION_B_02,155.91,3.5
2025-02-03 01:00:00,STATION_B_02,144.51,2.5
2025-02-03 02:00:00,STATION_B_02,154.76,-1.9
2025-02-03 03:00:00,STATION_B_02,154.89,0.9
2025-02-03 04:00:00,STATION_B_02,144.6,3.1
2025-02-03 05:00:00,STATION_B_02,146.21,3.7
2025-02-03 06:00:00,STATION_B_02,152.68,4.4
2025-02-03 07:00:00,STATION_B_02,191.97,3.6
2025-02-03 08:00:00,STATION_B_02,276.61,3.2
2025-02-03 09:00:00,STATION_B_02,381.14,4.0
2025-02-03 10:00:00,STATION_B_02,460.98,7.8
2025-02-03 11:00:00,STATION_B_02,458.17,9.0
2025-02-03 12:00:00,STATION_B_02,471.82,11.7
2025-02-03 13:00:00,STATION_B_02,492.07,12.1
2025-02-03 14:00:00,STATION_B_02,494.1,10.3
2025-02-03 15:00:00,STATION_B_02,469.82,8.5
2025-02-03 16:00:00,STATION_B_02,453.02,10.0
2025-02-03 17:00:00,STATION_B_02,384.53,10.5
2025-02-03 18:00:00,STATION_B_02,271.47,9.0
2025-02-03 19:00:00,STATION_B_02,184.43,7.3
2025-02-03 20:00:00,STATION_B_02,156.22,7.6
2025-02-03 21:00:00,STATION_B_02,154.14,5.0
2025-02-03 22:00:00,STATION_B_02,144.62,3.6
2025-02-03 23:00:00,STATION_B_02,147.81,4.1
2025-02-04 00:00:00,STATION_B_02,153.06,1.9
2025-02-04 01:00:00,STATION_B_02,149.02,2.3
2025-02-04 02:00:00,STATION_B_02,142.1,1.9
2025-02-04 03:00:00,STATION_B_02,152.43,-0.9
2025-02-04 04:00:00,STATION_B_02,,0.5
2025-02-04 05:00:00,STATION_B_02,142.75,4.4
2025-02-04 06:00:00,STATION_B_02,150.41,0.5
2025-02-04 07:00:00,STATION_B_02,201.66,-0.2
2025-02-04 08:00:00,STATION_B_02,274.78,1.4
2025-02-04 09:00:00,STATION_B_02,382.0,6.0
2025-02-04 10:00:00,STATION_B_02,458.08,7.3
2025-02-04 11:00:00,STATION_B_02,484.86,8.2
2025-02-04 12:00:00,STATION_B_02,486.98,11.6
2025-02-04 13:00:00,STATION_B_02,503.07,5.3
2025-02-04 14:00:00,STATION_B_02,485.52,11.3
2025-02-04 15:00:00,STATION_B_02,461.29,13.6
2025-02-04 16:00:00,STATION_B_02,438.64,8.6
2025-02-04 17:00:00,STATION_B_02,371.71,9.5
2025-02-04 18:00:00,STATION_B_02,271.55,8.0
2025-02-04 19:00:00,STATION_B_02,191.57,6.8
2025-02-04 20:00:00,STATION_B_02,157.51,6.7
2025-02-04 21:00:00,STATION_B_02,146.12,8.6
2025-02-04 22:00:00,STATION_B_02,141.64,8.1
2025-02-04 23:00:00,STATION_B_02,139.71,3.0
2025-02-05 00:00:00,STATION_B_02,317.26,6.1
2025-02-05 01:00:00,STATION_B_02,318.39,2.0
2025-02-05 02:00:00,STATION_B_02,319.81,4.6
2025-02-05 03:00:00,STATION_B_02,333.32,1.1
2025-02-05 04:00:00,STATION_B_02,331.13,1.7
2025-02-05 05:00:00,STATION_B_02,346.11,2.6
2025-02-05 06:00:00,STATION_B_02,341.03,8.4
2025-02-05 07:00:00,STATION_B_02,444.2,5.2
2025-02-05 08:00:00,STATION_B_02,628.24,3.5
2025-02-05 09:00:00,STATION_B_02,856.46,7.8
2025-02-05 10:00:00,STATION_B_02,994.33,6.6
2025-02-05 11:00:00,STATION_B_02,1043.67,7.6
2025-02-05 12:00:00,STATION_B_02,1061.52,11.1
2025-02-05 13:00:00,STATION_B_02,1079.11,10.3
2025-02-05 14:00:00,STATION_B_02,1055.98,11.2
2025-02-05 15:00:00,STATION_B_02,1029.61,10.9
2025-02-05 16:00:00,STATION_B_02,992.68,11.3
2025-02-05 17:00:00,STATION_B_02,799.16,11.0
2025-02-05 18:00:00,STATION_B_02,585.64,6.0
2025-02-05 19:00:00,STATION_B_02,402.4,9.7
2025-02-05 20:00:00,STATION_B_02,339.23,5.5
2025-02-05 21:00:00,STATION_B_02,320.35,3.5
2025-02-05 22:00:00,STATION_B_02,323.92,4.7
2025-02-05 23:00:00,STATION_B_02,332.29,3.8
2025-02-06 00:00:00,STATION_B_02,334.82,1.5
2025-02-06 01:00:00,STATION_B_02,321.32,3.5
2025-02-06 02:00:00,STATION_B_02,322.2,-0.9
2025-02-06 03:00:00,STATION_B_02,326.27,0.6
2025-02-06 04:00:00,STATION_B_02,337.14,0.4
2025-02-06 05:00:00,STATION_B_02,338.07,1.9
2025-02-06 06:00:00,STATION_B_02,347.3,3.2
2025-02-06 07:00:00,STATION_B_02,442.01,1.9
2025-02-06 08:00:00,STATION_B_02,635.27,6.2
2025-02-06 09:00:00,STATION_B_02,826.61,6.2
2025-02-06 10:00:00,STATION_B_02,1053.11,4.0
2025-02-06 11:00:00,STATION_B_02,1076.77,5.0
2025-02-06 12:00:00,STATION_B_02,1108.35,9.5
2025-02-06 13:00:00,STATION_B_02,1098.85,9.9
2025-02-06 14:00:00,STATION_B_02,1019.03,10.6
2025-02-06 15:00:00,STATION_B_02,1028.28,10.9
2025-02-06 16:00:00,STATION_B_02,949.31,11.2
2025-02-06 17:00:00,STATION_B_02,777.1,12.0
2025-02-06 18:00:00,STATION_B_02,618.02,7.5
2025-02-06 19:00:00,STATION_B_02,442.46,6.4
2025-02-06 20:00:00,STATION_B_02,338.47,5.4
2025-02-06 21:00:00,STATION_B_02,330.48,6.6
2025-02-06 22:00:00,STATION_B_02,333.92,7.1
2025-02-06 23:00:00,STATION_B_02,329.51,2.9
2025-02-07 00:00:00,STATION_B_02,333.65,-1.7
2025-02-07 01:00:00,STATION_B_02,330.74,-1.0
2025-02-07 02:00:00,STATION_B_02,335.88,0.0
2025-02-07 03:00:00,STATION_B_02,338.27,0.4
2025-02-07 04:00:00,STATION_B_02,334.09,0.8
2025-02-07 05:00:00,STATION_B_02,332.98,2.1
2025-02-07 06:00:00,STATION_B_02,344.43,2.2
2025-02-07 07:00:00,STATION_B_02,402.88,5.7
2025-02-07 08:00:00,STATION_B_02,627.71,3.7
2025-02-07 09:00:00,STATION_B_02,813.24,4.6
2025-02-07 10:00:00,STATION_B_02,1007.38,8.3
2025-02-07 11:00:00,STATION_B_02,1098.59,5.8
2025-02-07 12:00:00,STATION_B_02,1041.33,10.3
2025-02-07 13:00:00,STATION_B_02,1056.16,10.5
2025-02-07 14:00:00,STATION_B_02,1130.88,10.5
2025-02-07 15:00:00,STATION_B_02,1035.31,13.8
2025-02-07 16:00:00,STATION_B_02,953.64,9.7
2025-02-07 17:00:00,STATION_B_02,821.67,14.0
2025-02-07 18:00:00,STATION_B_02,586.09,9.2
2025-02-07 19:00:00,STATION_B_02,398.19,6.3
2025-02-07 20:00:00,STATION_B_02,341.1,7.5
2025-02-07 21:00:00,STATION_B_02,318.34,4.2
2025-02-07 22:00:00,STATION_B_02,328.73,3.6
2025-02-07 23:00:00,STATION_B_02,317.77,4.5
2025-02-08 00:00:00,STATION_B_02,205.05,3.9
2025-02-08 01:00:00,STATION_B_02,204.98,1.0
2025-02-08 02:00:00,STATION_B_02,188.19,3.4
2025-02-08 03:00:00,STATION_B_02,203.65,3.5
2025-02-08 04:00:00,STATION_B_02,199.53,4.2
2025-02-08 05:00:00,STATION_B_02,210.26,3.0
2025-02-08 06:00:00,STATION_B_02,212.47,5.3
2025-02-08 07:00:00,STATION_B_02,271.42,0.5
2025-02-08 08:00:00,STATION_B_02,371.14,4.4
2025-02-08 09:00:00,STATION_B_02,509.51,4.7
2025-02-08 10:00:00,STATION_B_02,614.41,7.7
2025-02-08 11:00:00,STATION_B_02,654.6,7.6
2025-02-08 12:00:00,STATION_B_02,689.83,9.3
2025-02-08 13:00:00,STATION_B_02,650.82,13.8
2025-02-08 14:00:00,STATION_B_02,641.66,10.6
2025-02-08 15:00:00,STATION_B_02,634.0,11.8
2025-02-08 16:00:00,STATION_B_02,622.14,10.5
2025-02-08 17:00:00,STATION_B_02,504.0,10.5
2025-02-08 18:00:00,STATION_B_02,366.95,9.6
2025-02-08 19:00:00,STATION_B_02,262.44,9.5
2025-02-08 20:00:00,STATION_B_02,201.27,9.6
2025-02-08 21:00:00,STATION_B_02,185.64,9.2
2025-02-08 22:00:00,STATION_B_02,195.37,5.6
2025-02-08 23:00:00,STATION_B_02,201.65,4.9
2025-02-09 00:00:00,STATION_B_02,202.28,0.8
2025-02-09 01:00:00,STATION_B_02,194.32,2.0
2025-02-09 02:00:00,STATION_B_02,206.59,3.4
2025-02-09 03:00:00,STATION_B_02,202.41,3.1
2025-02-09 04:00:00,STATION_B_02,204.55,2.1
2025-02-09 05:00:00,STATION_B_02,203.81,3.8
2025-02-09 06:00:00,STATION_B_02,204.1,3.8
2025-02-09 07:00:00,STATION_B_02,260.82,6.1
2025-02-09 08:00:00,STATION_B_02,383.99,5.6
2025-02-09 09:00:00,STATION_B_02,531.82,5.7
2025-02-09 10:00:00,STATION_B_02,623.41,8.2
2025-02-09 11:00:00,STATION_B_02,680.91,3.4
2025-02-09 12:00:00,STATION_B_02,631.74,10.4
2025-02-09 13:00:00,STATION_B_02,682.43,3.9
2025-02-09 14:00:00,STATION_B_02,652.95,7.8
2025-02-09 15:00:00,STATION_B_02,667.39,11.9
2025-02-09 16:00:00,STATION_B_02,619.18,11.8
2025-02-09 17:00:00,STATION_B_02,497.46,8.4
2025-02-09 18:00:00,STATION_B_02,369.8,8.4
2025-02-09 19:00:00,STATION_B_02,254.3,11.2
2025-02-09 20:00:00,STATION_B_02,213.33,6.7
2025-02-09 21:00:00,STATION_B_02,187.01,10.4
2025-02-09 22:00:00,STATION_B_02,188.27,5.1
2025-02-09 23:00:00,STATION_B_02,200.31,4.6
2025-02-10 00:00:00,STATION_B_02,298.97,5.9
2025-02-10 01:00:00,STATION_B_02,326.46,2.5
2025-02-10 02:00:00,STATION_B_02,333.92,-0.1
2025-02-10 03:00:00,STATION_B_02,337.22,1.4
2025-02-10 04:00:00,STATION_B_02,321.02,1.7
2025-02-10 05:00:00,STATION_B_02,331.63,-0.2
2025-02-10 06:00:00,STATION_B_02,347.56,2.5
2025-02-10 07:00:00,STATION_B_02,409.96,2.7
2025-02-10 08:00:00,STATION_B_02,614.37,6.8
2025-02-10 09:00:00,STATION_B_02,833.81,6.5
2025-02-10 10:00:00,STATION_B_02,973.61,7.1
2025-02-10 11:00:00,STATION_B_02,1059.3,8.6
2025-02-10 12:00:00,STATION_B_02,1061.55,10.2
2025-02-10 13:00:00,STATION_B_02,1080.69,11.7
2025-02-10 14:00:00,STATION_B_02,1060.21,9.2
2025-02-10 15:00:00,STATION_B_02,1058.11,9.3
2025-02-10 16:00:00,STATION_B_02,946.55,13.0
2025-02-10 17:00:00,STATION_B_02,795.18,9.8
2025-02-10 18:00:00,STATION_B_02,601.6,7.2
2025-02-10 19:00:00,STATION_B_02,399.99,9.6
2025-02-10 20:00:00,STATION_B_02,339.48,8.5
2025-02-10 21:00:00,STATION_B_02,329.53,3.6
2025-02-10 22:00:00,STATION_B_02,314.22,5.6
2025-02-10 23:00:00,STATION_B_02,322.72,5.3
2025-02-11 00:00:00,STATION_B_02,315.91,3.7
2025-02-11 01:00:00,STATION_B_02,309.34,3.4
2025-02-11 02:00:00,STATION_B_02,,-0.7
2025-02-11 03:00:00,STATION_B_02,324.13,2.3
2025-02-11 04:00:00,STATION_B_02,330.44,1.3
2025-02-11 05:00:00,STATION_B_02,328.16,1.4
2025-02-11 06:00:00,STATION_B_02,345.55,4.6
2025-02-11 07:00:00,STATION_B_02,403.35,6.7
2025-02-11 08:00:00,STATION_B_02,588.08,8.5
2025-02-11 09:00:00,STATION_B_02,851.46,8.8
2025-02-11 10:00:00,STATION_B_02,935.29,7.5
2025-02-11 11:00:00,STATION_B_02,1035.81,9.5
2025-02-11 12:00:00,STATION_B_02,1027.79,11.2
2025-02-11 13:00:00,STATION_B_02,1055.06,10.8
2025-02-11 14:00:00,STATION_B_02,1044.83,11.3
2025-02-11 15:00:00,STATION_B_02,1048.29,12.7
2025-02-11 16:00:00,STATION_B_02,975.2,11.0
2025-02-11 17:00:00,STATION_B_02,787.09,9.3
2025-02-11 18:00:00,STATION_B_02,583.03,9.1
2025-02-11 19:00:00,STATION_B_02,407.63,10.0
2025-02-11 20:00:00,STATION_B_02,339.22,7.7
2025-02-11 21:00:00,STATION_B_02,338.7,7.1
2025-02-11 22:00:00,STATION_B_02,324.26,6.4
2025-02-11 23:00:00,STATION_B_02,314.41,3.4
2025-02-12 00:00:00,STATION_B_02,319.56,4.5
2025-02-12 01:00:00,STATION_B_02,323.99,3.1
2025-02-12 02:00:00,STATION_B_02,323.03,-0.3
2025-02-12 03:00:00,STATION_B_02,324.52,4.3
2025-02-12 04:00:00,STATION_B_02,306.31,1.0
2025-02-12 05:00:00,STATION_B_02,333.72,-0.6
2025-02-12 06:00:00,STATION_B_02,337.64,1.3
2025-02-12 07:00:00,STATION_B_02,420.05,2.3
2025-02-12 08:00:00,STATION_B_02,623.64,5.4
2025-02-12 09:00:00,STATION_B_02,797.87,6.0
2025-02-12 10:00:00,STATION_B_02,990.51,7.2
2025-02-12 11:00:00,STATION_B_02,1064.01,10.1
2025-02-12 12:00:00,STATION_B_02,1062.46,10.5
2025-02-12 13:00:00,STATION_B_02,1011.08,11.3
2025-02-12 14:00:00,STATION_B_02,1087.84,11.9
2025-02-12 15:00:00,STATION_B_02,1025.07,12.5
2025-02-12 16:00:00,STATION_B_02,969.14,7.4
2025-02-12 17:00:00,STATION_B_02,803.16,10.0
2025-02-12 18:00:00,STATION_B_02,593.1,6.0
2025-02-12 19:00:00,STATION_B_02,395.78,9.0
2025-02-12 20:00:00,STATION_B_02,333.23,7.8
2025-02-12 21:00:00,STATION_B_02,310.78,8.4
2025-02-12 22:00:00,STATION_B_02,321.59,7.4
2025-02-12 23:00:00,STATION_B_02,324.69,4.5
2025-02-13 00:00:00,STATION_B_02,336.28,2.3
2025-02-13 01:00:00,STATION_B_02,319.4,3.3
2025-02-13 02:00:00,STATION_B_02,317.77,1.0
2025-02-13 03:00:00,STATION_B_02,311.04,1.8
2025-02-13 04:00:00,STATION_B_02,338.85,3.8
2025-02-13 05:00:00,STATION_B_02,330.63,1.5
2025-02-13 06:00:00,STATION_B_02,329.6,4.7
2025-02-13 07:00:00,STATION_B_02,432.29,5.4
2025-02-13 08:00:00,STATION_B_02,625.14,3.7
2025-02-13 09:00:00,STATION_B_02,785.15,8.4
2025-02-13 10:00:00,STATION_B_02,952.85,9.1
2025-02-13 11:00:00,STATION_B_02,1040.14,9.2
2025-02-13 12:00:00,STATION_B_02,1034.69,8.6
2025-02-13 13:00:00,STATION_B_02,1059.9,9.2
2025-02-13 14:00:00,STATION_B_02,1075.64,10.3
2025-02-13 15:00:00,STATION_B_02,991.38,12.4
2025-02-13 16:00:00,STATION_B_02,977.4,9.5
2025-02-13 17:00:00,STATION_B_02,825.96,11.6
2025-02-13 18:00:00,STATION_B_02,598.64,7.8
2025-02-13 19:00:00,STATION_B_02,407.14,8.7
2025-02-13 20:00:00,STATION_B_02,324.69,8.1
2025-02-13 21:00:00,STATION_B_02,317.68,11.0
2025-02-13 22:00:00,STATION_B_02,312.0,2.9
2025-02-13 23:00:00,STATION_B_02,318.0,6.9
2025-02-14 00:00:00,STATION_B_02,320.1,3.6
2025-02-14 01:00:00,STATION_B_02,329.69,3.3
2025-02-14 02:00:00,STATION_B_02,316.92,2.3
2025-02-14 03:00:00,STATION_B_02,317.02,2.7
2025-02-14 04:00:00,STATION_B_02,312.12,1.8
2025-02-14 05:00:00,STATION_B_02,322.28,5.2
2025-02-14 06:00:00,STATION_B_02,334.33,2.5
2025-02-14 07:00:00,STATION_B_02,401.95,6.3
2025-02-14 08:00:00,STATION_B_02,588.38,4.3
2025-02-14 09:00:00,STATION_B_02,829.6,6.6
2025-02-14 10:00:00,STATION_B_02,955.05,6.0
2025-02-14 11:00:00,STATION_B_02,1009.89,9.9
2025-02-14 12:00:00,STATION_B_02,1065.35,12.7
2025-02-14 13:00:00,STATION_B_02,1047.57,10.7
2025-02-14 14:00:00,STATION_B_02,1075.69,11.0
2025-02-14 15:00:00,STATION_B_02,1029.62,9.5
2025-02-14 16:00:00,STATION_B_02,960.88,10.9
2025-02-14 17:00:00,STATION_B_02,816.19,8.0
2025-02-14 18:00:00,STATION_B_02,610.16,8.5
2025-02-14 19:00:00,STATION_B_02,418.89,9.5
2025-02-14 20:00:00,STATION_B_02,335.78,10.3
2025-02-14 21:00:00,STATION_B_02,303.93,11.8
2025-02-14 22:00:00,STATION_B_02,310.55,4.4
2025-02-14 23:00:00,STATION_B_02,321.31,6.9
2025-02-15 00:00:00,STATION_B_02,204.6,3.8
2025-02-15 01:00:00,STATION_B_02,204.87,2.4
2025-02-15 02:00:00,STATION_B_02,198.41,2.9
2025-02-15 03:00:00,STATION_B_02,202.87,2.1
2025-02-15 04:00:00,STATION_B_02,202.74,2.4
2025-02-15 05:00:00,STATION_B_02,200.74,1.9
2025-02-15 06:00:00,STATION_B_02,211.57,0.9
2025-02-15 07:00:00,STATION_B_02,260.42,1.6
2025-02-15 08:00:00,STATION_B_02,359.49,6.7
2025-02-15 09:00:00,STATION_B_02,497.48,6.3
2025-02-15 10:00:00,STATION_B_02,594.16,7.0
2025-02-15 11:00:00,STATION_B_02,616.65,9.2
2025-02-15 12:00:00,STATION_B_02,649.34,11.6
2025-02-15 13:00:00,STATION_B_02,648.05,11.3
2025-02-15 14:00:00,STATION_B_02,664.06,10.3
2025-02-15 15:00:00,STATION_B_02,650.16,13.8
2025-02-15 16:00:00,STATION_B_02,604.77,14.3
2025-02-15 17:00:00,STATION_B_02,511.71,11.8
2025-02-15 18:00:00,STATION_B_02,351.09,11.9
2025-02-15 19:00:00,STATION_B_02,238.96,11.4
2025-02-15 20:00:00,STATION_B_02,206.67,10.1
2025-02-15 21:00:00,STATION_B_02,201.52,7.9
2025-02-15 22:00:00,STATION_B_02,202.92,6.6
2025-02-15 23:00:00,STATION_B_02,198.67,5.3
2025-02-16 00:00:00,STATION_B_02,188.72,1.5
2025-02-16 01:00:00,STATION_B_02,198.69,4.0
2025-02-16 02:00:00,STATION_B_02,203.49,-0.2
2025-02-16 03:00:00,STATION_B_02,,0.7
2025-02-16 04:00:00,STATION_B_02,203.58,4.6
2025-02-16 05:00:00,STATION_B_02,201.93,4.2
2025-02-16 06:00:00,STATION_B_02,201.76,6.2
2025-02-16 07:00:00,STATION_B_02,249.35,4.0
2025-02-16 08:00:00,STATION_B_02,376.47,3.6
2025-02-16 09:00:00,STATION_B_02,494.28,6.5
2025-02-16 10:00:00,STATION_B_02,622.65,8.3
2025-02-16 11:00:00,STATION_B_02,612.47,9.4
2025-02-16 12:00:00,STATION_B_02,652.39,12.3
2025-02-16 13:00:00,STATION_B_02,654.95,10.4
2025-02-16 14:00:00,STATION_B_02,639.96,12.2
2025-02-16 15:00:00,STATION_B_02,624.06,9.9
2025-02-16 16:00:00,STATION_B_02,556.84,12.3
2025-02-16 17:00:00,STATION_B_02,487.11,11.1
2025-02-16 18:00:00,STATION_B_02,357.38,8.9
2025-02-16 19:00:00,STATION_B_02,257.74,8.9
2025-02-16 20:00:00,STATION_B_02,199.22,7.8
2025-02-16 21:00:00,STATION_B_02,197.62,6.4
2025-02-16 22:00:00,STATION_B_02,186.01,8.8
2025-02-16 23:00:00,STATION_B_02,199.0,4.3
2025-02-17 00:00:00,STATION_B_02,299.26,3.1
2025-02-17 01:00:00,STATION_B_02,341.33,-1.0
2025-02-17 02:00:00,STATION_B_02,320.07,0.7
2025-02-17 03:00:00,STATION_B_02,296.6,1.7
2025-02-17 04:00:00,STATION_B_02,314.74,1.1
2025-02-17 05:00:00,STATION_B_02,308.5,5.3
2025-02-17 06:00:00,STATION_B_02,328.2,3.3
2025-02-17 07:00:00,STATION_B_02,402.69,6.9
2025-02-17 08:00:00,STATION_B_02,580.73,5.9
2025-02-17 09:00:00,STATION_B_02,792.19,7.0
2025-02-17 10:00:00,STATION_B_02,936.4,8.1
2025-02-17 11:00:00,STATION_B_02,1052.86,9.4
2025-02-17 12:00:00,STATION_B_02,1060.37,13.5
2025-02-17 13:00:00,STATION_B_02,1054.52,7.0
2025-02-17 14:00:00,STATION_B_02,1054.68,8.0
2025-02-17 15:00:00,STATION_B_02,994.0,10.8
2025-02-17 16:00:00,STATION_B_02,951.1,11.6
2025-02-17 17:00:00,STATION_B_02,794.04,12.4
2025-02-17 18:00:00,STATION_B_02,572.95,11.2
2025-02-17 19:00:00,STATION_B_02,407.33,8.7
2025-02-17 20:00:00,STATION_B_02,326.18,10.1
2025-02-17 21:00:00,STATION_B_02,302.06,8.8
2025-02-17 22:00:00,STATION_B_02,323.27,6.1
2025-02-17 23:00:00,STATION_B_02,311.48,6.3
2025-02-18 00:00:00,STATION_B_02,329.06,4.2
2025-02-18 01:00:00,STATION_B_02,322.08,1.9
2025-02-18 02:00:00,STATION_B_02,332.21,3.7
2025-02-18 03:00:00,STATION_B_02,327.49,2.5
2025-02-18 04:00:00,STATION_B_02,319.73,2.4
2025-02-18 05:00:00,STATION_B_02,308.47,5.6
2025-02-18 06:00:00,STATION_B_02,332.85,-0.7
2025-02-18 07:00:00,STATION_B_02,420.09,2.1
2025-02-18 08:00:00,STATION_B_02,597.25,3.7
2025-02-18 09:00:00,STATION_B_02,796.94,6.4
2025-02-18 10:00:00,STATION_B_02,984.42,7.9
2025-02-18 11:00:00,STATION_B_02,1041.54,6.8
2025-02-18 12:00:00,STATION_B_02,1071.57,8.7
2025-02-18 13:00:00,STATION_B_02,1018.52,9.7
2025-02-18 14:00:00,STATION_B_02,1038.43,16.1
2025-02-18 15:00:00,STATION_B_02,1013.14,15.1
2025-02-18 16:00:00,STATION_B_02,979.14,11.0
2025-02-18 17:00:00,STATION_B_02,813.93,10.6
2025-02-18 18:00:00,STATION_B_02,580.95,8.4
2025-02-18 19:00:00,STATION_B_02,405.23,6.0
2025-02-18 20:00:00,STATION_B_02,340.69,8.1
2025-02-18 21:00:00,STATION_B_02,312.44,5.3
2025-02-18 22:00:00,STATION_B_02,319.28,5.7
2025-02-18 23:00:00,STATION_B_02,315.63,1.8
2025-02-19 00:00:00,STATION_B_02,301.6,2.4
2025-02-19 01:00:00,STATION_B_02,305.6,3.3
2025-02-19 02:00:00,STATION_B_02,319.14,3.2
2025-02-19 03:00:00,STATION_B_02,321.67,3.1
2025-02-19 04:00:00,STATION_B_02,323.62,0.2
2025-02-19 05:00:00,STATION_B_02,324.3,4.6
2025-02-19 06:00:00,STATION_B_02,336.77,2.3
2025-02-19 07:00:00,STATION_B_02,397.82,5.9
2025-02-19 08:00:00,STATION_B_02,596.34,5.9
2025-02-19 09:00:00,STATION_B_02,817.0,4.7
2025-02-19 10:00:00,STATION_B_02,946.39,7.9
2025-02-19 11:00:00,STATION_B_02,1033.24,10.2
2025-02-19 12:00:00,STATION_B_02,1033.15,11.7
2025-02-19 13:00:00,STATION_B_02,1018.82,11.1
2025-02-19 14:00:00,STATION_B_02,1012.13,14.6
2025-02-19 15:00:00,STATION_B_02,1040.46,13.8
2025-02-19 16:00:00,STATION_B_02,979.01,11.4
2025-02-19 17:00:00,STATION_B_02,787.38,12.7
2025-02-19 18:00:00,STATION_B_02,566.01,14.1
2025-02-19 19:00:00,STATION_B_02,377.89,13.1
2025-02-19 20:00:00,STATION_B_02,342.17,6.2
2025-02-19 21:00:00,STATION_B_02,322.01,5.5
2025-02-19 22:00:00,STATION_B_02,314.07,8.6
2025-02-19 23:00:00,STATION_B_02,297.6,2.9
2025-02-20 00:00:00,STATION_B_02,317.65,1.5
2025-02-20 01:00:00,STATION_B_02,315.2,2.2
2025-02-20 02:00:00,STATION_B_02,320.17,3.4
2025-02-20 03:00:00,STATION_B_02,312.47,2.3
2025-02-20 04:00:00,STATION_B_02,315.47,1.5
2025-02-20 05:00:00,STATION_B_02,322.94,1.9
2025-02-20 06:00:00,STATION_B_02,325.32,2.6
2025-02-20 07:00:00,STATION_B_02,403.6,3.3
2025-02-20 08:00:00,STATION_B_02,576.96,10.1
2025-02-20 09:00:00,STATION_B_02,827.21,7.8
2025-02-20 10:00:00,STATION_B_02,967.73,10.1
2025-02-20 11:00:00,STATION_B_02,1053.25,8.8
2025-02-20 12:00:00,STATION_B_02,1036.22,10.3
2025-02-20 13:00:00,STATION_B_02,1076.9,10.2
2025-02-20 14:00:00,STATION_B_02,1002.61,7.1
2025-02-20 15:00:00,STATION_B_02,1074.45,9.6
2025-02-20 16:00:00,STATION_B_02,1007.75,8.7
2025-02-20 17:00:00,STATION_B_02,810.53,7.4
2025-02-20 18:00:00,STATION_B_02,591.02,8.5
2025-02-20 19:00:00,STATION_B_02,392.92,12.1
2025-02-20 20:00:00,STATION_B_02,321.42,8.4
2025-02-20 21:00:00,STATION_B_02,301.86,9.6
2025-02-20 22:00:00,STATION_B_02,309.38,6.8
2025-02-20 23:00:00,STATION_B_02,314.94,6.3
2025-02-21 00:00:00,STATION_B_02,318.58,2.4
2025-02-21 01:00:00,STATION_B_02,328.7,4.2
2025-02-21 02:00:00,STATION_B_02,313.53,4.1
2025-02-21 03:00:00,STATION_B_02,304.08,1.5
2025-02-21 04:00:00,STATION_B_02,326.57,3.8
2025-02-21 05:00:00,STATION_B_02,303.57,4.2
2025-02-21 06:00:00,STATION_B_02,325.62,3.0
2025-02-21 07:00:00,STATION_B_02,412.03,3.0
2025-02-21 08:00:00,STATION_B_02,595.36,4.0
2025-02-21 09:00:00,STATION_B_02,768.08,7.5
2025-02-21 10:00:00,STATION_B_02,930.63,9.2
2025-02-21 11:00:00,STATION_B_02,984.3,8.4
2025-02-21 12:00:00,STATION_B_02,1045.75,10.8
2025-02-21 13:00:00,STATION_B_02,1053.22,12.6
2025-02-21 14:00:00,STATION_B_02,985.54,13.1
2025-02-21 15:00:00,STATION_B_02,1017.69,15.0
2025-02-21 16:00:00,STATION_B_02,948.73,14.3
2025-02-21 17:00:00,STATION_B_02,776.38,9.7
2025-02-21 18:00:00,STATION_B_02,533.52,13.8
2025-02-21 19:00:00,STATION_B_02,387.11,8.8
2025-02-21 20:00:00,STATION_B_02,314.18,10.5
2025-02-21 21:00:00,STATION_B_02,321.23,7.5
2025-02-21 22:00:00,STATION_B_02,-46.48,5.4
2025-02-21 23:00:00,STATION_B_02,307.81,1.7
2025-02-22 00:00:00,STATION_B_02,194.3,3.8
2025-02-22 01:00:00,STATION_B_02,,0.5
2025-02-22 02:00:00,STATION_B_02,195.42,4.6
2025-02-22 03:00:00,STATION_B_02,187.23,5.4
2025-02-22 04:00:00,STATION_B_02,191.44,1.4
2025-02-22 05:00:00,STATION_B_02,196.04,3.9
2025-02-22 06:00:00,STATION_B_02,213.77,2.8
2025-02-22 07:00:00,STATION_B_02,266.16,4.0
2025-02-22 08:00:00,STATION_B_02,348.35,7.6
2025-02-22 09:00:00,STATION_B_02,485.98,7.4
2025-02-22 10:00:00,STATION_B_02,587.16,11.9
2025-02-22 11:00:00,STATION_B_02,650.06,9.0
2025-02-22 12:00:00,STATION_B_02,595.11,12.7
2025-02-22 13:00:00,STATION_B_02,635.34,11.8
2025-02-22 14:00:00,STATION_B_02,620.01,13.6
2025-02-22 15:00:00,STATION_B_02,592.4,11.5
2025-02-22 16:00:00,STATION_B_02,558.8,12.0
2025-02-22 17:00:00,STATION_B_02,477.26,11.4
2025-02-22 18:00:00,STATION_B_02,355.68,9.4
2025-02-22 19:00:00,STATION_B_02,249.95,11.1
2025-02-22 20:00:00,STATION_B_02,199.66,9.9
2025-02-22 21:00:00,STATION_B_02,194.67,8.6
2025-02-22 22:00:00,STATION_B_02,189.08,9.0
2025-02-22 23:00:00,STATION_B_02,186.62,7.7
2025-02-23 00:00:00,STATION_B_02,192.3,3.5
2025-02-23 01:00:00,STATION_B_02,196.2,4.1
2025-02-23 02:00:00,STATION_B_02,199.95,1.8
2025-02-23 03:00:00,STATION_B_02,193.09,2.8
2025-02-23 04:00:00,STATION_B_02,190.0,1.9
2025-02-23 05:00:00,STATION_B_02,193.05,6.4
2025-02-23 06:00:00,STATION_B_02,204.46,4.9
2025-02-23 07:00:00,STATION_B_02,258.09,4.8
2025-02-23 08:00:00,STATION_B_02,349.28,8.5
2025-02-23 09:00:00,STATION_B_02,492.07,3.7
2025-02-23 10:00:00,STATION_B_02,607.71,5.2
2025-02-23 11:00:00,STATION_B_02,615.35,11.4
2025-02-23 12:00:00,STATION_B_02,626.11,11.1
2025-02-23 13:00:00,STATION_B_02,651.49,12.2
2025-02-23 14:00:00,STATION_B_02,614.57,9.8
2025-02-23 15:00:00,STATION_B_02,652.32,12.4
2025-02-23 16:00:00,STATION_B_02,557.76,15.8
2025-02-23 17:00:00,STATION_B_02,489.67,13.2
2025-02-23 18:00:00,STATION_B_02,349.92,11.3
2025-02-23 19:00:00,STATION_B_02,246.74,9.2
2025-02-23 20:00:00,STATION_B_02,197.56,8.1
2025-02-23 21:00:00,STATION_B_02,198.01,3.8
2025-02-23 22:00:00,STATION_B_02,188.63,6.8
2025-02-23 23:00:00,STATION_B_02,187.59,6.7
2025-02-24 00:00:00,STATION_B_02,328.47,1.5
2025-02-24 01:00:00,STATION_B_02,312.66,2.4
2025-02-24 02:00:00,STATION_B_02,308.86,1.0
2025-02-24 03:00:00,STATION_B_02,301.95,1.2
2025-02-24 04:00:00,STATION_B_02,326.4,3.2
2025-02-24 05:00:00,STATION_B_02,312.6,-0.2
2025-02-24 06:00:00,STATION_B_02,341.31,5.4
2025-02-24 07:00:00,STATION_B_02,402.88,6.7
2025-02-24 08:00:00,STATION_B_02,580.65,6.0
2025-02-24 09:00:00,STATION_B_02,810.58,3.2
2025-02-24 10:00:00,STATION_B_02,1004.66,7.2
2025-02-24 11:00:00,STATION_B_02,939.22,12.3
2025-02-24 12:00:00,STATION_B_02,1048.83,6.1
2025-02-24 13:00:00,STATION_B_02,1012.32,11.2
2025-02-24 14:00:00,STATION_B_02,1017.46,10.2
2025-02-24 15:00:00,STATION_B_02,992.11,14.0
2025-02-24 16:00:00,STATION_B_02,925.93,11.1
2025-02-24 17:00:00,STATION_B_02,776.33,12.6
2025-02-24 18:00:00,STATION_B_02,561.82,12.1
2025-02-24 19:00:00,STATION_B_02,373.07,13.4
2025-02-24 20:00:00,STATION_B_02,322.4,8.6
2025-02-24 21:00:00,STATION_B_02,310.6,8.4
2025-02-24 22:00:00,STATION_B_02,306.06,3.8
2025-02-24 23:00:00,STATION_B_02,320.03,7.5
2025-02-25 00:00:00,STATION_B_02,321.33,3.1
2025-02-25 01:00:00,STATION_B_02,317.95,2.7
2025-02-25 02:00:00,STATION_B_02,317.14,3.2
2025-02-25 03:00:00,STATION_B_02,314.84,0.2
2025-02-25 04:00:00,STATION_B_02,319.01,3.6
2025-02-25 05:00:00,STATION_B_02,320.87,5.4
2025-02-25 06:00:00,STATION_B_02,330.52,5.0
2025-02-25 07:00:00,STATION_B_02,399.18,2.6
2025-02-25 08:00:00,STATION_B_02,575.35,6.4
2025-02-25 09:00:00,STATION_B_02,794.65,9.2
2025-02-25 10:00:00,STATION_B_02,974.51,5.7
2025-02-25 11:00:00,STATION_B_02,1010.27,8.3
2025-02-25 12:00:00,STATION_B_02,992.98,12.8
2025-02-25 13:00:00,STATION_B_02,1052.18,12.5
2025-02-25 14:00:00,STATION_B_02,977.84,13.2
2025-02-25 15:00:00,STATION_B_02,952.05,16.0
2025-02-25 16:00:00,STATION_B_02,888.42,13.3
2025-02-25 17:00:00,STATION_B_02,749.41,13.2
2025-02-25 18:00:00,STATION_B_02,567.79,16.1
2025-02-25 19:00:00,STATION_B_02,404.82,9.8
2025-02-25 20:00:00,STATION_B_02,319.14,7.6
2025-02-25 21:00:00,STATION_B_02,307.68,8.6
2025-02-25 22:00:00,STATION_B_02,304.4,7.4
2025-02-25 23:00:00,STATION_B_02,299.01,4.5
2025-02-26 00:00:00,STATION_B_02,328.1,2.7
2025-02-26 01:00:00,STATION_B_02,313.6,7.9
2025-02-26 02:00:00,STATION_B_02,311.35,3.9
2025-02-26 03:00:00,STATION_B_02,304.51,1.8
2025-02-26 04:00:00,STATION_B_02,305.24,5.0
2025-02-26 05:00:00,STATION_B_02,304.42,3.6
2025-02-26 06:00:00,STATION_B_02,324.93,4.1
2025-02-26 07:00:00,STATION_B_02,399.91,6.6
2025-02-26 08:00:00,STATION_B_02,574.49,4.4
2025-02-26 09:00:00,STATION_B_02,753.33,8.6
2025-02-26 10:00:00,STATION_B_02,971.59,12.6
2025-02-26 11:00:00,STATION_B_02,1001.99,11.2
2025-02-26 12:00:00,STATION_B_02,1027.35,10.7
2025-02-26 13:00:00,STATION_B_02,1002.77,11.2
2025-02-26 14:00:00,STATION_B_02,968.62,11.8
2025-02-26 15:00:00,STATION_B_02,988.49,12.3
2025-02-26 16:00:00,STATION_B_02,916.03,11.9
2025-02-26 17:00:00,STATION_B_02,778.08,13.8
2025-02-26 18:00:00,STATION_B_02,582.84,8.2
2025-02-26 19:00:00,STATION_B_02,394.6,11.9
2025-02-26 20:00:00,STATION_B_02,325.73,8.5
2025-02-26 21:00:00,STATION_B_02,317.08,8.6
2025-02-26 22:00:00,STATION_B_02,310.57,4.7
2025-02-26 23:00:00,STATION_B_02,311.48,7.9
2025-02-27 00:00:00,STATION_B_02,307.3,6.9
2025-02-27 01:00:00,STATION_B_02,290.13,5.6
2025-02-27 02:00:00,STATION_B_02,310.92,0.7
2025-02-27 03:00:00,STATION_B_02,299.54,4.8
2025-02-27 04:00:00,STATION_B_02,309.17,4.2
2025-02-27 05:00:00,STATION_B_02,306.36,1.0
2025-02-27 06:00:00,STATION_B_02,327.51,4.6
2025-02-27 07:00:00,STATION_B_02,406.17,6.3
2025-02-27 08:00:00,STATION_B_02,586.69,7.8
2025-02-27 09:00:00,STATION_B_02,814.41,8.4
2025-02-27 10:00:00,STATION_B_02,889.78,9.8
2025-02-27 11:00:00,STATION_B_02,953.33,13.1
2025-02-27 12:00:00,STATION_B_02,1074.1,13.7
2025-02-27 13:00:00,STATION_B_02,1057.99,7.1
2025-02-27 14:00:00,STATION_B_02,1011.36,12.1
2025-02-27 15:00:00,STATION_B_02,987.43,12.6
2025-02-27 16:00:00,STATION_B_02,930.21,9.5
2025-02-27 17:00:00,STATION_B_02,728.31,12.4
2025-02-27 18:00:00,STATION_B_02,542.18,13.7
2025-02-27 19:00:00,STATION_B_02,390.92,8.5
2025-02-27 20:00:00,STATION_B_02,308.75,9.9
2025-02-27 21:00:00,STATION_B_02,300.53,6.4
2025-02-27 22:00:00,STATION_B_02,325.6,5.6
2025-02-27 23:00:00,STATION_B_02,299.47,8.3
2025-02-28 00:00:00,STATION_B_02,309.17,3.8
2025-02-28 01:00:00,STATION_B_02,307.41,4.9
2025-02-28 02:00:00,STATION_B_02,316.85,0.2
2025-02-28 03:00:00,STATION_B_02,299.08,6.7
2025-02-28 04:00:00,STATION_B_02,315.74,4.6
2025-02-28 05:00:00,STATION_B_02,311.72,3.7
2025-02-28 06:00:00,STATION_B_02,309.09,5.8
2025-02-28 07:00:00,STATION_B_02,399.5,3.3
2025-02-28 08:00:00,STATION_B_02,561.53,9.1
2025-02-28 09:00:00,STATION_B_02,777.82,7.6
2025-02-28 10:00:00,STATION_B_02,943.51,9.1
2025-02-28 11:00:00,STATION_B_02,1013.86,9.7
2025-02-28 12:00:00,STATION_B_02,1023.97,10.5
2025-02-28 13:00:00,STATION_B_02,1005.7,13.6
2025-02-28 14:00:00,STATION_B_02,999.49,13.3
2025-02-28 15:00:00,STATION_B_02,921.86,14.2
2025-02-28 16:00:00,STATION_B_02,933.33,12.8
2025-02-28 17:00:00,STATION_B_02,771.28,13.3
2025-02-28 18:00:00,STATION_B_02,545.1,10.8
2025-02-28 19:00:00,STATION_B_02,382.62,14.6
2025-02-28 20:00:00,STATION_B_02,324.02,6.6
2025-02-28 21:00:00,STATION_B_02,307.75,10.5
2025-02-28 22:00:00,STATION_B_02,303.1,9.4
2025-02-28 23:00:00,STATION_B_02,308.93,4.3
2025-03-01 00:00:00,STATION_B_02,189.92,8.9
2025-03-01 01:00:00,STATION_B_02,186.46,5.9
2025-03-01 02:00:00,STATION_B_02,190.43,5.4
2025-03-01 03:00:00,STATION_B_02,186.96,3.6
2025-03-01 04:00:00,STATION_B_02,195.78,3.3
2025-03-01 05:00:00,STATION_B_02,182.52,3.8
2025-03-01 06:00:00,STATION_B_02,202.14,5.6
2025-03-01 07:00:00,STATION_B_02,241.97,8.4
2025-03-01 08:00:00,STATION_B_02,360.36,7.4
2025-03-01 09:00:00,STATION_B_02,475.97,6.7
2025-03-01 10:00:00,STATION_B_02,571.81,11.0
2025-03-01 11:00:00,STATION_B_02,609.97,12.4
2025-03-01 12:00:00,STATION_B_02,624.83,12.9
2025-03-01 13:00:00,STATION_B_02,599.05,13.8
2025-03-01 14:00:00,STATION_B_02,629.36,12.5
2025-03-01 15:00:00,STATION_B_02,582.37,11.4
2025-03-01 16:00:00,STATION_B_02,559.66,11.4
2025-03-01 17:00:00,STATION_B_02,459.92,9.5
2025-03-01 18:00:00,STATION_B_02,351.2,12.1
2025-03-01 19:00:00,STATION_B_02,241.96,10.6
2025-03-01 20:00:00,STATION_B_02,197.39,8.8
2025-03-01 21:00:00,STATION_B_02,198.52,3.0
2025-03-01 22:00:00,STATION_B_02,187.41,4.8
2025-03-01 23:00:00,STATION_B_02,189.2,7.9
2025-03-02 00:00:00,STATION_B_02,189.62,3.9
2025-03-02 01:00:00,STATION_B_02,187.93,4.9
2025-03-02 02:00:00,STATION_B_02,198.01,1.3
2025-03-02 03:00:00,STATION_B_02,197.36,6.2
2025-03-02 04:00:00,STATION_B_02,187.45,3.5
2025-03-02 05:00:00,STATION_B_02,193.21,4.8
2025-03-02 06:00:00,STATION_B_02,195.75,9.2
2025-03-02 07:00:00,STATION_B_02,242.94,8.8
2025-03-02 08:00:00,STATION_B_02,354.13,6.6
2025-03-02 09:00:00,STATION_B_02,478.82,7.4
2025-03-02 10:00:00,STATION_B_02,520.72,9.1
2025-03-02 11:00:00,STATION_B_02,633.54,11.8
2025-03-02 12:00:00,STATION_B_02,608.73,11.6
2025-03-02 13:00:00,STATION_B_02,616.03,11.9
2025-03-02 14:00:00,STATION_B_02,604.45,15.7
2025-03-02 15:00:00,STATION_B_02,593.19,13.0
2025-03-02 16:00:00,STATION_B_02,555.81,17.2
2025-03-02 17:00:00,STATION_B_02,470.35,12.8
2025-03-02 18:00:00,STATION_B_02,331.85,15.1
2025-03-02 19:00:00,STATION_B_02,238.73,11.5
2025-03-02 20:00:00,STATION_B_02,191.99,11.4
2025-03-02 21:00:00,STATION_B_02,191.61,7.1
2025-03-02 22:00:00,STATION_B_02,181.21,5.7
2025-03-02 23:00:00,STATION_B_02,182.78,6.9
2025-03-03 00:00:00,STATION_B_02,305.87,7.0
2025-03-03 01:00:00,STATION_B_02,298.61,4.5
2025-03-03 02:00:00,STATION_B_02,300.44,1.6
2025-03-03 03:00:00,STATION_B_02,303.35,1.3
2025-03-03 04:00:00,STATION_B_02,307.23,1.4
2025-03-03 05:00:00,STATION_B_02,308.48,1.2
2025-03-03 06:00:00,STATION_B_02,316.27,5.4
2025-03-03 07:00:00,STATION_B_02,378.17,8.2
2025-03-03 08:00:00,STATION_B_02,575.72,7.3
2025-03-03 09:00:00,STATION_B_02,814.63,4.5
2025-03-03 10:00:00,STATION_B_02,876.45,9.5
2025-03-03 11:00:00,STATION_B_02,945.4,10.7
2025-03-03 12:00:00,STATION_B_02,1003.47,15.7
2025-03-03 13:00:00,STATION_B_02,1046.87,10.1
2025-03-03 14:00:00,STATION_B_02,938.33,12.5
2025-03-03 15:00:00,STATION_B_02,978.66,16.4
2025-03-03 16:00:00,STATION_B_02,940.99,14.0
2025-03-03 17:00:00,STATION_B_02,737.14,13.7
2025-03-03 18:00:00,STATION_B_02,574.26,12.2
2025-03-03 19:00:00,STATION_B_02,380.68,11.6
2025-03-03 20:00:00,STATION_B_02,311.98,11.2
2025-03-03 21:00:00,STATION_B_02,295.41,7.1
2025-03-03 22:00:00,STATION_B_02,305.27,8.9
2025-03-03 23:00:00,STATION_B_02,311.4,3.7
2025-03-04 00:00:00,STATION_B_02,314.44,5.9
2025-03-04 01:00:00,STATION_B_02,313.71,4.9
2025-03-04 02:00:00,STATION_B_02,304.98,3.0
2025-03-04 03:00:00,STATION_B_02,328.34,3.9
2025-03-04 04:00:00,STATION_B_02,315.8,2.9
2025-03-04 05:00:00,STATION_B_02,310.88,2.6
2025-03-04 06:00:00,STATION_B_02,310.0,4.7
2025-03-04 07:00:00,STATION_B_02,378.95,4.3
2025-03-04 08:00:00,STATION_B_02,539.98,8.0
2025-03-04 09:00:00,STATION_B_02,758.98,6.6
2025-03-04 10:00:00,STATION_B_02,945.08,11.2
2025-03-04 11:00:00,STATION_B_02,1003.25,9.0
2025-03-04 12:00:00,STATION_B_02,981.72,11.1
2025-03-04 13:00:00,STATION_B_02,992.13,11.7
2025-03-04 14:00:00,STATION_B_02,969.12,15.7
2025-03-04 15:00:00,STATION_B_02,987.02,14.1
2025-03-04 16:00:00,STATION_B_02,884.26,13.0
2025-03-04 17:00:00,STATION_B_02,758.99,13.8
2025-03-04 18:00:00,STATION_B_02,564.77,8.3
2025-03-04 19:00:00,STATION_B_02,374.06,11.0
2025-03-04 20:00:00,STATION_B_02,317.89,13.5
2025-03-04 21:00:00,STATION_B_02,295.47,8.9
2025-03-04 22:00:00,STATION_B_02,290.94,7.6
2025-03-04 23:00:00,STATION_B_02,305.67,7.3
2025-03-05 00:00:00,STATION_B_02,299.05,7.1
2025-03-05 01:00:00,STATION_B_02,310.19,1.1
2025-03-05 02:00:00,STATION_B_02,297.36,1.2
2025-03-05 03:00:00,STATION_B_02,308.69,4.4
2025-03-05 04:00:00,STATION_B_02,321.6,2.9
2025-03-05 05:00:00,STATION_B_02,289.84,7.0
2025-03-05 06:00:00,STATION_B_02,320.12,4.9
2025-03-05 07:00:00,STATION_B_02,388.08,3.0
2025-03-05 08:00:00,STATION_B_02,606.51,5.3
2025-03-05 09:00:00,STATION_B_02,811.24,3.9
2025-03-05 10:00:00,STATION_B_02,923.75,9.7
2025-03-05 11:00:00,STATION_B_02,948.18,10.9
2025-03-05 12:00:00,STATION_B_02,967.96,11.5
2025-03-05 13:00:00,STATION_B_02,997.15,14.9
2025-03-05 14:00:00,STATION_B_02,939.29,15.6
2025-03-05 15:00:00,STATION_B_02,934.67,13.3
2025-03-05 16:00:00,STATION_B_02,917.37,9.6
2025-03-05 17:00:00,STATION_B_02,751.72,14.1
2025-03-05 18:00:00,STATION_B_02,551.58,13.2
2025-03-05 19:00:00,STATION_B_02,375.86,11.8
2025-03-05 20:00:00,STATION_B_02,314.38,11.8
2025-03-05 21:00:00,STATION_B_02,293.39,6.7
2025-03-05 22:00:00,STATION_B_02,297.67,11.2
2025-03-05 23:00:00,STATION_B_02,303.6,4.7
2025-03-06 00:00:00,STATION_B_02,302.78,6.9
2025-03-06 01:00:00,STATION_B_02,314.64,1.8
2025-03-06 02:00:00,STATION_B_02,300.44,2.7
2025-03-06 03:00:00,STATION_B_02,293.03,6.9
2025-03-06 04:00:00,STATION_B_02,289.11,3.9
2025-03-06 05:00:00,STATION_B_02,284.23,6.3
2025-03-06 06:00:00,STATION_B_02,313.39,6.0
2025-03-06 07:00:00,STATION_B_02,387.98,6.4
2025-03-06 08:00:00,STATION_B_02,537.24,10.2
2025-03-06 09:00:00,STATION_B_02,749.97,8.6
2025-03-06 10:00:00,STATION_B_02,963.01,7.0
2025-03-06 11:00:00,STATION_B_02,1004.04,9.9
2025-03-06 12:00:00,STATION_B_02,950.02,13.4
2025-03-06 13:00:00,STATION_B_02,969.79,13.8
2025-03-06 14:00:00,STATION_B_02,1004.84,10.8
2025-03-06 15:00:00,STATION_B_02,954.13,12.5
2025-03-06 16:00:00,STATION_B_02,883.45,12.6
2025-03-06 17:00:00,STATION_B_02,746.64,12.5
2025-03-06 18:00:00,STATION_B_02,569.34,9.9
2025-03-06 19:00:00,STATION_B_02,393.87,10.2
2025-03-06 20:00:00,STATION_B_02,304.68,8.9
2025-03-06 21:00:00,STATION_B_02,297.91,10.4
2025-03-06 22:00:00,STATION_B_02,294.98,9.2
2025-03-06 23:00:00,STATION_B_02,291.17,6.3
2025-03-07 00:00:00,STATION_B_02,297.79,5.0
2025-03-07 01:00:00,STATION_B_02,289.98,5.2
2025-03-07 02:00:00,STATION_B_02,312.04,3.0
2025-03-07 03:00:00,STATION_B_02,316.2,2.3
2025-03-07 04:00:00,STATION_B_02,299.98,2.8
2025-03-07 05:00:00,STATION_B_02,297.69,3.8
2025-03-07 06:00:00,STATION_B_02,326.3,3.6
2025-03-07 07:00:00,STATION_B_02,399.33,7.0
2025-03-07 08:00:00,STATION_B_02,538.17,9.2
2025-03-07 09:00:00,STATION_B_02,770.89,6.3
2025-03-07 10:00:00,STATION_B_02,908.3,10.4
2025-03-07 11:00:00,STATION_B_02,954.49,11.1
2025-03-07 12:00:00,STATION_B_02,991.02,13.1
2025-03-07 13:00:00,STATION_B_02,963.83,13.2
2025-03-07 14:00:00,STATION_B_02,976.61,11.1
2025-03-07 15:00:00,STATION_B_02,969.05,11.6
2025-03-07 16:00:00,STATION_B_02,860.43,13.8
2025-03-07 17:00:00,STATION_B_02,702.41,15.1
2025-03-07 18:00:00,STATION_B_02,569.25,8.5
2025-03-07 19:00:00,STATION_B_02,370.6,12.1
2025-03-07 20:00:00,STATION_B_02,321.62,12.5
2025-03-07 21:00:00,STATION_B_02,311.02,8.8
2025-03-07 22:00:00,STATION_B_02,290.95,8.9
2025-03-07 23:00:00,STATION_B_02,317.75,5.5
2025-03-08 00:00:00,STATION_B_02,189.64,5.6
2025-03-08 01:00:00,STATION_B_02,184.94,2.2
2025-03-08 02:00:00,STATION_B_02,176.89,0.4
2025-03-08 03:00:00,STATION_B_02,188.0,6.2
2025-03-08 04:00:00,STATION_B_02,187.69,2.8
2025-03-08 05:00:00,STATION_B_02,189.03,4.3
2025-03-08 06:00:00,STATION_B_02,195.55,3.4
2025-03-08 07:00:00,STATION_B_02,235.27,4.3
2025-03-08 08:00:00,STATION_B_02,341.45,7.7
2025-03-08 09:00:00,STATION_B_02,483.76,7.9
2025-03-08 10:00:00,STATION_B_02,555.57,11.2
2025-03-08 11:00:00,STATION_B_02,593.12,12.5
2025-03-08 12:00:00,STATION_B_02,582.75,13.2
2025-03-08 13:00:00,STATION_B_02,607.05,13.8
2025-03-08 14:00:00,STATION_B_02,579.29,16.7
2025-03-08 15:00:00,STATION_B_02,614.02,12.1
2025-03-08 16:00:00,STATION_B_02,543.22,13.8
2025-03-08 17:00:00,STATION_B_02,454.86,15.5
2025-03-08 18:00:00,STATION_B_02,352.42,14.9
2025-03-08 19:00:00,STATION_B_02,235.27,9.1
2025-03-08 20:00:00,STATION_B_02,188.63,9.9
2025-03-08 21:00:00,STATION_B_02,183.33,11.7
2025-03-08 22:00:00,STATION_B_02,173.88,8.9
2025-03-08 23:00:00,STATION_B_02,189.79,7.2
2025-03-09 00:00:00,STATION_B_02,189.55,5.6
2025-03-09 01:00:00,STATION_B_02,188.21,4.6
2025-03-09 02:00:00,STATION_B_02,168.81,5.3
2025-03-09 03:00:00,STATION_B_02,184.77,4.1
2025-03-09 04:00:00,STATION_B_02,179.44,4.7
2025-03-09 05:00:00,STATION_B_02,191.03,5.4
2025-03-09 06:00:00,STATION_B_02,200.37,4.8
2025-03-09 07:00:00,STATION_B_02,240.33,8.0
2025-03-09 08:00:00,STATION_B_02,324.91,13.4
2025-03-09 09:00:00,STATION_B_02,496.47,6.2
2025-03-09 10:00:00,STATION_B_02,555.64,11.2
2025-03-09 11:00:00,STATION_B_02,631.63,10.4
2025-03-09 12:00:00,STATION_B_02,607.88,13.8
2025-03-09 13:00:00,STATION_B_02,612.92,13.6
2025-03-09 14:00:00,STATION_B_02,591.98,15.4
2025-03-09 15:00:00,STATION_B_02,607.99,16.3
2025-03-09 16:00:00,STATION_B_02,559.8,
2025-03-09 17:00:00,STATION_B_02,474.27,15.6
2025-03-09 18:00:00,STATION_B_02,344.76,8.6
2025-03-09 19:00:00,STATION_B_02,230.21,14.7
2025-03-09 20:00:00,STATION_B_02,192.11,11.3
2025-03-09 21:00:00,STATION_B_02,187.28,11.3
2025-03-09 22:00:00,STATION_B_02,189.38,6.0
2025-03-09 23:00:00,STATION_B_02,185.55,5.5
2025-03-10 00:00:00,STATION_B_02,282.02,6.4
2025-03-10 01:00:00,STATION_B_02,304.05,5.4
2025-03-10 02:00:00,STATION_B_02,286.56,5.4
2025-03-10 03:00:00,STATION_B_02,296.21,6.7
2025-03-10 04:00:00,STATION_B_02,301.88,1.7
2025-03-10 05:00:00,STATION_B_02,285.42,7.1
2025-03-10 06:00:00,STATION_B_02,314.98,6.2
2025-03-10 07:00:00,STATION_B_02,406.68,6.8
2025-03-10 08:00:00,STATION_B_02,555.39,5.7
2025-03-10 09:00:00,STATION_B_02,769.15,10.5
2025-03-10 10:00:00,STATION_B_02,977.39,6.4
2025-03-10 11:00:00,STATION_B_02,980.34,13.1
2025-03-10 12:00:00,STATION_B_02,971.93,10.3
2025-03-10 13:00:00,STATION_B_02,979.05,13.8
2025-03-10 14:00:00,STATION_B_02,983.31,14.0
2025-03-10 15:00:00,STATION_B_02,978.7,16.5
2025-03-10 16:00:00,STATION_B_02,917.38,13.9
2025-03-10 17:00:00,STATION_B_02,693.22,12.5
2025-03-10 18:00:00,STATION_B_02,531.37,12.0
2025-03-10 19:00:00,STATION_B_02,371.1,14.2
2025-03-10 20:00:00,STATION_B_02,295.87,11.8
2025-03-10 21:00:00,STATION_B_02,265.72,8.9
2025-03-10 22:00:00,STATION_B_02,288.81,7.9
2025-03-10 23:00:00,STATION_B_02,299.2,4.3
2025-03-11 00:00:00,STATION_B_02,290.93,7.0
2025-03-11 01:00:00,STATION_B_02,293.5,2.4
2025-03-11 02:00:00,STATION_B_02,296.09,6.4
2025-03-11 03:00:00,STATION_B_02,300.19,5.1
2025-03-11 04:00:00,STATION_B_02,288.2,9.4
2025-03-11 05:00:00,STATION_B_02,311.44,3.6
2025-03-11 06:00:00,STATION_B_02,311.9,6.1
2025-03-11 07:00:00,STATION_B_02,369.11,10.5
2025-03-11 08:00:00,STATION_B_02,530.14,10.6
2025-03-11 09:00:00,STATION_B_02,755.64,8.4
2025-03-11 10:00:00,STATION_B_02,924.35,11.3
2025-03-11 11:00:00,STATION_B_02,941.06,12.1
2025-03-11 12:00:00,STATION_B_02,9999.0,13.6
2025-03-11 13:00:00,STATION_B_02,979.22,12.6
2025-03-11 14:00:00,STATION_B_02,1018.56,14.2
2025-03-11 15:00:00,STATION_B_02,973.65,11.6
2025-03-11 16:00:00,STATION_B_02,868.51,14.6
2025-03-11 17:00:00,STATION_B_02,751.86,14.7
2025-03-11 18:00:00,STATION_B_02,551.58,12.7
2025-03-11 19:00:00,STATION_B_02,376.16,9.2
2025-03-11 20:00:00,STATION_B_02,292.79,12.7
2025-03-11 21:00:00,STATION_B_02,295.44,10.4
2025-03-11 22:00:00,STATION_B_02,295.29,7.1
2025-03-11 23:00:00,STATION_B_02,283.63,6.8
2025-03-12 00:00:00,STATION_B_02,300.85,3.7
2025-03-12 01:00:00,STATION_B_02,293.8,3.8
2025-03-12 02:00:00,STATION_B_02,286.45,4.2
2025-03-12 03:00:00,STATION_B_02,291.38,7.3
2025-03-12 04:00:00,STATION_B_02,308.43,4.1
2025-03-12 05:00:00,STATION_B_02,304.94,6.8
2025-03-12 06:00:00,STATION_B_02,319.45,5.5
2025-03-12 07:00:00,STATION_B_02,384.36,7.9
2025-03-12 08:00:00,STATION_B_02,559.44,8.3
2025-03-12 09:00:00,STATION_B_02,749.81,11.4
2025-03-12 10:00:00,STATION_B_02,875.96,10.1
2025-03-12 11:00:00,STATION_B_02,949.28,9.4
2025-03-12 12:00:00,STATION_B_02,966.99,10.8
2025-03-12 13:00:00,STATION_B_02,1008.39,13.0
2025-03-12 14:00:00,STATION_B_02,1002.93,12.2
2025-03-12 15:00:00,STATION_B_02,918.36,15.4
2025-03-12 16:00:00,STATION_B_02,888.15,13.6
2025-03-12 17:00:00,STATION_B_02,715.98,18.3
2025-03-12 18:00:00,STATION_B_02,544.18,10.1
2025-03-12 19:00:00,STATION_B_02,368.09,12.6
2025-03-12 20:00:00,STATION_B_02,317.85,9.1
2025-03-12 21:00:00,STATION_B_02,292.62,9.0
2025-03-12 22:00:00,STATION_B_02,293.56,8.9
2025-03-12 23:00:00,STATION_B_02,301.32,3.3
2025-03-13 00:00:00,STATION_B_02,286.01,7.0
2025-03-13 01:00:00,STATION_B_02,291.63,9.3
2025-03-13 02:00:00,STATION_B_02,305.48,4.5
2025-03-13 03:00:00,STATION_B_02,307.06,
2025-03-13 04:00:00,STATION_B_02,284.89,7.2
2025-03-13 05:00:00,STATION_B_02,285.19,5.5
2025-03-13 06:00:00,STATION_B_02,311.63,5.6
2025-03-13 07:00:00,STATION_B_02,400.05,3.5
2025-03-13 08:00:00,STATION_B_02,551.03,9.9
2025-03-13 09:00:00,STATION_B_02,765.65,9.8
2025-03-13 10:00:00,STATION_B_02,871.36,9.4
2025-03-13 11:00:00,STATION_B_02,941.6,12.6
2025-03-13 12:00:00,STATION_B_02,917.82,12.3
2025-03-13 13:00:00,STATION_B_02,966.9,13.2
2025-03-13 14:00:00,STATION_B_02,903.81,15.7
2025-03-13 15:00:00,STATION_B_02,990.07,12.4
2025-03-13 16:00:00,STATION_B_02,908.45,16.5
2025-03-13 17:00:00,STATION_B_02,748.55,11.6
2025-03-13 18:00:00,STATION_B_02,518.82,12.2
2025-03-13 19:00:00,STATION_B_02,370.44,15.9
2025-03-13 20:00:00,STATION_B_02,314.56,13.3
2025-03-13 21:00:00,STATION_B_02,294.18,10.2
2025-03-13 22:00:00,STATION_B_02,302.92,7.1
2025-03-13 23:00:00,STATION_B_02,290.7,6.6
2025-03-14 00:00:00,STATION_B_02,286.92,6.9
2025-03-14 01:00:00,STATION_B_02,294.15,6.1
2025-03-14 02:00:00,STATION_B_02,280.86,5.3
2025-03-14 03:00:00,STATION_B_02,313.15,5.3
2025-03-14 04:00:00,STATION_B_02,297.07,5.1
2025-03-14 05:00:00,STATION_B_02,306.1,3.4
2025-03-14 06:00:00,STATION_B_02,306.49,5.8
2025-03-14 07:00:00,STATION_B_02,362.55,9.4
2025-03-14 08:00:00,STATION_B_02,574.45,6.4
2025-03-14 09:00:00,STATION_B_02,729.07,9.8
2025-03-14 10:00:00,STATION_B_02,907.83,9.9
2025-03-14 11:00:00,STATION_B_02,964.63,12.8
2025-03-14 12:00:00,STATION_B_02,971.3,12.8
2025-03-14 13:00:00,STATION_B_02,932.0,17.0
2025-03-14 14:00:00,STATION_B_02,952.5,15.7
2025-03-14 15:00:00,STATION_B_02,930.82,12.6
2025-03-14 16:00:00,STATION_B_02,892.3,16.0
2025-03-14 17:00:00,STATION_B_02,751.06,12.9
2025-03-14 18:00:00,STATION_B_02,538.06,12.5
2025-03-14 19:00:00,STATION_B_02,365.63,13.1
2025-03-14 20:00:00,STATION_B_02,320.15,10.5
2025-03-14 21:00:00,STATION_B_02,278.18,11.8
2025-03-14 22:00:00,STATION_B_02,281.0,7.5
2025-03-14 23:00:00,STATION_B_02,293.31,6.6
2025-03-15 00:00:00,STATION_B_02,181.47,5.7
2025-03-15 01:00:00,STATION_B_02,188.44,5.1
2025-03-15 02:00:00,STATION_B_02,184.12,7.6
2025-03-15 03:00:00,STATION_B_02,182.08,6.6
2025-03-15 04:00:00,STATION_B_02,182.51,8.7
2025-03-15 05:00:00,STATION_B_02,181.76,10.2
2025-03-15 06:00:00,STATION_B_02,203.25,5.1
2025-03-15 07:00:00,STATION_B_02,236.86,8.0
2025-03-15 08:00:00,STATION_B_02,336.03,6.9
2025-03-15 09:00:00,STATION_B_02,469.28,8.9
2025-03-15 10:00:00,STATION_B_02,517.78,10.4
2025-03-15 11:00:00,STATION_B_02,595.31,10.8
2025-03-15 12:00:00,STATION_B_02,620.21,11.8
2025-03-15 13:00:00,STATION_B_02,606.22,14.2
2025-03-15 14:00:00,STATION_B_02,605.03,12.8
2025-03-15 15:00:00,STATION_B_02,589.19,16.6
2025-03-15 16:00:00,STATION_B_02,563.79,13.3
2025-03-15 17:00:00,STATION_B_02,460.07,19.5
2025-03-15 18:00:00,STATION_B_02,336.52,12.9
2025-03-15 19:00:00,STATION_B_02,228.14,12.8
2025-03-15 20:00:00,STATION_B_02,177.66,9.2
2025-03-15 21:00:00,STATION_B_02,181.36,13.4
2025-03-15 22:00:00,STATION_B_02,180.6,11.1
2025-03-15 23:00:00,STATION_B_02,181.14,8.4
2025-03-16 00:00:00,STATION_B_02,180.06,4.6
2025-03-16 01:00:00,STATION_B_02,186.18,6.7
2025-03-16 02:00:00,STATION_B_02,182.81,3.8
2025-03-16 03:00:00,STATION_B_02,180.1,8.3
2025-03-16 04:00:00,STATION_B_02,180.86,7.3
2025-03-16 05:00:00,STATION_B_02,184.55,6.5
2025-03-16 06:00:00,STATION_B_02,188.72,2.7
2025-03-16 07:00:00,STATION_B_02,240.32,6.3
2025-03-16 08:00:00,STATION_B_02,329.69,10.5
2025-03-16 09:00:00,STATION_B_02,449.82,12.6
2025-03-16 10:00:00,STATION_B_02,558.71,13.7
2025-03-16 11:00:00,STATION_B_02,581.73,10.0
2025-03-16 12:00:00,STATION_B_02,608.39,14.4
2025-03-16 13:00:00,STATION_B_02,591.08,16.4
2025-03-16 14:00:00,STATION_B_02,575.51,12.1
2025-03-16 15:00:00,STATION_B_02,603.06,15.2
2025-03-16 16:00:00,STATION_B_02,545.56,15.6
2025-03-16 17:00:00,STATION_B_02,459.52,14.1
2025-03-16 18:00:00,STATION_B_02,344.69,10.5
2025-03-16 19:00:00,STATION_B_02,239.28,12.3
2025-03-16 20:00:00,STATION_B_02,188.03,11.1
2025-03-16 21:00:00,STATION_B_02,182.16,10.2
2025-03-16 22:00:00,STATION_B_02,182.1,8.2
2025-03-16 23:00:00,STATION_B_02,179.53,7.3
2025-03-17 00:00:00,STATION_B_02,279.85,7.2
2025-03-17 01:00:00,STATION_B_02,293.36,7.3
2025-03-17 02:00:00,STATION_B_02,304.76,5.4
2025-03-17 03:00:00,STATION_B_02,299.16,5.1
2025-03-17 04:00:00,STATION_B_02,285.12,6.2
2025-03-17 05:00:00,STATION_B_02,307.05,3.0
2025-03-17 06:00:00,STATION_B_02,303.12,8.1
2025-03-17 07:00:00,STATION_B_02,357.51,8.2
2025-03-17 08:00:00,STATION_B_02,558.1,9.5
2025-03-17 09:00:00,STATION_B_02,720.5,12.4
2025-03-17 10:00:00,STATION_B_02,943.98,8.3
2025-03-17 11:00:00,STATION_B_02,992.98,9.5
2025-03-17 12:00:00,STATION_B_02,951.69,14.5
2025-03-17 13:00:00,STATION_B_02,968.69,14.8
2025-03-17 14:00:00,STATION_B_02,1012.52,15.6
2025-03-17 15:00:00,STATION_B_02,965.45,14.6
2025-03-17 16:00:00,STATION_B_02,873.38,16.5
2025-03-17 17:00:00,STATION_B_02,778.61,16.5
2025-03-17 18:00:00,STATION_B_02,531.45,14.9
2025-03-17 19:00:00,STATION_B_02,376.03,12.6
2025-03-17 20:00:00,STATION_B_02,298.18,8.1
2025-03-17 21:00:00,STATION_B_02,273.81,12.0
2025-03-17 22:00:00,STATION_B_02,283.77,11.6
2025-03-17 23:00:00,STATION_B_02,289.16,9.4
2025-03-18 00:00:00,STATION_B_02,295.82,5.8
2025-03-18 01:00:00,STATION_B_02,279.82,7.8
2025-03-18 02:00:00,STATION_B_02,295.74,7.7
2025-03-18 03:00:00,STATION_B_02,283.02,8.8
2025-03-18 04:00:00,STATION_B_02,299.68,4.6
2025-03-18 05:00:00,STATION_B_02,300.89,6.2
2025-03-18 06:00:00,STATION_B_02,301.11,8.7
2025-03-18 07:00:00,STATION_B_02,367.64,8.5
2025-03-18 08:00:00,STATION_B_02,569.87,7.5
2025-03-18 09:00:00,STATION_B_02,757.35,11.5
2025-03-18 10:00:00,STATION_B_02,884.57,13.1
2025-03-18 11:00:00,STATION_B_02,981.44,13.3
2025-03-18 12:00:00,STATION_B_02,957.83,14.6
2025-03-18 13:00:00,STATION_B_02,941.86,14.5
2025-03-18 14:00:00,STATION_B_02,915.14,18.1
2025-03-18 15:00:00,STATION_B_02,939.91,14.0
2025-03-18 16:00:00,STATION_B_02,893.21,14.4
2025-03-18 17:00:00,STATION_B_02,754.82,15.0
2025-03-18 18:00:00,STATION_B_02,527.2,15.8
2025-03-18 19:00:00,STATION_B_02,385.35,10.5
2025-03-18 20:00:00,STATION_B_02,301.24,9.7
2025-03-18 21:00:00,STATION_B_02,286.6,7.1
2025-03-18 22:00:00,STATION_B_02,278.41,9.6
2025-03-18 23:00:00,STATION_B_02,288.72,6.4
2025-03-19 00:00:00,STATION_B_02,281.88,6.9
2025-03-19 01:00:00,STATION_B_02,305.13,8.0
2025-03-19 02:00:00,STATION_B_02,297.17,5.2
2025-03-19 03:00:00,STATION_B_02,291.18,6.6
2025-03-19 04:00:00,STATION_B_02,306.12,5.8
2025-03-19 05:00:00,STATION_B_02,281.1,8.0
2025-03-19 06:00:00,STATION_B_02,303.23,8.4
2025-03-19 07:00:00,STATION_B_02,398.38,7.3
2025-03-19 08:00:00,STATION_B_02,540.37,9.4
2025-03-19 09:00:00,STATION_B_02,781.8,12.8
2025-03-19 10:00:00,STATION_B_02,898.66,12.9
2025-03-19 11:00:00,STATION_B_02,987.93,10.8
2025-03-19 12:00:00,STATION_B_02,983.15,15.5
2025-03-19 13:00:00,STATION_B_02,962.21,13.2
2025-03-19 14:00:00,STATION_B_02,926.29,18.1
2025-03-19 15:00:00,STATION_B_02,922.15,17.6
2025-03-19 16:00:00,STATION_B_02,844.93,16.1
2025-03-19 17:00:00,STATION_B_02,724.82,15.4
2025-03-19 18:00:00,STATION_B_02,530.72,14.0
2025-03-19 19:00:00,STATION_B_02,381.96,14.6
2025-03-19 20:00:00,STATION_B_02,304.52,11.5
2025-03-19 21:00:00,STATION_B_02,303.98,11.4
2025-03-19 22:00:00,STATION_B_02,269.53,11.3
2025-03-19 23:00:00,STATION_B_02,281.42,7.5
2025-03-20 00:00:00,STATION_B_02,288.79,6.6
2025-03-20 01:00:00,STATION_B_02,305.34,4.8
2025-03-20 02:00:00,STATION_B_02,293.42,4.6
2025-03-20 03:00:00,STATION_B_02,285.04,3.0
2025-03-20 04:00:00,STATION_B_02,288.07,7.8
2025-03-20 05:00:00,STATION_B_02,278.64,10.2
2025-03-20 06:00:00,STATION_B_02,290.36,10.3
2025-03-20 07:00:00,STATION_B_02,400.7,5.8
2025-03-20 08:00:00,STATION_B_02,532.32,11.2
2025-03-20 09:00:00,STATION_B_02,734.47,13.7
2025-03-20 10:00:00,STATION_B_02,883.21,11.5
2025-03-20 11:00:00,STATION_B_02,935.24,13.7
2025-03-20 12:00:00,STATION_B_02,949.09,10.9
2025-03-20 13:00:00,STATION_B_02,941.38,15.7
2025-03-20 14:00:00,STATION_B_02,965.17,13.8
2025-03-20 15:00:00,STATION_B_02,964.06,16.3
2025-03-20 16:00:00,STATION_B_02,901.12,12.9
2025-03-20 17:00:00,STATION_B_02,699.28,16.2
2025-03-20 18:00:00,STATION_B_02,537.53,16.3
2025-03-20 19:00:00,STATION_B_02,374.37,12.1
2025-03-20 20:00:00,STATION_B_02,296.37,10.3
2025-03-20 21:00:00,STATION_B_02,293.04,7.2
2025-03-20 22:00:00,STATION_B_02,292.05,9.4
2025-03-20 23:00:00,STATION_B_02,290.44,7.7
2025-03-21 00:00:00,STATION_B_02,296.87,5.1
2025-03-21 01:00:00,STATION_B_02,282.87,7.9
2025-03-21 02:00:00,STATION_B_02,307.35,5.8
2025-03-21 03:00:00,STATION_B_02,279.21,
2025-03-21 04:00:00,STATION_B_02,296.88,5.6
2025-03-21 05:00:00,STATION_B_02,291.6,9.0
2025-03-21 06:00:00,STATION_B_02,307.86,9.0
2025-03-21 07:00:00,STATION_B_02,368.53,8.6
2025-03-21 08:00:00,STATION_B_02,552.99,11.1
2025-03-21 09:00:00,STATION_B_02,743.97,9.2
2025-03-21 10:00:00,STATION_B_02,852.8,12.6
2025-03-21 11:00:00,STATION_B_02,912.46,13.9
2025-03-21 12:00:00,STATION_B_02,958.82,13.8
2025-03-21 13:00:00,STATION_B_02,906.55,16.2
2025-03-21 14:00:00,STATION_B_02,997.18,14.5
2025-03-21 15:00:00,STATION_B_02,950.67,17.0
2025-03-21 16:00:00,STATION_B_02,902.7,16.9
2025-03-21 17:00:00,STATION_B_02,775.83,10.2
2025-03-21 18:00:00,STATION_B_02,517.5,16.8
2025-03-21 19:00:00,STATION_B_02,367.75,8.2
2025-03-21 20:00:00,STATION_B_02,278.51,11.4
2025-03-21 21:00:00,STATION_B_02,280.34,13.1
2025-03-21 22:00:00,STATION_B_02,300.53,9.5
2025-03-21 23:00:00,STATION_B_02,285.4,6.2
2025-03-22 00:00:00,STATION_B_02,179.78,6.1
2025-03-22 01:00:00,STATION_B_02,175.64,9.1
2025-03-22 02:00:00,STATION_B_02,184.84,3.3
2025-03-22 03:00:00,STATION_B_02,184.56,8.7
2025-03-22 04:00:00,STATION_B_02,173.04,6.7
2025-03-22 05:00:00,STATION_B_02,175.79,5.1
2025-03-22 06:00:00,STATION_B_02,196.58,7.0
2025-03-22 07:00:00,STATION_B_02,238.54,7.2
2025-03-22 08:00:00,STATION_B_02,329.18,11.8
2025-03-22 09:00:00,STATION_B_02,474.46,12.8
2025-03-22 10:00:00,STATION_B_02,533.13,9.6
2025-03-22 11:00:00,STATION_B_02,598.12,13.1
2025-03-22 12:00:00,STATION_B_02,592.39,13.3
2025-03-22 13:00:00,STATION_B_02,590.06,17.9
2025-03-22 14:00:00,STATION_B_02,555.64,13.6
2025-03-22 15:00:00,STATION_B_02,563.33,19.1
2025-03-22 16:00:00,STATION_B_02,546.3,16.0
2025-03-22 17:00:00,STATION_B_02,451.94,13.5
2025-03-22 18:00:00,STATION_B_02,339.22,13.6
2025-03-22 19:00:00,STATION_B_02,235.69,12.4
2025-03-22 20:00:00,STATION_B_02,181.65,10.4
2025-03-22 21:00:00,STATION_B_02,180.53,11.6
2025-03-22 22:00:00,STATION_B_02,174.57,8.0
2025-03-22 23:00:00,STATION_B_02,181.84,5.1
2025-03-23 00:00:00,STATION_B_02,182.42,7.5
2025-03-23 01:00:00,STATION_B_02,178.19,4.2
2025-03-23 02:00:00,STATION_B_02,184.67,5.6
2025-03-23 03:00:00,STATION_B_02,178.96,5.2
2025-03-23 04:00:00,STATION_B_02,178.42,5.4
2025-03-23 05:00:00,STATION_B_02,180.28,11.1
2025-03-23 06:00:00,STATION_B_02,183.83,8.3
2025-03-23 07:00:00,STATION_B_02,225.86,9.7
2025-03-23 08:00:00,STATION_B_02,347.46,7.2
2025-03-23 09:00:00,STATION_B_02,460.18,10.4
2025-03-23 10:00:00,STATION_B_02,522.18,13.2
2025-03-23 11:00:00,STATION_B_02,599.08,12.2
2025-03-23 12:00:00,STATION_B_02,577.14,16.6
2025-03-23 13:00:00,STATION_B_02,570.99,13.6
2025-03-23 14:00:00,STATION_B_02,547.7,15.7
2025-03-23 15:00:00,STATION_B_02,590.7,15.4
2025-03-23 16:00:00,STATION_B_02,522.18,16.5
2025-03-23 17:00:00,STATION_B_02,435.28,14.6
2025-03-23 18:00:00,STATION_B_02,332.18,14.5
2025-03-23 19:00:00,STATION_B_02,231.67,13.6
2025-03-23 20:00:00,STATION_B_02,181.31,11.5
2025-03-23 21:00:00,STATION_B_02,180.01,12.5
2025-03-23 22:00:00,STATION_B_02,186.1,10.8
2025-03-23 23:00:00,STATION_B_02,184.35,9.1
2025-03-24 00:00:00,STATION_B_02,297.86,7.6
2025-03-24 01:00:00,STATION_B_02,289.31,
2025-03-24 02:00:00,STATION_B_02,286.77,6.7
2025-03-24 03:00:00,STATION_B_02,290.09,6.4
2025-03-24 04:00:00,STATION_B_02,292.63,7.3
2025-03-24 05:00:00,STATION_B_02,276.42,10.7
2025-03-24 06:00:00,STATION_B_02,300.0,6.0
2025-03-24 07:00:00,STATION_B_02,356.82,10.8
2025-03-24 08:00:00,STATION_B_02,548.57,7.1
2025-03-24 09:00:00,STATION_B_02,734.95,12.2
2025-03-24 10:00:00,STATION_B_02,848.87,15.9
2025-03-24 11:00:00,STATION_B_02,951.18,15.1
2025-03-24 12:00:00,STATION_B_02,919.56,15.5
2025-03-24 13:00:00,STATION_B_02,931.82,14.9
2025-03-24 14:00:00,STATION_B_02,959.79,16.5
2025-03-24 15:00:00,STATION_B_02,948.9,16.1
2025-03-24 16:00:00,STATION_B_02,849.19,15.0
2025-03-24 17:00:00,STATION_B_02,726.4,15.4
2025-03-24 18:00:00,STATION_B_02,513.33,15.5
2025-03-24 19:00:00,STATION_B_02,365.14,12.8
2025-03-24 20:00:00,STATION_B_02,299.32,11.6
2025-03-24 21:00:00,STATION_B_02,291.79,9.3
2025-03-24 22:00:00,STATION_B_02,286.41,11.2
2025-03-24 23:00:00,STATION_B_02,287.26,10.4
2025-03-25 00:00:00,STATION_B_02,278.78,9.0
2025-03-25 01:00:00,STATION_B_02,288.96,9.5
2025-03-25 02:00:00,STATION_B_02,292.99,7.5
2025-03-25 03:00:00,STATION_B_02,293.5,7.9
2025-03-25 04:00:00,STATION_B_02,282.95,7.9
2025-03-25 05:00:00,STATION_B_02,296.52,7.6
2025-03-25 06:00:00,STATION_B_02,293.15,7.6
2025-03-25 07:00:00,STATION_B_02,361.3,13.5
2025-03-25 08:00:00,STATION_B_02,533.9,9.9
2025-03-25 09:00:00,STATION_B_02,713.46,10.8
2025-03-25 10:00:00,STATION_B_02,864.06,14.0
2025-03-25 11:00:00,STATION_B_02,937.0,14.8
2025-03-25 12:00:00,STATION_B_02,,12.8
2025-03-25 13:00:00,STATION_B_02,923.77,18.1
2025-03-25 14:00:00,STATION_B_02,897.38,16.4
2025-03-25 15:00:00,STATION_B_02,981.35,14.8
2025-03-25 16:00:00,STATION_B_02,855.47,18.7
2025-03-25 17:00:00,STATION_B_02,717.4,17.2
2025-03-25 18:00:00,STATION_B_02,532.92,13.1
2025-03-25 19:00:00,STATION_B_02,364.0,17.6
2025-03-25 20:00:00,STATION_B_02,301.44,14.4
2025-03-25 21:00:00,STATION_B_02,272.29,11.9
2025-03-25 22:00:00,STATION_B_02,290.24,13.6
2025-03-25 23:00:00,STATION_B_02,294.94,9.8
2025-03-26 00:00:00,STATION_B_02,286.49,8.7
2025-03-26 01:00:00,STATION_B_02,288.65,6.8
2025-03-26 02:00:00,STATION_B_02,264.01,8.5
2025-03-26 03:00:00,STATION_B_02,278.35,8.2
2025-03-26 04:00:00,STATION_B_02,292.47,7.5
2025-03-26 05:00:00,STATION_B_02,299.93,6.5
2025-03-26 06:00:00,STATION_B_02,307.08,9.0
2025-03-26 07:00:00,STATION_B_02,371.25,9.6
2025-03-26 08:00:00,STATION_B_02,567.97,8.5
2025-03-26 09:00:00,STATION_B_02,760.9,9.5
2025-03-26 10:00:00,STATION_B_02,859.32,14.4
2025-03-26 11:00:00,STATION_B_02,1007.24,9.8
2025-03-26 12:00:00,STATION_B_02,914.92,15.9
2025-03-26 13:00:00,STATION_B_02,908.8,15.4
2025-03-26 14:00:00,STATION_B_02,916.87,19.1
2025-03-26 15:00:00,STATION_B_02,907.1,16.0
2025-03-26 16:00:00,STATION_B_02,845.23,18.0
2025-03-26 17:00:00,STATION_B_02,735.23,15.6
2025-03-26 18:00:00,STATION_B_02,522.1,15.7
2025-03-26 19:00:00,STATION_B_02,360.98,15.9
2025-03-26 20:00:00,STATION_B_02,296.79,12.5
2025-03-26 21:00:00,STATION_B_02,264.03,13.9
2025-03-26 22:00:00,STATION_B_02,275.19,9.1
2025-03-26 23:00:00,STATION_B_02,282.04,10.3
2025-03-27 00:00:00,STATION_B_02,278.0,10.6
2025-03-27 01:00:00,STATION_B_02,284.17,9.3
2025-03-27 02:00:00,STATION_B_02,293.85,11.1
2025-03-27 03:00:00,STATION_B_02,289.64,6.1
2025-03-27 04:00:00,STATION_B_02,281.47,5.2
2025-03-27 05:00:00,STATION_B_02,284.89,6.4
2025-03-27 06:00:00,STATION_B_02,312.87,10.1
2025-03-27 07:00:00,STATION_B_02,384.34,10.8
2025-03-27 08:00:00,STATION_B_02,541.76,11.2
2025-03-27 09:00:00,STATION_B_02,708.17,10.3
2025-03-27 10:00:00,STATION_B_02,872.2,14.9
2025-03-27 11:00:00,STATION_B_02,949.91,12.5
2025-03-27 12:00:00,STATION_B_02,933.02,17.8
2025-03-27 13:00:00,STATION_B_02,902.43,21.6
2025-03-27 14:00:00,STATION_B_02,924.45,17.6
2025-03-27 15:00:00,STATION_B_02,899.94,18.2
2025-03-27 16:00:00,STATION_B_02,834.99,16.1
2025-03-27 17:00:00,STATION_B_02,753.85,13.2
2025-03-27 18:00:00,STATION_B_02,537.03,14.6
2025-03-27 19:00:00,STATION_B_02,363.52,12.7
2025-03-27 20:00:00,STATION_B_02,301.1,10.9
2025-03-27 21:00:00,STATION_B_02,281.53,15.4
2025-03-27 22:00:00,STATION_B_02,300.19,11.6
2025-03-27 23:00:00,STATION_B_02,290.68,10.6
2025-03-28 00:00:00,STATION_B_02,293.0,8.5
2025-03-28 01:00:00,STATION_B_02,287.75,8.0
2025-03-28 02:00:00,STATION_B_02,282.14,9.6
2025-03-28 03:00:00,STATION_B_02,298.35,7.6
2025-03-28 04:00:00,STATION_B_02,291.29,8.8
2025-03-28 05:00:00,STATION_B_02,282.29,8.0
2025-03-28 06:00:00,STATION_B_02,305.19,8.5
2025-03-28 07:00:00,STATION_B_02,383.2,7.5
2025-03-28 08:00:00,STATION_B_02,512.6,7.7
2025-03-28 09:00:00,STATION_B_02,714.07,12.0
2025-03-28 10:00:00,STATION_B_02,877.49,13.8
2025-03-28 11:00:00,STATION_B_02,892.56,12.6
2025-03-28 12:00:00,STATION_B_02,897.55,15.8
2025-03-28 13:00:00,STATION_B_02,931.01,16.7
2025-03-28 14:00:00,STATION_B_02,964.68,13.2
2025-03-28 15:00:00,STATION_B_02,938.76,15.6
2025-03-28 16:00:00,STATION_B_02,887.58,17.8
2025-03-28 17:00:00,STATION_B_02,714.61,17.3
2025-03-28 18:00:00,STATION_B_02,521.58,13.8
2025-03-28 19:00:00,STATION_B_02,349.44,15.2
2025-03-28 20:00:00,STATION_B_02,288.71,15.6
2025-03-28 21:00:00,STATION_B_02,285.73,13.9
2025-03-28 22:00:00,STATION_B_02,288.95,11.1
2025-03-28 23:00:00,STATION_B_02,287.81,9.2
2025-03-29 00:00:00,STATION_B_02,180.55,8.1
2025-03-29 01:00:00,STATION_B_02,182.88,9.3
2025-03-29 02:00:00,STATION_B_02,178.16,8.4
2025-03-29 03:00:00,STATION_B_02,183.6,9.0
2025-03-29 04:00:00,STATION_B_02,174.56,8.3
2025-03-29 05:00:00,STATION_B_02,176.75,10.0
2025-03-29 06:00:00,STATION_B_02,183.72,9.4
2025-03-29 07:00:00,STATION_B_02,232.6,11.7
2025-03-29 08:00:00,STATION_B_02,318.95,13.0
2025-03-29 09:00:00,STATION_B_02,451.23,11.2
2025-03-29 10:00:00,STATION_B_02,520.39,10.6
2025-03-29 11:00:00,STATION_B_02,576.27,17.8
2025-03-29 12:00:00,STATION_B_02,599.73,16.5
2025-03-29 13:00:00,STATION_B_02,603.4,13.7
2025-03-29 14:00:00,STATION_B_02,594.63,16.0
2025-03-29 15:00:00,STATION_B_02,577.02,18.8
2025-03-29 16:00:00,STATION_B_02,540.61,16.8
2025-03-29 17:00:00,STATION_B_02,452.05,15.9
2025-03-29 18:00:00,STATION_B_02,324.47,18.6
2025-03-29 19:00:00,STATION_B_02,222.43,13.2
2025-03-29 20:00:00,STATION_B_02,182.45,12.5
2025-03-29 21:00:00,STATION_B_02,174.86,13.0
2025-03-29 22:00:00,STATION_B_02,173.2,12.1
2025-03-29 23:00:00,STATION_B_02,168.37,11.1
2025-03-30 00:00:00,STATION_B_02,169.82,11.1
2025-03-30 01:00:00,STATION_B_02,178.21,9.0
2025-03-30 02:00:00,STATION_B_02,181.29,9.1
2025-03-30 03:00:00,STATION_B_02,178.42,7.6
2025-03-30 04:00:00,STATION_B_02,190.55,8.3
2025-03-30 05:00:00,STATION_B_02,173.65,8.9
2025-03-30 06:00:00,STATION_B_02,187.74,9.8
2025-03-30 07:00:00,STATION_B_02,235.24,11.8
2025-03-30 08:00:00,STATION_B_02,337.09,12.6
2025-03-30 09:00:00,STATION_B_02,458.76,12.9
2025-03-30 10:00:00,STATION_B_02,556.46,12.6
2025-03-30 11:00:00,STATION_B_02,574.87,15.4
2025-03-30 12:00:00,STATION_B_02,606.63,16.2
2025-03-30 13:00:00,STATION_B_02,598.18,17.3
2025-03-30 14:00:00,STATION_B_02,554.07,21.4
2025-03-30 15:00:00,STATION_B_02,575.11,16.7
2025-03-30 16:00:00,STATION_B_02,505.7,18.2
2025-03-30 17:00:00,STATION_B_02,455.48,18.9
2025-03-30 18:00:00,STATION_B_02,323.92,16.4
2025-03-30 19:00:00,STATION_B_02,227.05,19.4
2025-03-30 20:00:00,STATION_B_02,181.96,13.4
2025-03-30 21:00:00,STATION_B_02,165.71,13.4
2025-03-30 22:00:00,STATION_B_02,188.34,10.2
2025-03-30 23:00:00,STATION_B_02,177.13,9.8
2025-03-31 00:00:00,STATION_B_02,276.8,10.1
2025-03-31 01:00:00,STATION_B_02,292.22,10.4
2025-03-31 02:00:00,STATION_B_02,300.81,8.9
2025-03-31 03:00:00,STATION_B_02,282.15,10.5
2025-03-31 04:00:00,STATION_B_02,285.97,8.2
2025-03-31 05:00:00,STATION_B_02,289.38,8.3
2025-03-31 06:00:00,STATION_B_02,284.15,14.5
2025-03-31 07:00:00,STATION_B_02,361.16,11.3
2025-03-31 08:00:00,STATION_B_02,558.83,10.5
2025-03-31 09:00:00,STATION_B_02,728.63,11.8
2025-03-31 10:00:00,STATION_B_02,853.97,12.6
2025-03-31 11:00:00,STATION_B_02,906.77,17.1
2025-03-31 12:00:00,STATION_B_02,965.51,15.7
2025-03-31 13:00:00,STATION_B_02,884.93,17.4
2025-03-31 14:00:00,STATION_B_02,937.36,17.5
2025-03-31 15:00:00,STATION_B_02,966.63,19.1
2025-03-31 16:00:00,STATION_B_02,903.45,16.1
2025-03-31 17:00:00,STATION_B_02,729.81,15.2
2025-03-31 18:00:00,STATION_B_02,535.84,16.8
2025-03-31 19:00:00,STATION_B_02,370.94,16.5
2025-03-31 20:00:00,STATION_B_02,291.14,14.9
2025-03-31 21:00:00,STATION_B_02,289.99,11.6
2025-03-31 22:00:00,STATION_B_02,293.35,13.0
2025-03-31 23:00:00,STATION_B_02,275.9,9.3
2025-04-01 00:00:00,STATION_B_02,289.94,8.9
2025-04-01 01:00:00,STATION_B_02,290.41,7.3
2025-04-01 02:00:00,STATION_B_02,283.69,10.9
2025-04-01 03:00:00,STATION_B_02,284.87,9.5
2025-04-01 04:00:00,STATION_B_02,286.34,9.6
2025-04-01 05:00:00,STATION_B_02,285.71,11.3
2025-04-01 06:00:00,STATION_B_02,300.41,14.9
2025-04-01 07:00:00,STATION_B_02,378.5,7.7
2025-04-01 08:00:00,STATION_B_02,530.98,10.6
2025-04-01 09:00:00,STATION_B_02,713.72,12.1
2025-04-01 10:00:00,STATION_B_02,860.4,12.9
2025-04-01 11:00:00,STATION_B_02,938.84,13.7
2025-04-01 12:00:00,STATION_B_02,920.27,16.0
2025-04-01 13:00:00,STATION_B_02,965.77,15.2
2025-04-01 14:00:00,STATION_B_02,936.99,18.4
2025-04-01 15:00:00,STATION_B_02,939.81,18.1
2025-04-01 16:00:00,STATION_B_02,832.92,18.7
2025-04-01 17:00:00,STATION_B_02,692.89,18.3
2025-04-01 18:00:00,STATION_B_02,530.9,17.7
2025-04-01 19:00:00,STATION_B_02,362.53,14.9
2025-04-01 20:00:00,STATION_B_02,285.65,18.3
2025-04-01 21:00:00,STATION_B_02,285.36,13.6
2025-04-01 22:00:00,STATION_B_02,290.97,8.6
2025-04-01 23:00:00,STATION_B_02,276.19,9.0
2025-04-02 00:00:00,STATION_B_02,298.6,6.8
2025-04-02 01:00:00,STATION_B_02,281.97,9.2
2025-04-02 02:00:00,STATION_B_02,298.63,8.5
2025-04-02 03:00:00,STATION_B_02,277.09,7.7
2025-04-02 04:00:00,STATION_B_02,283.18,12.4
2025-04-02 05:00:00,STATION_B_02,283.33,10.2
2025-04-02 06:00:00,STATION_B_02,281.58,11.3
2025-04-02 07:00:00,STATION_B_02,377.28,9.3
2025-04-02 08:00:00,STATION_B_02,507.21,10.3
2025-04-02 09:00:00,STATION_B_02,719.1,13.4
2025-04-02 10:00:00,STATION_B_02,887.02,14.9
2025-04-02 11:00:00,STATION_B_02,924.61,12.4
2025-04-02 12:00:00,STATION_B_02,913.26,16.4
2025-04-02 13:00:00,STATION_B_02,950.61,17.6
2025-04-02 14:00:00,STATION_B_02,923.84,17.6
2025-04-02 15:00:00,STATION_B_02,908.74,16.7
2025-04-02 16:00:00,STATION_B_02,881.78,17.0
2025-04-02 17:00:00,STATION_B_02,689.92,17.2
2025-04-02 18:00:00,STATION_B_02,511.12,16.9
2025-04-02 19:00:00,STATION_B_02,365.82,16.9
2025-04-02 20:00:00,STATION_B_02,280.14,16.6
2025-04-02 21:00:00,STATION_B_02,294.15,12.8
2025-04-02 22:00:00,STATION_B_02,280.69,11.3
2025-04-02 23:00:00,STATION_B_02,288.07,11.8
2025-04-03 00:00:00,STATION_B_02,288.59,11.3
2025-04-03 01:00:00,STATION_B_02,284.6,8.6
2025-04-03 02:00:00,STATION_B_02,279.89,10.3
2025-04-03 03:00:00,STATION_B_02,282.87,10.5
2025-04-03 04:00:00,STATION_B_02,287.46,11.2
2025-04-03 05:00:00,STATION_B_02,274.14,12.6
2025-04-03 06:00:00,STATION_B_02,291.07,8.6
2025-04-03 07:00:00,STATION_B_02,381.67,11.2
2025-04-03 08:00:00,STATION_B_02,518.55,12.3
2025-04-03 09:00:00,STATION_B_02,731.17,13.4
2025-04-03 10:00:00,STATION_B_02,862.74,13.6
2025-04-03 11:00:00,STATION_B_02,929.5,13.3
2025-04-03 12:00:00,STATION_B_02,966.43,17.1
2025-04-03 13:00:00,STATION_B_02,934.34,16.3
2025-04-03 14:00:00,STATION_B_02,917.59,18.3
2025-04-03 15:00:00,STATION_B_02,910.61,16.9
2025-04-03 16:00:00,STATION_B_02,845.35,16.2
2025-04-03 17:00:00,STATION_B_02,695.67,18.1
2025-04-03 18:00:00,STATION_B_02,509.64,17.2
2025-04-03 19:00:00,STATION_B_02,372.82,17.0
2025-04-03 20:00:00,STATION_B_02,291.52,18.7
2025-04-03 21:00:00,STATION_B_02,276.92,14.1
2025-04-03 22:00:00,STATION_B_02,286.79,13.2
2025-04-03 23:00:00,STATION_B_02,273.19,9.2
2025-04-04 00:00:00,STATION_B_02,133.49,8.0
2025-04-04 01:00:00,STATION_B_02,130.48,12.4
2025-04-04 02:00:00,STATION_B_02,136.75,7.4
2025-04-04 03:00:00,STATION_B_02,132.87,7.1
2025-04-04 04:00:00,STATION_B_02,129.75,9.0
2025-04-04 05:00:00,STATION_B_02,132.8,9.4
2025-04-04 06:00:00,STATION_B_02,132.89,8.7
2025-04-04 07:00:00,STATION_B_02,163.91,10.8
2025-04-04 08:00:00,STATION_B_02,234.71,14.7
2025-04-04 09:00:00,STATION_B_02,339.26,12.3
2025-04-04 10:00:00,STATION_B_02,383.57,12.5
2025-04-04 11:00:00,STATION_B_02,400.4,17.8
2025-04-04 12:00:00,STATION_B_02,419.86,18.0
2025-04-04 13:00:00,STATION_B_02,428.14,16.8
2025-04-04 14:00:00,STATION_B_02,414.67,15.5
2025-04-04 15:00:00,STATION_B_02,419.14,17.2
2025-04-04 16:00:00,STATION_B_02,395.01,18.3
2025-04-04 17:00:00,STATION_B_02,325.42,20.0
2025-04-04 18:00:00,STATION_B_02,236.64,15.3
2025-04-04 19:00:00,STATION_B_02,161.17,16.0
2025-04-04 20:00:00,STATION_B_02,136.24,16.2
2025-04-04 21:00:00,STATION_B_02,128.52,9.5
2025-04-04 22:00:00,STATION_B_02,128.15,14.4
2025-04-04 23:00:00,STATION_B_02,134.71,9.2
2025-04-05 00:00:00,STATION_B_02,80.43,11.1
2025-04-05 01:00:00,STATION_B_02,77.02,10.2
2025-04-05 02:00:00,STATION_B_02,76.15,11.2
2025-04-05 03:00:00,STATION_B_02,78.49,10.1
2025-04-05 04:00:00,STATION_B_02,82.51,5.0
2025-04-05 05:00:00,STATION_B_02,80.96,8.4
2025-04-05 06:00:00,STATION_B_02,87.67,10.8
2025-04-05 07:00:00,STATION_B_02,103.62,11.2
2025-04-05 08:00:00,STATION_B_02,145.29,13.5
2025-04-05 09:00:00,STATION_B_02,194.19,15.3
2025-04-05 10:00:00,STATION_B_02,246.07,16.3
2025-04-05 11:00:00,STATION_B_02,256.86,15.9
2025-04-05 12:00:00,STATION_B_02,253.41,14.0
2025-04-05 13:00:00,STATION_B_02,260.04,17.3
2025-04-05 14:00:00,STATION_B_02,250.34,19.3
2025-04-05 15:00:00,STATION_B_02,253.04,16.8
2025-04-05 16:00:00,STATION_B_02,234.8,19.7
2025-04-05 17:00:00,STATION_B_02,191.25,19.7
2025-04-05 18:00:00,STATION_B_02,141.9,17.5
2025-04-05 19:00:00,STATION_B_02,100.65,10.8
2025-04-05 20:00:00,STATION_B_02,80.57,12.9
2025-04-05 21:00:00,STATION_B_02,74.67,17.3
2025-04-05 22:00:00,STATION_B_02,77.54,11.7
2025-04-05 23:00:00,STATION_B_02,78.06,7.9
2025-04-06 00:00:00,STATION_B_02,79.21,12.9
2025-04-06 01:00:00,STATION_B_02,79.54,10.0
2025-04-06 02:00:00,STATION_B_02,81.01,11.5
2025-04-06 03:00:00,STATION_B_02,83.08,9.8
2025-04-06 04:00:00,STATION_B_02,80.41,10.3
2025-04-06 05:00:00,STATION_B_02,80.09,10.6
2025-04-06 06:00:00,STATION_B_02,84.01,12.0
2025-04-06 07:00:00,STATION_B_02,101.39,15.8
2025-04-06 08:00:00,STATION_B_02,145.93,14.6
2025-04-06 09:00:00,STATION_B_02,203.81,11.3
2025-04-06 10:00:00,STATION_B_02,232.45,16.2
2025-04-06 11:00:00,STATION_B_02,259.07,18.6
2025-04-06 12:00:00,STATION_B_02,256.25,19.7
2025-04-06 13:00:00,STATION_B_02,269.28,17.5
2025-04-06 14:00:00,STATION_B_02,261.04,20.8
2025-04-06 15:00:00,STATION_B_02,246.95,20.6
2025-04-06 16:00:00,STATION_B_02,239.53,23.4
2025-04-06 17:00:00,STATION_B_02,185.29,16.9
2025-04-06 18:00:00,STATION_B_02,151.6,16.6
2025-04-06 19:00:00,STATION_B_02,96.62,16.0
2025-04-06 20:00:00,STATION_B_02,82.49,14.5
2025-04-06 21:00:00,STATION_B_02,79.33,12.5
2025-04-06 22:00:00,STATION_B_02,82.25,7.9
2025-04-06 23:00:00,STATION_B_02,78.11,10.9
2025-04-07 00:00:00,STATION_B_02,265.71,11.6
2025-04-07 01:00:00,STATION_B_02,282.08,9.2
2025-04-07 02:00:00,STATION_B_02,277.71,13.1
2025-04-07 03:00:00,STATION_B_02,269.01,9.5
2025-04-07 04:00:00,STATION_B_02,281.2,12.0
2025-04-07 05:00:00,STATION_B_02,275.72,10.6
2025-04-07 06:00:00,STATION_B_02,299.72,12.4
2025-04-07 07:00:00,STATION_B_02,362.55,12.4
2025-04-07 08:00:00,STATION_B_02,546.44,15.5
2025-04-07 09:00:00,STATION_B_02,715.21,14.4
2025-04-07 10:00:00,STATION_B_02,864.06,16.4
2025-04-07 11:00:00,STATION_B_02,908.84,17.3
2025-04-07 12:00:00,STATION_B_02,891.03,17.2
2025-04-07 13:00:00,STATION_B_02,917.3,19.2
2025-04-07 14:00:00,STATION_B_02,926.14,22.9
2025-04-07 15:00:00,STATION_B_02,922.53,18.6
2025-04-07 16:00:00,STATION_B_02,834.58,19.7
2025-04-07 17:00:00,STATION_B_02,671.67,20.7
2025-04-07 18:00:00,STATION_B_02,517.85,19.7
2025-04-07 19:00:00,STATION_B_02,361.28,16.7
2025-04-07 20:00:00,STATION_B_02,302.87,11.2
2025-04-07 21:00:00,STATION_B_02,275.5,15.2
2025-04-07 22:00:00,STATION_B_02,272.33,9.1
2025-04-07 23:00:00,STATION_B_02,281.3,14.5
2025-04-08 00:00:00,STATION_B_02,281.5,11.4
2025-04-08 01:00:00,STATION_B_02,290.74,12.1
2025-04-08 02:00:00,STATION_B_02,286.02,8.2
2025-04-08 03:00:00,STATION_B_02,287.25,6.9
2025-04-08 04:00:00,STATION_B_02,286.1,10.3
2025-04-08 05:00:00,STATION_B_02,279.64,10.3
2025-04-08 06:00:00,STATION_B_02,292.75,10.2
2025-04-08 07:00:00,STATION_B_02,364.15,12.2
2025-04-08 08:00:00,STATION_B_02,500.72,18.2
2025-04-08 09:00:00,STATION_B_02,710.07,16.0
2025-04-08 10:00:00,STATION_B_02,892.21,17.6
2025-04-08 11:00:00,STATION_B_02,933.64,18.4
2025-04-08 12:00:00,STATION_B_02,922.09,20.5
2025-04-08 13:00:00,STATION_B_02,963.35,18.3
2025-04-08 14:00:00,STATION_B_02,917.9,15.4
2025-04-08 15:00:00,STATION_B_02,965.3,18.9
2025-04-08 16:00:00,STATION_B_02,827.04,20.6
2025-04-08 17:00:00,STATION_B_02,748.25,16.9
2025-04-08 18:00:00,STATION_B_02,541.44,17.6
2025-04-08 19:00:00,STATION_B_02,342.8,15.6
2025-04-08 20:00:00,STATION_B_02,297.12,18.4
2025-04-08 21:00:00,STATION_B_02,274.56,15.8
2025-04-08 22:00:00,STATION_B_02,273.47,14.4
2025-04-08 23:00:00,STATION_B_02,282.98,13.2
2025-04-09 00:00:00,STATION_B_02,274.37,11.2
2025-04-09 01:00:00,STATION_B_02,285.89,10.9
2025-04-09 02:00:00,STATION_B_02,279.18,7.9
2025-04-09 03:00:00,STATION_B_02,290.14,5.9
2025-04-09 04:00:00,STATION_B_02,292.81,10.3
2025-04-09 05:00:00,STATION_B_02,285.71,11.1
2025-04-09 06:00:00,STATION_B_02,290.37,13.4
2025-04-09 07:00:00,STATION_B_02,365.08,15.1
2025-04-09 08:00:00,STATION_B_02,498.9,16.2
2025-04-09 09:00:00,STATION_B_02,709.14,12.9
2025-04-09 10:00:00,STATION_B_02,849.28,15.3
2025-04-09 11:00:00,STATION_B_02,929.52,17.9
2025-04-09 12:00:00,STATION_B_02,917.48,22.6
2025-04-09 13:00:00,STATION_B_02,923.96,21.5
2025-04-09 14:00:00,STATION_B_02,910.37,21.3
2025-04-09 15:00:00,STATION_B_02,888.57,18.8
2025-04-09 16:00:00,STATION_B_02,881.62,17.7
2025-04-09 17:00:00,STATION_B_02,686.72,20.2
2025-04-09 18:00:00,STATION_B_02,523.93,16.1
2025-04-09 19:00:00,STATION_B_02,356.31,16.6
2025-04-09 20:00:00,STATION_B_02,294.21,15.7
2025-04-09 21:00:00,STATION_B_02,269.93,17.5
2025-04-09 22:00:00,STATION_B_02,287.34,12.8
2025-04-09 23:00:00,STATION_B_02,296.49,7.9
2025-04-10 00:00:00,STATION_B_02,287.36,12.4
2025-04-10 01:00:00,STATION_B_02,285.22,9.4
2025-04-10 02:00:00,STATION_B_02,279.72,10.3
2025-04-10 03:00:00,STATION_B_02,304.25,9.9
2025-04-10 04:00:00,STATION_B_02,276.38,9.7
2025-04-10 05:00:00,STATION_B_02,287.89,12.1
2025-04-10 06:00:00,STATION_B_02,302.32,8.7
2025-04-10 07:00:00,STATION_B_02,365.56,11.5
2025-04-10 08:00:00,STATION_B_02,523.78,14.8
2025-04-10 09:00:00,STATION_B_02,712.19,13.7
2025-04-10 10:00:00,STATION_B_02,876.97,13.2
2025-04-10 11:00:00,STATION_B_02,915.84,18.5
2025-04-10 12:00:00,STATION_B_02,979.34,20.3
2025-04-10 13:00:00,STATION_B_02,948.41,18.9
2025-04-10 14:00:00,STATION_B_02,947.7,16.0
2025-04-10 15:00:00,STATION_B_02,910.79,20.9
2025-04-10 16:00:00,STATION_B_02,894.47,16.5
2025-04-10 17:00:00,STATION_B_02,683.92,19.6
2025-04-10 18:00:00,STATION_B_02,514.29,16.6
2025-04-10 19:00:00,STATION_B_02,341.99,15.2
2025-04-10 20:00:00,STATION_B_02,294.69,15.3
2025-04-10 21:00:00,STATION_B_02,284.37,14.5
2025-04-10 22:00:00,STATION_B_02,272.82,12.4
2025-04-10 23:00:00,STATION_B_02,289.03,13.5
2025-04-11 00:00:00,STATION_B_02,276.86,10.8
2025-04-11 01:00:00,STATION_B_02,277.23,12.6
2025-04-11 02:00:00,STATION_B_02,282.92,10.9
2025-04-11 03:00:00,STATION_B_02,296.41,9.0
2025-04-11 04:00:00,STATION_B_02,278.47,8.8
2025-04-11 05:00:00,STATION_B_02,289.2,7.9
2025-04-11 06:00:00,STATION_B_02,300.74,12.2
2025-04-11 07:00:00,STATION_B_02,370.66,12.0
2025-04-11 08:00:00,STATION_B_02,542.96,9.5
2025-04-11 09:00:00,STATION_B_02,734.76,14.1
2025-04-11 10:00:00,STATION_B_02,848.7,14.7
2025-04-11 11:00:00,STATION_B_02,939.58,20.3
2025-04-11 12:00:00,STATION_B_02,934.96,15.4
2025-04-11 13:00:00,STATION_B_02,927.21,16.6
2025-04-11 14:00:00,STATION_B_02,940.91,21.7
2025-04-11 15:00:00,STATION_B_02,877.76,22.3
2025-04-11 16:00:00,STATION_B_02,852.92,18.3
2025-04-11 17:00:00,STATION_B_02,693.44,18.1
2025-04-11 18:00:00,STATION_B_02,542.74,19.5
2025-04-11 19:00:00,STATION_B_02,384.9,13.2
2025-04-11 20:00:00,STATION_B_02,292.91,12.9
2025-04-11 21:00:00,STATION_B_02,281.93,14.5
2025-04-11 22:00:00,STATION_B_02,274.53,16.6
2025-04-11 23:00:00,STATION_B_02,278.26,11.9
2025-04-12 00:00:00,STATION_B_02,174.46,12.0
2025-04-12 01:00:00,STATION_B_02,172.83,13.1
2025-04-12 02:00:00,STATION_B_02,165.16,14.4
2025-04-12 03:00:00,STATION_B_02,177.3,9.4
2025-04-12 04:00:00,STATION_B_02,174.95,10.6
2025-04-12 05:00:00,STATION_B_02,173.98,14.3
2025-04-12 06:00:00,STATION_B_02,185.06,9.1
2025-04-12 07:00:00,STATION_B_02,221.45,14.7
2025-04-12 08:00:00,STATION_B_02,334.72,12.1
2025-04-12 09:00:00,STATION_B_02,449.92,15.4
2025-04-12 10:00:00,STATION_B_02,549.52,16.0
2025-04-12 11:00:00,STATION_B_02,577.39,15.9
2025-04-12 12:00:00,STATION_B_02,574.13,16.8
2025-04-12 13:00:00,STATION_B_02,578.34,19.9
2025-04-12 14:00:00,STATION_B_02,534.56,21.7
2025-04-12 15:00:00,STATION_B_02,589.9,19.8
2025-04-12 16:00:00,STATION_B_02,523.81,20.0
2025-04-12 17:00:00,STATION_B_02,457.64,20.4
2025-04-12 18:00:00,STATION_B_02,312.7,16.9
2025-04-12 19:00:00,STATION_B_02,212.57,19.0
2025-04-12 20:00:00,STATION_B_02,179.42,17.9
2025-04-12 21:00:00,STATION_B_02,169.55,19.9
2025-04-12 22:00:00,STATION_B_02,174.4,13.3
2025-04-12 23:00:00,STATION_B_02,174.79,12.0
2025-04-13 00:00:00,STATION_B_02,169.93,13.4
2025-04-13 01:00:00,STATION_B_02,166.61,12.7
2025-04-13 02:00:00,STATION_B_02,177.02,9.8
2025-04-13 03:00:00,STATION_B_02,169.8,9.9
2025-04-13 04:00:00,STATION_B_02,167.9,11.8
2025-04-13 05:00:00,STATION_B_02,174.62,9.8
2025-04-13 06:00:00,STATION_B_02,185.55,11.3
2025-04-13 07:00:00,STATION_B_02,236.76,13.2
2025-04-13 08:00:00,STATION_B_02,329.47,16.0
2025-04-13 09:00:00,STATION_B_02,462.66,14.3
2025-04-13 10:00:00,STATION_B_02,546.26,13.3
2025-04-13 11:00:00,STATION_B_02,579.71,14.4
2025-04-13 12:00:00,STATION_B_02,615.54,16.5
2025-04-13 13:00:00,STATION_B_02,556.83,17.2
2025-04-13 14:00:00,STATION_B_02,562.69,19.8
2025-04-13 15:00:00,STATION_B_02,559.07,18.1
2025-04-13 16:00:00,STATION_B_02,535.28,18.8
2025-04-13 17:00:00,STATION_B_02,426.64,18.2
2025-04-13 18:00:00,STATION_B_02,324.42,18.0
2025-04-13 19:00:00,STATION_B_02,220.85,20.2
2025-04-13 20:00:00,STATION_B_02,181.55,17.8
2025-04-13 21:00:00,STATION_B_02,175.21,15.4
2025-04-13 22:00:00,STATION_B_02,179.74,13.3
2025-04-13 23:00:00,STATION_B_02,173.51,12.2
2025-04-14 00:00:00,STATION_B_02,283.26,12.8
2025-04-14 01:00:00,STATION_B_02,274.45,12.5
2025-04-14 02:00:00,STATION_B_02,276.91,9.3
2025-04-14 03:00:00,STATION_B_02,294.93,10.9
2025-04-14 04:00:00,STATION_B_02,280.71,7.3
2025-04-14 05:00:00,STATION_B_02,286.37,11.8
2025-04-14 06:00:00,STATION_B_02,296.75,13.6
2025-04-14 07:00:00,STATION_B_02,375.02,12.7
2025-04-14 08:00:00,STATION_B_02,491.8,17.6
2025-04-14 09:00:00,STATION_B_02,737.11,14.0
2025-04-14 10:00:00,STATION_B_02,848.8,17.2
2025-04-14 11:00:00,STATION_B_02,895.95,17.9
2025-04-14 12:00:00,STATION_B_02,915.64,18.8
2025-04-14 13:00:00,STATION_B_02,944.13,19.6
2025-04-14 14:00:00,STATION_B_02,931.72,20.4
2025-04-14 15:00:00,STATION_B_02,889.39,21.9
2025-04-14 16:00:00,STATION_B_02,805.73,22.7
2025-04-14 17:00:00,STATION_B_02,681.1,19.8
2025-04-14 18:00:00,STATION_B_02,516.78,20.5
2025-04-14 19:00:00,STATION_B_02,345.04,16.7
2025-04-14 20:00:00,STATION_B_02,285.32,18.2
2025-04-14 21:00:00,STATION_B_02,297.88,14.2
2025-04-14 22:00:00,STATION_B_02,278.02,16.3
2025-04-14 23:00:00,STATION_B_02,278.86,17.2
2025-04-15 00:00:00,STATION_B_02,272.48,12.2
2025-04-15 01:00:00,STATION_B_02,277.07,7.7
2025-04-15 02:00:00,STATION_B_02,288.75,10.2
2025-04-15 03:00:00,STATION_B_02,276.79,13.2
2025-04-15 04:00:00,STATION_B_02,288.82,12.1
2025-04-15 05:00:00,STATION_B_02,282.35,12.1
2025-04-15 06:00:00,STATION_B_02,318.77,14.2
2025-04-15 07:00:00,STATION_B_02,356.71,14.3
2025-04-15 08:00:00,STATION_B_02,521.37,16.7
2025-04-15 09:00:00,STATION_B_02,693.84,17.4
2025-04-15 10:00:00,STATION_B_02,864.18,19.8
2025-04-15 11:00:00,STATION_B_02,918.79,18.8
2025-04-15 12:00:00,STATION_B_02,892.07,20.8
2025-04-15 13:00:00,STATION_B_02,914.79,19.4
2025-04-15 14:00:00,STATION_B_02,954.35,19.3
2025-04-15 15:00:00,STATION_B_02,923.31,23.7
2025-04-15 16:00:00,STATION_B_02,806.62,20.8
2025-04-15 17:00:00,STATION_B_02,688.2,21.4
2025-04-15 18:00:00,STATION_B_02,534.91,19.4
2025-04-15 19:00:00,STATION_B_02,355.55,17.1
2025-04-15 20:00:00,STATION_B_02,289.94,17.1
2025-04-15 21:00:00,STATION_B_02,280.88,18.4
2025-04-15 22:00:00,STATION_B_02,266.92,15.5
2025-04-15 23:00:00,STATION_B_02,276.56,10.3
2025-04-16 00:00:00,STATION_B_02,278.53,12.2
2025-04-16 01:00:00,STATION_B_02,285.75,15.0
2025-04-16 02:00:00,STATION_B_02,290.02,11.0
2025-04-16 03:00:00,STATION_B_02,291.94,7.9
2025-04-16 04:00:00,STATION_B_02,276.49,14.8
2025-04-16 05:00:00,STATION_B_02,288.93,13.1
2025-04-16 06:00:00,STATION_B_02,293.83,12.5
2025-04-16 07:00:00,STATION_B_02,369.88,12.9
2025-04-16 08:00:00,STATION_B_02,529.83,16.7
2025-04-16 09:00:00,STATION_B_02,750.37,15.0
2025-04-16 10:00:00,STATION_B_02,842.37,19.3
2025-04-16 11:00:00,STATION_B_02,897.5,19.4
2025-04-16 12:00:00,STATION_B_02,950.23,19.8
2025-04-16 13:00:00,STATION_B_02,950.39,20.4
2025-04-16 14:00:00,STATION_B_02,904.23,20.3
2025-04-16 15:00:00,STATION_B_02,868.59,22.7
2025-04-16 16:00:00,STATION_B_02,871.28,19.1
2025-04-16 17:00:00,STATION_B_02,680.8,17.2
2025-04-16 18:00:00,STATION_B_02,485.74,20.5
2025-04-16 19:00:00,STATION_B_02,350.47,19.5
2025-04-16 20:00:00,STATION_B_02,287.11,18.1
2025-04-16 21:00:00,STATION_B_02,267.51,16.7
2025-04-16 22:00:00,STATION_B_02,279.18,14.2
2025-04-16 23:00:00,STATION_B_02,278.36,15.0
2025-04-17 00:00:00,STATION_B_02,275.99,12.7
2025-04-17 01:00:00,STATION_B_02,296.45,11.1
2025-04-17 02:00:00,STATION_B_02,284.93,11.0
2025-04-17 03:00:00,STATION_B_02,284.51,15.0
2025-04-17 04:00:00,STATION_B_02,274.43,8.4
2025-04-17 05:00:00,STATION_B_02,269.48,12.9
2025-04-17 06:00:00,STATION_B_02,301.58,9.8
2025-04-17 07:00:00,STATION_B_02,379.77,13.6
2025-04-17 08:00:00,STATION_B_02,508.88,14.1
2025-04-17 09:00:00,STATION_B_02,728.5,12.4
2025-04-17 10:00:00,STATION_B_02,819.08,18.1
2025-04-17 11:00:00,STATION_B_02,893.17,17.9
2025-04-17 12:00:00,STATION_B_02,939.89,15.8
2025-04-17 13:00:00,STATION_B_02,897.14,21.8
2025-04-17 14:00:00,STATION_B_02,876.23,23.4
2025-04-17 15:00:00,STATION_B_02,861.05,23.7
2025-04-17 16:00:00,STATION_B_02,791.59,21.5
2025-04-17 17:00:00,STATION_B_02,706.79,20.4
2025-04-17 18:00:00,STATION_B_02,510.81,22.0
2025-04-17 19:00:00,STATION_B_02,353.74,21.6
2025-04-17 20:00:00,STATION_B_02,277.69,19.5
2025-04-17 21:00:00,STATION_B_02,285.35,14.5
2025-04-17 22:00:00,STATION_B_02,281.13,15.3
2025-04-17 23:00:00,STATION_B_02,277.07,14.6
2025-04-18 00:00:00,STATION_B_02,282.3,9.7
2025-04-18 01:00:00,STATION_B_02,274.29,13.0
2025-04-18 02:00:00,STATION_B_02,276.68,15.8
2025-04-18 03:00:00,STATION_B_02,291.2,12.7
2025-04-18 04:00:00,STATION_B_02,285.45,14.4
2025-04-18 05:00:00,STATION_B_02,278.78,12.5
2025-04-18 06:00:00,STATION_B_02,297.79,12.8
2025-04-18 07:00:00,STATION_B_02,350.1,14.6
2025-04-18 08:00:00,STATION_B_02,533.78,13.6
2025-04-18 09:00:00,STATION_B_02,702.61,14.6
2025-04-18 10:00:00,STATION_B_02,853.94,19.9
2025-04-18 11:00:00,STATION_B_02,964.34,21.2
2025-04-18 12:00:00,STATION_B_02,911.54,18.0
2025-04-18 13:00:00,STATION_B_02,977.0,22.3
2025-04-18 14:00:00,STATION_B_02,923.89,20.8
2025-04-18 15:00:00,STATION_B_02,875.43,21.8
2025-04-18 16:00:00,STATION_B_02,813.65,21.8
2025-04-18 17:00:00,STATION_B_02,735.19,22.3
2025-04-18 18:00:00,STATION_B_02,514.65,19.9
2025-04-18 19:00:00,STATION_B_02,343.74,21.3
2025-04-18 20:00:00,STATION_B_02,284.7,18.2
2025-04-18 21:00:00,STATION_B_02,277.1,17.5
2025-04-18 22:00:00,STATION_B_02,278.22,13.6
2025-04-18 23:00:00,STATION_B_02,275.07,17.8
2025-04-19 00:00:00,STATION_B_02,180.13,14.0
2025-04-19 01:00:00,STATION_B_02,167.4,13.7
2025-04-19 02:00:00,STATION_B_02,179.27,9.0
2025-04-19 03:00:00,STATION_B_02,174.95,10.3
2025-04-19 04:00:00,STATION_B_02,169.85,14.1
2025-04-19 05:00:00,STATION_B_02,178.53,12.9
2025-04-19 06:00:00,STATION_B_02,177.77,9.7
2025-04-19 07:00:00,STATION_B_02,208.32,16.0
2025-04-19 08:00:00,STATION_B_02,325.6,14.3
2025-04-19 09:00:00,STATION_B_02,434.07,19.1
2025-04-19 10:00:00,STATION_B_02,507.38,17.6
2025-04-19 11:00:00,STATION_B_02,535.4,19.3
2025-04-19 12:00:00,STATION_B_02,590.53,22.1
2025-04-19 13:00:00,STATION_B_02,578.01,19.1
2025-04-19 14:00:00,STATION_B_02,569.92,
2025-04-19 15:00:00,STATION_B_02,587.4,21.0
2025-04-19 16:00:00,STATION_B_02,528.32,22.7
2025-04-19 17:00:00,STATION_B_02,457.44,18.3
2025-04-19 18:00:00,STATION_B_02,309.85,16.9
2025-04-19 19:00:00,STATION_B_02,210.36,20.4
2025-04-19 20:00:00,STATION_B_02,181.58,16.7
2025-04-19 21:00:00,STATION_B_02,173.11,15.8
2025-04-19 22:00:00,STATION_B_02,179.55,12.0
2025-04-19 23:00:00,STATION_B_02,165.75,12.9
2025-04-20 00:00:00,STATION_B_02,175.9,13.3
2025-04-20 01:00:00,STATION_B_02,176.4,14.3
2025-04-20 02:00:00,STATION_B_02,179.16,10.7
2025-04-20 03:00:00,STATION_B_02,169.61,14.9
2025-04-20 04:00:00,STATION_B_02,177.15,10.9
2025-04-20 05:00:00,STATION_B_02,171.45,11.4
2025-04-20 06:00:00,STATION_B_02,177.85,16.1
2025-04-20 07:00:00,STATION_B_02,217.32,14.7
2025-04-20 08:00:00,STATION_B_02,317.06,14.5
2025-04-20 09:00:00,STATION_B_02,438.52,16.5
2025-04-20 10:00:00,STATION_B_02,512.09,20.4
2025-04-20 11:00:00,STATION_B_02,542.59,21.8
2025-04-20 12:00:00,STATION_B_02,552.37,18.7
2025-04-20 13:00:00,STATION_B_02,595.14,20.8
2025-04-20 14:00:00,STATION_B_02,556.27,21.5
2025-04-20 15:00:00,STATION_B_02,563.88,19.8
2025-04-20 16:00:00,STATION_B_02,492.89,21.3
2025-04-20 17:00:00,STATION_B_02,446.99,20.9
2025-04-20 18:00:00,STATION_B_02,313.11,22.2
2025-04-20 19:00:00,STATION_B_02,213.78,21.3
2025-04-20 20:00:00,STATION_B_02,176.1,17.4
2025-04-20 21:00:00,STATION_B_02,174.69,16.4
2025-04-20 22:00:00,STATION_B_02,156.93,16.7
2025-04-20 23:00:00,STATION_B_02,169.09,13.3
2025-04-21 00:00:00,STATION_B_02,276.07,14.6
2025-04-21 01:00:00,STATION_B_02,278.62,12.6
2025-04-21 02:00:00,STATION_B_02,300.72,10.5
2025-04-21 03:00:00,STATION_B_02,280.04,10.4
2025-04-21 04:00:00,STATION_B_02,283.66,14.9
2025-04-21 05:00:00,STATION_B_02,293.92,12.5
2025-04-21 06:00:00,STATION_B_02,293.57,16.5
2025-04-21 07:00:00,STATION_B_02,355.87,13.6
2025-04-21 08:00:00,STATION_B_02,500.1,16.2
2025-04-21 09:00:00,STATION_B_02,708.68,21.2
2025-04-21 10:00:00,STATION_B_02,890.37,16.3
2025-04-21 11:00:00,STATION_B_02,931.95,15.9
2025-04-21 12:00:00,STATION_B_02,936.02,22.6
2025-04-21 13:00:00,STATION_B_02,980.8,19.6
2025-04-21 14:00:00,STATION_B_02,928.89,21.5
2025-04-21 15:00:00,STATION_B_02,872.0,20.7
2025-04-21 16:00:00,STATION_B_02,831.17,22.0
2025-04-21 17:00:00,STATION_B_02,726.67,19.4
2025-04-21 18:00:00,STATION_B_02,504.59,20.0
2025-04-21 19:00:00,STATION_B_02,364.62,20.1
2025-04-21 20:00:00,STATION_B_02,288.23,16.4
2025-04-21 21:00:00,STATION_B_02,278.86,15.7
2025-04-21 22:00:00,STATION_B_02,273.82,15.1
2025-04-21 23:00:00,STATION_B_02,281.64,12.0
2025-04-22 00:00:00,STATION_B_02,280.65,13.0
2025-04-22 01:00:00,STATION_B_02,267.16,13.2
2025-04-22 02:00:00,STATION_B_02,277.49,11.8
2025-04-22 03:00:00,STATION_B_02,271.63,11.8
2025-04-22 04:00:00,STATION_B_02,276.86,12.4
2025-04-22 05:00:00,STATION_B_02,275.83,11.8
2025-04-22 06:00:00,STATION_B_02,298.32,15.0
2025-04-22 07:00:00,STATION_B_02,365.26,17.3
2025-04-22 08:00:00,STATION_B_02,527.91,15.0
2025-04-22 09:00:00,STATION_B_02,683.16,18.0
2025-04-22 10:00:00,STATION_B_02,844.8,17.9
2025-04-22 11:00:00,STATION_B_02,868.39,20.2
2025-04-22 12:00:00,STATION_B_02,903.47,23.3
2025-04-22 13:00:00,STATION_B_02,923.25,22.2
2025-04-22 14:00:00,STATION_B_02,946.35,18.6
2025-04-22 15:00:00,STATION_B_02,902.74,22.7
2025-04-22 16:00:00,STATION_B_02,857.23,24.0
2025-04-22 17:00:00,STATION_B_02,701.18,20.9
2025-04-22 18:00:00,STATION_B_02,499.79,22.3
2025-04-22 19:00:00,STATION_B_02,362.16,18.3
2025-04-22 20:00:00,STATION_B_02,296.51,15.7
2025-04-22 21:00:00,STATION_B_02,270.44,17.4
2025-04-22 22:00:00,STATION_B_02,282.24,12.7
2025-04-22 23:00:00,STATION_B_02,275.24,14.3
2025-04-23 00:00:00,STATION_B_02,260.4,16.2
2025-04-23 01:00:00,STATION_B_02,286.7,9.7
2025-04-23 02:00:00,STATION_B_02,273.07,10.4
2025-04-23 03:00:00,STATION_B_02,284.61,10.6
2025-04-23 04:00:00,STATION_B_02,268.51,12.6
2025-04-23 05:00:00,STATION_B_02,275.45,12.5
2025-04-23 06:00:00,STATION_B_02,285.37,16.4
2025-04-23 07:00:00,STATION_B_02,368.14,
2025-04-23 08:00:00,STATION_B_02,508.37,17.0
2025-04-23 09:00:00,STATION_B_02,688.14,17.6
2025-04-23 10:00:00,STATION_B_02,849.44,19.3
2025-04-23 11:00:00,STATION_B_02,903.81,18.2
2025-04-23 12:00:00,STATION_B_02,925.6,22.2
2025-04-23 13:00:00,STATION_B_02,895.33,19.5
2025-04-23 14:00:00,STATION_B_02,911.94,23.4
2025-04-23 15:00:00,STATION_B_02,949.06,24.2
2025-04-23 16:00:00,STATION_B_02,824.93,22.3
2025-04-23 17:00:00,STATION_B_02,698.93,21.1
2025-04-23 18:00:00,STATION_B_02,482.53,21.4
2025-04-23 19:00:00,STATION_B_02,352.6,14.6
2025-04-23 20:00:00,STATION_B_02,288.31,19.1
2025-04-23 21:00:00,STATION_B_02,272.19,17.1
2025-04-23 22:00:00,STATION_B_02,279.53,16.0
2025-04-23 23:00:00,STATION_B_02,,16.2
2025-04-24 00:00:00,STATION_B_02,268.26,14.0
2025-04-24 01:00:00,STATION_B_02,288.79,11.3
2025-04-24 02:00:00,STATION_B_02,270.57,12.6
2025-04-24 03:00:00,STATION_B_02,273.76,12.8
2025-04-24 04:00:00,STATION_B_02,280.67,13.1
2025-04-24 05:00:00,STATION_B_02,290.56,13.6
2025-04-24 06:00:00,STATION_B_02,1004.37,16.0
2025-04-24 07:00:00,STATION_B_02,364.44,13.1
2025-04-24 08:00:00,STATION_B_02,518.6,16.6
2025-04-24 09:00:00,STATION_B_02,712.13,19.8
2025-04-24 10:00:00,STATION_B_02,882.98,15.6
2025-04-24 11:00:00,STATION_B_02,890.31,20.2
2025-04-24 12:00:00,STATION_B_02,940.93,19.8
2025-04-24 13:00:00,STATION_B_02,944.2,21.0
2025-04-24 14:00:00,STATION_B_02,956.18,20.5
2025-04-24 15:00:00,STATION_B_02,903.52,22.0
2025-04-24 16:00:00,STATION_B_02,833.51,25.4
2025-04-24 17:00:00,STATION_B_02,693.05,19.4
2025-04-24 18:00:00,STATION_B_02,491.58,18.8
2025-04-24 19:00:00,STATION_B_02,352.83,17.5
2025-04-24 20:00:00,STATION_B_02,281.87,21.8
2025-04-24 21:00:00,STATION_B_02,274.36,16.7
2025-04-24 22:00:00,STATION_B_02,279.1,16.2
2025-04-24 23:00:00,STATION_B_02,266.78,14.4
2025-04-25 00:00:00,STATION_B_02,278.31,12.6
2025-04-25 01:00:00,STATION_B_02,293.41,13.1
2025-04-25 02:00:00,STATION_B_02,280.18,17.5
2025-04-25 03:00:00,STATION_B_02,280.31,15.4
2025-04-25 04:00:00,STATION_B_02,283.95,11.5
2025-04-25 05:00:00,STATION_B_02,275.14,14.7
2025-04-25 06:00:00,STATION_B_02,280.36,12.8
2025-04-25 07:00:00,STATION_B_02,369.23,12.1
2025-04-25 08:00:00,STATION_B_02,479.63,18.3
2025-04-25 09:00:00,STATION_B_02,694.42,19.8
2025-04-25 10:00:00,STATION_B_02,835.01,20.8
2025-04-25 11:00:00,STATION_B_02,893.66,19.2
2025-04-25 12:00:00,STATION_B_02,964.1,20.8
2025-04-25 13:00:00,STATION_B_02,951.13,23.2
2025-04-25 14:00:00,STATION_B_02,931.39,23.0
2025-04-25 15:00:00,STATION_B_02,871.39,21.8
2025-04-25 16:00:00,STATION_B_02,882.94,19.4
2025-04-25 17:00:00,STATION_B_02,703.79,22.0
2025-04-25 18:00:00,STATION_B_02,490.57,23.0
2025-04-25 19:00:00,STATION_B_02,355.06,17.9
2025-04-25 20:00:00,STATION_B_02,290.61,20.1
2025-04-25 21:00:00,STATION_B_02,268.73,18.3
2025-04-25 22:00:00,STATION_B_02,273.72,17.8
2025-04-25 23:00:00,STATION_B_02,276.22,16.9
2025-04-26 00:00:00,STATION_B_02,167.9,13.2
2025-04-26 01:00:00,STATION_B_02,173.63,10.8
2025-04-26 02:00:00,STATION_B_02,169.01,12.3
2025-04-26 03:00:00,STATION_B_02,175.53,14.7
2025-04-26 04:00:00,STATION_B_02,169.57,12.3
2025-04-26 05:00:00,STATION_B_02,175.4,12.5
2025-04-26 06:00:00,STATION_B_02,176.89,11.2
2025-04-26 07:00:00,STATION_B_02,212.74,18.6
2025-04-26 08:00:00,STATION_B_02,308.09,18.1
2025-04-26 09:00:00,STATION_B_02,432.06,19.3
2025-04-26 10:00:00,STATION_B_02,520.09,20.9
2025-04-26 11:00:00,STATION_B_02,560.15,21.3
2025-04-26 12:00:00,STATION_B_02,539.63,20.8
2025-04-26 13:00:00,STATION_B_02,561.31,21.7
2025-04-26 14:00:00,STATION_B_02,552.14,21.7
2025-04-26 15:00:00,STATION_B_02,560.66,27.4
2025-04-26 16:00:00,STATION_B_02,511.14,23.5
2025-04-26 17:00:00,STATION_B_02,430.29,21.2
2025-04-26 18:00:00,STATION_B_02,305.77,22.1
2025-04-26 19:00:00,STATION_B_02,229.23,18.4
2025-04-26 20:00:00,STATION_B_02,168.47,21.8
2025-04-26 21:00:00,STATION_B_02,168.81,16.7
2025-04-26 22:00:00,STATION_B_02,169.79,17.5
2025-04-26 23:00:00,STATION_B_02,168.31,17.4
2025-04-27 00:00:00,STATION_B_02,,15.4
2025-04-27 01:00:00,STATION_B_02,,14.1
2025-04-27 02:00:00,STATION_B_02,,13.4
2025-04-27 03:00:00,STATION_B_02,168.61,13.2
2025-04-27 04:00:00,STATION_B_02,181.15,12.4
2025-04-27 05:00:00,STATION_B_02,183.79,13.1
2025-04-27 06:00:00,STATION_B_02,177.96,17.3
2025-04-27 07:00:00,STATION_B_02,214.49,15.5
2025-04-27 08:00:00,STATION_B_02,328.28,15.4
2025-04-27 09:00:00,STATION_B_02,428.71,17.1
2025-04-27 10:00:00,STATION_B_02,509.21,21.3
2025-04-27 11:00:00,STATION_B_02,,21.7
2025-04-27 12:00:00,STATION_B_02,555.1,22.5
2025-04-27 13:00:00,STATION_B_02,558.56,21.8
2025-04-27 14:00:00,STATION_B_02,543.21,23.7
2025-04-27 15:00:00,STATION_B_02,543.74,21.7
2025-04-27 16:00:00,STATION_B_02,528.4,22.2
2025-04-27 17:00:00,STATION_B_02,429.11,24.0
2025-04-27 18:00:00,STATION_B_02,312.84,23.0
2025-04-27 19:00:00,STATION_B_02,206.43,18.7
2025-04-27 20:00:00,STATION_B_02,182.21,17.8
2025-04-27 21:00:00,STATION_B_02,166.27,18.3
2025-04-27 22:00:00,STATION_B_02,172.23,19.9
2025-04-27 23:00:00,STATION_B_02,174.42,12.2
2025-04-28 00:00:00,STATION_B_02,271.96,15.4
2025-04-28 01:00:00,STATION_B_02,268.73,11.6
2025-04-28 02:00:00,STATION_B_02,295.67,12.5
2025-04-28 03:00:00,STATION_B_02,285.25,12.8
2025-04-28 04:00:00,STATION_B_02,285.62,12.9
2025-04-28 05:00:00,STATION_B_02,293.16,13.1
2025-04-28 06:00:00,STATION_B_02,292.59,14.9
2025-04-28 07:00:00,STATION_B_02,372.76,14.9
2025-04-28 08:00:00,STATION_B_02,515.65,14.4
2025-04-28 09:00:00,STATION_B_02,714.33,19.6
2025-04-28 10:00:00,STATION_B_02,821.41,20.8
2025-04-28 11:00:00,STATION_B_02,880.32,22.2
2025-04-28 12:00:00,STATION_B_02,923.73,18.9
2025-04-28 13:00:00,STATION_B_02,878.29,22.9
2025-04-28 14:00:00,STATION_B_02,914.96,24.1
2025-04-28 15:00:00,STATION_B_02,888.38,21.2
2025-04-28 16:00:00,STATION_B_02,787.39,22.9
2025-04-28 17:00:00,STATION_B_02,684.52,22.2
2025-04-28 18:00:00,STATION_B_02,498.46,25.0
2025-04-28 19:00:00,STATION_B_02,355.45,24.1
2025-04-28 20:00:00,STATION_B_02,290.77,16.5
2025-04-28 21:00:00,STATION_B_02,278.13,22.7
2025-04-28 22:00:00,STATION_B_02,279.76,15.4
2025-04-28 23:00:00,STATION_B_02,269.07,17.6
2025-04-29 00:00:00,STATION_B_02,273.68,16.8
2025-04-29 01:00:00,STATION_B_02,277.31,12.5
2025-04-29 02:00:00,STATION_B_02,280.42,14.7
2025-04-29 03:00:00,STATION_B_02,279.0,13.4
2025-04-29 04:00:00,STATION_B_02,272.26,14.8
2025-04-29 05:00:00,STATION_B_02,277.91,14.7
2025-04-29 06:00:00,STATION_B_02,291.1,17.2
2025-04-29 07:00:00,STATION_B_02,348.52,16.2
2025-04-29 08:00:00,STATION_B_02,520.11,16.9
2025-04-29 09:00:00,STATION_B_02,669.66,20.4
2025-04-29 10:00:00,STATION_B_02,859.69,20.7
2025-04-29 11:00:00,STATION_B_02,904.3,22.1
2025-04-29 12:00:00,STATION_B_02,952.17,20.6
2025-04-29 13:00:00,STATION_B_02,887.62,20.7
2025-04-29 14:00:00,STATION_B_02,934.0,22.0
2025-04-29 15:00:00,STATION_B_02,913.79,22.1
2025-04-29 16:00:00,STATION_B_02,826.43,24.5
2025-04-29 17:00:00,STATION_B_02,686.03,24.3
2025-04-29 18:00:00,STATION_B_02,489.93,21.5
2025-04-29 19:00:00,STATION_B_02,335.59,23.4
2025-04-29 20:00:00,STATION_B_02,275.42,22.1
2025-04-29 21:00:00,STATION_B_02,263.37,18.9
2025-04-29 22:00:00,STATION_B_02,287.01,15.7
2025-04-29 23:00:00,STATION_B_02,260.74,18.9
2025-04-30 00:00:00,STATION_B_02,277.42,15.1
2025-04-30 01:00:00,STATION_B_02,280.06,14.7
2025-04-30 02:00:00,STATION_B_02,281.27,13.4
2025-04-30 03:00:00,STATION_B_02,283.47,12.2
2025-04-30 04:00:00,STATION_B_02,288.34,11.3
2025-04-30 05:00:00,STATION_B_02,273.44,15.6
2025-04-30 06:00:00,STATION_B_02,293.08,13.8
2025-04-30 07:00:00,STATION_B_02,345.6,21.7
2025-04-30 08:00:00,STATION_B_02,537.19,15.4
2025-04-30 09:00:00,STATION_B_02,751.31,16.4
2025-04-30 10:00:00,STATION_B_02,809.55,20.8
2025-04-30 11:00:00,STATION_B_02,845.04,23.8
2025-04-30 12:00:00,STATION_B_02,920.76,22.1
2025-04-30 13:00:00,STATION_B_02,933.64,23.8
2025-04-30 14:00:00,STATION_B_02,963.35,19.9
2025-04-30 15:00:00,STATION_B_02,909.28,22.2
2025-04-30 16:00:00,STATION_B_02,863.49,21.3
2025-04-30 17:00:00,STATION_B_02,732.31,19.4
2025-04-30 18:00:00,STATION_B_02,522.22,22.2
2025-04-30 19:00:00,STATION_B_02,364.69,17.0
2025-04-30 20:00:00,STATION_B_02,277.71,17.5
2025-04-30 21:00:00,STATION_B_02,273.86,17.7
2025-04-30 22:00:00,STATION_B_02,277.52,15.9
2025-04-30 23:00:00,STATION_B_02,273.24,16.9
2025-05-01 00:00:00,STATION_B_02,123.74,16.0
2025-05-01 01:00:00,STATION_B_02,128.72,16.3
2025-05-01 02:00:00,STATION_B_02,,15.5
2025-05-01 03:00:00,STATION_B_02,,16.1
2025-05-01 04:00:00,STATION_B_02,,14.2
2025-05-01 05:00:00,STATION_B_02,,15.2
2025-05-01 06:00:00,STATION_B_02,,16.3
2025-05-01 07:00:00,STATION_B_02,,16.7
2025-05-01 08:00:00,STATION_B_02,,16.8
2025-05-01 09:00:00,STATION_B_02,317.21,18.2
2025-05-01 10:00:00,STATION_B_02,371.96,18.6
2025-05-01 11:00:00,STATION_B_02,381.99,22.0
2025-05-01 12:00:00,STATION_B_02,412.93,22.0
2025-05-01 13:00:00,STATION_B_02,407.43,21.8
2025-05-01 14:00:00,STATION_B_02,400.77,22.2
2025-05-01 15:00:00,STATION_B_02,392.58,21.4
2025-05-01 16:00:00,STATION_B_02,371.41,25.2
2025-05-01 17:00:00,STATION_B_02,315.64,23.1
2025-05-01 18:00:00,STATION_B_02,225.98,20.6
2025-05-01 19:00:00,STATION_B_02,151.68,22.7
2025-05-01 20:00:00,STATION_B_02,128.11,19.0
2025-05-01 21:00:00,STATION_B_02,127.48,16.3
2025-05-01 22:00:00,STATION_B_02,121.94,19.4
2025-05-01 23:00:00,STATION_B_02,124.41,15.4
2025-05-02 00:00:00,STATION_B_02,123.48,14.9
2025-05-02 01:00:00,STATION_B_02,121.63,14.9
2025-05-02 02:00:00,STATION_B_02,120.64,16.4
2025-05-02 03:00:00,STATION_B_02,119.52,14.2
2025-05-02 04:00:00,STATION_B_02,130.02,12.2
2025-05-02 05:00:00,STATION_B_02,125.89,15.8
2025-05-02 06:00:00,STATION_B_02,131.32,14.7
2025-05-02 07:00:00,STATION_B_02,159.32,20.0
2025-05-02 08:00:00,STATION_B_02,233.27,17.7
2025-05-02 09:00:00,STATION_B_02,316.65,15.0
2025-05-02 10:00:00,STATION_B_02,372.69,20.9
2025-05-02 11:00:00,STATION_B_02,396.6,24.9
2025-05-02 12:00:00,STATION_B_02,435.05,25.2
2025-05-02 13:00:00,STATION_B_02,419.69,26.4
2025-05-02 14:00:00,STATION_B_02,410.6,21.8
2025-05-02 15:00:00,STATION_B_02,415.81,25.4
2025-05-02 16:00:00,STATION_B_02,385.82,22.3
2025-05-02 17:00:00,STATION_B_02,300.66,23.5
2025-05-02 18:00:00,STATION_B_02,227.26,20.1
2025-05-02 19:00:00,STATION_B_02,157.86,20.2
2025-05-02 20:00:00,STATION_B_02,130.37,19.0
2025-05-02 21:00:00,STATION_B_02,120.8,20.6
2025-05-02 22:00:00,STATION_B_02,121.64,19.2
2025-05-02 23:00:00,STATION_B_02,121.73,17.1
2025-05-03 00:00:00,STATION_B_02,79.91,13.3
2025-05-03 01:00:00,STATION_B_02,74.47,14.5
2025-05-03 02:00:00,STATION_B_02,76.98,13.2
2025-05-03 03:00:00,STATION_B_02,73.14,15.9
2025-05-03 04:00:00,STATION_B_02,74.51,16.7
2025-05-03 05:00:00,STATION_B_02,77.35,16.9
2025-05-03 06:00:00,STATION_B_02,82.08,14.4
2025-05-03 07:00:00,STATION_B_02,101.16,11.8
2025-05-03 08:00:00,STATION_B_02,149.73,14.7
2025-05-03 09:00:00,STATION_B_02,200.44,21.7
2025-05-03 10:00:00,STATION_B_02,234.01,19.7
2025-05-03 11:00:00,STATION_B_02,252.84,20.2
2025-05-03 12:00:00,STATION_B_02,250.25,25.5
2025-05-03 13:00:00,STATION_B_02,257.64,25.6
2025-05-03 14:00:00,STATION_B_02,245.37,23.9
2025-05-03 15:00:00,STATION_B_02,260.62,23.4
2025-05-03 16:00:00,STATION_B_02,238.63,23.6
2025-05-03 17:00:00,STATION_B_02,187.35,23.7
2025-05-03 18:00:00,STATION_B_02,137.52,25.4
2025-05-03 19:00:00,STATION_B_02,98.13,22.3
2025-05-03 20:00:00,STATION_B_02,77.82,21.7
2025-05-03 21:00:00,STATION_B_02,76.15,21.3
2025-05-03 22:00:00,STATION_B_02,76.15,15.8
2025-05-03 23:00:00,STATION_B_02,79.02,18.1
2025-05-04 00:00:00,STATION_B_02,77.03,15.4
2025-05-04 01:00:00,STATION_B_02,83.75,10.7
2025-05-04 02:00:00,STATION_B_02,79.94,10.9
2025-05-04 03:00:00,STATION_B_02,75.29,12.7
2025-05-04 04:00:00,STATION_B_02,81.11,15.7
2025-05-04 05:00:00,STATION_B_02,79.5,15.4
2025-05-04 06:00:00,STATION_B_02,81.44,16.3
2025-05-04 07:00:00,STATION_B_02,99.46,20.5
2025-05-04 08:00:00,STATION_B_02,140.27,15.8
2025-05-04 09:00:00,STATION_B_02,186.8,19.3
2025-05-04 10:00:00,STATION_B_02,232.52,21.1
2025-05-04 11:00:00,STATION_B_02,259.97,20.4
2025-05-04 12:00:00,STATION_B_02,255.86,22.8
2025-05-04 13:00:00,STATION_B_02,266.62,20.6
2025-05-04 14:00:00,STATION_B_02,261.96,26.5
2025-05-04 15:00:00,STATION_B_02,249.15,22.9
2025-05-04 16:00:00,STATION_B_02,238.93,27.6
2025-05-04 17:00:00,STATION_B_02,201.05,23.5
2025-05-04 18:00:00,STATION_B_02,140.12,24.6
2025-05-04 19:00:00,STATION_B_02,96.7,21.7
2025-05-04 20:00:00,STATION_B_02,79.27,20.5
2025-05-04 21:00:00,STATION_B_02,71.43,18.3
2025-05-04 22:00:00,STATION_B_02,76.5,18.3
2025-05-04 23:00:00,STATION_B_02,77.67,17.5
2025-05-05 00:00:00,STATION_B_02,125.13,14.7
2025-05-05 01:00:00,STATION_B_02,125.52,15.2
2025-05-05 02:00:00,STATION_B_02,125.08,13.8
2025-05-05 03:00:00,STATION_B_02,115.82,18.9
2025-05-05 04:00:00,STATION_B_02,130.05,14.7
2025-05-05 05:00:00,STATION_B_02,121.84,18.2
2025-05-05 06:00:00,STATION_B_02,128.32,15.8
2025-05-05 07:00:00,STATION_B_02,165.68,17.6
2025-05-05 08:00:00,STATION_B_02,239.32,15.9
2025-05-05 09:00:00,STATION_B_02,319.31,18.7
2025-05-05 10:00:00,STATION_B_02,382.98,21.2
2025-05-05 11:00:00,STATION_B_02,389.63,24.8
2025-05-05 12:00:00,STATION_B_02,407.67,23.3
2025-05-05 13:00:00,STATION_B_02,422.76,26.2
2025-05-05 14:00:00,STATION_B_02,401.34,25.3
2025-05-05 15:00:00,STATION_B_02,391.27,27.3
2025-05-05 16:00:00,STATION_B_02,374.67,24.1
2025-05-05 17:00:00,STATION_B_02,312.8,28.0
2025-05-05 18:00:00,STATION_B_02,230.32,22.1
2025-05-05 19:00:00,STATION_B_02,152.07,20.6
2025-05-05 20:00:00,STATION_B_02,120.11,18.6
2025-05-05 21:00:00,STATION_B_02,123.6,23.7
2025-05-05 22:00:00,STATION_B_02,118.22,19.8
2025-05-05 23:00:00,STATION_B_02,121.62,16.5
2025-05-06 00:00:00,STATION_B_02,256.49,18.6
2025-05-06 01:00:00,STATION_B_02,,16.8
2025-05-06 02:00:00,STATION_B_02,274.34,18.6
2025-05-06 03:00:00,STATION_B_02,282.8,12.1
2025-05-06 04:00:00,STATION_B_02,279.44,14.6
2025-05-06 05:00:00,STATION_B_02,263.12,14.7
2025-05-06 06:00:00,STATION_B_02,286.55,12.8
2025-05-06 07:00:00,STATION_B_02,348.7,19.2
2025-05-06 08:00:00,STATION_B_02,503.49,18.0
2025-05-06 09:00:00,STATION_B_02,691.72,21.0
2025-05-06 10:00:00,STATION_B_02,836.32,25.2
2025-05-06 11:00:00,STATION_B_02,918.51,21.5
2025-05-06 12:00:00,STATION_B_02,873.03,22.4
2025-05-06 13:00:00,STATION_B_02,908.8,24.1
2025-05-06 14:00:00,STATION_B_02,924.78,26.1
2025-05-06 15:00:00,STATION_B_02,871.34,23.5
2025-05-06 16:00:00,STATION_B_02,826.85,23.2
2025-05-06 17:00:00,STATION_B_02,701.78,25.8
2025-05-06 18:00:00,STATION_B_02,503.56,23.8
2025-05-06 19:00:00,STATION_B_02,360.45,18.4
2025-05-06 20:00:00,STATION_B_02,286.4,18.8
2025-05-06 21:00:00,STATION_B_02,266.1,22.4
2025-05-06 22:00:00,STATION_B_02,262.86,19.2
2025-05-06 23:00:00,STATION_B_02,277.23,15.9
2025-05-07 00:00:00,STATION_B_02,275.85,16.2
2025-05-07 01:00:00,STATION_B_02,268.6,15.8
2025-05-07 02:00:00,STATION_B_02,278.78,16.6
2025-05-07 03:00:00,STATION_B_02,289.11,12.7
2025-05-07 04:00:00,STATION_B_02,273.66,13.7
2025-05-07 05:00:00,STATION_B_02,270.81,16.2
2025-05-07 06:00:00,STATION_B_02,283.39,16.3
2025-05-07 07:00:00,STATION_B_02,338.66,18.5
2025-05-07 08:00:00,STATION_B_02,544.43,16.4
2025-05-07 09:00:00,STATION_B_02,690.35,20.5
2025-05-07 10:00:00,STATION_B_02,812.58,23.1
2025-05-07 11:00:00,STATION_B_02,866.76,23.2
2025-05-07 12:00:00,STATION_B_02,898.95,23.5
2025-05-07 13:00:00,STATION_B_02,892.71,23.9
2025-05-07 14:00:00,STATION_B_02,942.08,23.0
2025-05-07 15:00:00,STATION_B_02,863.94,24.6
2025-05-07 16:00:00,STATION_B_02,797.9,26.8
2025-05-07 17:00:00,STATION_B_02,703.42,23.8
2025-05-07 18:00:00,STATION_B_02,502.86,21.7
2025-05-07 19:00:00,STATION_B_02,347.09,21.4
2025-05-07 20:00:00,STATION_B_02,285.97,21.5
2025-05-07 21:00:00,STATION_B_02,,19.2
2025-05-07 22:00:00,STATION_B_02,,19.5
2025-05-07 23:00:00,STATION_B_02,,18.4
2025-05-08 00:00:00,STATION_B_02,,18.3
2025-05-08 01:00:00,STATION_B_02,,18.5
2025-05-08 02:00:00,STATION_B_02,,17.2
2025-05-08 03:00:00,STATION_B_02,,13.6
2025-05-08 04:00:00,STATION_B_02,265.37,13.8
2025-05-08 05:00:00,STATION_B_02,273.47,15.8
2025-05-08 06:00:00,STATION_B_02,288.52,15.9
2025-05-08 07:00:00,STATION_B_02,358.85,15.6
2025-05-08 08:00:00,STATION_B_02,518.85,18.0
2025-05-08 09:00:00,STATION_B_02,697.22,19.2
2025-05-08 10:00:00,STATION_B_02,824.55,20.1
2025-05-08 11:00:00,STATION_B_02,922.37,21.9
2025-05-08 12:00:00,STATION_B_02,900.71,25.6
2025-05-08 13:00:00,STATION_B_02,942.84,24.6
2025-05-08 14:00:00,STATION_B_02,900.59,29.2
2025-05-08 15:00:00,STATION_B_02,892.7,25.2
2025-05-08 16:00:00,STATION_B_02,828.29,24.2
2025-05-08 17:00:00,STATION_B_02,697.76,24.2
2025-05-08 18:00:00,STATION_B_02,498.08,23.9
2025-05-08 19:00:00,STATION_B_02,349.02,23.3
2025-05-08 20:00:00,STATION_B_02,292.41,25.1
2025-05-08 21:00:00,STATION_B_02,280.43,18.6
2025-05-08 22:00:00,STATION_B_02,277.03,20.4
2025-05-08 23:00:00,STATION_B_02,263.21,18.1
2025-05-09 00:00:00,STATION_B_02,269.59,14.0
2025-05-09 01:00:00,STATION_B_02,275.06,17.5
2025-05-09 02:00:00,STATION_B_02,278.42,17.9
2025-05-09 03:00:00,STATION_B_02,274.53,13.9
2025-05-09 04:00:00,STATION_B_02,271.04,15.6
2025-05-09 05:00:00,STATION_B_02,290.64,13.0
2025-05-09 06:00:00,STATION_B_02,296.87,14.6
2025-05-09 07:00:00,STATION_B_02,361.81,19.7
2025-05-09 08:00:00,STATION_B_02,507.38,18.2
2025-05-09 09:00:00,STATION_B_02,697.1,18.3
2025-05-09 10:00:00,STATION_B_02,852.3,21.9
2025-05-09 11:00:00,STATION_B_02,888.38,21.7
2025-05-09 12:00:00,STATION_B_02,894.0,22.8
2025-05-09 13:00:00,STATION_B_02,887.86,25.7
2025-05-09 14:00:00,STATION_B_02,896.36,22.8
2025-05-09 15:00:00,STATION_B_02,913.56,23.4
2025-05-09 16:00:00,STATION_B_02,798.8,25.2
2025-05-09 17:00:00,STATION_B_02,705.06,26.2
2025-05-09 18:00:00,STATION_B_02,494.39,25.9
2025-05-09 19:00:00,STATION_B_02,347.24,21.5
2025-05-09 20:00:00,STATION_B_02,280.2,23.2
2025-05-09 21:00:00,STATION_B_02,271.08,18.8
2025-05-09 22:00:00,STATION_B_02,265.52,22.3
2025-05-09 23:00:00,STATION_B_02,272.58,15.8
2025-05-10 00:00:00,STATION_B_02,165.5,19.4
2025-05-10 01:00:00,STATION_B_02,177.48,15.1
2025-05-10 02:00:00,STATION_B_02,168.11,19.4
2025-05-10 03:00:00,STATION_B_02,169.71,16.7
2025-05-10 04:00:00,STATION_B_02,169.65,14.0
2025-05-10 05:00:00,STATION_B_02,170.16,15.3
2025-05-10 06:00:00,STATION_B_02,174.55,18.4
2025-05-10 07:00:00,STATION_B_02,222.5,19.9
2025-05-10 08:00:00,STATION_B_02,310.69,19.1
2025-05-10 09:00:00,STATION_B_02,408.05,20.5
2025-05-10 10:00:00,STATION_B_02,516.36,23.0
2025-05-10 11:00:00,STATION_B_02,549.88,23.1
2025-05-10 12:00:00,STATION_B_02,556.14,21.5
2025-05-10 13:00:00,STATION_B_02,577.34,23.1
2025-05-10 14:00:00,STATION_B_02,523.3,25.5
2025-05-10 15:00:00,STATION_B_02,576.61,27.4
2025-05-10 16:00:00,STATION_B_02,529.72,28.0
2025-05-10 17:00:00,STATION_B_02,423.16,26.0
2025-05-10 18:00:00,STATION_B_02,308.67,24.3
2025-05-10 19:00:00,STATION_B_02,218.76,24.2
2025-05-10 20:00:00,STATION_B_02,178.18,20.5
2025-05-10 21:00:00,STATION_B_02,165.21,20.2
2025-05-10 22:00:00,STATION_B_02,162.33,17.7
2025-05-10 23:00:00,STATION_B_02,180.43,15.8
2025-05-11 00:00:00,STATION_B_02,173.58,17.8
2025-05-11 01:00:00,STATION_B_02,170.92,16.8
2025-05-11 02:00:00,STATION_B_02,170.65,17.2
2025-05-11 03:00:00,STATION_B_02,172.97,16.8
2025-05-11 04:00:00,STATION_B_02,173.84,16.4
2025-05-11 05:00:00,STATION_B_02,161.02,17.5
2025-05-11 06:00:00,STATION_B_02,177.06,17.1
2025-05-11 07:00:00,STATION_B_02,216.66,19.0
2025-05-11 08:00:00,STATION_B_02,317.2,18.1
2025-05-11 09:00:00,STATION_B_02,440.47,21.3
2025-05-11 10:00:00,STATION_B_02,491.68,23.1
2025-05-11 11:00:00,STATION_B_02,535.1,21.8
2025-05-11 12:00:00,STATION_B_02,553.46,24.1
2025-05-11 13:00:00,STATION_B_02,566.35,23.6
2025-05-11 14:00:00,STATION_B_02,575.64,24.3
2025-05-11 15:00:00,STATION_B_02,577.53,23.4
2025-05-11 16:00:00,STATION_B_02,511.85,27.5
2025-05-11 17:00:00,STATION_B_02,439.56,26.7
2025-05-11 18:00:00,STATION_B_02,318.16,25.0
2025-05-11 19:00:00,STATION_B_02,219.02,26.6
2025-05-11 20:00:00,STATION_B_02,174.77,21.5
2025-05-11 21:00:00,STATION_B_02,164.75,26.1
2025-05-11 22:00:00,STATION_B_02,163.78,19.0
2025-05-11 23:00:00,STATION_B_02,163.71,18.7
2025-05-12 00:00:00,STATION_B_02,277.24,16.7
2025-05-12 01:00:00,STATION_B_02,273.54,17.3
2025-05-12 02:00:00,STATION_B_02,,17.7
2025-05-12 03:00:00,STATION_B_02,,15.8
2025-05-12 04:00:00,STATION_B_02,,19.3
2025-05-12 05:00:00,STATION_B_02,,17.1
2025-05-12 06:00:00,STATION_B_02,,17.9
2025-05-12 07:00:00,STATION_B_02,,16.7
2025-05-12 08:00:00,STATION_B_02,,20.3
2025-05-12 09:00:00,STATION_B_02,702.97,20.5
2025-05-12 10:00:00,STATION_B_02,835.16,20.9
2025-05-12 11:00:00,STATION_B_02,877.02,21.8
2025-05-12 12:00:00,STATION_B_02,902.06,29.0
2025-05-12 13:00:00,STATION_B_02,872.83,24.5
2025-05-12 14:00:00,STATION_B_02,911.59,22.8
2025-05-12 15:00:00,STATION_B_02,862.08,24.3
2025-05-12 16:00:00,STATION_B_02,855.14,25.3
2025-05-12 17:00:00,STATION_B_02,692.48,25.9
2025-05-12 18:00:00,STATION_B_02,496.48,25.2
2025-05-12 19:00:00,STATION_B_02,358.94,24.4
2025-05-12 20:00:00,STATION_B_02,275.45,20.9
2025-05-12 21:00:00,STATION_B_02,264.15,21.4
2025-05-12 22:00:00,STATION_B_02,260.09,18.0
2025-05-12 23:00:00,STATION_B_02,283.32,17.3
2025-05-13 00:00:00,STATION_B_02,289.28,15.9
2025-05-13 01:00:00,STATION_B_02,265.45,14.7
2025-05-13 02:00:00,STATION_B_02,266.95,18.2
2025-05-13 03:00:00,STATION_B_02,274.36,17.4
2025-05-13 04:00:00,STATION_B_02,269.31,18.1
2025-05-13 05:00:00,STATION_B_02,275.29,16.9
2025-05-13 06:00:00,STATION_B_02,284.9,19.0
2025-05-13 07:00:00,STATION_B_02,363.83,15.4
2025-05-13 08:00:00,STATION_B_02,493.27,21.3
2025-05-13 09:00:00,STATION_B_02,700.28,21.3
2025-05-13 10:00:00,STATION_B_02,807.98,23.3
2025-05-13 11:00:00,STATION_B_02,884.42,24.0
2025-05-13 12:00:00,STATION_B_02,868.15,22.6
2025-05-13 13:00:00,STATION_B_02,900.66,22.4
2025-05-13 14:00:00,STATION_B_02,895.67,24.3
2025-05-13 15:00:00,STATION_B_02,915.94,26.8
2025-05-13 16:00:00,STATION_B_02,830.86,26.8
2025-05-13 17:00:00,STATION_B_02,696.52,22.7
2025-05-13 18:00:00,STATION_B_02,503.8,22.6
2025-05-13 19:00:00,STATION_B_02,329.22,22.1
2025-05-13 20:00:00,STATION_B_02,267.48,21.6
2025-05-13 21:00:00,STATION_B_02,271.07,18.5
2025-05-13 22:00:00,STATION_B_02,276.21,17.2
2025-05-13 23:00:00,STATION_B_02,272.64,17.1
2025-05-14 00:00:00,STATION_B_02,267.13,17.9
2025-05-14 01:00:00,STATION_B_02,275.61,14.9
2025-05-14 02:00:00,STATION_B_02,273.08,16.3
2025-05-14 03:00:00,STATION_B_02,278.34,18.2
2025-05-14 04:00:00,STATION_B_02,283.53,14.2
2025-05-14 05:00:00,STATION_B_02,271.97,16.6
2025-05-14 06:00:00,STATION_B_02,284.6,19.6
2025-05-14 07:00:00,STATION_B_02,358.15,18.0
2025-05-14 08:00:00,STATION_B_02,517.78,18.9
2025-05-14 09:00:00,STATION_B_02,724.3,23.2
2025-05-14 10:00:00,STATION_B_02,832.47,21.8
2025-05-14 11:00:00,STATION_B_02,921.39,25.5
2025-05-14 12:00:00,STATION_B_02,882.01,25.3
2025-05-14 13:00:00,STATION_B_02,895.38,24.7
2025-05-14 14:00:00,STATION_B_02,858.95,26.6
2025-05-14 15:00:00,STATION_B_02,897.75,26.5
2025-05-14 16:00:00,STATION_B_02,846.37,27.6
2025-05-14 17:00:00,STATION_B_02,648.34,24.3
2025-05-14 18:00:00,STATION_B_02,506.7,24.6
2025-05-14 19:00:00,STATION_B_02,354.08,23.4
2025-05-14 20:00:00,STATION_B_02,285.59,23.6
2025-05-14 21:00:00,STATION_B_02,263.89,19.3
2025-05-14 22:00:00,STATION_B_02,273.58,21.7
2025-05-14 23:00:00,STATION_B_02,271.11,19.6
2025-05-15 00:00:00,STATION_B_02,280.75,15.5
2025-05-15 01:00:00,STATION_B_02,270.55,19.3
2025-05-15 02:00:00,STATION_B_02,272.28,20.7
2025-05-15 03:00:00,STATION_B_02,280.66,18.3
2025-05-15 04:00:00,STATION_B_02,270.13,19.2
2025-05-15 05:00:00,STATION_B_02,277.12,17.3
2025-05-15 06:00:00,STATION_B_02,301.1,14.9
2025-05-15 07:00:00,STATION_B_02,358.62,15.6
2025-05-15 08:00:00,STATION_B_02,493.21,20.5
2025-05-15 09:00:00,STATION_B_02,713.1,20.2
2025-05-15 10:00:00,STATION_B_02,868.39,20.9
2025-05-15 11:00:00,STATION_B_02,924.44,23.6
2025-05-15 12:00:00,STATION_B_02,926.61,25.8
2025-05-15 13:00:00,STATION_B_02,855.22,22.8
2025-05-15 14:00:00,STATION_B_02,894.66,25.1
2025-05-15 15:00:00,STATION_B_02,880.89,28.8
2025-05-15 16:00:00,STATION_B_02,833.56,24.0
2025-05-15 17:00:00,STATION_B_02,725.17,27.0
2025-05-15 18:00:00,STATION_B_02,490.2,23.8
2025-05-15 19:00:00,STATION_B_02,369.03,24.7
2025-05-15 20:00:00,STATION_B_02,278.86,24.5
2025-05-15 21:00:00,STATION_B_02,263.43,22.6
2025-05-15 22:00:00,STATION_B_02,274.19,21.7
2025-05-15 23:00:00,STATION_B_02,281.4,16.8
2025-05-16 00:00:00,STATION_B_02,275.07,20.1
2025-05-16 01:00:00,STATION_B_02,270.73,15.8
2025-05-16 02:00:00,STATION_B_02,277.8,17.3
2025-05-16 03:00:00,STATION_B_02,267.07,17.1
2025-05-16 04:00:00,STATION_B_02,268.02,17.7
2025-05-16 05:00:00,STATION_B_02,273.65,17.9
2025-05-16 06:00:00,STATION_B_02,283.23,16.6
2025-05-16 07:00:00,STATION_B_02,367.93,16.6
2025-05-16 08:00:00,STATION_B_02,497.41,21.8
2025-05-16 09:00:00,STATION_B_02,691.55,21.8
2025-05-16 10:00:00,STATION_B_02,813.77,24.8
2025-05-16 11:00:00,STATION_B_02,918.88,23.8
2025-05-16 12:00:00,STATION_B_02,894.21,22.3
2025-05-16 13:00:00,STATION_B_02,938.05,27.4
2025-05-16 14:00:00,STATION_B_02,935.26,25.4
2025-05-16 15:00:00,STATION_B_02,884.38,26.9
2025-05-16 16:00:00,STATION_B_02,833.49,24.9
2025-05-16 17:00:00,STATION_B_02,686.33,28.6
2025-05-16 18:00:00,STATION_B_02,511.68,23.3
2025-05-16 19:00:00,STATION_B_02,347.04,23.3
2025-05-16 20:00:00,STATION_B_02,278.69,22.9
2025-05-16 21:00:00,STATION_B_02,272.54,19.5
2025-05-16 22:00:00,STATION_B_02,258.45,20.8
2025-05-16 23:00:00,STATION_B_02,267.46,22.0
2025-05-17 00:00:00,STATION_B_02,172.89,17.4
2025-05-17 01:00:00,STATION_B_02,169.94,18.2
2025-05-17 02:00:00,STATION_B_02,178.75,12.1
2025-05-17 03:00:00,STATION_B_02,168.84,16.8
2025-05-17 04:00:00,STATION_B_02,168.76,16.4
2025-05-17 05:00:00,STATION_B_02,166.74,16.0
2025-05-17 06:00:00,STATION_B_02,174.45,20.2
2025-05-17 07:00:00,STATION_B_02,231.18,18.7
2025-05-17 08:00:00,STATION_B_02,318.16,20.1
2025-05-17 09:00:00,STATION_B_02,426.6,21.0
2025-05-17 10:00:00,STATION_B_02,509.46,19.4
2025-05-17 11:00:00,STATION_B_02,531.86,22.0
2025-05-17 12:00:00,STATION_B_02,552.18,26.8
2025-05-17 13:00:00,STATION_B_02,576.16,22.0
2025-05-17 14:00:00,STATION_B_02,558.1,24.9
2025-05-17 15:00:00,STATION_B_02,541.1,25.7
2025-05-17 16:00:00,STATION_B_02,505.14,29.4
2025-05-17 17:00:00,STATION_B_02,438.25,27.2
2025-05-17 18:00:00,STATION_B_02,312.24,24.0
2025-05-17 19:00:00,STATION_B_02,212.8,26.4
2025-05-17 20:00:00,STATION_B_02,173.73,21.6
2025-05-17 21:00:00,STATION_B_02,176.31,23.5
2025-05-17 22:00:00,STATION_B_02,174.93,18.0
2025-05-17 23:00:00,STATION_B_02,173.24,21.2
2025-05-18 00:00:00,STATION_B_02,162.08,17.7
2025-05-18 01:00:00,STATION_B_02,170.71,15.8
2025-05-18 02:00:00,STATION_B_02,167.71,16.8
2025-05-18 03:00:00,STATION_B_02,172.37,17.5
2025-05-18 04:00:00,STATION_B_02,175.71,16.3
2025-05-18 05:00:00,STATION_B_02,171.03,18.6
2025-05-18 06:00:00,STATION_B_02,174.79,17.4
2025-05-18 07:00:00,STATION_B_02,214.24,20.5
2025-05-18 08:00:00,STATION_B_02,319.07,21.4
2025-05-18 09:00:00,STATION_B_02,439.84,21.7
2025-05-18 10:00:00,STATION_B_02,518.59,22.3
2025-05-18 11:00:00,STATION_B_02,556.99,24.5
2025-05-18 12:00:00,STATION_B_02,565.3,26.2
2025-05-18 13:00:00,STATION_B_02,569.16,29.7
2025-05-18 14:00:00,STATION_B_02,575.08,28.1
2025-05-18 15:00:00,STATION_B_02,564.22,28.4
2025-05-18 16:00:00,STATION_B_02,517.03,32.0
2025-05-18 17:00:00,STATION_B_02,430.57,26.9
2025-05-18 18:00:00,STATION_B_02,312.3,26.1
2025-05-18 19:00:00,STATION_B_02,212.01,25.5
2025-05-18 20:00:00,STATION_B_02,171.85,21.2
2025-05-18 21:00:00,STATION_B_02,170.01,21.0
2025-05-18 22:00:00,STATION_B_02,165.09,19.7
2025-05-18 23:00:00,STATION_B_02,170.97,20.6
2025-05-19 00:00:00,STATION_B_02,272.85,18.3
2025-05-19 01:00:00,STATION_B_02,279.32,18.1
2025-05-19 02:00:00,STATION_B_02,276.34,19.3
2025-05-19 03:00:00,STATION_B_02,278.58,18.7
2025-05-19 04:00:00,STATION_B_02,271.47,17.0
2025-05-19 05:00:00,STATION_B_02,279.32,16.6
2025-05-19 06:00:00,STATION_B_02,289.42,20.6
2025-05-19 07:00:00,STATION_B_02,336.8,21.0
2025-05-19 08:00:00,STATION_B_02,538.35,17.8
2025-05-19 09:00:00,STATION_B_02,738.76,21.4
2025-05-19 10:00:00,STATION_B_02,854.24,23.5
2025-05-19 11:00:00,STATION_B_02,914.45,25.8
2025-05-19 12:00:00,STATION_B_02,924.87,27.0
2025-05-19 13:00:00,STATION_B_02,904.29,26.6
2025-05-19 14:00:00,STATION_B_02,908.33,27.7
2025-05-19 15:00:00,STATION_B_02,918.16,26.9
2025-05-19 16:00:00,STATION_B_02,812.63,25.4
2025-05-19 17:00:00,STATION_B_02,676.44,25.7
2025-05-19 18:00:00,STATION_B_02,499.83,25.4
2025-05-19 19:00:00,STATION_B_02,355.13,24.3
2025-05-19 20:00:00,STATION_B_02,278.7,19.8
2025-05-19 21:00:00,STATION_B_02,268.57,21.3
2025-05-19 22:00:00,STATION_B_02,269.07,20.8
2025-05-19 23:00:00,STATION_B_02,265.01,19.1
2025-05-20 00:00:00,STATION_B_02,255.95,18.3
2025-05-20 01:00:00,STATION_B_02,265.26,18.9
2025-05-20 02:00:00,STATION_B_02,278.84,15.6
2025-05-20 03:00:00,STATION_B_02,282.03,14.4
2025-05-20 04:00:00,STATION_B_02,278.76,16.9
2025-05-20 05:00:00,STATION_B_02,277.13,19.4
2025-05-20 06:00:00,STATION_B_02,277.86,21.8
2025-05-20 07:00:00,STATION_B_02,343.13,21.1
2025-05-20 08:00:00,STATION_B_02,519.73,18.3
2025-05-20 09:00:00,STATION_B_02,693.03,21.7
2025-05-20 10:00:00,STATION_B_02,853.71,23.8
2025-05-20 11:00:00,STATION_B_02,904.94,24.9
2025-05-20 12:00:00,STATION_B_02,941.72,26.5
2025-05-20 13:00:00,STATION_B_02,901.29,24.6
2025-05-20 14:00:00,STATION_B_02,936.6,26.9
2025-05-20 15:00:00,STATION_B_02,943.47,27.7
2025-05-20 16:00:00,STATION_B_02,835.23,28.3
2025-05-20 17:00:00,STATION_B_02,704.94,24.8
2025-05-20 18:00:00,STATION_B_02,493.03,24.9
2025-05-20 19:00:00,STATION_B_02,361.6,19.7
2025-05-20 20:00:00,STATION_B_02,290.44,22.3
2025-05-20 21:00:00,STATION_B_02,266.87,21.2
2025-05-20 22:00:00,STATION_B_02,276.46,19.1
2025-05-20 23:00:00,STATION_B_02,272.96,20.0
2025-05-21 00:00:00,STATION_B_02,275.5,18.8
2025-05-21 01:00:00,STATION_B_02,284.97,14.1
2025-05-21 02:00:00,STATION_B_02,277.44,18.0
2025-05-21 03:00:00,STATION_B_02,275.73,15.8
2025-05-21 04:00:00,STATION_B_02,279.03,18.5
2025-05-21 05:00:00,STATION_B_02,285.69,15.8
2025-05-21 06:00:00,STATION_B_02,282.44,19.0
2025-05-21 07:00:00,STATION_B_02,354.0,19.4
2025-05-21 08:00:00,STATION_B_02,483.18,21.6
2025-05-21 09:00:00,STATION_B_02,706.76,22.5
2025-05-21 10:00:00,STATION_B_02,860.95,23.1
2025-05-21 11:00:00,STATION_B_02,890.75,21.9
2025-05-21 12:00:00,STATION_B_02,914.87,23.0
2025-05-21 13:00:00,STATION_B_02,907.51,25.4
2025-05-21 14:00:00,STATION_B_02,902.61,26.9
2025-05-21 15:00:00,STATION_B_02,901.87,26.0
2025-05-21 16:00:00,STATION_B_02,817.42,28.1
2025-05-21 17:00:00,STATION_B_02,691.96,26.0
2025-05-21 18:00:00,STATION_B_02,493.59,24.0
2025-05-21 19:00:00,STATION_B_02,354.82,24.2
2025-05-21 20:00:00,STATION_B_02,284.04,23.9
2025-05-21 21:00:00,STATION_B_02,266.36,22.9
2025-05-21 22:00:00,STATION_B_02,268.74,24.4
2025-05-21 23:00:00,STATION_B_02,271.33,18.7
2025-05-22 00:00:00,STATION_B_02,280.8,18.9
2025-05-22 01:00:00,STATION_B_02,269.38,19.1
2025-05-22 02:00:00,STATION_B_02,278.76,17.8
2025-05-22 03:00:00,STATION_B_02,270.56,16.8
2025-05-22 04:00:00,STATION_B_02,283.83,15.0
2025-05-22 05:00:00,STATION_B_02,283.15,17.4
2025-05-22 06:00:00,STATION_B_02,297.44,17.1
2025-05-22 07:00:00,STATION_B_02,372.16,17.0
2025-05-22 08:00:00,STATION_B_02,515.2,19.8
2025-05-22 09:00:00,STATION_B_02,724.07,20.6
2025-05-22 10:00:00,STATION_B_02,870.06,24.8
2025-05-22 11:00:00,STATION_B_02,870.71,25.9
2025-05-22 12:00:00,STATION_B_02,897.83,24.2
2025-05-22 13:00:00,STATION_B_02,877.66,26.1
2025-05-22 14:00:00,STATION_B_02,937.31,23.7
2025-05-22 15:00:00,STATION_B_02,861.71,26.4
2025-05-22 16:00:00,STATION_B_02,796.2,27.8
2025-05-22 17:00:00,STATION_B_02,676.67,28.1
2025-05-22 18:00:00,STATION_B_02,482.87,24.6
2025-05-22 19:00:00,STATION_B_02,352.11,26.8
2025-05-22 20:00:00,STATION_B_02,275.87,21.0
2025-05-22 21:00:00,STATION_B_02,259.97,20.2
2025-05-22 22:00:00,STATION_B_02,268.32,22.5
2025-05-22 23:00:00,STATION_B_02,268.71,23.1
2025-05-23 00:00:00,STATION_B_02,258.06,20.1
2025-05-23 01:00:00,STATION_B_02,268.48,18.4
2025-05-23 02:00:00,STATION_B_02,278.88,14.0
2025-05-23 03:00:00,STATION_B_02,276.63,14.2
2025-05-23 04:00:00,STATION_B_02,271.47,18.2
2025-05-23 05:00:00,STATION_B_02,283.71,17.8
2025-05-23 06:00:00,STATION_B_02,305.43,17.2
2025-05-23 07:00:00,STATION_B_02,349.84,20.3
2025-05-23 08:00:00,STATION_B_02,489.6,21.6
2025-05-23 09:00:00,STATION_B_02,692.63,24.3
2025-05-23 10:00:00,STATION_B_02,839.46,24.1
2025-05-23 11:00:00,STATION_B_02,896.09,27.2
2025-05-23 12:00:00,STATION_B_02,927.1,26.0
2025-05-23 13:00:00,STATION_B_02,966.19,26.6
2025-05-23 14:00:00,STATION_B_02,871.97,29.2
2025-05-23 15:00:00,STATION_B_02,885.52,25.7
2025-05-23 16:00:00,STATION_B_02,868.73,32.3
2025-05-23 17:00:00,STATION_B_02,687.45,27.4
2025-05-23 18:00:00,STATION_B_02,516.37,26.7
2025-05-23 19:00:00,STATION_B_02,355.55,26.0
2025-05-23 20:00:00,STATION_B_02,291.65,27.2
2025-05-23 21:00:00,STATION_B_02,283.06,24.0
2025-05-23 22:00:00,STATION_B_02,275.84,18.5
2025-05-23 23:00:00,STATION_B_02,256.53,22.7
2025-05-24 00:00:00,STATION_B_02,166.3,18.8
2025-05-24 01:00:00,STATION_B_02,178.98,18.8
2025-05-24 02:00:00,STATION_B_02,165.51,15.8
2025-05-24 03:00:00,STATION_B_02,171.45,18.9
2025-05-24 04:00:00,STATION_B_02,159.73,17.0
2025-05-24 05:00:00,STATION_B_02,163.97,18.8
2025-05-24 06:00:00,STATION_B_02,182.13,18.9
2025-05-24 07:00:00,STATION_B_02,217.2,23.8
2025-05-24 08:00:00,STATION_B_02,310.8,25.1
2025-05-24 09:00:00,STATION_B_02,423.15,22.9
2025-05-24 10:00:00,STATION_B_02,491.24,24.1
2025-05-24 11:00:00,STATION_B_02,566.69,24.5
2025-05-24 12:00:00,STATION_B_02,561.96,28.2
2025-05-24 13:00:00,STATION_B_02,544.35,26.3
2025-05-24 14:00:00,STATION_B_02,566.58,26.7
2025-05-24 15:00:00,STATION_B_02,565.08,29.3
2025-05-24 16:00:00,STATION_B_02,515.45,26.4
2025-05-24 17:00:00,STATION_B_02,433.63,26.9
2025-05-24 18:00:00,STATION_B_02,314.2,23.3
2025-05-24 19:00:00,STATION_B_02,213.02,26.4
2025-05-24 20:00:00,STATION_B_02,175.54,27.5
2025-05-24 21:00:00,STATION_B_02,170.47,24.1
2025-05-24 22:00:00,STATION_B_02,171.2,24.2
2025-05-24 23:00:00,STATION_B_02,172.81,18.8
2025-05-25 00:00:00,STATION_B_02,165.53,20.0
2025-05-25 01:00:00,STATION_B_02,173.73,17.1
2025-05-25 02:00:00,STATION_B_02,172.29,17.9
2025-05-25 03:00:00,STATION_B_02,165.75,19.5
2025-05-25 04:00:00,STATION_B_02,167.69,18.5
2025-05-25 05:00:00,STATION_B_02,175.24,16.2
2025-05-25 06:00:00,STATION_B_02,186.05,17.2
2025-05-25 07:00:00,STATION_B_02,210.99,18.0
2025-05-25 08:00:00,STATION_B_02,327.45,22.6
2025-05-25 09:00:00,STATION_B_02,445.66,26.6
2025-05-25 10:00:00,STATION_B_02,521.13,26.6
2025-05-25 11:00:00,STATION_B_02,553.74,21.9
2025-05-25 12:00:00,STATION_B_02,572.22,28.9
2025-05-25 13:00:00,STATION_B_02,557.67,28.8
2025-05-25 14:00:00,STATION_B_02,563.86,24.8
2025-05-25 15:00:00,STATION_B_02,535.64,27.2
2025-05-25 16:00:00,STATION_B_02,494.98,29.5
2025-05-25 17:00:00,STATION_B_02,458.81,28.1
2025-05-25 18:00:00,STATION_B_02,314.59,24.0
2025-05-25 19:00:00,STATION_B_02,218.29,26.4
2025-05-25 20:00:00,STATION_B_02,176.72,20.3
2025-05-25 21:00:00,STATION_B_02,163.77,22.5
2025-05-25 22:00:00,STATION_B_02,165.48,23.7
2025-05-25 23:00:00,STATION_B_02,168.4,20.6
2025-05-26 00:00:00,STATION_B_02,272.11,18.8
2025-05-26 01:00:00,STATION_B_02,265.87,20.5
2025-05-26 02:00:00,STATION_B_02,275.0,20.2
2025-05-26 03:00:00,STATION_B_02,272.35,20.6
2025-05-26 04:00:00,STATION_B_02,274.66,20.0
2025-05-26 05:00:00,STATION_B_02,276.62,20.9
2025-05-26 06:00:00,STATION_B_02,283.21,21.0
2025-05-26 07:00:00,STATION_B_02,350.36,21.2
2025-05-26 08:00:00,STATION_B_02,526.41,22.0
2025-05-26 09:00:00,STATION_B_02,681.0,22.7
2025-05-26 10:00:00,STATION_B_02,795.98,22.1
2025-05-26 11:00:00,STATION_B_02,911.94,23.8
2025-05-26 12:00:00,STATION_B_02,899.29,26.0
2025-05-26 13:00:00,STATION_B_02,889.65,27.7
2025-05-26 14:00:00,STATION_B_02,935.3,30.3
2025-05-26 15:00:00,STATION_B_02,895.58,27.8
2025-05-26 16:00:00,STATION_B_02,809.27,29.5
2025-05-26 17:00:00,STATION_B_02,733.28,29.2
2025-05-26 18:00:00,STATION_B_02,485.67,26.1
2025-05-26 19:00:00,STATION_B_02,349.65,26.6
2025-05-26 20:00:00,STATION_B_02,269.17,23.9
2025-05-26 21:00:00,STATION_B_02,272.03,25.5
2025-05-26 22:00:00,STATION_B_02,264.74,23.0
2025-05-26 23:00:00,STATION_B_02,279.71,18.5
2025-05-27 00:00:00,STATION_B_02,271.77,20.1
2025-05-27 01:00:00,STATION_B_02,278.84,22.0
2025-05-27 02:00:00,STATION_B_02,271.34,18.3
2025-05-27 03:00:00,STATION_B_02,261.71,19.2
2025-05-27 04:00:00,STATION_B_02,274.34,19.6
2025-05-27 05:00:00,STATION_B_02,274.96,17.2
2025-05-27 06:00:00,STATION_B_02,271.54,20.8
2025-05-27 07:00:00,STATION_B_02,347.32,18.3
2025-05-27 08:00:00,STATION_B_02,500.33,20.9
2025-05-27 09:00:00,STATION_B_02,726.87,25.2
2025-05-27 10:00:00,STATION_B_02,852.73,25.1
2025-05-27 11:00:00,STATION_B_02,891.44,25.1
2025-05-27 12:00:00,STATION_B_02,926.09,27.4
2025-05-27 13:00:00,STATION_B_02,867.35,27.3
2025-05-27 14:00:00,STATION_B_02,901.45,27.9
2025-05-27 15:00:00,STATION_B_02,908.97,29.2
2025-05-27 16:00:00,STATION_B_02,840.94,26.6
2025-05-27 17:00:00,STATION_B_02,688.85,27.5
2025-05-27 18:00:00,STATION_B_02,506.74,26.1
2025-05-27 19:00:00,STATION_B_02,353.77,22.8
2025-05-27 20:00:00,STATION_B_02,283.2,22.8
2025-05-27 21:00:00,STATION_B_02,276.37,26.1
2025-05-27 22:00:00,STATION_B_02,903.54,22.7
2025-05-27 23:00:00,STATION_B_02,277.83,18.4
2025-05-28 00:00:00,STATION_B_02,288.33,17.2
2025-05-28 01:00:00,STATION_B_02,279.48,19.0
2025-05-28 02:00:00,STATION_B_02,282.41,21.6
2025-05-28 03:00:00,STATION_B_02,269.84,18.2
2025-05-28 04:00:00,STATION_B_02,259.6,21.1
2025-05-28 05:00:00,STATION_B_02,272.41,19.9
2025-05-28 06:00:00,STATION_B_02,283.45,20.8
2025-05-28 07:00:00,STATION_B_02,370.49,18.6
2025-05-28 08:00:00,STATION_B_02,492.69,23.8
2025-05-28 09:00:00,STATION_B_02,697.71,22.8
2025-05-28 10:00:00,STATION_B_02,846.78,26.2
2025-05-28 11:00:00,STATION_B_02,902.59,24.3
2025-05-28 12:00:00,STATION_B_02,911.48,27.1
2025-05-28 13:00:00,STATION_B_02,925.15,28.2
2025-05-28 14:00:00,STATION_B_02,941.26,27.7
2025-05-28 15:00:00,STATION_B_02,936.21,28.9
2025-05-28 16:00:00,STATION_B_02,838.68,27.5
2025-05-28 17:00:00,STATION_B_02,684.33,26.4
2025-05-28 18:00:00,STATION_B_02,527.88,29.7
2025-05-28 19:00:00,STATION_B_02,341.12,27.7
2025-05-28 20:00:00,STATION_B_02,296.68,23.3
2025-05-28 21:00:00,STATION_B_02,279.97,24.4
2025-05-28 22:00:00,STATION_B_02,281.74,20.8
2025-05-28 23:00:00,STATION_B_02,278.73,18.8
2025-05-29 00:00:00,STATION_B_02,254.98,22.0
2025-05-29 01:00:00,STATION_B_02,269.98,16.3
2025-05-29 02:00:00,STATION_B_02,273.91,20.6
2025-05-29 03:00:00,STATION_B_02,270.0,18.3
2025-05-29 04:00:00,STATION_B_02,272.27,18.5
2025-05-29 05:00:00,STATION_B_02,277.64,20.1
2025-05-29 06:00:00,STATION_B_02,283.6,21.2
2025-05-29 07:00:00,STATION_B_02,344.1,19.6
2025-05-29 08:00:00,STATION_B_02,519.71,23.6
2025-05-29 09:00:00,STATION_B_02,709.07,23.7
2025-05-29 10:00:00,STATION_B_02,833.19,22.5
2025-05-29 11:00:00,STATION_B_02,917.63,25.6
2025-05-29 12:00:00,STATION_B_02,918.56,29.4
2025-05-29 13:00:00,STATION_B_02,949.09,30.7
2025-05-29 14:00:00,STATION_B_02,919.91,29.5
2025-05-29 15:00:00,STATION_B_02,931.99,26.2
2025-05-29 16:00:00,STATION_B_02,797.78,29.0
2025-05-29 17:00:00,STATION_B_02,708.08,
2025-05-29 18:00:00,STATION_B_02,502.77,28.2
2025-05-29 19:00:00,STATION_B_02,343.38,27.3
2025-05-29 20:00:00,STATION_B_02,292.25,25.4
2025-05-29 21:00:00,STATION_B_02,276.99,23.4
2025-05-29 22:00:00,STATION_B_02,256.79,21.2
2025-05-29 23:00:00,STATION_B_02,280.73,17.7
2025-05-30 00:00:00,STATION_B_02,275.72,20.9
2025-05-30 01:00:00,STATION_B_02,267.8,19.8
2025-05-30 02:00:00,STATION_B_02,266.75,20.0
2025-05-30 03:00:00,STATION_B_02,266.03,16.5
2025-05-30 04:00:00,STATION_B_02,270.09,20.2
2025-05-30 05:00:00,STATION_B_02,269.7,23.2
2025-05-30 06:00:00,STATION_B_02,292.11,20.4
2025-05-30 07:00:00,STATION_B_02,355.46,21.2
2025-05-30 08:00:00,STATION_B_02,494.43,23.0
2025-05-30 09:00:00,STATION_B_02,704.65,27.3
2025-05-30 10:00:00,STATION_B_02,833.79,23.1
2025-05-30 11:00:00,STATION_B_02,879.82,26.4
2025-05-30 12:00:00,STATION_B_02,879.18,25.6
2025-05-30 13:00:00,STATION_B_02,933.04,26.8
2025-05-30 14:00:00,STATION_B_02,927.74,28.2
2025-05-30 15:00:00,STATION_B_02,914.8,30.9
2025-05-30 16:00:00,STATION_B_02,823.46,31.5
2025-05-30 17:00:00,STATION_B_02,703.44,28.6
2025-05-30 18:00:00,STATION_B_02,490.28,26.4
2025-05-30 19:00:00,STATION_B_02,342.51,30.6
2025-05-30 20:00:00,STATION_B_02,284.2,24.1
2025-05-30 21:00:00,STATION_B_02,272.82,22.6
2025-05-30 22:00:00,STATION_B_02,262.2,19.2
2025-05-30 23:00:00,STATION_B_02,262.62,23.8
2025-05-31 00:00:00,STATION_B_02,74.69,22.2
2025-05-31 01:00:00,STATION_B_02,77.28,24.0
2025-05-31 02:00:00,STATION_B_02,75.78,16.7
2025-05-31 03:00:00,STATION_B_02,75.82,21.6
2025-05-31 04:00:00,STATION_B_02,76.92,19.3
2025-05-31 05:00:00,STATION_B_02,75.51,21.1
2025-05-31 06:00:00,STATION_B_02,81.66,17.5
2025-05-31 07:00:00,STATION_B_02,94.73,24.1
2025-05-31 08:00:00,STATION_B_02,139.57,24.0
2025-05-31 09:00:00,STATION_B_02,202.86,23.7
2025-05-31 10:00:00,STATION_B_02,243.56,26.2
2025-05-31 11:00:00,STATION_B_02,257.33,24.8
2025-05-31 12:00:00,STATION_B_02,263.43,26.2
2025-05-31 13:00:00,STATION_B_02,244.22,27.1
2025-05-31 14:00:00,STATION_B_02,249.79,25.1
2025-05-31 15:00:00,STATION_B_02,249.78,30.2
2025-05-31 16:00:00,STATION_B_02,249.12,30.6
2025-05-31 17:00:00,STATION_B_02,193.98,26.7
2025-05-31 18:00:00,STATION_B_02,144.74,27.8
2025-05-31 19:00:00,STATION_B_02,99.13,25.7
2025-05-31 20:00:00,STATION_B_02,80.03,25.6
2025-05-31 21:00:00,STATION_B_02,75.62,22.7
2025-05-31 22:00:00,STATION_B_02,,21.0
2025-05-31 23:00:00,STATION_B_02,70.12,23.3
2025-06-01 00:00:00,STATION_B_02,78.6,20.4
2025-06-01 01:00:00,STATION_B_02,74.27,23.4
2025-06-01 02:00:00,STATION_B_02,72.75,19.4
2025-06-01 03:00:00,STATION_B_02,78.06,17.5
2025-06-01 04:00:00,STATION_B_02,76.49,21.5
2025-06-01 05:00:00,STATION_B_02,77.66,20.9
2025-06-01 06:00:00,STATION_B_02,81.72,21.9
2025-06-01 07:00:00,STATION_B_02,95.91,23.7
2025-06-01 08:00:00,STATION_B_02,139.21,21.5
2025-06-01 09:00:00,STATION_B_02,194.13,23.7
2025-06-01 10:00:00,STATION_B_02,239.63,24.9
2025-06-01 11:00:00,STATION_B_02,238.28,24.0
2025-06-01 12:00:00,STATION_B_02,257.21,26.9
2025-06-01 13:00:00,STATION_B_02,262.86,30.5
2025-06-01 14:00:00,STATION_B_02,262.29,29.0
2025-06-01 15:00:00,STATION_B_02,256.71,26.3
2025-06-01 16:00:00,STATION_B_02,241.11,25.8
2025-06-01 17:00:00,STATION_B_02,181.78,31.1
2025-06-01 18:00:00,STATION_B_02,148.09,27.2
2025-06-01 19:00:00,STATION_B_02,99.11,25.2
2025-06-01 20:00:00,STATION_B_02,82.13,24.7
2025-06-01 21:00:00,STATION_B_02,73.69,21.3
2025-06-01 22:00:00,STATION_B_02,72.05,25.3
2025-06-01 23:00:00,STATION_B_02,79.45,20.8
2025-06-02 00:00:00,STATION_B_02,118.93,23.2
2025-06-02 01:00:00,STATION_B_02,122.08,20.0
2025-06-02 02:00:00,STATION_B_02,123.54,22.0
2025-06-02 03:00:00,STATION_B_02,125.72,19.8
2025-06-02 04:00:00,STATION_B_02,125.93,21.0
2025-06-02 05:00:00,STATION_B_02,123.47,21.2
2025-06-02 06:00:00,STATION_B_02,124.75,21.8
2025-06-02 07:00:00,STATION_B_02,161.56,22.3
2025-06-02 08:00:00,STATION_B_02,233.79,22.4
2025-06-02 09:00:00,STATION_B_02,301.15,27.5
2025-06-02 10:00:00,STATION_B_02,392.79,23.7
2025-06-02 11:00:00,STATION_B_02,380.66,26.5
2025-06-02 12:00:00,STATION_B_02,425.04,27.5
2025-06-02 13:00:00,STATION_B_02,407.54,29.0
2025-06-02 14:00:00,STATION_B_02,421.5,28.0
2025-06-02 15:00:00,STATION_B_02,412.38,29.5
2025-06-02 16:00:00,STATION_B_02,378.46,28.4
2025-06-02 17:00:00,STATION_B_02,319.78,25.4
2025-06-02 18:00:00,STATION_B_02,228.97,27.5
2025-06-02 19:00:00,STATION_B_02,161.6,24.5
2025-06-02 20:00:00,STATION_B_02,135.44,22.2
2025-06-02 21:00:00,STATION_B_02,118.03,24.3
2025-06-02 22:00:00,STATION_B_02,111.78,23.7
2025-06-02 23:00:00,STATION_B_02,120.56,22.6
2025-06-03 00:00:00,STATION_B_02,267.9,21.9
2025-06-03 01:00:00,STATION_B_02,275.72,16.6
2025-06-03 02:00:00,STATION_B_02,271.02,17.1
2025-06-03 03:00:00,STATION_B_02,277.27,23.0
2025-06-03 04:00:00,STATION_B_02,267.02,17.7
2025-06-03 05:00:00,STATION_B_02,276.38,21.2
2025-06-03 06:00:00,STATION_B_02,293.31,19.6
2025-06-03 07:00:00,STATION_B_02,355.9,22.0
2025-06-03 08:00:00,STATION_B_02,517.38,21.8
2025-06-03 09:00:00,STATION_B_02,720.5,25.2
2025-06-03 10:00:00,STATION_B_02,843.92,25.7
2025-06-03 11:00:00,STATION_B_02,897.25,25.8
2025-06-03 12:00:00,STATION_B_02,932.46,25.7
2025-06-03 13:00:00,STATION_B_02,936.25,28.9
2025-06-03 14:00:00,STATION_B_02,942.12,26.7
2025-06-03 15:00:00,STATION_B_02,865.11,29.8
2025-06-03 16:00:00,STATION_B_02,838.75,33.6
2025-06-03 17:00:00,STATION_B_02,683.69,30.8
2025-06-03 18:00:00,STATION_B_02,517.98,28.9
2025-06-03 19:00:00,STATION_B_02,359.63,26.5
2025-06-03 20:00:00,STATION_B_02,283.1,22.0
2025-06-03 21:00:00,STATION_B_02,267.12,21.8
2025-06-03 22:00:00,STATION_B_02,275.37,25.3
2025-06-03 23:00:00,STATION_B_02,272.36,20.4
2025-06-04 00:00:00,STATION_B_02,284.74,19.7
2025-06-04 01:00:00,STATION_B_02,286.93,19.9
2025-06-04 02:00:00,STATION_B_02,284.34,17.8
2025-06-04 03:00:00,STATION_B_02,279.43,17.4
2025-06-04 04:00:00,STATION_B_02,287.71,19.6
2025-06-04 05:00:00,STATION_B_02,278.74,18.6
2025-06-04 06:00:00,STATION_B_02,285.21,19.6
2025-06-04 07:00:00,STATION_B_02,349.67,20.6
2025-06-04 08:00:00,STATION_B_02,501.77,24.1
2025-06-04 09:00:00,STATION_B_02,703.87,23.9
2025-06-04 10:00:00,STATION_B_02,853.91,25.3
2025-06-04 11:00:00,STATION_B_02,873.13,27.8
2025-06-04 12:00:00,STATION_B_02,911.15,27.5
2025-06-04 13:00:00,STATION_B_02,928.06,28.0
2025-06-04 14:00:00,STATION_B_02,937.34,29.8
2025-06-04 15:00:00,STATION_B_02,905.88,30.4
2025-06-04 16:00:00,STATION_B_02,849.14,28.7
2025-06-04 17:00:00,STATION_B_02,681.34,28.7
2025-06-04 18:00:00,STATION_B_02,499.02,26.3
2025-06-04 19:00:00,STATION_B_02,352.82,25.2
2025-06-04 20:00:00,STATION_B_02,289.23,27.0
2025-06-04 21:00:00,STATION_B_02,274.03,25.2
2025-06-04 22:00:00,STATION_B_02,265.49,23.9
2025-06-04 23:00:00,STATION_B_02,269.8,22.5
2025-06-05 00:00:00,STATION_B_02,283.62,21.2
2025-06-05 01:00:00,STATION_B_02,276.2,21.6
2025-06-05 02:00:00,STATION_B_02,271.26,21.5
2025-06-05 03:00:00,STATION_B_02,265.42,21.3
2025-06-05 04:00:00,STATION_B_02,269.87,19.7
2025-06-05 05:00:00,STATION_B_02,272.77,22.8
2025-06-05 06:00:00,STATION_B_02,288.55,21.5
2025-06-05 07:00:00,STATION_B_02,359.01,23.2
2025-06-05 08:00:00,STATION_B_02,516.93,23.8
2025-06-05 09:00:00,STATION_B_02,698.09,24.9
2025-06-05 10:00:00,STATION_B_02,833.59,24.4
2025-06-05 11:00:00,STATION_B_02,955.93,28.2
2025-06-05 12:00:00,STATION_B_02,909.72,33.0
2025-06-05 13:00:00,STATION_B_02,893.08,28.0
2025-06-05 14:00:00,STATION_B_02,883.75,29.3
2025-06-05 15:00:00,STATION_B_02,899.3,28.5
2025-06-05 16:00:00,STATION_B_02,865.48,28.3
2025-06-05 17:00:00,STATION_B_02,694.34,31.4
2025-06-05 18:00:00,STATION_B_02,531.44,26.7
2025-06-05 19:00:00,STATION_B_02,353.76,26.0
2025-06-05 20:00:00,STATION_B_02,294.05,22.9
2025-06-05 21:00:00,STATION_B_02,267.36,23.1
2025-06-05 22:00:00,STATION_B_02,269.01,20.2
2025-06-05 23:00:00,STATION_B_02,272.45,23.2
2025-06-06 00:00:00,STATION_B_02,275.56,26.3
2025-06-06 01:00:00,STATION_B_02,273.86,19.8
2025-06-06 02:00:00,STATION_B_02,281.1,17.0
2025-06-06 03:00:00,STATION_B_02,277.09,21.4
2025-06-06 04:00:00,STATION_B_02,266.47,18.7
2025-06-06 05:00:00,STATION_B_02,270.66,22.8
2025-06-06 06:00:00,STATION_B_02,284.12,20.7
2025-06-06 07:00:00,STATION_B_02,351.55,21.1
2025-06-06 08:00:00,STATION_B_02,517.87,23.1
2025-06-06 09:00:00,STATION_B_02,696.55,26.0
2025-06-06 10:00:00,STATION_B_02,801.85,25.5
2025-06-06 11:00:00,STATION_B_02,903.25,26.1
2025-06-06 12:00:00,STATION_B_02,898.73,27.7
2025-06-06 13:00:00,STATION_B_02,937.3,26.5
2025-06-06 14:00:00,STATION_B_02,943.68,30.0
2025-06-06 15:00:00,STATION_B_02,857.46,26.2
2025-06-06 16:00:00,STATION_B_02,828.94,28.5
2025-06-06 17:00:00,STATION_B_02,712.32,30.1
2025-06-06 18:00:00,STATION_B_02,493.7,28.6
2025-06-06 19:00:00,STATION_B_02,361.51,28.1
2025-06-06 20:00:00,STATION_B_02,294.0,25.7
2025-06-06 21:00:00,STATION_B_02,271.95,26.7
2025-06-06 22:00:00,STATION_B_02,266.71,25.0
2025-06-06 23:00:00,STATION_B_02,255.82,23.0
2025-06-07 00:00:00,STATION_B_02,172.55,23.0
2025-06-07 01:00:00,STATION_B_02,177.82,21.9
2025-06-07 02:00:00,STATION_B_02,179.23,19.3
2025-06-07 03:00:00,STATION_B_02,171.88,17.5
2025-06-07 04:00:00,STATION_B_02,165.11,20.9
2025-06-07 05:00:00,STATION_B_02,173.61,21.6
2025-06-07 06:00:00,STATION_B_02,177.09,23.3
2025-06-07 07:00:00,STATION_B_02,224.19,20.7
2025-06-07 08:00:00,STATION_B_02,320.87,21.9
2025-06-07 09:00:00,STATION_B_02,439.29,25.6
2025-06-07 10:00:00,STATION_B_02,539.28,25.9
2025-06-07 11:00:00,STATION_B_02,579.91,23.8
2025-06-07 12:00:00,STATION_B_02,566.08,28.8
2025-06-07 13:00:00,STATION_B_02,560.74,25.6
2025-06-07 14:00:00,STATION_B_02,536.6,27.7
2025-06-07 15:00:00,STATION_B_02,559.21,32.0
2025-06-07 16:00:00,STATION_B_02,510.31,32.7
2025-06-07 17:00:00,STATION_B_02,443.02,26.7
2025-06-07 18:00:00,STATION_B_02,315.4,27.5
2025-06-07 19:00:00,STATION_B_02,218.68,27.2
2025-06-07 20:00:00,STATION_B_02,181.44,29.2
2025-06-07 21:00:00,STATION_B_02,171.31,23.9
2025-06-07 22:00:00,STATION_B_02,168.48,22.6
2025-06-07 23:00:00,STATION_B_02,176.4,25.1
2025-06-08 00:00:00,STATION_B_02,173.5,20.8
2025-06-08 01:00:00,STATION_B_02,167.4,22.0
2025-06-08 02:00:00,STATION_B_02,171.3,17.6
2025-06-08 03:00:00,STATION_B_02,174.63,19.8
2025-06-08 04:00:00,STATION_B_02,174.17,17.2
2025-06-08 05:00:00,STATION_B_02,167.48,18.8
2025-06-08 06:00:00,STATION_B_02,182.08,23.0
2025-06-08 07:00:00,STATION_B_02,227.5,22.4
2025-06-08 08:00:00,STATION_B_02,328.43,23.1
2025-06-08 09:00:00,STATION_B_02,456.49,23.5
2025-06-08 10:00:00,STATION_B_02,554.31,25.7
2025-06-08 11:00:00,STATION_B_02,590.54,27.8
2025-06-08 12:00:00,STATION_B_02,579.83,30.0
2025-06-08 13:00:00,STATION_B_02,572.27,24.3
2025-06-08 14:00:00,STATION_B_02,547.4,28.0
2025-06-08 15:00:00,STATION_B_02,565.29,30.0
2025-06-08 16:00:00,STATION_B_02,533.13,29.3
2025-06-08 17:00:00,STATION_B_02,439.39,29.8
2025-06-08 18:00:00,STATION_B_02,303.01,28.7
2025-06-08 19:00:00,STATION_B_02,218.66,26.7
2025-06-08 20:00:00,STATION_B_02,180.94,25.2
2025-06-08 21:00:00,STATION_B_02,165.29,24.4
2025-06-08 22:00:00,STATION_B_02,169.98,25.7
2025-06-08 23:00:00,STATION_B_02,171.86,21.2
2025-06-09 00:00:00,STATION_B_02,282.04,21.5
2025-06-09 01:00:00,STATION_B_02,286.74,21.2
2025-06-09 02:00:00,STATION_B_02,270.69,23.2
2025-06-09 03:00:00,STATION_B_02,277.91,19.7
2025-06-09 04:00:00,STATION_B_02,274.92,22.1
2025-06-09 05:00:00,STATION_B_02,278.94,23.1
2025-06-09 06:00:00,STATION_B_02,292.23,21.5
2025-06-09 07:00:00,STATION_B_02,369.06,22.2
2025-06-09 08:00:00,STATION_B_02,483.55,23.2
2025-06-09 09:00:00,STATION_B_02,716.7,24.5
2025-06-09 10:00:00,STATION_B_02,860.52,27.8
2025-06-09 11:00:00,STATION_B_02,907.34,27.8
2025-06-09 12:00:00,STATION_B_02,873.81,28.8
2025-06-09 13:00:00,STATION_B_02,928.04,27.1
2025-06-09 14:00:00,STATION_B_02,911.32,27.9
2025-06-09 15:00:00,STATION_B_02,952.77,33.7
2025-06-09 16:00:00,STATION_B_02,858.06,29.3
2025-06-09 17:00:00,STATION_B_02,694.35,27.8
2025-06-09 18:00:00,STATION_B_02,487.3,31.0
2025-06-09 19:00:00,STATION_B_02,361.36,27.9
2025-06-09 20:00:00,STATION_B_02,292.68,27.3
2025-06-09 21:00:00,STATION_B_02,272.79,24.7
2025-06-09 22:00:00,STATION_B_02,277.71,23.2
2025-06-09 23:00:00,STATION_B_02,270.92,22.3
2025-06-10 00:00:00,STATION_B_02,285.32,19.2
2025-06-10 01:00:00,STATION_B_02,282.58,20.8
2025-06-10 02:00:00,STATION_B_02,263.46,21.0
2025-06-10 03:00:00,STATION_B_02,263.9,23.6
2025-06-10 04:00:00,STATION_B_02,290.29,20.6
2025-06-10 05:00:00,STATION_B_02,288.81,16.8
2025-06-10 06:00:00,STATION_B_02,279.11,21.5
2025-06-10 07:00:00,STATION_B_02,341.91,27.6
2025-06-10 08:00:00,STATION_B_02,518.39,25.4
2025-06-10 09:00:00,STATION_B_02,689.07,23.7
2025-06-10 10:00:00,STATION_B_02,844.15,27.4
2025-06-10 11:00:00,STATION_B_02,913.32,26.2
2025-06-10 12:00:00,STATION_B_02,927.82,26.1
2025-06-10 13:00:00,STATION_B_02,958.33,28.6
2025-06-10 14:00:00,STATION_B_02,974.38,29.9
2025-06-10 15:00:00,STATION_B_02,903.07,26.5
2025-06-10 16:00:00,STATION_B_02,826.16,27.7
2025-06-10 17:00:00,STATION_B_02,717.37,29.3
2025-06-10 18:00:00,STATION_B_02,537.5,27.8
2025-06-10 19:00:00,STATION_B_02,352.75,28.2
2025-06-10 20:00:00,STATION_B_02,294.32,24.2
2025-06-10 21:00:00,STATION_B_02,268.8,26.4
2025-06-10 22:00:00,STATION_B_02,274.38,21.7
2025-06-10 23:00:00,STATION_B_02,265.58,25.7
2025-06-11 00:00:00,STATION_B_02,278.84,18.7
2025-06-11 01:00:00,STATION_B_02,277.43,19.1
2025-06-11 02:00:00,STATION_B_02,279.56,21.3
2025-06-11 03:00:00,STATION_B_02,286.99,
2025-06-11 04:00:00,STATION_B_02,272.69,21.2
2025-06-11 05:00:00,STATION_B_02,260.94,22.1
2025-06-11 06:00:00,STATION_B_02,287.11,21.9
2025-06-11 07:00:00,STATION_B_02,361.7,21.0
2025-06-11 08:00:00,STATION_B_02,519.22,23.1
2025-06-11 09:00:00,STATION_B_02,708.49,23.0
2025-06-11 10:00:00,STATION_B_02,885.63,24.2
2025-06-11 11:00:00,STATION_B_02,919.28,28.4
2025-06-11 12:00:00,STATION_B_02,929.09,26.6
2025-06-11 13:00:00,STATION_B_02,913.82,30.0
2025-06-11 14:00:00,STATION_B_02,889.32,27.5
2025-06-11 15:00:00,STATION_B_02,923.89,30.6
2025-06-11 16:00:00,STATION_B_02,858.11,29.0
2025-06-11 17:00:00,STATION_B_02,691.83,31.9
2025-06-11 18:00:00,STATION_B_02,515.93,29.2
2025-06-11 19:00:00,STATION_B_02,355.77,29.9
2025-06-11 20:00:00,STATION_B_02,283.77,25.1
2025-06-11 21:00:00,STATION_B_02,269.59,25.3
2025-06-11 22:00:00,STATION_B_02,277.24,22.2
2025-06-11 23:00:00,STATION_B_02,272.72,22.1
2025-06-12 00:00:00,STATION_B_02,271.29,21.5
2025-06-12 01:00:00,STATION_B_02,271.5,19.9
2025-06-12 02:00:00,STATION_B_02,278.65,18.5
2025-06-12 03:00:00,STATION_B_02,287.04,18.0
2025-06-12 04:00:00,STATION_B_02,283.91,16.5
2025-06-12 05:00:00,STATION_B_02,277.77,19.3
2025-06-12 06:00:00,STATION_B_02,291.28,23.1
2025-06-12 07:00:00,STATION_B_02,374.01,20.1
2025-06-12 08:00:00,STATION_B_02,525.0,21.6
2025-06-12 09:00:00,STATION_B_02,717.53,28.6
2025-06-12 10:00:00,STATION_B_02,868.38,25.4
2025-06-12 11:00:00,STATION_B_02,913.94,28.3
2025-06-12 12:00:00,STATION_B_02,937.79,29.9
2025-06-12 13:00:00,STATION_B_02,922.51,30.7
2025-06-12 14:00:00,STATION_B_02,895.71,27.2
2025-06-12 15:00:00,STATION_B_02,925.9,29.7
2025-06-12 16:00:00,STATION_B_02,861.92,27.1
2025-06-12 17:00:00,STATION_B_02,707.39,33.9
2025-06-12 18:00:00,STATION_B_02,531.41,25.9
2025-06-12 19:00:00,STATION_B_02,351.04,25.9
2025-06-12 20:00:00,STATION_B_02,275.67,24.7
2025-06-12 21:00:00,STATION_B_02,270.77,22.6
2025-06-12 22:00:00,STATION_B_02,263.84,26.5
2025-06-12 23:00:00,STATION_B_02,277.25,27.3
2025-06-13 00:00:00,STATION_B_02,271.02,21.2
2025-06-13 01:00:00,STATION_B_02,286.73,18.9
2025-06-13 02:00:00,STATION_B_02,289.58,16.8
2025-06-13 03:00:00,STATION_B_02,271.11,20.2
2025-06-13 04:00:00,STATION_B_02,271.93,20.2
2025-06-13 05:00:00,STATION_B_02,282.74,20.1
2025-06-13 06:00:00,STATION_B_02,296.89,22.5
2025-06-13 07:00:00,STATION_B_02,339.67,23.8
2025-06-13 08:00:00,STATION_B_02,522.23,24.8
2025-06-13 09:00:00,STATION_B_02,673.27,24.9
2025-06-13 10:00:00,STATION_B_02,843.63,24.7
2025-06-13 11:00:00,STATION_B_02,945.6,29.1
2025-06-13 12:00:00,STATION_B_02,1008.29,28.9
2025-06-13 13:00:00,STATION_B_02,930.36,31.2
2025-06-13 14:00:00,STATION_B_02,904.8,31.5
2025-06-13 15:00:00,STATION_B_02,907.2,27.7
2025-06-13 16:00:00,STATION_B_02,857.32,27.5
2025-06-13 17:00:00,STATION_B_02,701.64,28.3
2025-06-13 18:00:00,STATION_B_02,505.99,26.9
2025-06-13 19:00:00,STATION_B_02,354.46,29.2
2025-06-13 20:00:00,STATION_B_02,292.51,27.3
2025-06-13 21:00:00,STATION_B_02,275.08,27.4
2025-06-13 22:00:00,STATION_B_02,269.06,24.9
2025-06-13 23:00:00,STATION_B_02,270.56,23.4
2025-06-14 00:00:00,STATION_B_02,169.2,24.3
2025-06-14 01:00:00,STATION_B_02,166.6,22.3
2025-06-14 02:00:00,STATION_B_02,168.7,21.0
2025-06-14 03:00:00,STATION_B_02,173.91,23.4
2025-06-14 04:00:00,STATION_B_02,170.77,21.1
2025-06-14 05:00:00,STATION_B_02,164.74,20.9
2025-06-14 06:00:00,STATION_B_02,185.89,20.7
2025-06-14 07:00:00,STATION_B_02,225.08,24.4
2025-06-14 08:00:00,STATION_B_02,310.49,26.5
2025-06-14 09:00:00,STATION_B_02,439.39,25.5
2025-06-14 10:00:00,STATION_B_02,520.73,29.2
2025-06-14 11:00:00,STATION_B_02,581.25,24.4
2025-06-14 12:00:00,STATION_B_02,575.31,28.9
2025-06-14 13:00:00,STATION_B_02,580.48,29.6
2025-06-14 14:00:00,STATION_B_02,578.07,28.9
2025-06-14 15:00:00,STATION_B_02,549.23,34.7
2025-06-14 16:00:00,STATION_B_02,551.12,30.1
2025-06-14 17:00:00,STATION_B_02,451.26,29.0
2025-06-14 18:00:00,STATION_B_02,315.83,29.0
2025-06-14 19:00:00,STATION_B_02,223.79,24.4
2025-06-14 20:00:00,STATION_B_02,184.42,25.4
2025-06-14 21:00:00,STATION_B_02,171.89,27.3
2025-06-14 22:00:00,STATION_B_02,178.0,23.2
2025-06-14 23:00:00,STATION_B_02,184.34,21.7
2025-06-15 00:00:00,STATION_B_02,170.84,24.6
2025-06-15 01:00:00,STATION_B_02,168.8,23.9
2025-06-15 02:00:00,STATION_B_02,167.02,22.0
2025-06-15 03:00:00,STATION_B_02,163.11,20.0
2025-06-15 04:00:00,STATION_B_02,178.21,20.6
2025-06-15 05:00:00,STATION_B_02,172.06,20.1
2025-06-15 06:00:00,STATION_B_02,185.73,20.5
2025-06-15 07:00:00,STATION_B_02,230.07,21.4
2025-06-15 08:00:00,STATION_B_02,313.67,23.3
2025-06-15 09:00:00,STATION_B_02,433.77,23.8
2025-06-15 10:00:00,STATION_B_02,556.95,24.1
2025-06-15 11:00:00,STATION_B_02,571.34,28.5
2025-06-15 12:00:00,STATION_B_02,572.14,29.5
2025-06-15 13:00:00,STATION_B_02,566.95,32.9
2025-06-15 14:00:00,STATION_B_02,579.99,29.1
2025-06-15 15:00:00,STATION_B_02,594.84,31.0
2025-06-15 16:00:00,STATION_B_02,542.29,30.9
2025-06-15 17:00:00,STATION_B_02,446.64,29.4
2025-06-15 18:00:00,STATION_B_02,336.08,30.4
2025-06-15 19:00:00,STATION_B_02,231.24,29.5
2025-06-15 20:00:00,STATION_B_02,181.81,27.5
2025-06-15 21:00:00,STATION_B_02,184.41,25.2
2025-06-15 22:00:00,STATION_B_02,170.32,23.8
2025-06-15 23:00:00,STATION_B_02,177.36,20.8
2025-06-16 00:00:00,STATION_B_02,275.69,20.9
2025-06-16 01:00:00,STATION_B_02,285.68,20.5
2025-06-16 02:00:00,STATION_B_02,279.23,19.1
2025-06-16 03:00:00,STATION_B_02,280.7,21.8
2025-06-16 04:00:00,STATION_B_02,294.29,23.3
2025-06-16 05:00:00,STATION_B_02,287.76,20.0
2025-06-16 06:00:00,STATION_B_02,294.93,22.9
2025-06-16 07:00:00,STATION_B_02,354.26,21.5
2025-06-16 08:00:00,STATION_B_02,524.22,24.0
2025-06-16 09:00:00,STATION_B_02,699.69,24.5
2025-06-16 10:00:00,STATION_B_02,881.03,28.1
2025-06-16 11:00:00,STATION_B_02,945.93,27.0
2025-06-16 12:00:00,STATION_B_02,936.55,31.0
2025-06-16 13:00:00,STATION_B_02,982.75,29.5
2025-06-16 14:00:00,STATION_B_02,978.21,29.2
2025-06-16 15:00:00,STATION_B_02,928.81,28.3
2025-06-16 16:00:00,STATION_B_02,873.85,30.9
2025-06-16 17:00:00,STATION_B_02,707.55,31.5
2025-06-16 18:00:00,STATION_B_02,518.0,29.7
2025-06-16 19:00:00,STATION_B_02,350.57,32.2
2025-06-16 20:00:00,STATION_B_02,287.72,29.6
2025-06-16 21:00:00,STATION_B_02,277.26,25.2
2025-06-16 22:00:00,STATION_B_02,265.13,24.0
2025-06-16 23:00:00,STATION_B_02,281.23,24.2
2025-06-17 00:00:00,STATION_B_02,286.51,21.0
2025-06-17 01:00:00,STATION_B_02,277.61,23.8
2025-06-17 02:00:00,STATION_B_02,258.34,21.9
2025-06-17 03:00:00,STATION_B_02,276.49,21.5
2025-06-17 04:00:00,STATION_B_02,267.63,22.5
2025-06-17 05:00:00,STATION_B_02,274.21,24.8
2025-06-17 06:00:00,STATION_B_02,303.0,22.8
2025-06-17 07:00:00,STATION_B_02,338.58,23.3
2025-06-17 08:00:00,STATION_B_02,511.74,27.3
2025-06-17 09:00:00,STATION_B_02,735.66,27.6
2025-06-17 10:00:00,STATION_B_02,847.34,26.5
2025-06-17 11:00:00,STATION_B_02,908.5,28.3
2025-06-17 12:00:00,STATION_B_02,992.88,29.6
2025-06-17 13:00:00,STATION_B_02,953.4,30.7
2025-06-17 14:00:00,STATION_B_02,965.96,28.1
2025-06-17 15:00:00,STATION_B_02,939.2,27.9
2025-06-17 16:00:00,STATION_B_02,866.75,28.9
2025-06-17 17:00:00,STATION_B_02,743.81,28.3
2025-06-17 18:00:00,STATION_B_02,548.76,28.1
2025-06-17 19:00:00,STATION_B_02,345.66,29.4
2025-06-17 20:00:00,STATION_B_02,291.72,26.8
2025-06-17 21:00:00,STATION_B_02,278.33,26.2
2025-06-17 22:00:00,STATION_B_02,274.61,22.4
2025-06-17 23:00:00,STATION_B_02,284.77,22.6
2025-06-18 00:00:00,STATION_B_02,280.17,23.6
2025-06-18 01:00:00,STATION_B_02,292.24,22.9
2025-06-18 02:00:00,STATION_B_02,289.09,20.0
2025-06-18 03:00:00,STATION_B_02,288.96,21.5
2025-06-18 04:00:00,STATION_B_02,269.65,25.3
2025-06-18 05:00:00,STATION_B_02,273.71,21.8
2025-06-18 06:00:00,STATION_B_02,288.11,21.3
2025-06-18 07:00:00,STATION_B_02,374.76,23.3
2025-06-18 08:00:00,STATION_B_02,510.87,24.9
2025-06-18 09:00:00,STATION_B_02,704.19,25.7
2025-06-18 10:00:00,STATION_B_02,839.87,27.2
2025-06-18 11:00:00,STATION_B_02,995.93,25.8
2025-06-18 12:00:00,STATION_B_02,941.73,27.6
2025-06-18 13:00:00,STATION_B_02,959.33,29.9
2025-06-18 14:00:00,STATION_B_02,917.2,30.3
2025-06-18 15:00:00,STATION_B_02,952.6,29.8
2025-06-18 16:00:00,STATION_B_02,825.22,30.3
2025-06-18 17:00:00,STATION_B_02,703.44,30.2
2025-06-18 18:00:00,STATION_B_02,514.1,31.0
2025-06-18 19:00:00,STATION_B_02,364.38,28.2
2025-06-18 20:00:00,STATION_B_02,286.63,27.9
2025-06-18 21:00:00,STATION_B_02,290.35,25.0
2025-06-18 22:00:00,STATION_B_02,281.99,25.8
2025-06-18 23:00:00,STATION_B_02,273.34,24.2
2025-06-19 00:00:00,STATION_B_02,286.21,24.2
2025-06-19 01:00:00,STATION_B_02,276.12,23.2
2025-06-19 02:00:00,STATION_B_02,274.69,22.5
2025-06-19 03:00:00,STATION_B_02,286.77,21.1
2025-06-19 04:00:00,STATION_B_02,261.37,21.9
2025-06-19 05:00:00,STATION_B_02,285.28,23.8
2025-06-19 06:00:00,STATION_B_02,288.63,21.5
2025-06-19 07:00:00,STATION_B_02,356.42,22.5
2025-06-19 08:00:00,STATION_B_02,552.04,25.1
2025-06-19 09:00:00,STATION_B_02,713.52,26.8
2025-06-19 10:00:00,STATION_B_02,888.7,25.8
2025-06-19 11:00:00,STATION_B_02,938.38,28.3
2025-06-19 12:00:00,STATION_B_02,956.91,29.3
2025-06-19 13:00:00,STATION_B_02,942.37,26.2
2025-06-19 14:00:00,STATION_B_02,940.03,30.3
2025-06-19 15:00:00,STATION_B_02,968.65,30.6
2025-06-19 16:00:00,STATION_B_02,888.15,30.4
2025-06-19 17:00:00,STATION_B_02,714.13,32.8
2025-06-19 18:00:00,STATION_B_02,511.03,27.3
2025-06-19 19:00:00,STATION_B_02,357.66,27.0
2025-06-19 20:00:00,STATION_B_02,300.85,22.6
2025-06-19 21:00:00,STATION_B_02,288.53,25.2
2025-06-19 22:00:00,STATION_B_02,283.04,24.1
2025-06-19 23:00:00,STATION_B_02,267.27,22.7
2025-06-20 00:00:00,STATION_B_02,285.14,24.8
2025-06-20 01:00:00,STATION_B_02,289.13,23.5
2025-06-20 02:00:00,STATION_B_02,281.39,21.7
2025-06-20 03:00:00,STATION_B_02,295.98,20.7
2025-06-20 04:00:00,STATION_B_02,270.07,23.4
2025-06-20 05:00:00,STATION_B_02,285.66,22.0
2025-06-20 06:00:00,STATION_B_02,287.28,21.3
2025-06-20 07:00:00,STATION_B_02,376.56,20.7
2025-06-20 08:00:00,STATION_B_02,534.97,24.1
2025-06-20 09:00:00,STATION_B_02,759.25,27.5
2025-06-20 10:00:00,STATION_B_02,880.57,31.5
2025-06-20 11:00:00,STATION_B_02,924.09,28.7
2025-06-20 12:00:00,STATION_B_02,937.67,28.2
2025-06-20 13:00:00,STATION_B_02,944.69,28.2
2025-06-20 14:00:00,STATION_B_02,937.19,31.8
2025-06-20 15:00:00,STATION_B_02,966.63,27.8
2025-06-20 16:00:00,STATION_B_02,898.13,31.8
2025-06-20 17:00:00,STATION_B_02,697.08,31.8
2025-06-20 18:00:00,STATION_B_02,527.13,30.3
2025-06-20 19:00:00,STATION_B_02,364.66,28.2
2025-06-20 20:00:00,STATION_B_02,288.11,28.4
2025-06-20 21:00:00,STATION_B_02,283.83,26.5
2025-06-20 22:00:00,STATION_B_02,290.32,23.5
2025-06-20 23:00:00,STATION_B_02,286.17,27.1
2025-06-21 00:00:00,STATION_B_02,179.91,22.2
2025-06-21 01:00:00,STATION_B_02,170.58,23.5
2025-06-21 02:00:00,STATION_B_02,178.12,17.3
2025-06-21 03:00:00,STATION_B_02,170.36,23.7
2025-06-21 04:00:00,STATION_B_02,174.92,24.3
2025-06-21 05:00:00,STATION_B_02,175.91,22.1
2025-06-21 06:00:00,STATION_B_02,187.34,23.9
2025-06-21 07:00:00,STATION_B_02,234.01,24.9
2025-06-21 08:00:00,STATION_B_02,333.17,23.8
2025-06-21 09:00:00,STATION_B_02,440.72,27.2
2025-06-21 10:00:00,STATION_B_02,521.31,26.0
2025-06-21 11:00:00,STATION_B_02,588.33,27.6
2025-06-21 12:00:00,STATION_B_02,613.39,31.7
2025-06-21 13:00:00,STATION_B_02,590.65,32.2
2025-06-21 14:00:00,STATION_B_02,566.92,29.6
2025-06-21 15:00:00,STATION_B_02,611.95,29.7
2025-06-21 16:00:00,STATION_B_02,547.2,29.7
2025-06-21 17:00:00,STATION_B_02,452.83,31.7
2025-06-21 18:00:00,STATION_B_02,317.38,27.8
2025-06-21 19:00:00,STATION_B_02,226.39,29.3
2025-06-21 20:00:00,STATION_B_02,186.05,28.8
2025-06-21 21:00:00,STATION_B_02,176.71,26.1
2025-06-21 22:00:00,STATION_B_02,170.78,26.8
2025-06-21 23:00:00,STATION_B_02,173.58,23.3
2025-06-22 00:00:00,STATION_B_02,171.48,22.6
2025-06-22 01:00:00,STATION_B_02,183.25,20.4
2025-06-22 02:00:00,STATION_B_02,178.33,23.5
2025-06-22 03:00:00,STATION_B_02,173.48,20.2
2025-06-22 04:00:00,STATION_B_02,168.99,22.3
2025-06-22 05:00:00,STATION_B_02,176.13,22.0
2025-06-22 06:00:00,STATION_B_02,181.77,21.0
2025-06-22 07:00:00,STATION_B_02,224.4,22.8
2025-06-22 08:00:00,STATION_B_02,318.46,27.6
2025-06-22 09:00:00,STATION_B_02,440.08,26.7
2025-06-22 10:00:00,STATION_B_02,543.99,25.8
2025-06-22 11:00:00,STATION_B_02,577.93,29.3
2025-06-22 12:00:00,STATION_B_02,630.3,29.5
2025-06-22 13:00:00,STATION_B_02,601.7,36.7
2025-06-22 14:00:00,STATION_B_02,574.16,31.5
2025-06-22 15:00:00,STATION_B_02,558.75,30.4
2025-06-22 16:00:00,STATION_B_02,547.32,33.5
2025-06-22 17:00:00,STATION_B_02,447.32,27.2
2025-06-22 18:00:00,STATION_B_02,339.52,29.9
2025-06-22 19:00:00,STATION_B_02,228.54,32.3
2025-06-22 20:00:00,STATION_B_02,173.81,27.4
2025-06-22 21:00:00,STATION_B_02,170.25,23.2
2025-06-22 22:00:00,STATION_B_02,171.24,
2025-06-22 23:00:00,STATION_B_02,176.29,26.6
2025-06-23 00:00:00,STATION_B_02,274.11,23.7
2025-06-23 01:00:00,STATION_B_02,284.71,20.7
2025-06-23 02:00:00,STATION_B_02,274.01,20.5
2025-06-23 03:00:00,STATION_B_02,283.83,20.6
2025-06-23 04:00:00,STATION_B_02,284.56,22.4
2025-06-23 05:00:00,STATION_B_02,293.54,24.7
2025-06-23 06:00:00,STATION_B_02,298.23,24.9
2025-06-23 07:00:00,STATION_B_02,359.08,24.8
2025-06-23 08:00:00,STATION_B_02,551.26,22.8
2025-06-23 09:00:00,STATION_B_02,727.42,24.0
2025-06-23 10:00:00,STATION_B_02,893.63,28.6
2025-06-23 11:00:00,STATION_B_02,926.14,26.4
2025-06-23 12:00:00,STATION_B_02,959.41,29.4
2025-06-23 13:00:00,STATION_B_02,938.28,31.1
2025-06-23 14:00:00,STATION_B_02,965.18,29.0
2025-06-23 15:00:00,STATION_B_02,960.82,29.4
2025-06-23 16:00:00,STATION_B_02,864.76,30.9
2025-06-23 17:00:00,STATION_B_02,720.45,31.5
2025-06-23 18:00:00,STATION_B_02,535.6,31.7
2025-06-23 19:00:00,STATION_B_02,359.02,29.9
2025-06-23 20:00:00,STATION_B_02,284.66,27.8
2025-06-23 21:00:00,STATION_B_02,285.4,25.1
2025-06-23 22:00:00,STATION_B_02,281.07,23.2
2025-06-23 23:00:00,STATION_B_02,280.9,23.1
2025-06-24 00:00:00,STATION_B_02,286.4,23.8
2025-06-24 01:00:00,STATION_B_02,287.43,22.9
2025-06-24 02:00:00,STATION_B_02,286.91,18.1
2025-06-24 03:00:00,STATION_B_02,276.69,20.3
2025-06-24 04:00:00,STATION_B_02,277.91,24.0
2025-06-24 05:00:00,STATION_B_02,287.86,22.5
2025-06-24 06:00:00,STATION_B_02,300.35,20.6
2025-06-24 07:00:00,STATION_B_02,362.6,28.3
2025-06-24 08:00:00,STATION_B_02,521.23,25.2
2025-06-24 09:00:00,STATION_B_02,744.63,27.2
2025-06-24 10:00:00,STATION_B_02,873.29,28.5
2025-06-24 11:00:00,STATION_B_02,962.12,28.2
2025-06-24 12:00:00,STATION_B_02,981.66,28.6
2025-06-24 13:00:00,STATION_B_02,952.99,34.5
2025-06-24 14:00:00,STATION_B_02,983.42,32.9
2025-06-24 15:00:00,STATION_B_02,947.07,32.8
2025-06-24 16:00:00,STATION_B_02,884.49,32.2
2025-06-24 17:00:00,STATION_B_02,691.17,28.8
2025-06-24 18:00:00,STATION_B_02,518.67,32.2
2025-06-24 19:00:00,STATION_B_02,359.1,27.4
2025-06-24 20:00:00,STATION_B_02,294.69,28.2
2025-06-24 21:00:00,STATION_B_02,284.41,23.5
2025-06-24 22:00:00,STATION_B_02,284.35,21.6
2025-06-24 23:00:00,STATION_B_02,284.7,24.7
2025-06-25 00:00:00,STATION_B_02,278.68,21.7
2025-06-25 01:00:00,STATION_B_02,293.0,18.8
2025-06-25 02:00:00,STATION_B_02,296.68,22.9
2025-06-25 03:00:00,STATION_B_02,280.74,25.6
2025-06-25 04:00:00,STATION_B_02,278.48,24.4
2025-06-25 05:00:00,STATION_B_02,279.32,22.0
2025-06-25 06:00:00,STATION_B_02,298.61,23.2
2025-06-25 07:00:00,STATION_B_02,363.81,25.8
2025-06-25 08:00:00,STATION_B_02,509.53,27.4
2025-06-25 09:00:00,STATION_B_02,707.02,26.0
2025-06-25 10:00:00,STATION_B_02,904.11,27.9
2025-06-25 11:00:00,STATION_B_02,977.76,29.5
2025-06-25 12:00:00,STATION_B_02,1002.36,31.0
2025-06-25 13:00:00,STATION_B_02,969.09,30.5
2025-06-25 14:00:00,STATION_B_02,937.54,31.0
2025-06-25 15:00:00,STATION_B_02,,33.9
2025-06-25 16:00:00,STATION_B_02,846.61,33.4
2025-06-25 17:00:00,STATION_B_02,705.64,31.6
2025-06-25 18:00:00,STATION_B_02,537.09,33.1
2025-06-25 19:00:00,STATION_B_02,374.04,28.3
2025-06-25 20:00:00,STATION_B_02,313.13,30.7
2025-06-25 21:00:00,STATION_B_02,283.72,27.6
2025-06-25 22:00:00,STATION_B_02,273.38,31.2
2025-06-25 23:00:00,STATION_B_02,282.47,22.0
2025-06-26 00:00:00,STATION_B_02,282.04,22.0
2025-06-26 01:00:00,STATION_B_02,280.5,23.2
2025-06-26 02:00:00,STATION_B_02,286.67,22.7
2025-06-26 03:00:00,STATION_B_02,275.16,25.4
2025-06-26 04:00:00,STATION_B_02,286.81,20.8
2025-06-26 05:00:00,STATION_B_02,289.93,24.1
2025-06-26 06:00:00,STATION_B_02,309.79,25.3
2025-06-26 07:00:00,STATION_B_02,372.86,25.5
2025-06-26 08:00:00,STATION_B_02,549.51,23.7
2025-06-26 09:00:00,STATION_B_02,728.37,29.2
2025-06-26 10:00:00,STATION_B_02,876.18,30.1
2025-06-26 11:00:00,STATION_B_02,982.08,30.1
2025-06-26 12:00:00,STATION_B_02,930.57,30.4
2025-06-26 13:00:00,STATION_B_02,955.95,31.2
2025-06-26 14:00:00,STATION_B_02,993.3,31.1
2025-06-26 15:00:00,STATION_B_02,943.64,32.6
2025-06-26 16:00:00,STATION_B_02,876.63,31.3
2025-06-26 17:00:00,STATION_B_02,731.81,29.3
2025-06-26 18:00:00,STATION_B_02,536.65,28.2
2025-06-26 19:00:00,STATION_B_02,380.33,27.7
2025-06-26 20:00:00,STATION_B_02,305.96,28.3
2025-06-26 21:00:00,STATION_B_02,285.2,26.6
2025-06-26 22:00:00,STATION_B_02,292.24,25.8
2025-06-26 23:00:00,STATION_B_02,286.68,25.2
2025-06-27 00:00:00,STATION_B_02,291.28,22.2
2025-06-27 01:00:00,STATION_B_02,277.3,25.2
2025-06-27 02:00:00,STATION_B_02,298.39,21.6
2025-06-27 03:00:00,STATION_B_02,287.78,21.1
2025-06-27 04:00:00,STATION_B_02,264.58,23.0
2025-06-27 05:00:00,STATION_B_02,302.32,19.3
2025-06-27 06:00:00,STATION_B_02,299.78,21.9
2025-06-27 07:00:00,STATION_B_02,367.09,26.1
2025-06-27 08:00:00,STATION_B_02,528.04,22.4
2025-06-27 09:00:00,STATION_B_02,747.37,28.7
2025-06-27 10:00:00,STATION_B_02,865.17,30.7
2025-06-27 11:00:00,STATION_B_02,937.2,28.5
2025-06-27 12:00:00,STATION_B_02,953.75,30.6
2025-06-27 13:00:00,STATION_B_02,961.4,32.9
2025-06-27 14:00:00,STATION_B_02,954.71,30.5
2025-06-27 15:00:00,STATION_B_02,972.58,33.1
2025-06-27 16:00:00,STATION_B_02,891.89,30.1
2025-06-27 17:00:00,STATION_B_02,746.5,30.0
2025-06-27 18:00:00,STATION_B_02,545.02,28.7
2025-06-27 19:00:00,STATION_B_02,370.02,29.7
2025-06-27 20:00:00,STATION_B_02,291.66,30.0
2025-06-27 21:00:00,STATION_B_02,299.33,26.4
2025-06-27 22:00:00,STATION_B_02,291.83,23.2
2025-06-27 23:00:00,STATION_B_02,296.89,22.4
2025-06-28 00:00:00,STATION_B_02,181.91,24.1
2025-06-28 01:00:00,STATION_B_02,175.02,26.0
2025-06-28 02:00:00,STATION_B_02,166.33,22.9
2025-06-28 03:00:00,STATION_B_02,172.09,21.3
2025-06-28 04:00:00,STATION_B_02,180.09,23.5
2025-06-28 05:00:00,STATION_B_02,177.28,22.2
2025-06-28 06:00:00,STATION_B_02,184.24,22.7
2025-06-28 07:00:00,STATION_B_02,215.64,22.7
2025-06-28 08:00:00,STATION_B_02,333.44,28.1
2025-06-28 09:00:00,STATION_B_02,446.49,22.2
2025-06-28 10:00:00,STATION_B_02,540.26,29.5
2025-06-28 11:00:00,STATION_B_02,604.64,28.4
2025-06-28 12:00:00,STATION_B_02,585.53,29.4
2025-06-28 13:00:00,STATION_B_02,587.69,34.0
2025-06-28 14:00:00,STATION_B_02,604.54,30.1
2025-06-28 15:00:00,STATION_B_02,604.99,30.4
2025-06-28 16:00:00,STATION_B_02,544.87,31.2
2025-06-28 17:00:00,STATION_B_02,476.96,31.7
2025-06-28 18:00:00,STATION_B_02,322.48,29.4
2025-06-28 19:00:00,STATION_B_02,221.89,26.4
2025-06-28 20:00:00,STATION_B_02,178.82,26.5
2025-06-28 21:00:00,STATION_B_02,170.13,29.1
2025-06-28 22:00:00,STATION_B_02,178.72,25.7
2025-06-28 23:00:00,STATION_B_02,172.65,25.2
2025-06-29 00:00:00,STATION_B_02,171.13,23.0
2025-06-29 01:00:00,STATION_B_02,179.83,21.5
2025-06-29 02:00:00,STATION_B_02,181.45,25.2
2025-06-29 03:00:00,STATION_B_02,182.76,21.7
2025-06-29 04:00:00,STATION_B_02,182.22,21.4
2025-06-29 05:00:00,STATION_B_02,174.0,24.7
2025-06-29 06:00:00,STATION_B_02,188.13,22.2
2025-06-29 07:00:00,STATION_B_02,234.24,23.4
2025-06-29 08:00:00,STATION_B_02,330.36,25.6
2025-06-29 09:00:00,STATION_B_02,462.68,26.9
2025-06-29 10:00:00,STATION_B_02,534.21,28.6
2025-06-29 11:00:00,STATION_B_02,583.55,33.0
2025-06-29 12:00:00,STATION_B_02,609.15,30.9
2025-06-29 13:00:00,STATION_B_02,627.68,26.7
2025-06-29 14:00:00,STATION_B_02,621.39,32.1
2025-06-29 15:00:00,STATION_B_02,603.43,31.7
2025-06-29 16:00:00,STATION_B_02,553.33,31.6
2025-06-29 17:00:00,STATION_B_02,459.82,31.5
2025-06-29 18:00:00,STATION_B_02,321.91,30.2
2025-06-29 19:00:00,STATION_B_02,226.24,29.2
2025-06-29 20:00:00,STATION_B_02,182.9,29.2
2025-06-29 21:00:00,STATION_B_02,180.93,25.9
2025-06-29 22:00:00,STATION_B_02,182.03,23.9
2025-06-29 23:00:00,STATION_B_02,181.06,29.9
2025-06-30 00:00:00,STATION_B_02,296.16,22.2
2025-06-30 01:00:00,STATION_B_02,287.86,22.9
2025-06-30 02:00:00,STATION_B_02,283.36,19.6
2025-06-30 03:00:00,STATION_B_02,286.95,22.3
2025-06-30 04:00:00,STATION_B_02,283.9,20.6
2025-06-30 05:00:00,STATION_B_02,293.29,22.0
2025-06-30 06:00:00,STATION_B_02,299.31,25.4
2025-06-30 07:00:00,STATION_B_02,373.08,25.4
2025-06-30 08:00:00,STATION_B_02,550.78,
2025-06-30 09:00:00,STATION_B_02,730.81,23.7
2025-06-30 10:00:00,STATION_B_02,915.49,31.5
2025-06-30 11:00:00,STATION_B_02,925.89,27.2
2025-06-30 12:00:00,STATION_B_02,983.62,33.1
2025-06-30 13:00:00,STATION_B_02,974.64,32.9
2025-06-30 14:00:00,STATION_B_02,996.84,32.6
2025-06-30 15:00:00,STATION_B_02,925.23,30.2
2025-06-30 16:00:00,STATION_B_02,857.58,31.8
2025-06-30 17:00:00,STATION_B_02,759.72,30.2
2025-06-30 18:00:00,STATION_B_02,535.54,30.4
2025-06-30 19:00:00,STATION_B_02,373.17,28.9
2025-06-30 20:00:00,STATION_B_02,296.96,24.5
2025-06-30 21:00:00,STATION_B_02,295.17,28.9
2025-06-30 22:00:00,STATION_B_02,289.6,25.5
2025-06-30 23:00:00,STATION_B_02,289.15,23.6
2025-07-01 00:00:00,STATION_B_02,279.37,22.6
2025-07-01 01:00:00,STATION_B_02,291.89,23.5
2025-07-01 02:00:00,STATION_B_02,282.48,20.7
2025-07-01 03:00:00,STATION_B_02,288.7,18.1
2025-07-01 04:00:00,STATION_B_02,277.92,23.1
2025-07-01 05:00:00,STATION_B_02,287.94,23.8
2025-07-01 06:00:00,STATION_B_02,311.36,23.2
2025-07-01 07:00:00,STATION_B_02,377.29,22.5
2025-07-01 08:00:00,STATION_B_02,536.3,25.9
2025-07-01 09:00:00,STATION_B_02,749.38,24.3
2025-07-01 10:00:00,STATION_B_02,898.03,26.4
2025-07-01 11:00:00,STATION_B_02,963.85,28.0
2025-07-01 12:00:00,STATION_B_02,983.09,31.9
2025-07-01 13:00:00,STATION_B_02,953.19,30.5
2025-07-01 14:00:00,STATION_B_02,981.29,30.8
2025-07-01 15:00:00,STATION_B_02,918.3,35.3
2025-07-01 16:00:00,STATION_B_02,909.04,32.2
2025-07-01 17:00:00,STATION_B_02,725.85,31.7
2025-07-01 18:00:00,STATION_B_02,559.17,29.7
2025-07-01 19:00:00,STATION_B_02,351.25,28.3
2025-07-01 20:00:00,STATION_B_02,316.18,24.3
2025-07-01 21:00:00,STATION_B_02,276.81,28.7
2025-07-01 22:00:00,STATION_B_02,279.18,26.5
2025-07-01 23:00:00,STATION_B_02,290.39,24.3
2025-07-02 00:00:00,STATION_B_02,293.58,23.4
2025-07-02 01:00:00,STATION_B_02,286.8,24.2
2025-07-02 02:00:00,STATION_B_02,299.19,19.6
2025-07-02 03:00:00,STATION_B_02,284.12,21.2
2025-07-02 04:00:00,STATION_B_02,288.31,20.4
2025-07-02 05:00:00,STATION_B_02,287.65,26.1
2025-07-02 06:00:00,STATION_B_02,299.57,25.2
2025-07-02 07:00:00,STATION_B_02,359.59,20.7
2025-07-02 08:00:00,STATION_B_02,543.7,23.1
2025-07-02 09:00:00,STATION_B_02,747.1,26.8
2025-07-02 10:00:00,STATION_B_02,923.29,27.4
2025-07-02 11:00:00,STATION_B_02,932.62,27.0
2025-07-02 12:00:00,STATION_B_02,964.99,33.9
2025-07-02 13:00:00,STATION_B_02,1013.16,31.8
2025-07-02 14:00:00,STATION_B_02,988.79,32.5
2025-07-02 15:00:00,STATION_B_02,978.68,30.6
2025-07-02 16:00:00,STATION_B_02,908.72,33.0
2025-07-02 17:00:00,STATION_B_02,758.28,30.5
2025-07-02 18:00:00,STATION_B_02,569.83,29.9
2025-07-02 19:00:00,STATION_B_02,377.04,30.5
2025-07-02 20:00:00,STATION_B_02,295.85,25.3
2025-07-02 21:00:00,STATION_B_02,294.76,29.9
2025-07-02 22:00:00,STATION_B_02,284.72,26.1
2025-07-02 23:00:00,STATION_B_02,288.13,26.9
2025-07-03 00:00:00,STATION_B_02,292.87,21.8
2025-07-03 01:00:00,STATION_B_02,284.58,21.3
2025-07-03 02:00:00,STATION_B_02,288.23,20.4
2025-07-03 03:00:00,STATION_B_02,293.32,22.7
2025-07-03 04:00:00,STATION_B_02,285.62,22.6
2025-07-03 05:00:00,STATION_B_02,298.08,22.1
2025-07-03 06:00:00,STATION_B_02,297.04,21.9
2025-07-03 07:00:00,STATION_B_02,367.46,22.4
2025-07-03 08:00:00,STATION_B_02,572.59,25.8
2025-07-03 09:00:00,STATION_B_02,721.51,26.2
2025-07-03 10:00:00,STATION_B_02,899.96,27.1
2025-07-03 11:00:00,STATION_B_02,1014.12,32.3
2025-07-03 12:00:00,STATION_B_02,983.28,30.3
2025-07-03 13:00:00,STATION_B_02,1019.62,33.5
2025-07-03 14:00:00,STATION_B_02,1000.71,30.8
2025-07-03 15:00:00,STATION_B_02,967.38,32.3
2025-07-03 16:00:00,STATION_B_02,897.55,31.6
2025-07-03 17:00:00,STATION_B_02,710.03,28.2
2025-07-03 18:00:00,STATION_B_02,541.04,33.1
2025-07-03 19:00:00,STATION_B_02,379.46,29.2
2025-07-03 20:00:00,STATION_B_02,306.51,29.7
2025-07-03 21:00:00,STATION_B_02,309.38,25.7
2025-07-03 22:00:00,STATION_B_02,291.89,25.5
2025-07-03 23:00:00,STATION_B_02,294.5,23.1
2025-07-04 00:00:00,STATION_B_02,299.32,26.0
2025-07-04 01:00:00,STATION_B_02,294.6,23.5
2025-07-04 02:00:00,STATION_B_02,289.87,23.2
2025-07-04 03:00:00,STATION_B_02,289.91,24.8
2025-07-04 04:00:00,STATION_B_02,287.89,24.6
2025-07-04 05:00:00,STATION_B_02,294.88,24.4
2025-07-04 06:00:00,STATION_B_02,305.38,21.2
2025-07-04 07:00:00,STATION_B_02,384.34,23.5
2025-07-04 08:00:00,STATION_B_02,532.68,24.1
2025-07-04 09:00:00,STATION_B_02,756.33,28.4
2025-07-04 10:00:00,STATION_B_02,939.48,28.7
2025-07-04 11:00:00,STATION_B_02,964.51,27.0
2025-07-04 12:00:00,STATION_B_02,1033.97,30.2
2025-07-04 13:00:00,STATION_B_02,992.01,28.6
2025-07-04 14:00:00,STATION_B_02,985.25,31.7
2025-07-04 15:00:00,STATION_B_02,973.13,29.0
2025-07-04 16:00:00,STATION_B_02,895.75,32.7
2025-07-04 17:00:00,STATION_B_02,714.68,32.0
2025-07-04 18:00:00,STATION_B_02,559.58,34.0
2025-07-04 19:00:00,STATION_B_02,399.77,31.1
2025-07-04 20:00:00,STATION_B_02,309.32,27.6
2025-07-04 21:00:00,STATION_B_02,295.64,28.6
2025-07-04 22:00:00,STATION_B_02,289.18,23.4
2025-07-04 23:00:00,STATION_B_02,299.29,23.0
2025-07-05 00:00:00,STATION_B_02,180.42,24.4
2025-07-05 01:00:00,STATION_B_02,184.46,19.1
2025-07-05 02:00:00,STATION_B_02,173.25,22.5
2025-07-05 03:00:00,STATION_B_02,179.41,20.5
2025-07-05 04:00:00,STATION_B_02,182.34,22.7
2025-07-05 05:00:00,STATION_B_02,186.35,21.1
2025-07-05 06:00:00,STATION_B_02,194.52,24.6
2025-07-05 07:00:00,STATION_B_02,225.45,24.8
2025-07-05 08:00:00,STATION_B_02,327.0,28.5
2025-07-05 09:00:00,STATION_B_02,475.5,27.2
2025-07-05 10:00:00,STATION_B_02,550.48,27.0
2025-07-05 11:00:00,STATION_B_02,617.15,29.1
2025-07-05 12:00:00,STATION_B_02,587.39,28.2
2025-07-05 13:00:00,STATION_B_02,612.51,32.1
2025-07-05 14:00:00,STATION_B_02,612.84,32.9
2025-07-05 15:00:00,STATION_B_02,610.66,36.4
2025-07-05 16:00:00,STATION_B_02,546.35,30.7
2025-07-05 17:00:00,STATION_B_02,444.45,30.9
2025-07-05 18:00:00,STATION_B_02,341.6,29.5
2025-07-05 19:00:00,STATION_B_02,238.34,30.0
2025-07-05 20:00:00,STATION_B_02,194.89,29.1
2025-07-05 21:00:00,STATION_B_02,179.55,27.1
2025-07-05 22:00:00,STATION_B_02,184.27,27.9
2025-07-05 23:00:00,STATION_B_02,182.9,23.7
2025-07-06 00:00:00,STATION_B_02,187.3,25.6
2025-07-06 01:00:00,STATION_B_02,180.82,24.0
2025-07-06 02:00:00,STATION_B_02,172.93,22.6
2025-07-06 03:00:00,STATION_B_02,180.89,21.9
2025-07-06 04:00:00,STATION_B_02,181.51,27.0
2025-07-06 05:00:00,STATION_B_02,184.52,21.6
2025-07-06 06:00:00,STATION_B_02,182.82,24.4
2025-07-06 07:00:00,STATION_B_02,233.81,23.5
2025-07-06 08:00:00,STATION_B_02,348.66,29.2
2025-07-06 09:00:00,STATION_B_02,468.35,28.8
2025-07-06 10:00:00,STATION_B_02,558.38,27.2
2025-07-06 11:00:00,STATION_B_02,634.67,30.5
2025-07-06 12:00:00,STATION_B_02,597.88,31.1
2025-07-06 13:00:00,STATION_B_02,635.43,30.5
2025-07-06 14:00:00,STATION_B_02,631.33,33.2
2025-07-06 15:00:00,STATION_B_02,601.17,32.7
2025-07-06 16:00:00,STATION_B_02,562.39,32.3
2025-07-06 17:00:00,STATION_B_02,469.19,31.3
2025-07-06 18:00:00,STATION_B_02,342.59,31.4
2025-07-06 19:00:00,STATION_B_02,232.09,30.0
2025-07-06 20:00:00,STATION_B_02,188.3,28.6
2025-07-06 21:00:00,STATION_B_02,180.03,26.1
2025-07-06 22:00:00,STATION_B_02,179.58,29.0
2025-07-06 23:00:00,STATION_B_02,179.63,22.9
2025-07-07 00:00:00,STATION_B_02,275.74,24.6
2025-07-07 01:00:00,STATION_B_02,293.55,22.5
2025-07-07 02:00:00,STATION_B_02,288.79,25.8
2025-07-07 03:00:00,STATION_B_02,280.21,20.8
2025-07-07 04:00:00,STATION_B_02,291.17,21.3
2025-07-07 05:00:00,STATION_B_02,291.83,21.4
2025-07-07 06:00:00,STATION_B_02,318.1,24.5
2025-07-07 07:00:00,STATION_B_02,375.82,22.4
2025-07-07 08:00:00,STATION_B_02,560.91,25.2
2025-07-07 09:00:00,STATION_B_02,786.68,23.4
2025-07-07 10:00:00,STATION_B_02,895.28,28.9
2025-07-07 11:00:00,STATION_B_02,976.6,28.8
2025-07-07 12:00:00,STATION_B_02,1039.15,28.0
2025-07-07 13:00:00,STATION_B_02,1001.51,33.4
2025-07-07 14:00:00,STATION_B_02,1004.12,29.5
2025-07-07 15:00:00,STATION_B_02,967.47,33.5
2025-07-07 16:00:00,STATION_B_02,926.43,30.6
2025-07-07 17:00:00,STATION_B_02,758.62,34.3
2025-07-07 18:00:00,STATION_B_02,525.1,32.0
2025-07-07 19:00:00,STATION_B_02,377.67,27.9
2025-07-07 20:00:00,STATION_B_02,298.43,26.9
2025-07-07 21:00:00,STATION_B_02,294.69,28.4
2025-07-07 22:00:00,STATION_B_02,285.87,25.6
2025-07-07 23:00:00,STATION_B_02,296.47,24.6
2025-07-08 00:00:00,STATION_B_02,293.87,26.2
2025-07-08 01:00:00,STATION_B_02,284.29,21.8
2025-07-08 02:00:00,STATION_B_02,289.77,22.8
2025-07-08 03:00:00,STATION_B_02,298.27,24.2
2025-07-08 04:00:00,STATION_B_02,302.31,24.1
2025-07-08 05:00:00,STATION_B_02,287.63,22.9
2025-07-08 06:00:00,STATION_B_02,299.85,23.4
2025-07-08 07:00:00,STATION_B_02,401.95,21.8
2025-07-08 08:00:00,STATION_B_02,552.56,24.2
2025-07-08 09:00:00,STATION_B_02,763.07,27.9
2025-07-08 10:00:00,STATION_B_02,894.86,28.3
2025-07-08 11:00:00,STATION_B_02,985.72,29.8
2025-07-08 12:00:00,STATION_B_02,1041.37,32.6
2025-07-08 13:00:00,STATION_B_02,1004.65,29.3
2025-07-08 14:00:00,STATION_B_02,1024.53,31.5
2025-07-08 15:00:00,STATION_B_02,980.98,32.4
2025-07-08 16:00:00,STATION_B_02,888.09,30.7
2025-07-08 17:00:00,STATION_B_02,747.76,34.0
2025-07-08 18:00:00,STATION_B_02,536.66,32.3
2025-07-08 19:00:00,STATION_B_02,384.29,30.2
2025-07-08 20:00:00,STATION_B_02,318.49,31.8
2025-07-08 21:00:00,STATION_B_02,,24.6
2025-07-08 22:00:00,STATION_B_02,,26.0
2025-07-08 23:00:00,STATION_B_02,,25.6
2025-07-09 00:00:00,STATION_B_02,,22.3
2025-07-09 01:00:00,STATION_B_02,,23.7
2025-07-09 02:00:00,STATION_B_02,287.4,20.7
2025-07-09 03:00:00,STATION_B_02,301.12,23.8
2025-07-09 04:00:00,STATION_B_02,292.13,24.6
2025-07-09 05:00:00,STATION_B_02,292.96,23.7
2025-07-09 06:00:00,STATION_B_02,310.17,20.6
2025-07-09 07:00:00,STATION_B_02,390.25,23.2
2025-07-09 08:00:00,STATION_B_02,556.41,27.1
2025-07-09 09:00:00,STATION_B_02,748.34,27.4
2025-07-09 10:00:00,STATION_B_02,897.76,23.7
2025-07-09 11:00:00,STATION_B_02,977.59,32.0
2025-07-09 12:00:00,STATION_B_02,1007.15,31.0
2025-07-09 13:00:00,STATION_B_02,999.5,30.0
2025-07-09 14:00:00,STATION_B_02,996.07,33.8
2025-07-09 15:00:00,STATION_B_02,983.77,30.9
2025-07-09 16:00:00,STATION_B_02,913.74,30.7
2025-07-09 17:00:00,STATION_B_02,747.62,32.1
2025-07-09 18:00:00,STATION_B_02,569.99,33.9
2025-07-09 19:00:00,STATION_B_02,378.24,32.7
2025-07-09 20:00:00,STATION_B_02,310.45,29.2
2025-07-09 21:00:00,STATION_B_02,279.44,28.2
2025-07-09 22:00:00,STATION_B_02,292.63,27.5
2025-07-09 23:00:00,STATION_B_02,285.84,22.7
2025-07-10 00:00:00,STATION_B_02,287.4,25.1
2025-07-10 01:00:00,STATION_B_02,313.65,21.9
2025-07-10 02:00:00,STATION_B_02,296.82,23.3
2025-07-10 03:00:00,STATION_B_02,304.31,22.2
2025-07-10 04:00:00,STATION_B_02,301.49,23.6
2025-07-10 05:00:00,STATION_B_02,303.48,23.4
2025-07-10 06:00:00,STATION_B_02,313.98,18.4
2025-07-10 07:00:00,STATION_B_02,399.94,25.3
2025-07-10 08:00:00,STATION_B_02,567.52,27.3
2025-07-10 09:00:00,STATION_B_02,765.65,28.2
2025-07-10 10:00:00,STATION_B_02,922.95,28.4
2025-07-10 11:00:00,STATION_B_02,981.32,32.7
2025-07-10 12:00:00,STATION_B_02,1002.94,31.3
2025-07-10 13:00:00,STATION_B_02,1001.58,32.3
2025-07-10 14:00:00,STATION_B_02,1011.53,33.9
2025-07-10 15:00:00,STATION_B_02,1029.39,32.8
2025-07-10 16:00:00,STATION_B_02,887.97,30.4
2025-07-10 17:00:00,STATION_B_02,787.57,27.1
2025-07-10 18:00:00,STATION_B_02,550.0,29.9
2025-07-10 19:00:00,STATION_B_02,396.59,31.1
2025-07-10 20:00:00,STATION_B_02,307.43,28.0
2025-07-10 21:00:00,STATION_B_02,299.11,28.8
2025-07-10 22:00:00,STATION_B_02,293.73,26.4
2025-07-10 23:00:00,STATION_B_02,281.66,27.3
2025-07-11 00:00:00,STATION_B_02,308.91,23.5
2025-07-11 01:00:00,STATION_B_02,288.3,24.1
2025-07-11 02:00:00,STATION_B_02,296.19,23.7
2025-07-11 03:00:00,STATION_B_02,287.46,25.3
2025-07-11 04:00:00,STATION_B_02,288.6,19.7
2025-07-11 05:00:00,STATION_B_02,294.98,22.4
2025-07-11 06:00:00,STATION_B_02,305.98,25.5
2025-07-11 07:00:00,STATION_B_02,373.05,27.8
2025-07-11 08:00:00,STATION_B_02,555.99,26.6
2025-07-11 09:00:00,STATION_B_02,736.97,26.9
2025-07-11 10:00:00,STATION_B_02,921.67,30.0
2025-07-11 11:00:00,STATION_B_02,983.71,31.4
2025-07-11 12:00:00,STATION_B_02,939.04,30.1
2025-07-11 13:00:00,STATION_B_02,991.24,32.1
2025-07-11 14:00:00,STATION_B_02,,34.2
2025-07-11 15:00:00,STATION_B_02,959.7,35.6
2025-07-11 16:00:00,STATION_B_02,930.92,33.4
2025-07-11 17:00:00,STATION_B_02,775.15,31.6
2025-07-11 18:00:00,STATION_B_02,541.8,30.7
2025-07-11 19:00:00,STATION_B_02,384.64,30.8
2025-07-11 20:00:00,STATION_B_02,317.46,28.4
2025-07-11 21:00:00,STATION_B_02,289.82,27.7
2025-07-11 22:00:00,STATION_B_02,294.01,24.2
2025-07-11 23:00:00,STATION_B_02,304.41,27.3
2025-07-12 00:00:00,STATION_B_02,179.55,22.0
2025-07-12 01:00:00,STATION_B_02,185.81,22.5
2025-07-12 02:00:00,STATION_B_02,178.47,23.0
2025-07-12 03:00:00,STATION_B_02,182.85,26.2
2025-07-12 04:00:00,STATION_B_02,185.77,22.0
2025-07-12 05:00:00,STATION_B_02,172.73,22.1
2025-07-12 06:00:00,STATION_B_02,190.4,23.0
2025-07-12 07:00:00,STATION_B_02,241.7,28.0
2025-07-12 08:00:00,STATION_B_02,349.32,21.1
2025-07-12 09:00:00,STATION_B_02,469.74,25.6
2025-07-12 10:00:00,STATION_B_02,554.37,33.6
2025-07-12 11:00:00,STATION_B_02,623.21,30.9
2025-07-12 12:00:00,STATION_B_02,618.4,28.8
2025-07-12 13:00:00,STATION_B_02,633.19,31.5
2025-07-12 14:00:00,STATION_B_02,629.8,32.2
2025-07-12 15:00:00,STATION_B_02,606.07,33.7
2025-07-12 16:00:00,STATION_B_02,586.69,35.4
2025-07-12 17:00:00,STATION_B_02,468.87,32.3
2025-07-12 18:00:00,STATION_B_02,356.46,29.8
2025-07-12 19:00:00,STATION_B_02,247.26,31.2
2025-07-12 20:00:00,STATION_B_02,198.36,27.4
2025-07-12 21:00:00,STATION_B_02,183.4,25.6
2025-07-12 22:00:00,STATION_B_02,195.81,23.0
2025-07-12 23:00:00,STATION_B_02,184.36,22.2
2025-07-13 00:00:00,STATION_B_02,185.13,22.4
2025-07-13 01:00:00,STATION_B_02,184.64,21.2
2025-07-13 02:00:00,STATION_B_02,178.57,23.4
2025-07-13 03:00:00,STATION_B_02,191.62,20.5
2025-07-13 04:00:00,STATION_B_02,185.65,17.1
2025-07-13 05:00:00,STATION_B_02,189.58,21.4
2025-07-13 06:00:00,STATION_B_02,199.29,23.2
2025-07-13 07:00:00,STATION_B_02,243.26,24.0
2025-07-13 08:00:00,STATION_B_02,340.19,28.9
2025-07-13 09:00:00,STATION_B_02,472.91,26.3
2025-07-13 10:00:00,STATION_B_02,532.07,30.3
2025-07-13 11:00:00,STATION_B_02,612.52,29.8
2025-07-13 12:00:00,STATION_B_02,637.88,30.8
2025-07-13 13:00:00,STATION_B_02,621.69,30.1
2025-07-13 14:00:00,STATION_B_02,615.26,32.0
2025-07-13 15:00:00,STATION_B_02,609.64,30.9
2025-07-13 16:00:00,STATION_B_02,589.95,32.4
2025-07-13 17:00:00,STATION_B_02,476.48,31.2
2025-07-13 18:00:00,STATION_B_02,363.17,29.1
2025-07-13 19:00:00,STATION_B_02,235.96,31.6
2025-07-13 20:00:00,STATION_B_02,194.56,29.5
2025-07-13 21:00:00,STATION_B_02,182.54,26.6
2025-07-13 22:00:00,STATION_B_02,193.93,26.5
2025-07-13 23:00:00,STATION_B_02,184.85,24.9
2025-07-14 00:00:00,STATION_B_02,313.72,22.5
2025-07-14 01:00:00,STATION_B_02,294.03,23.4
2025-07-14 02:00:00,STATION_B_02,309.54,21.7
2025-07-14 03:00:00,STATION_B_02,299.74,21.0
2025-07-14 04:00:00,STATION_B_02,306.95,19.9
2025-07-14 05:00:00,STATION_B_02,288.84,22.7
2025-07-14 06:00:00,STATION_B_02,315.42,25.1
2025-07-14 07:00:00,STATION_B_02,376.23,23.8
2025-07-14 08:00:00,STATION_B_02,563.5,30.8
2025-07-14 09:00:00,STATION_B_02,740.54,29.1
2025-07-14 10:00:00,STATION_B_02,921.78,31.0
2025-07-14 11:00:00,STATION_B_02,1021.02,31.3
2025-07-14 12:00:00,STATION_B_02,1024.01,34.2
2025-07-14 13:00:00,STATION_B_02,978.35,30.2
2025-07-14 14:00:00,STATION_B_02,959.81,27.5
2025-07-14 15:00:00,STATION_B_02,1005.58,31.5
2025-07-14 16:00:00,STATION_B_02,962.06,33.1
2025-07-14 17:00:00,STATION_B_02,751.68,31.9
2025-07-14 18:00:00,STATION_B_02,590.31,31.3
2025-07-14 19:00:00,STATION_B_02,386.94,32.2
2025-07-14 20:00:00,STATION_B_02,296.69,29.4
2025-07-14 21:00:00,STATION_B_02,286.21,28.9
2025-07-14 22:00:00,STATION_B_02,303.27,24.5
2025-07-14 23:00:00,STATION_B_02,298.3,23.1
2025-07-15 00:00:00,STATION_B_02,309.25,27.0
2025-07-15 01:00:00,STATION_B_02,288.5,23.5
2025-07-15 02:00:00,STATION_B_02,299.12,21.7
2025-07-15 03:00:00,STATION_B_02,298.49,21.6
2025-07-15 04:00:00,STATION_B_02,297.18,21.7
2025-07-15 05:00:00,STATION_B_02,295.82,22.0
2025-07-15 06:00:00,STATION_B_02,310.52,21.8
2025-07-15 07:00:00,STATION_B_02,389.4,22.4
2025-07-15 08:00:00,STATION_B_02,565.11,25.9
2025-07-15 09:00:00,STATION_B_02,777.34,26.4
2025-07-15 10:00:00,STATION_B_02,954.61,30.7
2025-07-15 11:00:00,STATION_B_02,963.35,30.4
2025-07-15 12:00:00,STATION_B_02,963.69,31.3
2025-07-15 13:00:00,STATION_B_02,1039.25,30.3
2025-07-15 14:00:00,STATION_B_02,986.53,31.9
2025-07-15 15:00:00,STATION_B_02,984.61,32.9
2025-07-15 16:00:00,STATION_B_02,910.88,33.4
2025-07-15 17:00:00,STATION_B_02,759.57,31.5
2025-07-15 18:00:00,STATION_B_02,539.46,32.8
2025-07-15 19:00:00,STATION_B_02,381.92,29.9
2025-07-15 20:00:00,STATION_B_02,318.42,30.1
2025-07-15 21:00:00,STATION_B_02,298.78,26.6
2025-07-15 22:00:00,STATION_B_02,301.72,23.0
2025-07-15 23:00:00,STATION_B_02,293.96,25.6
2025-07-16 00:00:00,STATION_B_02,305.23,
2025-07-16 01:00:00,STATION_B_02,294.29,24.4
2025-07-16 02:00:00,STATION_B_02,281.88,23.6
2025-07-16 03:00:00,STATION_B_02,300.69,22.1
2025-07-16 04:00:00,STATION_B_02,305.12,21.4
2025-07-16 05:00:00,STATION_B_02,294.9,24.3
2025-07-16 06:00:00,STATION_B_02,323.37,24.9
2025-07-16 07:00:00,STATION_B_02,379.64,24.1
2025-07-16 08:00:00,STATION_B_02,571.35,28.2
2025-07-16 09:00:00,STATION_B_02,808.54,25.9
2025-07-16 10:00:00,STATION_B_02,927.89,27.7
2025-07-16 11:00:00,STATION_B_02,990.06,32.8
2025-07-16 12:00:00,STATION_B_02,1010.09,32.4
2025-07-16 13:00:00,STATION_B_02,1056.95,31.0
2025-07-16 14:00:00,STATION_B_02,1023.49,32.6
2025-07-16 15:00:00,STATION_B_02,1051.46,32.6
2025-07-16 16:00:00,STATION_B_02,933.76,27.2
2025-07-16 17:00:00,STATION_B_02,760.33,30.0
2025-07-16 18:00:00,STATION_B_02,553.05,30.8
2025-07-16 19:00:00,STATION_B_02,388.87,29.2
2025-07-16 20:00:00,STATION_B_02,296.97,29.2
2025-07-16 21:00:00,STATION_B_02,295.58,29.5
2025-07-16 22:00:00,STATION_B_02,294.76,25.7
2025-07-16 23:00:00,STATION_B_02,300.11,23.2
2025-07-17 00:00:00,STATION_B_02,313.71,24.7
2025-07-17 01:00:00,STATION_B_02,299.06,22.7
2025-07-17 02:00:00,STATION_B_02,283.71,22.6
2025-07-17 03:00:00,STATION_B_02,291.54,22.2
2025-07-17 04:00:00,STATION_B_02,300.7,26.9
2025-07-17 05:00:00,STATION_B_02,304.44,19.3
2025-07-17 06:00:00,STATION_B_02,327.29,23.4
2025-07-17 07:00:00,STATION_B_02,398.47,25.1
2025-07-17 08:00:00,STATION_B_02,575.92,24.8
2025-07-17 09:00:00,STATION_B_02,770.14,29.1
2025-07-17 10:00:00,STATION_B_02,954.81,30.2
2025-07-17 11:00:00,STATION_B_02,974.06,29.8
2025-07-17 12:00:00,STATION_B_02,1039.8,30.4
2025-07-17 13:00:00,STATION_B_02,1007.96,31.4
2025-07-17 14:00:00,STATION_B_02,976.09,31.9
2025-07-17 15:00:00,STATION_B_02,1012.69,32.2
2025-07-17 16:00:00,STATION_B_02,962.04,31.8
2025-07-17 17:00:00,STATION_B_02,766.35,32.1
2025-07-17 18:00:00,STATION_B_02,585.2,32.2
2025-07-17 19:00:00,STATION_B_02,372.04,27.7
2025-07-17 20:00:00,STATION_B_02,304.27,26.8
2025-07-17 21:00:00,STATION_B_02,298.54,24.3
2025-07-17 22:00:00,STATION_B_02,295.8,27.8
2025-07-17 23:00:00,STATION_B_02,293.48,25.5
2025-07-18 00:00:00,STATION_B_02,300.04,25.0
2025-07-18 01:00:00,STATION_B_02,296.71,20.8
2025-07-18 02:00:00,STATION_B_02,296.21,26.1
2025-07-18 03:00:00,STATION_B_02,301.77,21.6
2025-07-18 04:00:00,STATION_B_02,293.84,23.2
2025-07-18 05:00:00,STATION_B_02,299.2,24.9
2025-07-18 06:00:00,STATION_B_02,309.13,22.3
2025-07-18 07:00:00,STATION_B_02,377.04,24.1
2025-07-18 08:00:00,STATION_B_02,574.19,26.6
2025-07-18 09:00:00,STATION_B_02,809.89,32.6
2025-07-18 10:00:00,STATION_B_02,955.14,29.3
2025-07-18 11:00:00,STATION_B_02,1007.12,32.8
2025-07-18 12:00:00,STATION_B_02,998.57,33.1
2025-07-18 13:00:00,STATION_B_02,1009.07,32.3
2025-07-18 14:00:00,STATION_B_02,1043.42,30.4
2025-07-18 15:00:00,STATION_B_02,939.29,34.2
2025-07-18 16:00:00,STATION_B_02,920.66,29.4
2025-07-18 17:00:00,STATION_B_02,790.28,34.5
2025-07-18 18:00:00,STATION_B_02,546.37,31.3
2025-07-18 19:00:00,STATION_B_02,393.54,25.1
2025-07-18 20:00:00,STATION_B_02,317.51,28.1
2025-07-18 21:00:00,STATION_B_02,288.7,28.7
2025-07-18 22:00:00,STATION_B_02,299.72,25.8
2025-07-18 23:00:00,STATION_B_02,294.23,26.4
2025-07-19 00:00:00,STATION_B_02,187.58,22.6
2025-07-19 01:00:00,STATION_B_02,189.76,21.0
2025-07-19 02:00:00,STATION_B_02,187.5,22.7
2025-07-19 03:00:00,STATION_B_02,185.93,22.8
2025-07-19 04:00:00,STATION_B_02,186.98,22.2
2025-07-19 05:00:00,STATION_B_02,180.52,25.6
2025-07-19 06:00:00,STATION_B_02,194.98,22.6
2025-07-19 07:00:00,STATION_B_02,236.58,25.7
2025-07-19 08:00:00,STATION_B_02,358.81,26.4
2025-07-19 09:00:00,STATION_B_02,489.84,24.7
2025-07-19 10:00:00,STATION_B_02,587.05,26.4
2025-07-19 11:00:00,STATION_B_02,647.34,29.9
2025-07-19 12:00:00,STATION_B_02,624.87,34.5
2025-07-19 13:00:00,STATION_B_02,621.98,32.7
2025-07-19 14:00:00,STATION_B_02,624.49,29.0
2025-07-19 15:00:00,STATION_B_02,593.92,26.7
2025-07-19 16:00:00,STATION_B_02,554.01,33.5
2025-07-19 17:00:00,STATION_B_02,489.08,31.5
2025-07-19 18:00:00,STATION_B_02,336.77,32.9
2025-07-19 19:00:00,STATION_B_02,234.84,28.3
2025-07-19 20:00:00,STATION_B_02,194.63,29.4
2025-07-19 21:00:00,STATION_B_02,184.23,29.0
2025-07-19 22:00:00,STATION_B_02,189.88,25.5
2025-07-19 23:00:00,STATION_B_02,185.88,24.3
2025-07-20 00:00:00,STATION_B_02,181.88,24.1
2025-07-20 01:00:00,STATION_B_02,190.43,24.3
2025-07-20 02:00:00,STATION_B_02,189.26,22.8
2025-07-20 03:00:00,STATION_B_02,178.93,24.5
2025-07-20 04:00:00,STATION_B_02,186.97,22.0
2025-07-20 05:00:00,STATION_B_02,183.87,21.0
2025-07-20 06:00:00,STATION_B_02,191.55,27.7
2025-07-20 07:00:00,STATION_B_02,253.55,24.0
2025-07-20 08:00:00,STATION_B_02,350.87,25.2
2025-07-20 09:00:00,STATION_B_02,478.99,27.4
2025-07-20 10:00:00,STATION_B_02,578.63,28.9
2025-07-20 11:00:00,STATION_B_02,634.37,29.2
2025-07-20 12:00:00,STATION_B_02,619.33,30.9
2025-07-20 13:00:00,STATION_B_02,622.83,31.6
2025-07-20 14:00:00,STATION_B_02,641.61,32.4
2025-07-20 15:00:00,STATION_B_02,595.83,28.1
2025-07-20 16:00:00,STATION_B_02,592.24,35.5
2025-07-20 17:00:00,STATION_B_02,461.62,31.4
2025-07-20 18:00:00,STATION_B_02,347.52,31.9
2025-07-20 19:00:00,STATION_B_02,231.75,27.4
2025-07-20 20:00:00,STATION_B_02,189.96,27.9
2025-07-20 21:00:00,STATION_B_02,192.68,26.3
2025-07-20 22:00:00,STATION_B_02,190.81,28.9
2025-07-20 23:00:00,STATION_B_02,191.32,24.0
2025-07-21 00:00:00,STATION_B_02,288.5,25.5
2025-07-21 01:00:00,STATION_B_02,291.6,22.2
2025-07-21 02:00:00,STATION_B_02,302.45,22.0
2025-07-21 03:00:00,STATION_B_02,305.37,22.3
2025-07-21 04:00:00,STATION_B_02,293.59,25.2
2025-07-21 05:00:00,STATION_B_02,299.36,19.9
2025-07-21 06:00:00,STATION_B_02,306.38,21.7
2025-07-21 07:00:00,STATION_B_02,407.93,21.6
2025-07-21 08:00:00,STATION_B_02,557.53,24.3
2025-07-21 09:00:00,STATION_B_02,778.15,26.0
2025-07-21 10:00:00,STATION_B_02,933.9,25.8
2025-07-21 11:00:00,STATION_B_02,1029.94,28.6
2025-07-21 12:00:00,STATION_B_02,992.98,27.3
2025-07-21 13:00:00,STATION_B_02,1050.31,29.8
2025-07-21 14:00:00,STATION_B_02,984.35,34.3
2025-07-21 15:00:00,STATION_B_02,1031.52,33.0
2025-07-21 16:00:00,STATION_B_02,890.34,32.5
2025-07-21 17:00:00,STATION_B_02,775.42,29.8
2025-07-21 18:00:00,STATION_B_02,588.38,28.1
2025-07-21 19:00:00,STATION_B_02,397.36,27.8
2025-07-21 20:00:00,STATION_B_02,318.71,28.7
2025-07-21 21:00:00,STATION_B_02,292.64,29.1
2025-07-21 22:00:00,STATION_B_02,294.11,27.9
2025-07-21 23:00:00,STATION_B_02,310.3,26.2
2025-07-22 00:00:00,STATION_B_02,303.64,22.8
2025-07-22 01:00:00,STATION_B_02,306.9,23.4
2025-07-22 02:00:00,STATION_B_02,300.53,22.3
2025-07-22 03:00:00,STATION_B_02,297.76,22.3
2025-07-22 04:00:00,STATION_B_02,305.96,26.5
2025-07-22 05:00:00,STATION_B_02,305.81,20.2
2025-07-22 06:00:00,STATION_B_02,314.02,23.7
2025-07-22 07:00:00,STATION_B_02,376.12,27.3
2025-07-22 08:00:00,STATION_B_02,578.82,23.6
2025-07-22 09:00:00,STATION_B_02,786.83,26.3
2025-07-22 10:00:00,STATION_B_02,917.68,27.8
2025-07-22 11:00:00,STATION_B_02,1032.41,29.5
2025-07-22 12:00:00,STATION_B_02,1025.2,28.0
2025-07-22 13:00:00,STATION_B_02,1026.89,32.7
2025-07-22 14:00:00,STATION_B_02,1042.17,33.3
2025-07-22 15:00:00,STATION_B_02,1019.13,33.2
2025-07-22 16:00:00,STATION_B_02,939.52,30.6
2025-07-22 17:00:00,STATION_B_02,774.14,31.8
2025-07-22 18:00:00,STATION_B_02,593.96,29.3
2025-07-22 19:00:00,STATION_B_02,383.05,29.3
2025-07-22 20:00:00,STATION_B_02,321.55,32.6
2025-07-22 21:00:00,STATION_B_02,300.35,27.7
2025-07-22 22:00:00,STATION_B_02,303.55,24.1
2025-07-22 23:00:00,STATION_B_02,309.6,25.4
2025-07-23 00:00:00,STATION_B_02,298.16,21.6
2025-07-23 01:00:00,STATION_B_02,306.04,21.2
2025-07-23 02:00:00,STATION_B_02,303.7,21.0
2025-07-23 03:00:00,STATION_B_02,295.25,21.9
2025-07-23 04:00:00,STATION_B_02,309.9,24.5
2025-07-23 05:00:00,STATION_B_02,306.66,24.4
2025-07-23 06:00:00,STATION_B_02,311.96,25.0
2025-07-23 07:00:00,STATION_B_02,401.83,23.1
2025-07-23 08:00:00,STATION_B_02,552.8,25.3
2025-07-23 09:00:00,STATION_B_02,777.63,28.0
2025-07-23 10:00:00,STATION_B_02,922.31,27.6
2025-07-23 11:00:00,STATION_B_02,1021.63,29.4
2025-07-23 12:00:00,STATION_B_02,1006.4,31.7
2025-07-23 13:00:00,STATION_B_02,1040.39,31.0
2025-07-23 14:00:00,STATION_B_02,1034.87,32.5
2025-07-23 15:00:00,STATION_B_02,992.3,35.1
2025-07-23 16:00:00,STATION_B_02,977.11,31.8
2025-07-23 17:00:00,STATION_B_02,763.16,33.8
2025-07-23 18:00:00,STATION_B_02,544.33,31.9
2025-07-23 19:00:00,STATION_B_02,399.33,27.2
2025-07-23 20:00:00,STATION_B_02,297.91,26.7
2025-07-23 21:00:00,STATION_B_02,312.79,26.0
2025-07-23 22:00:00,STATION_B_02,300.9,24.7
2025-07-23 23:00:00,STATION_B_02,288.96,24.9
2025-07-24 00:00:00,STATION_B_02,292.72,25.2
2025-07-24 01:00:00,STATION_B_02,287.37,25.6
2025-07-24 02:00:00,STATION_B_02,303.11,23.4
2025-07-24 03:00:00,STATION_B_02,289.98,21.9
2025-07-24 04:00:00,STATION_B_02,308.51,19.1
2025-07-24 05:00:00,STATION_B_02,298.76,23.4
2025-07-24 06:00:00,STATION_B_02,311.68,24.1
2025-07-24 07:00:00,STATION_B_02,395.87,25.4
2025-07-24 08:00:00,STATION_B_02,574.28,30.0
2025-07-24 09:00:00,STATION_B_02,801.54,29.7
2025-07-24 10:00:00,STATION_B_02,917.52,30.1
2025-07-24 11:00:00,STATION_B_02,1001.47,28.1
2025-07-24 12:00:00,STATION_B_02,1002.46,29.9
2025-07-24 13:00:00,STATION_B_02,1024.78,31.4
2025-07-24 14:00:00,STATION_B_02,998.68,30.7
2025-07-24 15:00:00,STATION_B_02,991.21,33.2
2025-07-24 16:00:00,STATION_B_02,922.75,32.7
2025-07-24 17:00:00,STATION_B_02,784.32,29.7
2025-07-24 18:00:00,STATION_B_02,565.18,33.0
2025-07-24 19:00:00,STATION_B_02,395.85,30.0
2025-07-24 20:00:00,STATION_B_02,314.72,25.6
2025-07-24 21:00:00,STATION_B_02,296.63,27.4
2025-07-24 22:00:00,STATION_B_02,301.66,26.7
2025-07-24 23:00:00,STATION_B_02,292.99,26.8
2025-07-25 00:00:00,STATION_B_02,304.56,23.4
2025-07-25 01:00:00,STATION_B_02,297.89,24.8
2025-07-25 02:00:00,STATION_B_02,301.72,23.1
2025-07-25 03:00:00,STATION_B_02,304.45,20.3
2025-07-25 04:00:00,STATION_B_02,315.37,20.3
2025-07-25 05:00:00,STATION_B_02,304.14,25.3
2025-07-25 06:00:00,STATION_B_02,316.19,26.2
2025-07-25 07:00:00,STATION_B_02,383.66,25.6
2025-07-25 08:00:00,STATION_B_02,576.91,28.9
2025-07-25 09:00:00,STATION_B_02,772.89,29.3
2025-07-25 10:00:00,STATION_B_02,895.89,29.9
2025-07-25 11:00:00,STATION_B_02,997.16,28.2
2025-07-25 12:00:00,STATION_B_02,1024.38,34.0
2025-07-25 13:00:00,STATION_B_02,998.74,32.6
2025-07-25 14:00:00,STATION_B_02,1016.18,31.4
2025-07-25 15:00:00,STATION_B_02,1000.4,31.0
2025-07-25 16:00:00,STATION_B_02,931.56,32.5
2025-07-25 17:00:00,STATION_B_02,803.37,28.6
2025-07-25 18:00:00,STATION_B_02,545.87,32.1
2025-07-25 19:00:00,STATION_B_02,411.37,28.1
2025-07-25 20:00:00,STATION_B_02,315.33,29.4
2025-07-25 21:00:00,STATION_B_02,305.71,26.5
2025-07-25 22:00:00,STATION_B_02,301.16,25.7
2025-07-25 23:00:00,STATION_B_02,286.68,23.7
2025-07-26 00:00:00,STATION_B_02,180.93,23.7
2025-07-26 01:00:00,STATION_B_02,183.51,26.7
2025-07-26 02:00:00,STATION_B_02,190.85,25.3
2025-07-26 03:00:00,STATION_B_02,179.35,23.3
2025-07-26 04:00:00,STATION_B_02,181.92,22.7
2025-07-26 05:00:00,STATION_B_02,187.48,24.8
2025-07-26 06:00:00,STATION_B_02,198.03,26.1
2025-07-26 07:00:00,STATION_B_02,244.98,23.5
2025-07-26 08:00:00,STATION_B_02,341.35,26.0
2025-07-26 09:00:00,STATION_B_02,462.45,24.1
2025-07-26 10:00:00,STATION_B_02,586.4,30.7
2025-07-26 11:00:00,STATION_B_02,644.44,33.5
2025-07-26 12:00:00,STATION_B_02,626.19,31.0
2025-07-26 13:00:00,STATION_B_02,613.75,27.8
2025-07-26 14:00:00,STATION_B_02,624.8,33.2
2025-07-26 15:00:00,STATION_B_02,627.66,30.6
2025-07-26 16:00:00,STATION_B_02,574.8,30.9
2025-07-26 17:00:00,STATION_B_02,500.17,32.7
2025-07-26 18:00:00,STATION_B_02,358.75,31.3
2025-07-26 19:00:00,STATION_B_02,243.36,28.9
2025-07-26 20:00:00,STATION_B_02,185.7,27.5
2025-07-26 21:00:00,STATION_B_02,183.33,27.6
2025-07-26 22:00:00,STATION_B_02,183.42,25.4
2025-07-26 23:00:00,STATION_B_02,182.45,23.0
2025-07-27 00:00:00,STATION_B_02,186.9,23.4
2025-07-27 01:00:00,STATION_B_02,187.0,23.9
2025-07-27 02:00:00,STATION_B_02,177.88,22.4
2025-07-27 03:00:00,STATION_B_02,191.72,20.1
2025-07-27 04:00:00,STATION_B_02,186.07,24.5
2025-07-27 05:00:00,STATION_B_02,191.83,18.3
2025-07-27 06:00:00,STATION_B_02,199.35,23.2
2025-07-27 07:00:00,STATION_B_02,237.28,23.9
2025-07-27 08:00:00,STATION_B_02,361.65,26.4
2025-07-27 09:00:00,STATION_B_02,480.55,28.4
2025-07-27 10:00:00,STATION_B_02,600.82,30.7
2025-07-27 11:00:00,STATION_B_02,606.63,28.5
2025-07-27 12:00:00,STATION_B_02,655.26,31.8
2025-07-27 13:00:00,STATION_B_02,617.49,31.9
2025-07-27 14:00:00,STATION_B_02,673.5,29.0
2025-07-27 15:00:00,STATION_B_02,605.71,35.6
2025-07-27 16:00:00,STATION_B_02,593.99,29.4
2025-07-27 17:00:00,STATION_B_02,477.8,32.3
2025-07-27 18:00:00,STATION_B_02,356.71,31.5
2025-07-27 19:00:00,STATION_B_02,241.86,30.3
2025-07-27 20:00:00,STATION_B_02,190.02,27.7
2025-07-27 21:00:00,STATION_B_02,173.06,28.9
2025-07-27 22:00:00,STATION_B_02,198.13,23.3
2025-07-27 23:00:00,STATION_B_02,186.35,24.9
2025-07-28 00:00:00,STATION_B_02,276.86,23.0
2025-07-28 01:00:00,STATION_B_02,302.18,22.0
2025-07-28 02:00:00,STATION_B_02,305.18,23.5
2025-07-28 03:00:00,STATION_B_02,294.24,24.5
2025-07-28 04:00:00,STATION_B_02,294.31,22.1
2025-07-28 05:00:00,STATION_B_02,300.68,24.6
2025-07-28 06:00:00,STATION_B_02,325.11,24.1
2025-07-28 07:00:00,STATION_B_02,391.3,23.4
2025-07-28 08:00:00,STATION_B_02,586.0,25.7
2025-07-28 09:00:00,STATION_B_02,800.41,26.8
2025-07-28 10:00:00,STATION_B_02,926.37,27.4
2025-07-28 11:00:00,STATION_B_02,960.32,30.5
2025-07-28 12:00:00,STATION_B_02,1012.24,31.2
2025-07-28 13:00:00,STATION_B_02,1033.35,28.7
2025-07-28 14:00:00,STATION_B_02,1019.83,29.0
2025-07-28 15:00:00,STATION_B_02,1017.73,32.9
2025-07-28 16:00:00,STATION_B_02,952.86,30.5
2025-07-28 17:00:00,STATION_B_02,788.3,32.1
2025-07-28 18:00:00,STATION_B_02,560.51,32.2
2025-07-28 19:00:00,STATION_B_02,395.58,27.5
2025-07-28 20:00:00,STATION_B_02,333.6,26.1
2025-07-28 21:00:00,STATION_B_02,289.2,30.4
2025-07-28 22:00:00,STATION_B_02,303.65,26.8
2025-07-28 23:00:00,STATION_B_02,314.11,24.2
2025-07-29 00:00:00,STATION_B_02,290.45,22.3
2025-07-29 01:00:00,STATION_B_02,307.4,22.3
2025-07-29 02:00:00,STATION_B_02,310.66,20.6
2025-07-29 03:00:00,STATION_B_02,288.1,24.1
2025-07-29 04:00:00,STATION_B_02,306.24,21.3
2025-07-29 05:00:00,STATION_B_02,298.51,25.1
2025-07-29 06:00:00,STATION_B_02,314.54,23.2
2025-07-29 07:00:00,STATION_B_02,386.72,23.1
2025-07-29 08:00:00,STATION_B_02,583.39,25.3
2025-07-29 09:00:00,STATION_B_02,774.74,22.6
2025-07-29 10:00:00,STATION_B_02,920.05,28.4
2025-07-29 11:00:00,STATION_B_02,988.89,29.4
2025-07-29 12:00:00,STATION_B_02,1008.51,32.2
2025-07-29 13:00:00,STATION_B_02,990.09,28.1
2025-07-29 14:00:00,STATION_B_02,1005.05,34.1
2025-07-29 15:00:00,STATION_B_02,1003.58,33.6
2025-07-29 16:00:00,STATION_B_02,941.08,34.2
2025-07-29 17:00:00,STATION_B_02,801.35,31.4
2025-07-29 18:00:00,STATION_B_02,567.69,32.6
2025-07-29 19:00:00,STATION_B_02,385.22,27.1
2025-07-29 20:00:00,STATION_B_02,306.77,29.9
2025-07-29 21:00:00,STATION_B_02,302.95,25.9
2025-07-29 22:00:00,STATION_B_02,298.73,23.1
2025-07-29 23:00:00,STATION_B_02,298.97,22.9
2025-07-30 00:00:00,STATION_B_02,301.38,23.9
2025-07-30 01:00:00,STATION_B_02,303.89,21.7
2025-07-30 02:00:00,STATION_B_02,301.44,23.3
2025-07-30 03:00:00,STATION_B_02,302.11,19.2
2025-07-30 04:00:00,STATION_B_02,297.76,18.8
2025-07-30 05:00:00,STATION_B_02,295.58,25.6
2025-07-30 06:00:00,STATION_B_02,321.7,25.5
2025-07-30 07:00:00,STATION_B_02,385.39,23.0
2025-07-30 08:00:00,STATION_B_02,543.92,26.1
2025-07-30 09:00:00,STATION_B_02,799.74,29.1
2025-07-30 10:00:00,STATION_B_02,907.66,29.3
2025-07-30 11:00:00,STATION_B_02,1000.55,30.0
2025-07-30 12:00:00,STATION_B_02,1029.63,32.7
2025-07-30 13:00:00,STATION_B_02,1017.89,30.1
2025-07-30 14:00:00,STATION_B_02,951.15,32.0
2025-07-30 15:00:00,STATION_B_02,1009.8,32.1
2025-07-30 16:00:00,STATION_B_02,962.57,31.4
2025-07-30 17:00:00,STATION_B_02,792.23,30.8
2025-07-30 18:00:00,STATION_B_02,532.54,30.8
2025-07-30 19:00:00,STATION_B_02,411.25,29.8
2025-07-30 20:00:00,STATION_B_02,303.93,26.7
2025-07-30 21:00:00,STATION_B_02,291.96,28.7
2025-07-30 22:00:00,STATION_B_02,305.47,24.3
2025-07-30 23:00:00,STATION_B_02,302.89,24.5
2025-07-31 00:00:00,STATION_B_02,299.66,23.3
2025-07-31 01:00:00,STATION_B_02,294.61,23.8
2025-07-31 02:00:00,STATION_B_02,314.31,18.8
2025-07-31 03:00:00,STATION_B_02,298.73,24.1
2025-07-31 04:00:00,STATION_B_02,1346.73,21.4
2025-07-31 05:00:00,STATION_B_02,309.67,25.3
2025-07-31 06:00:00,STATION_B_02,316.23,23.0
2025-07-31 07:00:00,STATION_B_02,400.56,24.8
2025-07-31 08:00:00,STATION_B_02,571.45,29.5
2025-07-31 09:00:00,STATION_B_02,823.76,26.8
2025-07-31 10:00:00,STATION_B_02,922.01,30.7
2025-07-31 11:00:00,STATION_B_02,999.03,29.7
2025-07-31 12:00:00,STATION_B_02,1034.61,31.4
2025-07-31 13:00:00,STATION_B_02,1008.73,31.5
2025-07-31 14:00:00,STATION_B_02,1036.81,33.4
2025-07-31 15:00:00,STATION_B_02,922.1,30.8
2025-07-31 16:00:00,STATION_B_02,927.77,30.1
2025-07-31 17:00:00,STATION_B_02,773.48,30.3
2025-07-31 18:00:00,STATION_B_02,561.05,30.8
2025-07-31 19:00:00,STATION_B_02,380.42,29.3
2025-07-31 20:00:00,STATION_B_02,321.86,29.8
2025-07-31 21:00:00,STATION_B_02,296.14,29.6
2025-07-31 22:00:00,STATION_B_02,300.63,24.3
2025-07-31 23:00:00,STATION_B_02,298.77,23.5
2025-08-01 00:00:00,STATION_B_02,303.7,21.2
2025-08-01 01:00:00,STATION_B_02,309.79,26.7
2025-08-01 02:00:00,STATION_B_02,300.19,23.1
2025-08-01 03:00:00,STATION_B_02,305.21,23.3
2025-08-01 04:00:00,STATION_B_02,302.56,20.2
2025-08-01 05:00:00,STATION_B_02,295.76,23.1
2025-08-01 06:00:00,STATION_B_02,312.91,24.7
2025-08-01 07:00:00,STATION_B_02,385.95,24.4
2025-08-01 08:00:00,STATION_B_02,570.71,27.9
2025-08-01 09:00:00,STATION_B_02,776.76,31.4
2025-08-01 10:00:00,STATION_B_02,909.23,26.8
2025-08-01 11:00:00,STATION_B_02,991.67,27.8
2025-08-01 12:00:00,STATION_B_02,974.16,29.0
2025-08-01 13:00:00,STATION_B_02,1010.68,34.3
2025-08-01 14:00:00,STATION_B_02,1014.44,33.7
2025-08-01 15:00:00,STATION_B_02,1044.34,31.8
2025-08-01 16:00:00,STATION_B_02,960.98,31.9
2025-08-01 17:00:00,STATION_B_02,753.81,29.9
2025-08-01 18:00:00,STATION_B_02,565.37,32.2
2025-08-01 19:00:00,STATION_B_02,391.05,28.9
2025-08-01 20:00:00,STATION_B_02,312.2,28.0
2025-08-01 21:00:00,STATION_B_02,298.42,28.3
2025-08-01 22:00:00,STATION_B_02,295.97,25.6
2025-08-01 23:00:00,STATION_B_02,313.25,24.4
2025-08-02 00:00:00,STATION_B_02,182.93,23.8
2025-08-02 01:00:00,STATION_B_02,186.57,24.5
2025-08-02 02:00:00,STATION_B_02,172.77,25.5
2025-08-02 03:00:00,STATION_B_02,188.89,23.4
2025-08-02 04:00:00,STATION_B_02,190.64,24.0
2025-08-02 05:00:00,STATION_B_02,180.49,22.7
2025-08-02 06:00:00,STATION_B_02,191.87,22.5
2025-08-02 07:00:00,STATION_B_02,243.57,26.0
2025-08-02 08:00:00,STATION_B_02,348.4,26.2
2025-08-02 09:00:00,STATION_B_02,485.43,24.6
2025-08-02 10:00:00,STATION_B_02,570.55,27.8
2025-08-02 11:00:00,STATION_B_02,647.49,29.4
2025-08-02 12:00:00,STATION_B_02,617.15,29.7
2025-08-02 13:00:00,STATION_B_02,672.8,34.0
2025-08-02 14:00:00,STATION_B_02,648.37,32.7
2025-08-02 15:00:00,STATION_B_02,630.95,34.5
2025-08-02 16:00:00,STATION_B_02,559.3,32.3
2025-08-02 17:00:00,STATION_B_02,490.98,31.5
2025-08-02 18:00:00,STATION_B_02,353.7,28.9
2025-08-02 19:00:00,STATION_B_02,227.49,29.6
2025-08-02 20:00:00,STATION_B_02,-28.11,28.4
2025-08-02 21:00:00,STATION_B_02,187.3,24.7
2025-08-02 22:00:00,STATION_B_02,184.32,25.0
2025-08-02 23:00:00,STATION_B_02,182.46,24.2
2025-08-03 00:00:00,STATION_B_02,189.84,24.5
2025-08-03 01:00:00,STATION_B_02,180.41,23.8
2025-08-03 02:00:00,STATION_B_02,182.97,21.5
2025-08-03 03:00:00,STATION_B_02,181.55,23.2
2025-08-03 04:00:00,STATION_B_02,187.12,22.2
2025-08-03 05:00:00,STATION_B_02,180.71,17.8
2025-08-03 06:00:00,STATION_B_02,191.66,22.9
2025-08-03 07:00:00,STATION_B_02,229.62,26.7
2025-08-03 08:00:00,STATION_B_02,344.87,22.9
2025-08-03 09:00:00,STATION_B_02,487.91,27.3
2025-08-03 10:00:00,STATION_B_02,585.04,31.2
2025-08-03 11:00:00,STATION_B_02,604.99,28.2
2025-08-03 12:00:00,STATION_B_02,635.85,30.5
2025-08-03 13:00:00,STATION_B_02,624.84,28.9
2025-08-03 14:00:00,STATION_B_02,649.35,34.7
2025-08-03 15:00:00,STATION_B_02,614.58,31.8
2025-08-03 16:00:00,STATION_B_02,529.63,31.9
2025-08-03 17:00:00,STATION_B_02,490.06,33.7
2025-08-03 18:00:00,STATION_B_02,343.57,31.7
2025-08-03 19:00:00,STATION_B_02,238.68,28.0
2025-08-03 20:00:00,STATION_B_02,195.88,27.2
2025-08-03 21:00:00,STATION_B_02,178.44,28.0
2025-08-03 22:00:00,STATION_B_02,185.04,24.8
2025-08-03 23:00:00,STATION_B_02,188.25,20.9
2025-08-04 00:00:00,STATION_B_02,300.16,23.6
2025-08-04 01:00:00,STATION_B_02,295.26,20.3
2025-08-04 02:00:00,STATION_B_02,305.02,25.4
2025-08-04 03:00:00,STATION_B_02,289.64,22.6
2025-08-04 04:00:00,STATION_B_02,294.26,20.8
2025-08-04 05:00:00,STATION_B_02,297.81,21.7
2025-08-04 06:00:00,STATION_B_02,317.77,20.3
2025-08-04 07:00:00,STATION_B_02,383.82,22.7
2025-08-04 08:00:00,STATION_B_02,577.79,27.7
2025-08-04 09:00:00,STATION_B_02,777.09,31.1
2025-08-04 10:00:00,STATION_B_02,926.1,29.6
2025-08-04 11:00:00,STATION_B_02,999.71,29.3
2025-08-04 12:00:00,STATION_B_02,1029.14,29.7
2025-08-04 13:00:00,STATION_B_02,1017.37,29.5
2025-08-04 14:00:00,STATION_B_02,962.39,35.4
2025-08-04 15:00:00,STATION_B_02,1021.14,31.5
2025-08-04 16:00:00,STATION_B_02,927.18,35.5
2025-08-04 17:00:00,STATION_B_02,784.93,33.8
2025-08-04 18:00:00,STATION_B_02,554.01,27.3
2025-08-04 19:00:00,STATION_B_02,368.72,28.3
2025-08-04 20:00:00,STATION_B_02,294.16,27.1
2025-08-04 21:00:00,STATION_B_02,291.06,26.9
2025-08-04 22:00:00,STATION_B_02,301.4,25.7
2025-08-04 23:00:00,STATION_B_02,307.41,30.1
2025-08-05 00:00:00,STATION_B_02,299.61,21.7
2025-08-05 01:00:00,STATION_B_02,288.71,23.3
2025-08-05 02:00:00,STATION_B_02,290.78,23.5
2025-08-05 03:00:00,STATION_B_02,307.33,22.2
2025-08-05 04:00:00,STATION_B_02,286.74,22.6
2025-08-05 05:00:00,STATION_B_02,,21.0
2025-08-05 06:00:00,STATION_B_02,327.35,23.8
2025-08-05 07:00:00,STATION_B_02,407.86,25.6
2025-08-05 08:00:00,STATION_B_02,564.45,26.4
2025-08-05 09:00:00,STATION_B_02,762.98,28.1
2025-08-05 10:00:00,STATION_B_02,931.21,30.8
2025-08-05 11:00:00,STATION_B_02,1014.67,31.1
2025-08-05 12:00:00,STATION_B_02,991.07,30.6
2025-08-05 13:00:00,STATION_B_02,980.37,29.1
2025-08-05 14:00:00,STATION_B_02,1000.69,30.6
2025-08-05 15:00:00,STATION_B_02,971.36,31.4
2025-08-05 16:00:00,STATION_B_02,952.45,32.1
2025-08-05 17:00:00,STATION_B_02,757.51,30.3
2025-08-05 18:00:00,STATION_B_02,560.33,28.7
2025-08-05 19:00:00,STATION_B_02,396.3,27.3
2025-08-05 20:00:00,STATION_B_02,322.53,25.3
2025-08-05 21:00:00,STATION_B_02,299.48,26.6
2025-08-05 22:00:00,STATION_B_02,299.84,23.1
2025-08-05 23:00:00,STATION_B_02,289.01,22.8
2025-08-06 00:00:00,STATION_B_02,304.15,22.9
2025-08-06 01:00:00,STATION_B_02,308.43,20.4
2025-08-06 02:00:00,STATION_B_02,281.87,23.0
2025-08-06 03:00:00,STATION_B_02,309.85,23.5
2025-08-06 04:00:00,STATION_B_02,291.84,21.4
2025-08-06 05:00:00,STATION_B_02,301.89,22.0
2025-08-06 06:00:00,STATION_B_02,312.16,24.5
2025-08-06 07:00:00,STATION_B_02,385.08,23.3
2025-08-06 08:00:00,STATION_B_02,554.87,24.3
2025-08-06 09:00:00,STATION_B_02,748.55,29.1
2025-08-06 10:00:00,STATION_B_02,933.47,29.8
2025-08-06 11:00:00,STATION_B_02,982.03,30.5
2025-08-06 12:00:00,STATION_B_02,971.97,32.0
2025-08-06 13:00:00,STATION_B_02,980.26,27.6
2025-08-06 14:00:00,STATION_B_02,972.43,34.0
2025-08-06 15:00:00,STATION_B_02,975.91,32.5
2025-08-06 16:00:00,STATION_B_02,932.56,33.4
2025-08-06 17:00:00,STATION_B_02,754.19,31.8
2025-08-06 18:00:00,STATION_B_02,572.04,30.5
2025-08-06 19:00:00,STATION_B_02,384.51,28.9
2025-08-06 20:00:00,STATION_B_02,309.21,28.9
2025-08-06 21:00:00,STATION_B_02,297.44,26.4
2025-08-06 22:00:00,STATION_B_02,307.06,27.3
2025-08-06 23:00:00,STATION_B_02,286.13,21.7
2025-08-07 00:00:00,STATION_B_02,308.41,22.5
2025-08-07 01:00:00,STATION_B_02,303.06,26.4
2025-08-07 02:00:00,STATION_B_02,296.77,21.2
2025-08-07 03:00:00,STATION_B_02,305.26,21.7
2025-08-07 04:00:00,STATION_B_02,295.14,20.7
2025-08-07 05:00:00,STATION_B_02,,23.4
2025-08-07 06:00:00,STATION_B_02,306.54,22.2
2025-08-07 07:00:00,STATION_B_02,394.59,24.2
2025-08-07 08:00:00,STATION_B_02,546.52,27.2
2025-08-07 09:00:00,STATION_B_02,765.82,25.7
2025-08-07 10:00:00,STATION_B_02,935.32,29.6
2025-08-07 11:00:00,STATION_B_02,1014.33,30.8
2025-08-07 12:00:00,STATION_B_02,982.79,32.2
2025-08-07 13:00:00,STATION_B_02,1025.05,31.3
2025-08-07 14:00:00,STATION_B_02,978.59,37.4
2025-08-07 15:00:00,STATION_B_02,932.23,33.6
2025-08-07 16:00:00,STATION_B_02,901.24,32.1
2025-08-07 17:00:00,STATION_B_02,783.51,29.5
2025-08-07 18:00:00,STATION_B_02,556.6,30.1
2025-08-07 19:00:00,STATION_B_02,379.58,31.9
2025-08-07 20:00:00,STATION_B_02,311.38,31.2
2025-08-07 21:00:00,STATION_B_02,296.89,29.6
2025-08-07 22:00:00,STATION_B_02,300.51,27.1
2025-08-07 23:00:00,STATION_B_02,283.32,22.3
2025-08-08 00:00:00,STATION_B_02,294.27,24.3
2025-08-08 01:00:00,STATION_B_02,298.29,20.5
2025-08-08 02:00:00,STATION_B_02,288.09,19.5
2025-08-08 03:00:00,STATION_B_02,284.48,22.5
2025-08-08 04:00:00,STATION_B_02,292.29,23.2
2025-08-08 05:00:00,STATION_B_02,296.14,24.3
2025-08-08 06:00:00,STATION_B_02,310.36,24.4
2025-08-08 07:00:00,STATION_B_02,378.55,25.4
2025-08-08 08:00:00,STATION_B_02,546.96,23.8
2025-08-08 09:00:00,STATION_B_02,757.37,26.7
2025-08-08 10:00:00,STATION_B_02,924.28,25.4
2025-08-08 11:00:00,STATION_B_02,1017.23,25.6
2025-08-08 12:00:00,STATION_B_02,944.27,31.6
2025-08-08 13:00:00,STATION_B_02,1019.51,29.7
2025-08-08 14:00:00,STATION_B_02,999.23,33.1
2025-08-08 15:00:00,STATION_B_02,998.83,33.6
2025-08-08 16:00:00,STATION_B_02,945.46,30.4
2025-08-08 17:00:00,STATION_B_02,750.23,32.1
2025-08-08 18:00:00,STATION_B_02,569.25,29.1
2025-08-08 19:00:00,STATION_B_02,371.6,25.9
2025-08-08 20:00:00,STATION_B_02,311.31,28.3
2025-08-08 21:00:00,STATION_B_02,294.23,26.0
2025-08-08 22:00:00,STATION_B_02,295.46,24.8
2025-08-08 23:00:00,STATION_B_02,287.5,28.0
2025-08-09 00:00:00,STATION_B_02,185.86,20.6
2025-08-09 01:00:00,STATION_B_02,190.06,23.3
2025-08-09 02:00:00,STATION_B_02,179.38,20.4
2025-08-09 03:00:00,STATION_B_02,183.44,23.6
2025-08-09 04:00:00,STATION_B_02,186.61,22.7
2025-08-09 05:00:00,STATION_B_02,181.75,23.3
2025-08-09 06:00:00,STATION_B_02,199.03,21.7
2025-08-09 07:00:00,STATION_B_02,234.97,23.0
2025-08-09 08:00:00,STATION_B_02,342.67,27.2
2025-08-09 09:00:00,STATION_B_02,461.18,30.0
2025-08-09 10:00:00,STATION_B_02,569.26,28.9
2025-08-09 11:00:00,STATION_B_02,609.62,27.6
2025-08-09 12:00:00,STATION_B_02,630.2,30.8
2025-08-09 13:00:00,STATION_B_02,610.39,35.3
2025-08-09 14:00:00,STATION_B_02,608.96,31.6
2025-08-09 15:00:00,STATION_B_02,616.91,34.2
2025-08-09 16:00:00,STATION_B_02,588.02,30.1
2025-08-09 17:00:00,STATION_B_02,481.16,30.9
2025-08-09 18:00:00,STATION_B_02,360.23,31.3
2025-08-09 19:00:00,STATION_B_02,241.07,29.9
2025-08-09 20:00:00,STATION_B_02,194.54,26.7
2025-08-09 21:00:00,STATION_B_02,186.41,25.3
2025-08-09 22:00:00,STATION_B_02,189.63,27.3
2025-08-09 23:00:00,STATION_B_02,188.43,26.5
2025-08-10 00:00:00,STATION_B_02,176.98,26.0
2025-08-10 01:00:00,STATION_B_02,185.91,25.8
2025-08-10 02:00:00,STATION_B_02,183.38,22.3
2025-08-10 03:00:00,STATION_B_02,181.78,21.4
2025-08-10 04:00:00,STATION_B_02,173.74,24.5
2025-08-10 05:00:00,STATION_B_02,175.43,23.8
2025-08-10 06:00:00,STATION_B_02,190.11,21.6
2025-08-10 07:00:00,STATION_B_02,228.05,22.5
2025-08-10 08:00:00,STATION_B_02,339.86,26.4
2025-08-10 09:00:00,STATION_B_02,481.1,26.4
2025-08-10 10:00:00,STATION_B_02,557.55,27.9
2025-08-10 11:00:00,STATION_B_02,609.5,31.1
2025-08-10 12:00:00,STATION_B_02,601.33,31.5
2025-08-10 13:00:00,STATION_B_02,624.05,33.3
2025-08-10 14:00:00,STATION_B_02,626.71,27.9
2025-08-10 15:00:00,STATION_B_02,585.69,32.0
2025-08-10 16:00:00,STATION_B_02,555.04,32.6
2025-08-10 17:00:00,STATION_B_02,456.78,28.1
2025-08-10 18:00:00,STATION_B_02,347.48,28.9
2025-08-10 19:00:00,STATION_B_02,238.1,27.6
2025-08-10 20:00:00,STATION_B_02,191.27,28.0
2025-08-10 21:00:00,STATION_B_02,182.15,29.7
2025-08-10 22:00:00,STATION_B_02,183.68,29.1
2025-08-10 23:00:00,STATION_B_02,183.76,22.9
2025-08-11 00:00:00,STATION_B_02,,24.2
2025-08-11 01:00:00,STATION_B_02,288.21,23.5
2025-08-11 02:00:00,STATION_B_02,292.6,22.7
2025-08-11 03:00:00,STATION_B_02,291.61,22.6
2025-08-11 04:00:00,STATION_B_02,308.77,22.6
2025-08-11 05:00:00,STATION_B_02,291.12,25.5
2025-08-11 06:00:00,STATION_B_02,310.47,25.2
2025-08-11 07:00:00,STATION_B_02,386.11,22.3
2025-08-11 08:00:00,STATION_B_02,571.89,26.8
2025-08-11 09:00:00,STATION_B_02,743.99,28.3
2025-08-11 10:00:00,STATION_B_02,942.64,28.5
2025-08-11 11:00:00,STATION_B_02,974.88,31.1
2025-08-11 12:00:00,STATION_B_02,1060.01,30.4
2025-08-11 13:00:00,STATION_B_02,1005.81,31.2
2025-08-11 14:00:00,STATION_B_02,963.49,31.5
2025-08-11 15:00:00,STATION_B_02,973.63,27.8
2025-08-11 16:00:00,STATION_B_02,942.58,31.1
2025-08-11 17:00:00,STATION_B_02,761.65,29.6
2025-08-11 18:00:00,STATION_B_02,550.97,27.9
2025-08-11 19:00:00,STATION_B_02,388.64,31.6
2025-08-11 20:00:00,STATION_B_02,305.4,28.8
2025-08-11 21:00:00,STATION_B_02,292.46,26.6
2025-08-11 22:00:00,STATION_B_02,285.89,24.4
2025-08-11 23:00:00,STATION_B_02,306.25,24.8
2025-08-12 00:00:00,STATION_B_02,283.04,25.0
2025-08-12 01:00:00,STATION_B_02,295.2,20.9
2025-08-12 02:00:00,STATION_B_02,296.09,21.9
2025-08-12 03:00:00,STATION_B_02,292.24,23.3
2025-08-12 04:00:00,STATION_B_02,287.85,18.5
2025-08-12 05:00:00,STATION_B_02,285.73,22.3
2025-08-12 06:00:00,STATION_B_02,311.58,22.4
2025-08-12 07:00:00,STATION_B_02,372.85,23.9
2025-08-12 08:00:00,STATION_B_02,520.81,24.4
2025-08-12 09:00:00,STATION_B_02,765.8,26.8
2025-08-12 10:00:00,STATION_B_02,888.09,31.3
2025-08-12 11:00:00,STATION_B_02,992.28,28.4
2025-08-12 12:00:00,STATION_B_02,987.67,30.5
2025-08-12 13:00:00,STATION_B_02,987.54,34.3
2025-08-12 14:00:00,STATION_B_02,994.23,30.2
2025-08-12 15:00:00,STATION_B_02,947.37,34.6
2025-08-12 16:00:00,STATION_B_02,889.22,31.2
2025-08-12 17:00:00,STATION_B_02,753.07,33.9
2025-08-12 18:00:00,STATION_B_02,534.11,31.3
2025-08-12 19:00:00,STATION_B_02,387.64,29.5
2025-08-12 20:00:00,STATION_B_02,304.96,27.7
2025-08-12 21:00:00,STATION_B_02,282.31,25.5
2025-08-12 22:00:00,STATION_B_02,288.13,25.5
2025-08-12 23:00:00,STATION_B_02,293.13,25.8
2025-08-13 00:00:00,STATION_B_02,288.23,23.1
2025-08-13 01:00:00,STATION_B_02,294.98,21.8
2025-08-13 02:00:00,STATION_B_02,296.84,21.4
2025-08-13 03:00:00,STATION_B_02,309.83,23.5
2025-08-13 04:00:00,STATION_B_02,300.36,24.1
2025-08-13 05:00:00,STATION_B_02,281.37,21.1
2025-08-13 06:00:00,STATION_B_02,303.92,21.9
2025-08-13 07:00:00,STATION_B_02,376.99,24.8
2025-08-13 08:00:00,STATION_B_02,557.31,28.0
2025-08-13 09:00:00,STATION_B_02,737.94,28.6
2025-08-13 10:00:00,STATION_B_02,893.93,25.5
2025-08-13 11:00:00,STATION_B_02,942.33,28.4
2025-08-13 12:00:00,STATION_B_02,974.9,28.2
2025-08-13 13:00:00,STATION_B_02,976.97,30.2
2025-08-13 14:00:00,STATION_B_02,982.36,34.0
2025-08-13 15:00:00,STATION_B_02,943.81,28.7
2025-08-13 16:00:00,STATION_B_02,929.61,28.2
2025-08-13 17:00:00,STATION_B_02,765.6,29.2
2025-08-13 18:00:00,STATION_B_02,528.43,30.4
2025-08-13 19:00:00,STATION_B_02,379.89,30.0
2025-08-13 20:00:00,STATION_B_02,294.18,28.5
2025-08-13 21:00:00,STATION_B_02,302.85,28.6
2025-08-13 22:00:00,STATION_B_02,303.9,22.1
2025-08-13 23:00:00,STATION_B_02,291.22,26.2
2025-08-14 00:00:00,STATION_B_02,284.43,22.5
2025-08-14 01:00:00,STATION_B_02,285.85,23.6
2025-08-14 02:00:00,STATION_B_02,291.19,19.4
2025-08-14 03:00:00,STATION_B_02,290.61,21.6
2025-08-14 04:00:00,STATION_B_02,301.26,22.2
2025-08-14 05:00:00,STATION_B_02,299.13,24.3
2025-08-14 06:00:00,STATION_B_02,316.46,20.2
2025-08-14 07:00:00,STATION_B_02,380.34,24.1
2025-08-14 08:00:00,STATION_B_02,531.28,23.2
2025-08-14 09:00:00,STATION_B_02,739.28,27.3
2025-08-14 10:00:00,STATION_B_02,905.58,29.1
2025-08-14 11:00:00,STATION_B_02,941.04,31.1
2025-08-14 12:00:00,STATION_B_02,995.71,28.8
2025-08-14 13:00:00,STATION_B_02,1009.73,32.2
2025-08-14 14:00:00,STATION_B_02,1001.92,33.5
2025-08-14 15:00:00,STATION_B_02,984.15,28.3
2025-08-14 16:00:00,STATION_B_02,860.3,32.2
2025-08-14 17:00:00,STATION_B_02,780.56,32.3
2025-08-14 18:00:00,STATION_B_02,525.41,29.3
2025-08-14 19:00:00,STATION_B_02,377.17,26.6
2025-08-14 20:00:00,STATION_B_02,310.8,29.4
2025-08-14 21:00:00,STATION_B_02,294.62,24.3
2025-08-14 22:00:00,STATION_B_02,281.25,24.9
2025-08-14 23:00:00,STATION_B_02,282.59,23.9
2025-08-15 00:00:00,STATION_B_02,292.29,24.2
2025-08-15 01:00:00,STATION_B_02,295.38,21.0
2025-08-15 02:00:00,STATION_B_02,283.94,20.5
2025-08-15 03:00:00,STATION_B_02,293.52,21.7
2025-08-15 04:00:00,STATION_B_02,278.72,23.5
2025-08-15 05:00:00,STATION_B_02,295.85,26.3
2025-08-15 06:00:00,STATION_B_02,300.71,20.2
2025-08-15 07:00:00,STATION_B_02,378.48,24.5
2025-08-15 08:00:00,STATION_B_02,545.06,23.1
2025-08-15 09:00:00,STATION_B_02,2506.64,28.2
2025-08-15 10:00:00,STATION_B_02,907.51,25.9
2025-08-15 11:00:00,STATION_B_02,953.79,27.5
2025-08-15 12:00:00,STATION_B_02,994.58,28.7
2025-08-15 13:00:00,STATION_B_02,1041.44,30.4
2025-08-15 14:00:00,STATION_B_02,1004.34,31.6
2025-08-15 15:00:00,STATION_B_02,967.41,32.0
2025-08-15 16:00:00,STATION_B_02,882.31,31.0
2025-08-15 17:00:00,STATION_B_02,740.41,28.1
2025-08-15 18:00:00,STATION_B_02,555.98,31.0
2025-08-15 19:00:00,STATION_B_02,369.01,28.6
2025-08-15 20:00:00,STATION_B_02,305.12,29.7
2025-08-15 21:00:00,STATION_B_02,302.03,25.1
2025-08-15 22:00:00,STATION_B_02,291.31,22.2
2025-08-15 23:00:00,STATION_B_02,282.01,23.9
2025-08-16 00:00:00,STATION_B_02,189.57,25.2
2025-08-16 01:00:00,STATION_B_02,187.64,22.4
2025-08-16 02:00:00,STATION_B_02,182.43,21.3
2025-08-16 03:00:00,STATION_B_02,187.33,19.9
2025-08-16 04:00:00,STATION_B_02,178.18,24.8
2025-08-16 05:00:00,STATION_B_02,185.04,20.2
2025-08-16 06:00:00,STATION_B_02,187.0,21.5
2025-08-16 07:00:00,STATION_B_02,225.33,24.9
2025-08-16 08:00:00,STATION_B_02,361.2,21.7
2025-08-16 09:00:00,STATION_B_02,448.29,28.5
2025-08-16 10:00:00,STATION_B_02,562.0,28.6
2025-08-16 11:00:00,STATION_B_02,603.6,30.3
2025-08-16 12:00:00,STATION_B_02,617.52,30.6
2025-08-16 13:00:00,STATION_B_02,608.62,30.1
2025-08-16 14:00:00,STATION_B_02,608.1,29.0
2025-08-16 15:00:00,STATION_B_02,601.31,30.8
2025-08-16 16:00:00,STATION_B_02,564.66,29.1
2025-08-16 17:00:00,STATION_B_02,465.3,31.3
2025-08-16 18:00:00,STATION_B_02,337.24,31.1
2025-08-16 19:00:00,STATION_B_02,225.55,31.3
2025-08-16 20:00:00,STATION_B_02,198.55,28.2
2025-08-16 21:00:00,STATION_B_02,182.55,27.9
2025-08-16 22:00:00,STATION_B_02,180.42,24.5
2025-08-16 23:00:00,STATION_B_02,176.52,23.0
2025-08-17 00:00:00,STATION_B_02,174.28,23.6
2025-08-17 01:00:00,STATION_B_02,183.58,21.3
2025-08-17 02:00:00,STATION_B_02,178.2,22.0
2025-08-17 03:00:00,STATION_B_02,184.16,19.4
2025-08-17 04:00:00,STATION_B_02,174.45,19.9
2025-08-17 05:00:00,STATION_B_02,186.78,23.1
2025-08-17 06:00:00,STATION_B_02,192.58,24.4
2025-08-17 07:00:00,STATION_B_02,232.48,22.0
2025-08-17 08:00:00,STATION_B_02,341.05,26.1
2025-08-17 09:00:00,STATION_B_02,473.03,25.2
2025-08-17 10:00:00,STATION_B_02,536.9,27.4
2025-08-17 11:00:00,STATION_B_02,623.65,31.1
2025-08-17 12:00:00,STATION_B_02,615.39,31.0
2025-08-17 13:00:00,STATION_B_02,597.31,31.7
2025-08-17 14:00:00,STATION_B_02,590.43,34.2
2025-08-17 15:00:00,STATION_B_02,612.93,29.7
2025-08-17 16:00:00,STATION_B_02,559.3,29.0
2025-08-17 17:00:00,STATION_B_02,469.93,29.0
2025-08-17 18:00:00,STATION_B_02,337.2,29.1
2025-08-17 19:00:00,STATION_B_02,226.89,24.3
2025-08-17 20:00:00,STATION_B_02,190.66,27.0
2025-08-17 21:00:00,STATION_B_02,178.65,25.2
2025-08-17 22:00:00,STATION_B_02,178.87,26.3
2025-08-17 23:00:00,STATION_B_02,190.02,24.4
2025-08-18 00:00:00,STATION_B_02,294.97,21.6
2025-08-18 01:00:00,STATION_B_02,294.8,23.0
2025-08-18 02:00:00,STATION_B_02,308.23,22.7
2025-08-18 03:00:00,STATION_B_02,293.83,19.9
2025-08-18 04:00:00,STATION_B_02,290.89,20.5
2025-08-18 05:00:00,STATION_B_02,289.57,17.9
2025-08-18 06:00:00,STATION_B_02,301.07,20.7
2025-08-18 07:00:00,STATION_B_02,354.8,22.3
2025-08-18 08:00:00,STATION_B_02,553.18,25.0
2025-08-18 09:00:00,STATION_B_02,721.99,24.4
2025-08-18 10:00:00,STATION_B_02,915.81,26.4
2025-08-18 11:00:00,STATION_B_02,960.25,26.3
2025-08-18 12:00:00,STATION_B_02,980.94,29.8
2025-08-18 13:00:00,STATION_B_02,977.72,31.0
2025-08-18 14:00:00,STATION_B_02,1012.93,31.4
2025-08-18 15:00:00,STATION_B_02,991.57,30.9
2025-08-18 16:00:00,STATION_B_02,894.15,27.9
2025-08-18 17:00:00,STATION_B_02,729.15,29.1
2025-08-18 18:00:00,STATION_B_02,555.09,28.7
2025-08-18 19:00:00,STATION_B_02,365.26,27.7
2025-08-18 20:00:00,STATION_B_02,290.48,27.4
2025-08-18 21:00:00,STATION_B_02,292.62,28.6
2025-08-18 22:00:00,STATION_B_02,297.03,26.3
2025-08-18 23:00:00,STATION_B_02,285.02,21.9
2025-08-19 00:00:00,STATION_B_02,290.13,23.8
2025-08-19 01:00:00,STATION_B_02,284.01,23.0
2025-08-19 02:00:00,STATION_B_02,295.6,19.9
2025-08-19 03:00:00,STATION_B_02,295.29,22.7
2025-08-19 04:00:00,STATION_B_02,286.54,21.0
2025-08-19 05:00:00,STATION_B_02,284.22,19.3
2025-08-19 06:00:00,STATION_B_02,290.47,23.4
2025-08-19 07:00:00,STATION_B_02,382.76,24.0
2025-08-19 08:00:00,STATION_B_02,524.65,24.3
2025-08-19 09:00:00,STATION_B_02,751.83,25.9
2025-08-19 10:00:00,STATION_B_02,910.5,25.9
2025-08-19 11:00:00,STATION_B_02,946.31,29.5
2025-08-19 12:00:00,STATION_B_02,970.92,29.3
2025-08-19 13:00:00,STATION_B_02,1001.59,30.4
2025-08-19 14:00:00,STATION_B_02,954.65,31.2
2025-08-19 15:00:00,STATION_B_02,936.15,28.7
2025-08-19 16:00:00,STATION_B_02,887.04,29.0
2025-08-19 17:00:00,STATION_B_02,769.39,26.1
2025-08-19 18:00:00,STATION_B_02,563.29,30.4
2025-08-19 19:00:00,STATION_B_02,372.82,26.2
2025-08-19 20:00:00,STATION_B_02,296.33,27.5
2025-08-19 21:00:00,STATION_B_02,296.09,
2025-08-19 22:00:00,STATION_B_02,274.69,25.8
2025-08-19 23:00:00,STATION_B_02,289.85,21.4
2025-08-20 00:00:00,STATION_B_02,286.04,22.4
2025-08-20 01:00:00,STATION_B_02,296.0,24.7
2025-08-20 02:00:00,STATION_B_02,296.75,24.3
2025-08-20 03:00:00,STATION_B_02,279.35,22.9
2025-08-20 04:00:00,STATION_B_02,287.86,21.8
2025-08-20 05:00:00,STATION_B_02,286.05,19.9
2025-08-20 06:00:00,STATION_B_02,298.82,23.8
2025-08-20 07:00:00,STATION_B_02,378.77,23.2
2025-08-20 08:00:00,STATION_B_02,534.52,25.6
2025-08-20 09:00:00,STATION_B_02,746.43,24.7
2025-08-20 10:00:00,STATION_B_02,912.29,26.8
2025-08-20 11:00:00,STATION_B_02,993.99,28.6
2025-08-20 12:00:00,STATION_B_02,979.89,29.7
2025-08-20 13:00:00,STATION_B_02,976.67,30.9
2025-08-20 14:00:00,STATION_B_02,944.6,29.5
2025-08-20 15:00:00,STATION_B_02,995.76,28.3
2025-08-20 16:00:00,STATION_B_02,901.63,33.4
2025-08-20 17:00:00,STATION_B_02,745.34,34.5
2025-08-20 18:00:00,STATION_B_02,540.43,30.1
2025-08-20 19:00:00,STATION_B_02,376.3,25.9
2025-08-20 20:00:00,STATION_B_02,307.18,25.7
2025-08-20 21:00:00,STATION_B_02,294.06,26.8
2025-08-20 22:00:00,STATION_B_02,298.4,27.0
2025-08-20 23:00:00,STATION_B_02,289.22,21.3
2025-08-21 00:00:00,STATION_B_02,298.65,22.2
2025-08-21 01:00:00,STATION_B_02,293.53,22.0
2025-08-21 02:00:00,STATION_B_02,285.18,22.7
2025-08-21 03:00:00,STATION_B_02,275.5,20.4
2025-08-21 04:00:00,STATION_B_02,291.55,18.3
2025-08-21 05:00:00,STATION_B_02,298.22,22.7
2025-08-21 06:00:00,STATION_B_02,294.29,24.4
2025-08-21 07:00:00,STATION_B_02,372.62,23.2
2025-08-21 08:00:00,STATION_B_02,540.13,25.3
2025-08-21 09:00:00,STATION_B_02,758.91,24.9
2025-08-21 10:00:00,STATION_B_02,878.88,25.5
2025-08-21 11:00:00,STATION_B_02,932.28,30.0
2025-08-21 12:00:00,STATION_B_02,984.45,29.9
2025-08-21 13:00:00,STATION_B_02,952.4,30.8
2025-08-21 14:00:00,STATION_B_02,923.79,33.1
2025-08-21 15:00:00,STATION_B_02,999.5,28.7
2025-08-21 16:00:00,STATION_B_02,909.26,29.4
2025-08-21 17:00:00,STATION_B_02,777.06,30.2
2025-08-21 18:00:00,STATION_B_02,550.07,28.2
2025-08-21 19:00:00,STATION_B_02,378.42,29.6
2025-08-21 20:00:00,STATION_B_02,303.24,26.7
2025-08-21 21:00:00,STATION_B_02,285.24,24.0
2025-08-21 22:00:00,STATION_B_02,289.47,24.6
2025-08-21 23:00:00,STATION_B_02,281.54,23.7
2025-08-22 00:00:00,STATION_B_02,276.97,24.0
2025-08-22 01:00:00,STATION_B_02,282.43,22.2
2025-08-22 02:00:00,STATION_B_02,294.66,21.9
2025-08-22 03:00:00,STATION_B_02,276.53,21.4
2025-08-22 04:00:00,STATION_B_02,277.71,20.7
2025-08-22 05:00:00,STATION_B_02,292.85,20.2
2025-08-22 06:00:00,STATION_B_02,296.34,22.8
2025-08-22 07:00:00,STATION_B_02,375.55,22.7
2025-08-22 08:00:00,STATION_B_02,550.25,27.5
2025-08-22 09:00:00,STATION_B_02,747.74,28.1
2025-08-22 10:00:00,STATION_B_02,871.01,28.1
2025-08-22 11:00:00,STATION_B_02,983.13,28.8
2025-08-22 12:00:00,STATION_B_02,986.26,28.9
2025-08-22 13:00:00,STATION_B_02,969.36,27.6
2025-08-22 14:00:00,STATION_B_02,967.06,29.9
2025-08-22 15:00:00,STATION_B_02,960.67,30.7
2025-08-22 16:00:00,STATION_B_02,878.4,30.7
2025-08-22 17:00:00,STATION_B_02,707.56,30.7
2025-08-22 18:00:00,STATION_B_02,546.93,30.7
2025-08-22 19:00:00,STATION_B_02,377.55,26.8
2025-08-22 20:00:00,STATION_B_02,281.67,25.7
2025-08-22 21:00:00,STATION_B_02,289.69,28.3
2025-08-22 22:00:00,STATION_B_02,297.95,25.8
2025-08-22 23:00:00,STATION_B_02,276.57,22.6
2025-08-23 00:00:00,STATION_B_02,175.87,22.0
2025-08-23 01:00:00,STATION_B_02,176.04,21.2
2025-08-23 02:00:00,STATION_B_02,184.73,21.0
2025-08-23 03:00:00,STATION_B_02,181.68,21.6
2025-08-23 04:00:00,STATION_B_02,172.18,25.5
2025-08-23 05:00:00,STATION_B_02,178.59,21.7
2025-08-23 06:00:00,STATION_B_02,196.36,23.4
2025-08-23 07:00:00,STATION_B_02,227.75,20.1
2025-08-23 08:00:00,STATION_B_02,331.66,23.4
2025-08-23 09:00:00,STATION_B_02,463.04,27.8
2025-08-23 10:00:00,STATION_B_02,538.98,27.5
2025-08-23 11:00:00,STATION_B_02,621.31,20.1
2025-08-23 12:00:00,STATION_B_02,591.04,30.2
2025-08-23 13:00:00,STATION_B_02,577.44,33.2
2025-08-23 14:00:00,STATION_B_02,590.23,26.6
2025-08-23 15:00:00,STATION_B_02,598.38,33.1
2025-08-23 16:00:00,STATION_B_02,536.31,25.2
2025-08-23 17:00:00,STATION_B_02,460.55,31.4
2025-08-23 18:00:00,STATION_B_02,336.62,28.9
2025-08-23 19:00:00,STATION_B_02,222.16,23.7
2025-08-23 20:00:00,STATION_B_02,182.56,27.6
2025-08-23 21:00:00,STATION_B_02,178.41,27.6
2025-08-23 22:00:00,STATION_B_02,179.43,25.0
2025-08-23 23:00:00,STATION_B_02,173.74,24.2
2025-08-24 00:00:00,STATION_B_02,177.04,21.3
2025-08-24 01:00:00,STATION_B_02,177.99,17.9
2025-08-24 02:00:00,STATION_B_02,179.08,22.1
2025-08-24 03:00:00,STATION_B_02,178.13,23.8
2025-08-24 04:00:00,STATION_B_02,174.06,22.9
2025-08-24 05:00:00,STATION_B_02,182.37,17.7
2025-08-24 06:00:00,STATION_B_02,185.26,19.3
2025-08-24 07:00:00,STATION_B_02,232.05,21.5
2025-08-24 08:00:00,STATION_B_02,336.09,21.3
2025-08-24 09:00:00,STATION_B_02,483.91,25.5
2025-08-24 10:00:00,STATION_B_02,541.53,27.4
2025-08-24 11:00:00,STATION_B_02,584.76,25.3
2025-08-24 12:00:00,STATION_B_02,586.86,30.2
2025-08-24 13:00:00,STATION_B_02,581.54,30.7
2025-08-24 14:00:00,STATION_B_02,589.83,29.1
2025-08-24 15:00:00,STATION_B_02,597.07,29.9
2025-08-24 16:00:00,STATION_B_02,556.79,26.6
2025-08-24 17:00:00,STATION_B_02,459.33,29.0
2025-08-24 18:00:00,STATION_B_02,328.4,28.9
2025-08-24 19:00:00,STATION_B_02,225.87,28.2
2025-08-24 20:00:00,STATION_B_02,180.41,27.4
2025-08-24 21:00:00,STATION_B_02,173.81,25.9
2025-08-24 22:00:00,STATION_B_02,169.86,23.7
2025-08-24 23:00:00,STATION_B_02,181.97,23.6
2025-08-25 00:00:00,STATION_B_02,296.29,23.8
2025-08-25 01:00:00,STATION_B_02,269.87,21.0
2025-08-25 02:00:00,STATION_B_02,285.94,21.3
2025-08-25 03:00:00,STATION_B_02,287.34,20.2
2025-08-25 04:00:00,STATION_B_02,287.83,19.5
2025-08-25 05:00:00,STATION_B_02,279.38,22.1
2025-08-25 06:00:00,STATION_B_02,306.86,20.9
2025-08-25 07:00:00,STATION_B_02,,23.6
2025-08-25 08:00:00,STATION_B_02,546.78,24.2
2025-08-25 09:00:00,STATION_B_02,719.32,24.8
2025-08-25 10:00:00,STATION_B_02,847.38,26.0
2025-08-25 11:00:00,STATION_B_02,955.01,26.8
2025-08-25 12:00:00,STATION_B_02,936.36,25.8
2025-08-25 13:00:00,STATION_B_02,987.86,30.2
2025-08-25 14:00:00,STATION_B_02,907.31,30.4
2025-08-25 15:00:00,STATION_B_02,932.84,31.7
2025-08-25 16:00:00,STATION_B_02,864.93,29.0
2025-08-25 17:00:00,STATION_B_02,727.07,32.9
2025-08-25 18:00:00,STATION_B_02,536.1,28.1
2025-08-25 19:00:00,STATION_B_02,371.93,26.2
2025-08-25 20:00:00,STATION_B_02,302.31,24.8
2025-08-25 21:00:00,STATION_B_02,289.34,22.2
2025-08-25 22:00:00,STATION_B_02,281.56,26.9
2025-08-25 23:00:00,STATION_B_02,298.31,25.4
2025-08-26 00:00:00,STATION_B_02,292.28,22.9
2025-08-26 01:00:00,STATION_B_02,283.37,19.5
2025-08-26 02:00:00,STATION_B_02,281.1,23.9
2025-08-26 03:00:00,STATION_B_02,282.75,19.8
2025-08-26 04:00:00,STATION_B_02,287.49,20.1
2025-08-26 05:00:00,STATION_B_02,275.92,23.7
2025-08-26 06:00:00,STATION_B_02,290.55,23.0
2025-08-26 07:00:00,STATION_B_02,346.55,26.8
2025-08-26 08:00:00,STATION_B_02,525.69,24.4
2025-08-26 09:00:00,STATION_B_02,751.89,24.5
2025-08-26 10:00:00,STATION_B_02,873.42,25.4
2025-08-26 11:00:00,STATION_B_02,939.73,24.3
2025-08-26 12:00:00,STATION_B_02,965.05,28.1
2025-08-26 13:00:00,STATION_B_02,934.21,31.4
2025-08-26 14:00:00,STATION_B_02,958.76,30.9
2025-08-26 15:00:00,STATION_B_02,963.91,30.1
2025-08-26 16:00:00,STATION_B_02,883.9,28.1
2025-08-26 17:00:00,STATION_B_02,750.27,29.8
2025-08-26 18:00:00,STATION_B_02,548.67,30.4
2025-08-26 19:00:00,STATION_B_02,373.59,28.4
2025-08-26 20:00:00,STATION_B_02,291.15,26.8
2025-08-26 21:00:00,STATION_B_02,280.56,23.8
2025-08-26 22:00:00,STATION_B_02,296.32,25.5
2025-08-26 23:00:00,STATION_B_02,291.27,17.2
2025-08-27 00:00:00,STATION_B_02,282.77,22.4
2025-08-27 01:00:00,STATION_B_02,275.16,25.6
2025-08-27 02:00:00,STATION_B_02,,17.8
2025-08-27 03:00:00,STATION_B_02,289.74,19.9
2025-08-27 04:00:00,STATION_B_02,283.75,20.5
2025-08-27 05:00:00,STATION_B_02,281.22,20.1
2025-08-27 06:00:00,STATION_B_02,293.74,23.6
2025-08-27 07:00:00,STATION_B_02,377.74,23.6
2025-08-27 08:00:00,STATION_B_02,539.16,24.1
2025-08-27 09:00:00,STATION_B_02,740.07,26.5
2025-08-27 10:00:00,STATION_B_02,884.88,26.4
2025-08-27 11:00:00,STATION_B_02,910.99,33.2
2025-08-27 12:00:00,STATION_B_02,962.66,28.8
2025-08-27 13:00:00,STATION_B_02,983.55,29.6
2025-08-27 14:00:00,STATION_B_02,949.42,26.7
2025-08-27 15:00:00,STATION_B_02,963.8,28.9
2025-08-27 16:00:00,STATION_B_02,887.28,31.8
2025-08-27 17:00:00,STATION_B_02,745.67,26.9
2025-08-27 18:00:00,STATION_B_02,530.68,24.6
2025-08-27 19:00:00,STATION_B_02,374.85,27.6
2025-08-27 20:00:00,STATION_B_02,284.7,28.8
2025-08-27 21:00:00,STATION_B_02,282.68,25.2
2025-08-27 22:00:00,STATION_B_02,286.71,23.3
2025-08-27 23:00:00,STATION_B_02,287.38,19.4
2025-08-28 00:00:00,STATION_B_02,288.81,22.4
2025-08-28 01:00:00,STATION_B_02,279.67,22.0
2025-08-28 02:00:00,STATION_B_02,283.53,17.2
2025-08-28 03:00:00,STATION_B_02,268.85,22.2
2025-08-28 04:00:00,STATION_B_02,279.21,21.7
2025-08-28 05:00:00,STATION_B_02,285.57,22.9
2025-08-28 06:00:00,STATION_B_02,301.13,22.6
2025-08-28 07:00:00,STATION_B_02,352.26,23.8
2025-08-28 08:00:00,STATION_B_02,544.92,24.7
2025-08-28 09:00:00,STATION_B_02,709.84,26.6
2025-08-28 10:00:00,STATION_B_02,870.13,23.0
2025-08-28 11:00:00,STATION_B_02,923.9,24.7
2025-08-28 12:00:00,STATION_B_02,964.08,27.1
2025-08-28 13:00:00,STATION_B_02,957.15,28.9
2025-08-28 14:00:00,STATION_B_02,,30.3
2025-08-28 15:00:00,STATION_B_02,982.74,30.4
2025-08-28 16:00:00,STATION_B_02,881.93,31.6
2025-08-28 17:00:00,STATION_B_02,717.39,31.2
2025-08-28 18:00:00,STATION_B_02,535.12,26.8
2025-08-28 19:00:00,STATION_B_02,384.07,27.8
2025-08-28 20:00:00,STATION_B_02,300.34,24.7
2025-08-28 21:00:00,STATION_B_02,288.73,24.7
2025-08-28 22:00:00,STATION_B_02,269.22,24.3
2025-08-28 23:00:00,STATION_B_02,291.52,16.5
2025-08-29 00:00:00,STATION_B_02,278.25,25.8
2025-08-29 01:00:00,STATION_B_02,275.61,21.7
2025-08-29 02:00:00,STATION_B_02,284.01,19.2
2025-08-29 03:00:00,STATION_B_02,280.99,23.5
2025-08-29 04:00:00,STATION_B_02,278.97,19.6
2025-08-29 05:00:00,STATION_B_02,284.02,21.0
2025-08-29 06:00:00,STATION_B_02,295.36,20.6
2025-08-29 07:00:00,STATION_B_02,371.42,25.4
2025-08-29 08:00:00,STATION_B_02,530.73,23.4
2025-08-29 09:00:00,STATION_B_02,733.8,25.1
2025-08-29 10:00:00,STATION_B_02,893.15,28.3
2025-08-29 11:00:00,STATION_B_02,949.22,28.3
2025-08-29 12:00:00,STATION_B_02,951.5,28.2
2025-08-29 13:00:00,STATION_B_02,901.03,31.0
2025-08-29 14:00:00,STATION_B_02,964.36,34.1
2025-08-29 15:00:00,STATION_B_02,913.55,30.2
2025-08-29 16:00:00,STATION_B_02,869.04,29.7
2025-08-29 17:00:00,STATION_B_02,733.73,29.3
2025-08-29 18:00:00,STATION_B_02,545.91,30.6
2025-08-29 19:00:00,STATION_B_02,382.25,26.2
2025-08-29 20:00:00,STATION_B_02,287.6,25.6
2025-08-29 21:00:00,STATION_B_02,271.56,22.1
2025-08-29 22:00:00,STATION_B_02,283.32,21.5
2025-08-29 23:00:00,STATION_B_02,282.64,21.5
2025-08-30 00:00:00,STATION_B_02,168.57,21.3
2025-08-30 01:00:00,STATION_B_02,173.28,23.8
2025-08-30 02:00:00,STATION_B_02,176.86,21.1
2025-08-30 03:00:00,STATION_B_02,170.91,18.3
2025-08-30 04:00:00,STATION_B_02,171.59,18.8
2025-08-30 05:00:00,STATION_B_02,171.04,23.1
2025-08-30 06:00:00,STATION_B_02,181.28,23.4
2025-08-30 07:00:00,STATION_B_02,229.75,22.4
2025-08-30 08:00:00,STATION_B_02,323.65,22.7
2025-08-30 09:00:00,STATION_B_02,450.24,26.8
2025-08-30 10:00:00,STATION_B_02,570.33,24.2
2025-08-30 11:00:00,STATION_B_02,564.52,27.9
2025-08-30 12:00:00,STATION_B_02,578.78,32.2
2025-08-30 13:00:00,STATION_B_02,599.83,29.3
2025-08-30 14:00:00,STATION_B_02,603.9,28.0
2025-08-30 15:00:00,STATION_B_02,585.17,30.3
2025-08-30 16:00:00,STATION_B_02,564.21,28.5
2025-08-30 17:00:00,STATION_B_02,453.32,26.4
2025-08-30 18:00:00,STATION_B_02,309.66,29.4
2025-08-30 19:00:00,STATION_B_02,226.25,29.2
2025-08-30 20:00:00,STATION_B_02,179.59,25.4
2025-08-30 21:00:00,STATION_B_02,180.22,24.1
2025-08-30 22:00:00,STATION_B_02,177.93,21.8
2025-08-30 23:00:00,STATION_B_02,166.21,22.1
2025-08-31 00:00:00,STATION_B_02,180.67,20.2
2025-08-31 01:00:00,STATION_B_02,180.2,18.6
2025-08-31 02:00:00,STATION_B_02,171.54,23.4
2025-08-31 03:00:00,STATION_B_02,173.81,20.7
2025-08-31 04:00:00,STATION_B_02,180.16,21.0
2025-08-31 05:00:00,STATION_B_02,164.7,22.1
2025-08-31 06:00:00,STATION_B_02,184.02,22.6
2025-08-31 07:00:00,STATION_B_02,232.22,21.5
2025-08-31 08:00:00,STATION_B_02,325.01,23.9
2025-08-31 09:00:00,STATION_B_02,456.24,24.1
2025-08-31 10:00:00,STATION_B_02,539.2,26.7
2025-08-31 11:00:00,STATION_B_02,565.96,27.6
2025-08-31 12:00:00,STATION_B_02,575.21,27.3
2025-08-31 13:00:00,STATION_B_02,599.12,26.4
2025-08-31 14:00:00,STATION_B_02,577.86,29.5
2025-08-31 15:00:00,STATION_B_02,554.84,29.1
2025-08-31 16:00:00,STATION_B_02,539.48,25.9
2025-08-31 17:00:00,STATION_B_02,442.71,29.7
2025-08-31 18:00:00,STATION_B_02,315.61,29.8
2025-08-31 19:00:00,STATION_B_02,225.64,31.6
2025-08-31 20:00:00,STATION_B_02,185.56,25.2
2025-08-31 21:00:00,STATION_B_02,173.7,23.7
2025-08-31 22:00:00,STATION_B_02,168.75,21.4
2025-08-31 23:00:00,STATION_B_02,175.18,22.6
2025-09-01 00:00:00,STATION_B_02,286.75,21.5
2025-09-01 01:00:00,STATION_B_02,299.11,18.9
2025-09-01 02:00:00,STATION_B_02,292.48,19.5
2025-09-01 03:00:00,STATION_B_02,279.17,16.1
2025-09-01 04:00:00,STATION_B_02,285.4,21.5
2025-09-01 05:00:00,STATION_B_02,285.6,18.9
2025-09-01 06:00:00,STATION_B_02,285.43,21.0
2025-09-01 07:00:00,STATION_B_02,369.73,19.5
2025-09-01 08:00:00,STATION_B_02,550.54,22.2
2025-09-01 09:00:00,STATION_B_02,744.71,24.0
2025-09-01 10:00:00,STATION_B_02,842.84,25.7
2025-09-01 11:00:00,STATION_B_02,930.33,27.8
2025-09-01 12:00:00,STATION_B_02,957.92,30.5
2025-09-01 13:00:00,STATION_B_02,904.31,30.0
2025-09-01 14:00:00,STATION_B_02,904.15,30.9
2025-09-01 15:00:00,STATION_B_02,933.76,31.9
2025-09-01 16:00:00,STATION_B_02,869.44,30.2
2025-09-01 17:00:00,STATION_B_02,687.74,28.6
2025-09-01 18:00:00,STATION_B_02,529.69,29.7
2025-09-01 19:00:00,STATION_B_02,372.8,28.8
2025-09-01 20:00:00,STATION_B_02,291.19,26.9
2025-09-01 21:00:00,STATION_B_02,280.07,21.9
2025-09-01 22:00:00,STATION_B_02,283.04,21.7
2025-09-01 23:00:00,STATION_B_02,282.26,21.6
2025-09-02 00:00:00,STATION_B_02,265.9,22.4
2025-09-02 01:00:00,STATION_B_02,273.91,20.2
2025-09-02 02:00:00,STATION_B_02,275.42,21.8
2025-09-02 03:00:00,STATION_B_02,271.84,21.9
2025-09-02 04:00:00,STATION_B_02,288.76,21.9
2025-09-02 05:00:00,STATION_B_02,283.52,22.4
2025-09-02 06:00:00,STATION_B_02,287.97,19.1
2025-09-02 07:00:00,STATION_B_02,359.83,22.8
2025-09-02 08:00:00,STATION_B_02,538.78,22.0
2025-09-02 09:00:00,STATION_B_02,710.93,21.4
2025-09-02 10:00:00,STATION_B_02,883.15,25.1
2025-09-02 11:00:00,STATION_B_02,961.63,29.1
2025-09-02 12:00:00,STATION_B_02,973.9,28.6
2025-09-02 13:00:00,STATION_B_02,949.55,32.2
2025-09-02 14:00:00,STATION_B_02,974.76,29.3
2025-09-02 15:00:00,STATION_B_02,915.66,33.6
2025-09-02 16:00:00,STATION_B_02,919.88,29.3
2025-09-02 17:00:00,STATION_B_02,725.43,28.6
2025-09-02 18:00:00,STATION_B_02,539.02,25.5
2025-09-02 19:00:00,STATION_B_02,358.46,28.8
2025-09-02 20:00:00,STATION_B_02,296.1,24.7
2025-09-02 21:00:00,STATION_B_02,282.88,23.2
2025-09-02 22:00:00,STATION_B_02,271.29,25.4
2025-09-02 23:00:00,STATION_B_02,271.06,24.0
2025-09-03 00:00:00,STATION_B_02,275.99,22.9
2025-09-03 01:00:00,STATION_B_02,289.12,19.4
2025-09-03 02:00:00,STATION_B_02,267.56,19.5
2025-09-03 03:00:00,STATION_B_02,278.53,19.3
2025-09-03 04:00:00,STATION_B_02,288.37,21.0
2025-09-03 05:00:00,STATION_B_02,269.5,22.9
2025-09-03 06:00:00,STATION_B_02,302.03,21.5
2025-09-03 07:00:00,STATION_B_02,350.61,25.4
2025-09-03 08:00:00,STATION_B_02,510.0,24.6
2025-09-03 09:00:00,STATION_B_02,716.84,23.8
2025-09-03 10:00:00,STATION_B_02,904.47,27.0
2025-09-03 11:00:00,STATION_B_02,911.16,29.7
2025-09-03 12:00:00,STATION_B_02,899.89,31.2
2025-09-03 13:00:00,STATION_B_02,909.03,30.5
2025-09-03 14:00:00,STATION_B_02,965.19,28.9
2025-09-03 15:00:00,STATION_B_02,893.96,28.6
2025-09-03 16:00:00,STATION_B_02,889.12,29.9
2025-09-03 17:00:00,STATION_B_02,720.92,31.4
2025-09-03 18:00:00,STATION_B_02,522.03,28.4
2025-09-03 19:00:00,STATION_B_02,364.01,27.4
2025-09-03 20:00:00,STATION_B_02,285.7,25.6
2025-09-03 21:00:00,STATION_B_02,279.43,23.6
2025-09-03 22:00:00,STATION_B_02,268.9,22.7
2025-09-03 23:00:00,STATION_B_02,287.22,22.1
2025-09-04 00:00:00,STATION_B_02,269.59,23.8
2025-09-04 01:00:00,STATION_B_02,283.64,19.5
2025-09-04 02:00:00,STATION_B_02,272.84,19.6
2025-09-04 03:00:00,STATION_B_02,278.97,17.7
2025-09-04 04:00:00,STATION_B_02,276.04,20.7
2025-09-04 05:00:00,STATION_B_02,299.48,22.4
2025-09-04 06:00:00,STATION_B_02,291.15,23.6
2025-09-04 07:00:00,STATION_B_02,352.88,22.1
2025-09-04 08:00:00,STATION_B_02,515.53,23.9
2025-09-04 09:00:00,STATION_B_02,690.25,23.8
2025-09-04 10:00:00,STATION_B_02,857.33,26.3
2025-09-04 11:00:00,STATION_B_02,969.5,27.1
2025-09-04 12:00:00,STATION_B_02,948.95,27.6
2025-09-04 13:00:00,STATION_B_02,963.92,28.5
2025-09-04 14:00:00,STATION_B_02,918.48,29.5
2025-09-04 15:00:00,STATION_B_02,920.11,28.4
2025-09-04 16:00:00,STATION_B_02,865.56,28.3
2025-09-04 17:00:00,STATION_B_02,704.83,31.3
2025-09-04 18:00:00,STATION_B_02,527.0,32.4
2025-09-04 19:00:00,STATION_B_02,366.36,24.3
2025-09-04 20:00:00,STATION_B_02,295.38,23.1
2025-09-04 21:00:00,STATION_B_02,276.86,22.4
2025-09-04 22:00:00,STATION_B_02,284.88,22.7
2025-09-04 23:00:00,STATION_B_02,275.15,23.3
2025-09-05 00:00:00,STATION_B_02,274.54,21.6
2025-09-05 01:00:00,STATION_B_02,289.61,20.1
2025-09-05 02:00:00,STATION_B_02,270.9,20.3
2025-09-05 03:00:00,STATION_B_02,269.7,17.9
2025-09-05 04:00:00,STATION_B_02,274.53,18.9
2025-09-05 05:00:00,STATION_B_02,283.41,19.8
2025-09-05 06:00:00,STATION_B_02,306.93,17.7
2025-09-05 07:00:00,STATION_B_02,358.29,19.5
2025-09-05 08:00:00,STATION_B_02,,20.7
2025-09-05 09:00:00,STATION_B_02,717.69,25.3
2025-09-05 10:00:00,STATION_B_02,856.99,25.6
2025-09-05 11:00:00,STATION_B_02,903.07,27.5
2025-09-05 12:00:00,STATION_B_02,986.84,24.0
2025-09-05 13:00:00,STATION_B_02,936.58,25.4
2025-09-05 14:00:00,STATION_B_02,906.67,29.8
2025-09-05 15:00:00,STATION_B_02,982.5,23.8
2025-09-05 16:00:00,STATION_B_02,868.39,30.8
2025-09-05 17:00:00,STATION_B_02,732.1,24.8
2025-09-05 18:00:00,STATION_B_02,543.49,28.9
2025-09-05 19:00:00,STATION_B_02,365.76,24.8
2025-09-05 20:00:00,STATION_B_02,298.17,27.1
2025-09-05 21:00:00,STATION_B_02,277.89,29.7
2025-09-05 22:00:00,STATION_B_02,286.61,18.6
2025-09-05 23:00:00,STATION_B_02,276.31,22.8
2025-09-06 00:00:00,STATION_B_02,175.23,17.2
2025-09-06 01:00:00,STATION_B_02,173.07,20.4
2025-09-06 02:00:00,STATION_B_02,172.13,18.8
2025-09-06 03:00:00,STATION_B_02,175.82,19.2
2025-09-06 04:00:00,STATION_B_02,177.3,17.5
2025-09-06 05:00:00,STATION_B_02,176.25,21.1
2025-09-06 06:00:00,STATION_B_02,186.83,17.8
2025-09-06 07:00:00,STATION_B_02,234.43,23.6
2025-09-06 08:00:00,STATION_B_02,331.43,21.8
2025-09-06 09:00:00,STATION_B_02,443.14,21.3
2025-09-06 10:00:00,STATION_B_02,538.37,27.9
2025-09-06 11:00:00,STATION_B_02,592.66,26.1
2025-09-06 12:00:00,STATION_B_02,567.03,30.6
2025-09-06 13:00:00,STATION_B_02,612.54,30.2
2025-09-06 14:00:00,STATION_B_02,569.69,27.0
2025-09-06 15:00:00,STATION_B_02,585.06,28.5
2025-09-06 16:00:00,STATION_B_02,532.21,28.7
2025-09-06 17:00:00,STATION_B_02,443.39,30.7
2025-09-06 18:00:00,STATION_B_02,311.43,28.0
2025-09-06 19:00:00,STATION_B_02,228.11,26.5
2025-09-06 20:00:00,STATION_B_02,173.98,24.7
2025-09-06 21:00:00,STATION_B_02,165.34,23.7
2025-09-06 22:00:00,STATION_B_02,176.37,24.9
2025-09-06 23:00:00,STATION_B_02,179.68,21.4
2025-09-07 00:00:00,STATION_B_02,170.01,19.6
2025-09-07 01:00:00,STATION_B_02,178.46,18.5
2025-09-07 02:00:00,STATION_B_02,177.93,18.0
2025-09-07 03:00:00,STATION_B_02,175.35,16.3
2025-09-07 04:00:00,STATION_B_02,180.7,17.7
2025-09-07 05:00:00,STATION_B_02,170.79,22.2
2025-09-07 06:00:00,STATION_B_02,184.07,19.9
2025-09-07 07:00:00,STATION_B_02,215.26,22.5
2025-09-07 08:00:00,STATION_B_02,318.01,18.0
2025-09-07 09:00:00,STATION_B_02,456.79,24.7
2025-09-07 10:00:00,STATION_B_02,538.94,24.6
2025-09-07 11:00:00,STATION_B_02,568.71,25.2
2025-09-07 12:00:00,STATION_B_02,609.34,27.4
2025-09-07 13:00:00,STATION_B_02,609.87,26.9
2025-09-07 14:00:00,STATION_B_02,587.17,24.5
2025-09-07 15:00:00,STATION_B_02,549.23,30.1
2025-09-07 16:00:00,STATION_B_02,529.8,28.7
2025-09-07 17:00:00,STATION_B_02,433.73,27.3
2025-09-07 18:00:00,STATION_B_02,322.62,25.3
2025-09-07 19:00:00,STATION_B_02,217.11,23.4
2025-09-07 20:00:00,STATION_B_02,174.16,25.3
2025-09-07 21:00:00,STATION_B_02,161.44,26.6
2025-09-07 22:00:00,STATION_B_02,171.7,22.8
2025-09-07 23:00:00,STATION_B_02,163.32,18.8
2025-09-08 00:00:00,STATION_B_02,275.02,20.5
2025-09-08 01:00:00,STATION_B_02,284.11,19.3
2025-09-08 02:00:00,STATION_B_02,272.25,20.4
2025-09-08 03:00:00,STATION_B_02,270.47,19.8
2025-09-08 04:00:00,STATION_B_02,286.51,13.5
2025-09-08 05:00:00,STATION_B_02,272.54,20.4
2025-09-08 06:00:00,STATION_B_02,296.24,18.3
2025-09-08 07:00:00,STATION_B_02,354.76,18.6
2025-09-08 08:00:00,STATION_B_02,517.14,21.9
2025-09-08 09:00:00,STATION_B_02,707.59,24.3
2025-09-08 10:00:00,STATION_B_02,856.32,21.8
2025-09-08 11:00:00,STATION_B_02,958.5,27.2
2025-09-08 12:00:00,STATION_B_02,939.92,28.3
2025-09-08 13:00:00,STATION_B_02,948.4,27.8
2025-09-08 14:00:00,STATION_B_02,919.88,26.6
2025-09-08 15:00:00,STATION_B_02,924.76,26.6
2025-09-08 16:00:00,STATION_B_02,849.69,30.0
2025-09-08 17:00:00,STATION_B_02,714.6,25.0
2025-09-08 18:00:00,STATION_B_02,527.18,28.8
2025-09-08 19:00:00,STATION_B_02,353.76,25.6
2025-09-08 20:00:00,STATION_B_02,286.52,24.6
2025-09-08 21:00:00,STATION_B_02,274.9,20.5
2025-09-08 22:00:00,STATION_B_02,271.74,22.0
2025-09-08 23:00:00,STATION_B_02,276.58,22.2
2025-09-09 00:00:00,STATION_B_02,278.37,17.6
2025-09-09 01:00:00,STATION_B_02,288.35,20.1
2025-09-09 02:00:00,STATION_B_02,298.66,18.9
2025-09-09 03:00:00,STATION_B_02,277.1,17.4
2025-09-09 04:00:00,STATION_B_02,279.46,20.3
2025-09-09 05:00:00,STATION_B_02,292.9,15.3
2025-09-09 06:00:00,STATION_B_02,289.12,20.6
2025-09-09 07:00:00,STATION_B_02,348.68,23.9
2025-09-09 08:00:00,STATION_B_02,541.13,24.7
2025-09-09 09:00:00,STATION_B_02,725.82,24.1
2025-09-09 10:00:00,STATION_B_02,861.75,24.1
2025-09-09 11:00:00,STATION_B_02,952.84,24.6
2025-09-09 12:00:00,STATION_B_02,952.54,26.2
2025-09-09 13:00:00,STATION_B_02,933.73,28.5
2025-09-09 14:00:00,STATION_B_02,910.13,26.6
2025-09-09 15:00:00,STATION_B_02,906.45,29.5
2025-09-09 16:00:00,STATION_B_02,881.46,31.9
2025-09-09 17:00:00,STATION_B_02,725.76,27.4
2025-09-09 18:00:00,STATION_B_02,515.24,24.4
2025-09-09 19:00:00,STATION_B_02,374.39,23.4
2025-09-09 20:00:00,STATION_B_02,287.96,26.0
2025-09-09 21:00:00,STATION_B_02,283.0,23.3
2025-09-09 22:00:00,STATION_B_02,276.57,23.7
2025-09-09 23:00:00,STATION_B_02,291.66,20.0
2025-09-10 00:00:00,STATION_B_02,280.93,21.3
2025-09-10 01:00:00,STATION_B_02,279.36,18.8
2025-09-10 02:00:00,STATION_B_02,279.8,17.3
2025-09-10 03:00:00,STATION_B_02,280.4,17.7
2025-09-10 04:00:00,STATION_B_02,276.95,16.4
2025-09-10 05:00:00,STATION_B_02,265.77,22.7
2025-09-10 06:00:00,STATION_B_02,294.49,19.7
2025-09-10 07:00:00,STATION_B_02,352.55,22.0
2025-09-10 08:00:00,STATION_B_02,512.38,21.0
2025-09-10 09:00:00,STATION_B_02,712.93,21.3
2025-09-10 10:00:00,STATION_B_02,854.78,24.1
2025-09-10 11:00:00,STATION_B_02,917.26,27.6
2025-09-10 12:00:00,STATION_B_02,974.85,25.7
2025-09-10 13:00:00,STATION_B_02,949.83,25.8
2025-09-10 14:00:00,STATION_B_02,983.81,28.1
2025-09-10 15:00:00,STATION_B_02,906.63,28.9
2025-09-10 16:00:00,STATION_B_02,871.04,30.8
2025-09-10 17:00:00,STATION_B_02,705.14,28.0
2025-09-10 18:00:00,STATION_B_02,509.57,27.8
2025-09-10 19:00:00,STATION_B_02,377.46,26.9
2025-09-10 20:00:00,STATION_B_02,283.02,22.4
2025-09-10 21:00:00,STATION_B_02,260.24,21.5
2025-09-10 22:00:00,STATION_B_02,272.25,20.0
2025-09-10 23:00:00,STATION_B_02,264.94,18.4
2025-09-11 00:00:00,STATION_B_02,268.7,21.1
2025-09-11 01:00:00,STATION_B_02,271.61,19.4
2025-09-11 02:00:00,STATION_B_02,279.24,18.6
2025-09-11 03:00:00,STATION_B_02,270.58,13.6
2025-09-11 04:00:00,STATION_B_02,282.86,22.1
2025-09-11 05:00:00,STATION_B_02,267.96,17.3
2025-09-11 06:00:00,STATION_B_02,287.48,23.4
2025-09-11 07:00:00,STATION_B_02,361.03,18.1
2025-09-11 08:00:00,STATION_B_02,531.87,20.4
2025-09-11 09:00:00,STATION_B_02,728.26,19.1
2025-09-11 10:00:00,STATION_B_02,878.95,25.0
2025-09-11 11:00:00,STATION_B_02,907.42,23.5
2025-09-11 12:00:00,STATION_B_02,920.36,24.5
2025-09-11 13:00:00,STATION_B_02,942.69,24.8
2025-09-11 14:00:00,STATION_B_02,956.56,29.1
2025-09-11 15:00:00,STATION_B_02,935.7,29.2
2025-09-11 16:00:00,STATION_B_02,859.8,31.0
2025-09-11 17:00:00,STATION_B_02,715.73,26.0
2025-09-11 18:00:00,STATION_B_02,516.04,26.9
2025-09-11 19:00:00,STATION_B_02,360.91,23.2
2025-09-11 20:00:00,STATION_B_02,303.71,23.7
2025-09-11 21:00:00,STATION_B_02,273.53,22.1
2025-09-11 22:00:00,STATION_B_02,271.74,22.7
2025-09-11 23:00:00,STATION_B_02,271.18,22.5
2025-09-12 00:00:00,STATION_B_02,277.73,21.3
2025-09-12 01:00:00,STATION_B_02,265.04,17.3
2025-09-12 02:00:00,STATION_B_02,275.66,20.1
2025-09-12 03:00:00,STATION_B_02,285.82,18.0
2025-09-12 04:00:00,STATION_B_02,276.08,17.7
2025-09-12 05:00:00,STATION_B_02,282.51,17.5
2025-09-12 06:00:00,STATION_B_02,309.21,18.5
2025-09-12 07:00:00,STATION_B_02,359.78,23.7
2025-09-12 08:00:00,STATION_B_02,485.91,22.2
2025-09-12 09:00:00,STATION_B_02,684.59,23.2
2025-09-12 10:00:00,STATION_B_02,846.17,23.7
2025-09-12 11:00:00,STATION_B_02,895.92,29.7
2025-09-12 12:00:00,STATION_B_02,933.12,28.7
2025-09-12 13:00:00,STATION_B_02,924.54,25.8
2025-09-12 14:00:00,STATION_B_02,958.84,27.1
2025-09-12 15:00:00,STATION_B_02,889.1,27.3
2025-09-12 16:00:00,STATION_B_02,847.15,27.8
2025-09-12 17:00:00,STATION_B_02,714.68,25.8
2025-09-12 18:00:00,STATION_B_02,520.55,27.1
2025-09-12 19:00:00,STATION_B_02,358.08,27.9
2025-09-12 20:00:00,STATION_B_02,270.34,21.8
2025-09-12 21:00:00,STATION_B_02,277.08,20.9
2025-09-12 22:00:00,STATION_B_02,274.59,20.8
2025-09-12 23:00:00,STATION_B_02,283.35,19.7
2025-09-13 00:00:00,STATION_B_02,172.91,23.0
2025-09-13 01:00:00,STATION_B_02,172.13,20.4
2025-09-13 02:00:00,STATION_B_02,172.95,19.8
2025-09-13 03:00:00,STATION_B_02,179.64,17.5
2025-09-13 04:00:00,STATION_B_02,178.63,17.6
2025-09-13 05:00:00,STATION_B_02,176.66,16.0
2025-09-13 06:00:00,STATION_B_02,189.56,20.8
2025-09-13 07:00:00,STATION_B_02,218.13,21.3
2025-09-13 08:00:00,STATION_B_02,309.72,23.8
2025-09-13 09:00:00,STATION_B_02,,22.4
2025-09-13 10:00:00,STATION_B_02,522.42,23.8
2025-09-13 11:00:00,STATION_B_02,530.43,25.5
2025-09-13 12:00:00,STATION_B_02,566.63,27.8
2025-09-13 13:00:00,STATION_B_02,582.22,24.3
2025-09-13 14:00:00,STATION_B_02,575.55,28.7
2025-09-13 15:00:00,STATION_B_02,555.33,27.5
2025-09-13 16:00:00,STATION_B_02,528.14,25.5
2025-09-13 17:00:00,STATION_B_02,441.58,23.2
2025-09-13 18:00:00,STATION_B_02,325.52,25.9
2025-09-13 19:00:00,STATION_B_02,217.26,27.8
2025-09-13 20:00:00,STATION_B_02,182.53,27.0
2025-09-13 21:00:00,STATION_B_02,165.48,23.4
2025-09-13 22:00:00,STATION_B_02,167.52,25.1
2025-09-13 23:00:00,STATION_B_02,178.74,20.3
2025-09-14 00:00:00,STATION_B_02,165.92,20.9
2025-09-14 01:00:00,STATION_B_02,170.28,17.6
2025-09-14 02:00:00,STATION_B_02,168.09,17.1
2025-09-14 03:00:00,STATION_B_02,170.4,16.6
2025-09-14 04:00:00,STATION_B_02,176.76,14.3
2025-09-14 05:00:00,STATION_B_02,174.33,20.8
2025-09-14 06:00:00,STATION_B_02,181.71,18.1
2025-09-14 07:00:00,STATION_B_02,222.4,18.8
2025-09-14 08:00:00,STATION_B_02,313.21,19.2
2025-09-14 09:00:00,STATION_B_02,431.44,22.2
2025-09-14 10:00:00,STATION_B_02,505.87,27.0
2025-09-14 11:00:00,STATION_B_02,577.08,28.8
2025-09-14 12:00:00,STATION_B_02,587.95,23.0
2025-09-14 13:00:00,STATION_B_02,575.92,26.1
2025-09-14 14:00:00,STATION_B_02,582.49,25.4
2025-09-14 15:00:00,STATION_B_02,579.15,29.2
2025-09-14 16:00:00,STATION_B_02,528.45,27.8
2025-09-14 17:00:00,STATION_B_02,455.7,25.6
2025-09-14 18:00:00,STATION_B_02,310.79,26.1
2025-09-14 19:00:00,STATION_B_02,218.74,24.2
2025-09-14 20:00:00,STATION_B_02,176.14,26.8
2025-09-14 21:00:00,STATION_B_02,173.02,23.6
2025-09-14 22:00:00,STATION_B_02,163.26,22.6
2025-09-14 23:00:00,STATION_B_02,181.75,15.4
2025-09-15 00:00:00,STATION_B_02,281.48,18.9
2025-09-15 01:00:00,STATION_B_02,285.68,22.1
2025-09-15 02:00:00,STATION_B_02,275.41,20.2
2025-09-15 03:00:00,STATION_B_02,279.67,14.3
2025-09-15 04:00:00,STATION_B_02,284.53,17.3
2025-09-15 05:00:00,STATION_B_02,289.79,16.1
2025-09-15 06:00:00,STATION_B_02,281.99,22.1
2025-09-15 07:00:00,STATION_B_02,339.77,20.5
2025-09-15 08:00:00,STATION_B_02,495.39,19.8
2025-09-15 09:00:00,STATION_B_02,713.48,22.5
2025-09-15 10:00:00,STATION_B_02,896.59,19.0
2025-09-15 11:00:00,STATION_B_02,881.64,22.9
2025-09-15 12:00:00,STATION_B_02,921.46,25.9
2025-09-15 13:00:00,STATION_B_02,920.67,28.1
2025-09-15 14:00:00,STATION_B_02,974.38,23.6
2025-09-15 15:00:00,STATION_B_02,966.11,26.6
2025-09-15 16:00:00,STATION_B_02,858.75,28.9
2025-09-15 17:00:00,STATION_B_02,725.23,24.0
2025-09-15 18:00:00,STATION_B_02,526.18,26.3
2025-09-15 19:00:00,STATION_B_02,343.89,25.0
2025-09-15 20:00:00,STATION_B_02,292.56,26.8
2025-09-15 21:00:00,STATION_B_02,266.94,22.0
2025-09-15 22:00:00,STATION_B_02,273.56,20.9
2025-09-15 23:00:00,STATION_B_02,281.94,21.6
2025-09-16 00:00:00,STATION_B_02,281.11,16.5
2025-09-16 01:00:00,STATION_B_02,286.84,17.7
2025-09-16 02:00:00,STATION_B_02,289.54,16.8
2025-09-16 03:00:00,STATION_B_02,266.75,17.2
2025-09-16 04:00:00,STATION_B_02,261.21,19.2
2025-09-16 05:00:00,STATION_B_02,286.29,19.1
2025-09-16 06:00:00,STATION_B_02,302.65,17.6
2025-09-16 07:00:00,STATION_B_02,361.12,20.1
2025-09-16 08:00:00,STATION_B_02,519.35,23.7
2025-09-16 09:00:00,STATION_B_02,728.89,20.8
2025-09-16 10:00:00,STATION_B_02,867.98,23.8
2025-09-16 11:00:00,STATION_B_02,904.57,24.4
2025-09-16 12:00:00,STATION_B_02,950.35,25.6
2025-09-16 13:00:00,STATION_B_02,919.99,23.5
2025-09-16 14:00:00,STATION_B_02,933.18,29.5
2025-09-16 15:00:00,STATION_B_02,916.54,25.7
2025-09-16 16:00:00,STATION_B_02,829.74,28.8
2025-09-16 17:00:00,STATION_B_02,694.45,25.3
2025-09-16 18:00:00,STATION_B_02,543.99,24.6
2025-09-16 19:00:00,STATION_B_02,347.2,26.9
2025-09-16 20:00:00,STATION_B_02,289.88,25.3
2025-09-16 21:00:00,STATION_B_02,278.12,22.7
2025-09-16 22:00:00,STATION_B_02,272.69,22.4
2025-09-16 23:00:00,STATION_B_02,281.46,19.4
2025-09-17 00:00:00,STATION_B_02,279.67,18.7
2025-09-17 01:00:00,STATION_B_02,273.61,16.8
2025-09-17 02:00:00,STATION_B_02,280.62,19.1
2025-09-17 03:00:00,STATION_B_02,276.92,16.1
2025-09-17 04:00:00,STATION_B_02,287.81,20.2
2025-09-17 05:00:00,STATION_B_02,283.18,17.4
2025-09-17 06:00:00,STATION_B_02,286.2,18.8
2025-09-17 07:00:00,STATION_B_02,359.94,21.1
2025-09-17 08:00:00,STATION_B_02,504.05,20.9
2025-09-17 09:00:00,STATION_B_02,713.76,21.6
2025-09-17 10:00:00,STATION_B_02,843.09,23.3
2025-09-17 11:00:00,STATION_B_02,891.53,26.1
2025-09-17 12:00:00,STATION_B_02,906.4,24.3
2025-09-17 13:00:00,STATION_B_02,986.41,26.1
2025-09-17 14:00:00,STATION_B_02,928.84,26.8
2025-09-17 15:00:00,STATION_B_02,900.91,28.5
2025-09-17 16:00:00,STATION_B_02,834.75,26.6
2025-09-17 17:00:00,STATION_B_02,716.28,29.5
2025-09-17 18:00:00,STATION_B_02,505.23,25.2
2025-09-17 19:00:00,STATION_B_02,345.08,24.1
2025-09-17 20:00:00,STATION_B_02,286.66,23.1
2025-09-17 21:00:00,STATION_B_02,276.56,19.8
2025-09-17 22:00:00,STATION_B_02,273.93,19.0
2025-09-17 23:00:00,STATION_B_02,270.82,18.8
2025-09-18 00:00:00,STATION_B_02,271.74,20.6
2025-09-18 01:00:00,STATION_B_02,275.04,17.8
2025-09-18 02:00:00,STATION_B_02,275.77,16.5
2025-09-18 03:00:00,STATION_B_02,278.21,19.4
2025-09-18 04:00:00,STATION_B_02,291.15,20.1
2025-09-18 05:00:00,STATION_B_02,285.78,20.1
2025-09-18 06:00:00,STATION_B_02,308.64,17.0
2025-09-18 07:00:00,STATION_B_02,355.5,18.7
2025-09-18 08:00:00,STATION_B_02,535.75,24.0
2025-09-18 09:00:00,STATION_B_02,711.29,22.4
2025-09-18 10:00:00,STATION_B_02,869.24,22.7
2025-09-18 11:00:00,STATION_B_02,921.35,25.7
2025-09-18 12:00:00,STATION_B_02,917.74,27.2
2025-09-18 13:00:00,STATION_B_02,944.4,25.1
2025-09-18 14:00:00,STATION_B_02,937.69,27.0
2025-09-18 15:00:00,STATION_B_02,868.67,28.4
2025-09-18 16:00:00,STATION_B_02,844.79,24.5
2025-09-18 17:00:00,STATION_B_02,723.18,26.2
2025-09-18 18:00:00,STATION_B_02,517.12,23.4
2025-09-18 19:00:00,STATION_B_02,359.28,22.6
2025-09-18 20:00:00,STATION_B_02,281.11,22.2
2025-09-18 21:00:00,STATION_B_02,275.43,22.8
2025-09-18 22:00:00,STATION_B_02,274.52,20.2
2025-09-18 23:00:00,STATION_B_02,276.11,18.4
2025-09-19 00:00:00,STATION_B_02,272.35,18.5
2025-09-19 01:00:00,STATION_B_02,287.91,15.6
2025-09-19 02:00:00,STATION_B_02,280.51,17.9
2025-09-19 03:00:00,STATION_B_02,278.27,19.0
2025-09-19 04:00:00,STATION_B_02,294.17,17.0
2025-09-19 05:00:00,STATION_B_02,283.31,17.3
2025-09-19 06:00:00,STATION_B_02,299.77,19.1
2025-09-19 07:00:00,STATION_B_02,368.39,15.8
2025-09-19 08:00:00,STATION_B_02,509.56,21.5
2025-09-19 09:00:00,STATION_B_02,687.22,27.4
2025-09-19 10:00:00,STATION_B_02,852.3,22.8
2025-09-19 11:00:00,STATION_B_02,846.94,24.0
2025-09-19 12:00:00,STATION_B_02,932.0,26.5
2025-09-19 13:00:00,STATION_B_02,934.09,28.9
2025-09-19 14:00:00,STATION_B_02,920.21,28.2
2025-09-19 15:00:00,STATION_B_02,907.78,22.7
2025-09-19 16:00:00,STATION_B_02,819.45,27.5
2025-09-19 17:00:00,STATION_B_02,732.17,30.6
2025-09-19 18:00:00,STATION_B_02,508.6,26.3
2025-09-19 19:00:00,STATION_B_02,345.77,22.1
2025-09-19 20:00:00,STATION_B_02,290.6,23.6
2025-09-19 21:00:00,STATION_B_02,277.65,19.5
2025-09-19 22:00:00,STATION_B_02,269.99,22.8
2025-09-19 23:00:00,STATION_B_02,275.03,17.7
2025-09-20 00:00:00,STATION_B_02,171.88,18.4
2025-09-20 01:00:00,STATION_B_02,180.05,15.9
2025-09-20 02:00:00,STATION_B_02,176.02,16.0
2025-09-20 03:00:00,STATION_B_02,170.79,19.5
2025-09-20 04:00:00,STATION_B_02,176.75,17.2
2025-09-20 05:00:00,STATION_B_02,174.23,16.5
2025-09-20 06:00:00,STATION_B_02,184.62,16.2
2025-09-20 07:00:00,STATION_B_02,227.43,15.9
2025-09-20 08:00:00,STATION_B_02,329.03,18.1
2025-09-20 09:00:00,STATION_B_02,433.18,21.8
2025-09-20 10:00:00,STATION_B_02,509.29,24.6
2025-09-20 11:00:00,STATION_B_02,577.15,23.0
2025-09-20 12:00:00,STATION_B_02,595.89,27.9
2025-09-20 13:00:00,STATION_B_02,557.81,24.5
2025-09-20 14:00:00,STATION_B_02,576.13,25.8
2025-09-20 15:00:00,STATION_B_02,557.29,24.5
2025-09-20 16:00:00,STATION_B_02,536.91,28.1
2025-09-20 17:00:00,STATION_B_02,440.72,29.6
2025-09-20 18:00:00,STATION_B_02,345.69,21.9
2025-09-20 19:00:00,STATION_B_02,218.09,23.4
2025-09-20 20:00:00,STATION_B_02,184.65,25.2
2025-09-20 21:00:00,STATION_B_02,179.26,19.0
2025-09-20 22:00:00,STATION_B_02,171.71,21.4
2025-09-20 23:00:00,STATION_B_02,169.5,21.4
2025-09-21 00:00:00,STATION_B_02,172.38,18.2
2025-09-21 01:00:00,STATION_B_02,171.92,18.3
2025-09-21 02:00:00,STATION_B_02,175.47,20.0
2025-09-21 03:00:00,STATION_B_02,166.44,20.2
2025-09-21 04:00:00,STATION_B_02,172.5,16.7
2025-09-21 05:00:00,STATION_B_02,172.84,16.4
2025-09-21 06:00:00,STATION_B_02,174.22,16.4
2025-09-21 07:00:00,STATION_B_02,225.91,20.8
2025-09-21 08:00:00,STATION_B_02,333.47,17.8
2025-09-21 09:00:00,STATION_B_02,432.58,21.0
2025-09-21 10:00:00,STATION_B_02,538.63,22.9
2025-09-21 11:00:00,STATION_B_02,540.37,23.0
2025-09-21 12:00:00,STATION_B_02,573.52,25.4
2025-09-21 13:00:00,STATION_B_02,571.93,30.2
2025-09-21 14:00:00,STATION_B_02,574.48,25.9
2025-09-21 15:00:00,STATION_B_02,564.79,25.5
2025-09-21 16:00:00,STATION_B_02,523.54,27.9
2025-09-21 17:00:00,STATION_B_02,433.28,26.1
2025-09-21 18:00:00,STATION_B_02,316.89,27.5
2025-09-21 19:00:00,STATION_B_02,227.49,24.2
2025-09-21 20:00:00,STATION_B_02,174.8,22.3
2025-09-21 21:00:00,STATION_B_02,182.63,18.3
2025-09-21 22:00:00,STATION_B_02,169.89,17.3
2025-09-21 23:00:00,STATION_B_02,175.12,15.8
2025-09-22 00:00:00,STATION_B_02,280.82,18.6
2025-09-22 01:00:00,STATION_B_02,279.87,14.7
2025-09-22 02:00:00,STATION_B_02,286.18,18.9
2025-09-22 03:00:00,STATION_B_02,283.44,16.6
2025-09-22 04:00:00,STATION_B_02,278.46,16.2
2025-09-22 05:00:00,STATION_B_02,291.75,15.6
2025-09-22 06:00:00,STATION_B_02,282.67,19.0
2025-09-22 07:00:00,STATION_B_02,356.9,17.5
2025-09-22 08:00:00,STATION_B_02,529.45,18.3
2025-09-22 09:00:00,STATION_B_02,720.32,23.4
2025-09-22 10:00:00,STATION_B_02,852.8,23.2
2025-09-22 11:00:00,STATION_B_02,905.57,23.3
2025-09-22 12:00:00,STATION_B_02,918.0,25.9
2025-09-22 13:00:00,STATION_B_02,952.3,25.5
2025-09-22 14:00:00,STATION_B_02,929.83,26.6
2025-09-22 15:00:00,STATION_B_02,887.99,24.6
2025-09-22 16:00:00,STATION_B_02,825.28,29.7
2025-09-22 17:00:00,STATION_B_02,733.4,24.4
2025-09-22 18:00:00,STATION_B_02,502.75,27.5
2025-09-22 19:00:00,STATION_B_02,356.71,23.4
2025-09-22 20:00:00,STATION_B_02,296.16,24.0
2025-09-22 21:00:00,STATION_B_02,276.87,22.6
2025-09-22 22:00:00,STATION_B_02,266.75,22.1
2025-09-22 23:00:00,STATION_B_02,271.02,17.4
2025-09-23 00:00:00,STATION_B_02,288.5,19.7
2025-09-23 01:00:00,STATION_B_02,266.85,20.3
2025-09-23 02:00:00,STATION_B_02,276.05,16.0
2025-09-23 03:00:00,STATION_B_02,282.29,16.4
2025-09-23 04:00:00,STATION_B_02,279.15,15.6
2025-09-23 05:00:00,STATION_B_02,284.79,16.4
2025-09-23 06:00:00,STATION_B_02,276.69,20.8
2025-09-23 07:00:00,STATION_B_02,361.04,16.9
2025-09-23 08:00:00,STATION_B_02,531.03,18.2
2025-09-23 09:00:00,STATION_B_02,,24.0
2025-09-23 10:00:00,STATION_B_02,832.78,23.5
2025-09-23 11:00:00,STATION_B_02,884.08,27.3
2025-09-23 12:00:00,STATION_B_02,928.8,23.7
2025-09-23 13:00:00,STATION_B_02,893.16,25.5
2025-09-23 14:00:00,STATION_B_02,954.52,24.6
2025-09-23 15:00:00,STATION_B_02,911.94,26.2
2025-09-23 16:00:00,STATION_B_02,830.06,22.6
2025-09-23 17:00:00,STATION_B_02,686.01,26.5
2025-09-23 18:00:00,STATION_B_02,503.68,25.1
2025-09-23 19:00:00,STATION_B_02,339.67,23.4
2025-09-23 20:00:00,STATION_B_02,290.14,21.7
2025-09-23 21:00:00,STATION_B_02,270.53,19.5
2025-09-23 22:00:00,STATION_B_02,275.93,21.2
2025-09-23 23:00:00,STATION_B_02,283.2,16.6
2025-09-24 00:00:00,STATION_B_02,283.58,18.5
2025-09-24 01:00:00,STATION_B_02,275.64,20.5
2025-09-24 02:00:00,STATION_B_02,284.02,19.0
2025-09-24 03:00:00,STATION_B_02,293.7,13.5
2025-09-24 04:00:00,STATION_B_02,282.8,15.4
2025-09-24 05:00:00,STATION_B_02,281.16,17.6
2025-09-24 06:00:00,STATION_B_02,288.15,17.4
2025-09-24 07:00:00,STATION_B_02,355.09,16.0
2025-09-24 08:00:00,STATION_B_02,533.17,20.4
2025-09-24 09:00:00,STATION_B_02,719.96,20.9
2025-09-24 10:00:00,STATION_B_02,860.14,25.6
2025-09-24 11:00:00,STATION_B_02,893.93,22.9
2025-09-24 12:00:00,STATION_B_02,962.31,26.5
2025-09-24 13:00:00,STATION_B_02,918.88,22.8
2025-09-24 14:00:00,STATION_B_02,904.09,23.7
2025-09-24 15:00:00,STATION_B_02,894.35,27.1
2025-09-24 16:00:00,STATION_B_02,879.59,27.5
2025-09-24 17:00:00,STATION_B_02,684.72,23.4
2025-09-24 18:00:00,STATION_B_02,501.93,24.4
2025-09-24 19:00:00,STATION_B_02,382.74,20.9
2025-09-24 20:00:00,STATION_B_02,293.06,21.9
2025-09-24 21:00:00,STATION_B_02,267.61,22.5
2025-09-24 22:00:00,STATION_B_02,268.31,18.9
2025-09-24 23:00:00,STATION_B_02,265.12,18.1
2025-09-25 00:00:00,STATION_B_02,281.51,15.4
2025-09-25 01:00:00,STATION_B_02,285.97,15.5
2025-09-25 02:00:00,STATION_B_02,286.3,19.3
2025-09-25 03:00:00,STATION_B_02,265.99,16.1
2025-09-25 04:00:00,STATION_B_02,272.47,14.3
2025-09-25 05:00:00,STATION_B_02,279.93,16.1
2025-09-25 06:00:00,STATION_B_02,317.96,14.5
2025-09-25 07:00:00,STATION_B_02,371.79,16.6
2025-09-25 08:00:00,STATION_B_02,516.72,22.0
2025-09-25 09:00:00,STATION_B_02,687.41,20.5
2025-09-25 10:00:00,STATION_B_02,798.21,25.4
2025-09-25 11:00:00,STATION_B_02,908.5,23.0
2025-09-25 12:00:00,STATION_B_02,920.64,24.1
2025-09-25 13:00:00,STATION_B_02,917.64,26.1
2025-09-25 14:00:00,STATION_B_02,920.25,20.6
2025-09-25 15:00:00,STATION_B_02,889.94,26.0
2025-09-25 16:00:00,STATION_B_02,823.32,25.3
2025-09-25 17:00:00,STATION_B_02,730.33,27.6
2025-09-25 18:00:00,STATION_B_02,499.96,25.9
2025-09-25 19:00:00,STATION_B_02,352.77,21.1
2025-09-25 20:00:00,STATION_B_02,285.5,24.3
2025-09-25 21:00:00,STATION_B_02,280.07,20.3
2025-09-25 22:00:00,STATION_B_02,271.22,17.9
2025-09-25 23:00:00,STATION_B_02,283.25,18.7
2025-09-26 00:00:00,STATION_B_02,274.49,16.9
2025-09-26 01:00:00,STATION_B_02,274.31,19.2
2025-09-26 02:00:00,STATION_B_02,290.97,16.6
2025-09-26 03:00:00,STATION_B_02,272.56,16.2
2025-09-26 04:00:00,STATION_B_02,282.91,17.6
2025-09-26 05:00:00,STATION_B_02,284.76,18.4
2025-09-26 06:00:00,STATION_B_02,292.85,18.6
2025-09-26 07:00:00,STATION_B_02,354.79,20.8
2025-09-26 08:00:00,STATION_B_02,544.01,20.5
2025-09-26 09:00:00,STATION_B_02,708.21,20.9
2025-09-26 10:00:00,STATION_B_02,849.02,24.1
2025-09-26 11:00:00,STATION_B_02,899.38,22.8
2025-09-26 12:00:00,STATION_B_02,926.39,24.1
2025-09-26 13:00:00,STATION_B_02,946.97,27.9
2025-09-26 14:00:00,STATION_B_02,916.17,28.2
2025-09-26 15:00:00,STATION_B_02,857.59,25.4
2025-09-26 16:00:00,STATION_B_02,855.83,24.4
2025-09-26 17:00:00,STATION_B_02,684.9,
2025-09-26 18:00:00,STATION_B_02,521.48,25.4
2025-09-26 19:00:00,STATION_B_02,353.7,23.6
2025-09-26 20:00:00,STATION_B_02,293.78,21.3
2025-09-26 21:00:00,STATION_B_02,266.98,21.2
2025-09-26 22:00:00,STATION_B_02,271.53,19.3
2025-09-26 23:00:00,STATION_B_02,276.03,17.0
2025-09-27 00:00:00,STATION_B_02,165.75,17.3
2025-09-27 01:00:00,STATION_B_02,177.82,16.8
2025-09-27 02:00:00,STATION_B_02,166.84,15.1
2025-09-27 03:00:00,STATION_B_02,177.32,17.3
2025-09-27 04:00:00,STATION_B_02,173.59,18.1
2025-09-27 05:00:00,STATION_B_02,171.46,18.0
2025-09-27 06:00:00,STATION_B_02,183.55,16.5
2025-09-27 07:00:00,STATION_B_02,223.92,19.4
2025-09-27 08:00:00,STATION_B_02,317.99,19.3
2025-09-27 09:00:00,STATION_B_02,448.49,18.2
2025-09-27 10:00:00,STATION_B_02,533.43,22.9
2025-09-27 11:00:00,STATION_B_02,548.58,23.1
2025-09-27 12:00:00,STATION_B_02,577.12,28.5
2025-09-27 13:00:00,STATION_B_02,533.52,27.2
2025-09-27 14:00:00,STATION_B_02,543.28,26.4
2025-09-27 15:00:00,STATION_B_02,570.66,25.7
2025-09-27 16:00:00,STATION_B_02,517.81,25.4
2025-09-27 17:00:00,STATION_B_02,427.09,22.8
2025-09-27 18:00:00,STATION_B_02,318.74,20.7
2025-09-27 19:00:00,STATION_B_02,217.78,21.3
2025-09-27 20:00:00,STATION_B_02,172.9,21.6
2025-09-27 21:00:00,STATION_B_02,166.13,16.6
2025-09-27 22:00:00,STATION_B_02,162.84,18.2
2025-09-27 23:00:00,STATION_B_02,175.44,17.6
2025-09-28 00:00:00,STATION_B_02,171.12,16.5
2025-09-28 01:00:00,STATION_B_02,178.74,14.9
2025-09-28 02:00:00,STATION_B_02,172.3,15.0
2025-09-28 03:00:00,STATION_B_02,172.85,18.6
2025-09-28 04:00:00,STATION_B_02,172.19,16.8
2025-09-28 05:00:00,STATION_B_02,174.99,15.1
2025-09-28 06:00:00,STATION_B_02,182.14,16.7
2025-09-28 07:00:00,STATION_B_02,221.19,17.8
2025-09-28 08:00:00,STATION_B_02,313.61,17.6
2025-09-28 09:00:00,STATION_B_02,452.33,18.9
2025-09-28 10:00:00,STATION_B_02,545.05,23.3
2025-09-28 11:00:00,STATION_B_02,586.82,21.9
2025-09-28 12:00:00,STATION_B_02,564.52,21.7
2025-09-28 13:00:00,STATION_B_02,561.58,24.3
2025-09-28 14:00:00,STATION_B_02,563.61,25.1
2025-09-28 15:00:00,STATION_B_02,561.09,21.5
2025-09-28 16:00:00,STATION_B_02,522.66,24.8
2025-09-28 17:00:00,STATION_B_02,425.35,26.0
2025-09-28 18:00:00,STATION_B_02,304.85,24.5
2025-09-28 19:00:00,STATION_B_02,219.48,26.7
2025-09-28 20:00:00,STATION_B_02,160.81,23.8
2025-09-28 21:00:00,STATION_B_02,168.52,22.9
2025-09-28 22:00:00,STATION_B_02,164.26,24.1
2025-09-28 23:00:00,STATION_B_02,174.19,19.2
2025-09-29 00:00:00,STATION_B_02,285.92,17.0
2025-09-29 01:00:00,STATION_B_02,285.12,17.7
2025-09-29 02:00:00,STATION_B_02,279.25,14.4
2025-09-29 03:00:00,STATION_B_02,272.11,15.5
2025-09-29 04:00:00,STATION_B_02,276.05,14.3
2025-09-29 05:00:00,STATION_B_02,281.85,16.6
2025-09-29 06:00:00,STATION_B_02,282.16,15.5
2025-09-29 07:00:00,STATION_B_02,376.44,16.4
2025-09-29 08:00:00,STATION_B_02,512.99,19.6
2025-09-29 09:00:00,STATION_B_02,721.07,19.8
2025-09-29 10:00:00,STATION_B_02,821.59,17.9
2025-09-29 11:00:00,STATION_B_02,,19.9
2025-09-29 12:00:00,STATION_B_02,,21.4
2025-09-29 13:00:00,STATION_B_02,,22.6
2025-09-29 14:00:00,STATION_B_02,,25.5
2025-09-29 15:00:00,STATION_B_02,,25.3
2025-09-29 16:00:00,STATION_B_02,,26.6
2025-09-29 17:00:00,STATION_B_02,,25.6
2025-09-29 18:00:00,STATION_B_02,,25.4
2025-09-29 19:00:00,STATION_B_02,,23.6
2025-09-29 20:00:00,STATION_B_02,285.27,21.7
2025-09-29 21:00:00,STATION_B_02,275.34,22.1
2025-09-29 22:00:00,STATION_B_02,276.68,20.5
2025-09-29 23:00:00,STATION_B_02,296.7,18.4
2025-09-30 00:00:00,STATION_B_02,287.89,18.8
2025-09-30 01:00:00,STATION_B_02,272.49,11.5
2025-09-30 02:00:00,STATION_B_02,280.28,14.7
2025-09-30 03:00:00,STATION_B_02,278.62,14.5
2025-09-30 04:00:00,STATION_B_02,287.07,17.3
2025-09-30 05:00:00,STATION_B_02,274.8,18.6
2025-09-30 06:00:00,STATION_B_02,300.62,13.9
2025-09-30 07:00:00,STATION_B_02,335.18,20.0
2025-09-30 08:00:00,STATION_B_02,504.45,16.5
2025-09-30 09:00:00,STATION_B_02,757.79,17.8
2025-09-30 10:00:00,STATION_B_02,850.36,20.7
2025-09-30 11:00:00,STATION_B_02,884.25,21.7
2025-09-30 12:00:00,STATION_B_02,934.85,20.5
2025-09-30 13:00:00,STATION_B_02,897.78,25.2
2025-09-30 14:00:00,STATION_B_02,915.23,25.8
2025-09-30 15:00:00,STATION_B_02,872.36,26.6
2025-09-30 16:00:00,STATION_B_02,826.56,23.8
2025-09-30 17:00:00,STATION_B_02,696.46,24.0
2025-09-30 18:00:00,STATION_B_02,526.09,23.2
2025-09-30 19:00:00,STATION_B_02,357.68,25.3
2025-09-30 20:00:00,STATION_B_02,298.87,16.0
2025-09-30 21:00:00,STATION_B_02,277.45,18.2
2025-09-30 22:00:00,STATION_B_02,281.95,18.7
2025-09-30 23:00:00,STATION_B_02,273.9,15.5
2025-10-01 00:00:00,STATION_B_02,123.5,15.9
2025-10-01 01:00:00,STATION_B_02,127.56,15.3
2025-10-01 02:00:00,STATION_B_02,126.17,13.9
2025-10-01 03:00:00,STATION_B_02,126.36,15.0
2025-10-01 04:00:00,STATION_B_02,125.16,16.2
2025-10-01 05:00:00,STATION_B_02,130.9,15.1
2025-10-01 06:00:00,STATION_B_02,137.11,15.5
2025-10-01 07:00:00,STATION_B_02,160.32,17.0
2025-10-01 08:00:00,STATION_B_02,223.36,18.5
2025-10-01 09:00:00,STATION_B_02,319.34,16.6
2025-10-01 10:00:00,STATION_B_02,371.21,21.8
2025-10-01 11:00:00,STATION_B_02,418.17,21.3
2025-10-01 12:00:00,STATION_B_02,424.78,25.4
2025-10-01 13:00:00,STATION_B_02,404.19,24.9
2025-10-01 14:00:00,STATION_B_02,406.72,26.5
2025-10-01 15:00:00,STATION_B_02,392.23,22.7
2025-10-01 16:00:00,STATION_B_02,381.02,23.7
2025-10-01 17:00:00,STATION_B_02,317.0,21.6
2025-10-01 18:00:00,STATION_B_02,234.91,21.8
2025-10-01 19:00:00,STATION_B_02,161.07,24.4
2025-10-01 20:00:00,STATION_B_02,130.49,23.6
2025-10-01 21:00:00,STATION_B_02,120.22,17.7
2025-10-01 22:00:00,STATION_B_02,122.79,17.7
2025-10-01 23:00:00,STATION_B_02,128.19,17.2
2025-10-02 00:00:00,STATION_B_02,123.32,17.2
2025-10-02 01:00:00,STATION_B_02,122.69,12.2
2025-10-02 02:00:00,STATION_B_02,130.93,12.0
2025-10-02 03:00:00,STATION_B_02,124.14,15.6
2025-10-02 04:00:00,STATION_B_02,132.18,11.4
2025-10-02 05:00:00,STATION_B_02,127.04,14.6
2025-10-02 06:00:00,STATION_B_02,131.05,16.4
2025-10-02 07:00:00,STATION_B_02,168.02,17.9
2025-10-02 08:00:00,STATION_B_02,226.58,18.0
2025-10-02 09:00:00,STATION_B_02,333.69,18.9
2025-10-02 10:00:00,STATION_B_02,373.33,22.3
2025-10-02 11:00:00,STATION_B_02,409.59,22.5
2025-10-02 12:00:00,STATION_B_02,417.15,21.8
2025-10-02 13:00:00,STATION_B_02,410.66,23.8
2025-10-02 14:00:00,STATION_B_02,406.59,24.9
2025-10-02 15:00:00,STATION_B_02,403.95,27.4
2025-10-02 16:00:00,STATION_B_02,369.63,25.6
2025-10-02 17:00:00,STATION_B_02,332.92,25.9
2025-10-02 18:00:00,STATION_B_02,227.3,21.8
2025-10-02 19:00:00,STATION_B_02,164.62,21.0
2025-10-02 20:00:00,STATION_B_02,132.95,20.4
2025-10-02 21:00:00,STATION_B_02,125.4,19.3
2025-10-02 22:00:00,STATION_B_02,125.08,16.5
2025-10-02 23:00:00,STATION_B_02,124.35,19.4
2025-10-03 00:00:00,STATION_B_02,126.7,17.6
2025-10-03 01:00:00,STATION_B_02,126.94,14.6
2025-10-03 02:00:00,STATION_B_02,120.74,15.9
2025-10-03 03:00:00,STATION_B_02,120.45,15.0
2025-10-03 04:00:00,STATION_B_02,130.72,16.0
2025-10-03 05:00:00,STATION_B_02,119.41,12.8
2025-10-03 06:00:00,STATION_B_02,133.14,15.7
2025-10-03 07:00:00,STATION_B_02,162.08,16.9
2025-10-03 08:00:00,STATION_B_02,234.11,19.2
2025-10-03 09:00:00,STATION_B_02,313.14,18.2
2025-10-03 10:00:00,STATION_B_02,394.37,16.1
2025-10-03 11:00:00,STATION_B_02,414.51,19.8
2025-10-03 12:00:00,STATION_B_02,444.55,22.6
2025-10-03 13:00:00,STATION_B_02,416.64,23.6
2025-10-03 14:00:00,STATION_B_02,429.31,27.0
2025-10-03 15:00:00,STATION_B_02,391.94,25.2
2025-10-03 16:00:00,STATION_B_02,389.68,24.1
2025-10-03 17:00:00,STATION_B_02,318.6,23.5
2025-10-03 18:00:00,STATION_B_02,231.58,24.7
2025-10-03 19:00:00,STATION_B_02,161.21,20.7
2025-10-03 20:00:00,STATION_B_02,135.23,20.3
2025-10-03 21:00:00,STATION_B_02,126.21,17.4
2025-10-03 22:00:00,STATION_B_02,120.45,20.7
2025-10-03 23:00:00,STATION_B_02,122.79,17.7
2025-10-04 00:00:00,STATION_B_02,80.22,14.5
2025-10-04 01:00:00,STATION_B_02,79.35,14.8
2025-10-04 02:00:00,STATION_B_02,75.08,15.5
2025-10-04 03:00:00,STATION_B_02,79.83,13.9
2025-10-04 04:00:00,STATION_B_02,76.69,13.6
2025-10-04 05:00:00,STATION_B_02,79.97,13.8
2025-10-04 06:00:00,STATION_B_02,80.13,16.4
2025-10-04 07:00:00,STATION_B_02,100.71,16.1
2025-10-04 08:00:00,STATION_B_02,143.98,17.1
2025-10-04 09:00:00,STATION_B_02,209.45,16.8
2025-10-04 10:00:00,STATION_B_02,239.52,20.6
2025-10-04 11:00:00,STATION_B_02,262.11,21.2
2025-10-04 12:00:00,STATION_B_02,276.52,22.0
2025-10-04 13:00:00,STATION_B_02,257.75,23.7
2025-10-04 14:00:00,STATION_B_02,267.19,25.2
2025-10-04 15:00:00,STATION_B_02,248.24,25.2
2025-10-04 16:00:00,STATION_B_02,243.03,24.8
2025-10-04 17:00:00,STATION_B_02,192.24,22.9
2025-10-04 18:00:00,STATION_B_02,142.82,21.5
2025-10-04 19:00:00,STATION_B_02,101.09,19.7
2025-10-04 20:00:00,STATION_B_02,82.13,19.3
2025-10-04 21:00:00,STATION_B_02,74.49,19.2
2025-10-04 22:00:00,STATION_B_02,76.05,16.5
2025-10-04 23:00:00,STATION_B_02,78.87,16.9
2025-10-05 00:00:00,STATION_B_02,78.04,13.9
2025-10-05 01:00:00,STATION_B_02,76.66,11.8
2025-10-05 02:00:00,STATION_B_02,77.9,15.8
2025-10-05 03:00:00,STATION_B_02,78.75,13.3
2025-10-05 04:00:00,STATION_B_02,79.54,12.8
2025-10-05 05:00:00,STATION_B_02,80.53,12.9
2025-10-05 06:00:00,STATION_B_02,82.85,16.4
2025-10-05 07:00:00,STATION_B_02,98.01,19.1
2025-10-05 08:00:00,STATION_B_02,144.55,17.0
2025-10-05 09:00:00,STATION_B_02,204.5,18.6
2025-10-05 10:00:00,STATION_B_02,232.01,22.2
2025-10-05 11:00:00,STATION_B_02,255.07,18.1
2025-10-05 12:00:00,STATION_B_02,247.07,25.9
2025-10-05 13:00:00,STATION_B_02,257.23,27.5
2025-10-05 14:00:00,STATION_B_02,263.65,18.8
2025-10-05 15:00:00,STATION_B_02,239.84,23.6
2025-10-05 16:00:00,STATION_B_02,228.79,22.3
2025-10-05 17:00:00,STATION_B_02,189.1,22.7
2025-10-05 18:00:00,STATION_B_02,145.75,21.6
2025-10-05 19:00:00,STATION_B_02,93.66,22.8
2025-10-05 20:00:00,STATION_B_02,80.23,20.0
2025-10-05 21:00:00,STATION_B_02,79.19,17.3
2025-10-05 22:00:00,STATION_B_02,77.83,17.4
2025-10-05 23:00:00,STATION_B_02,76.53,17.5
2025-10-06 00:00:00,STATION_B_02,128.58,13.3
2025-10-06 01:00:00,STATION_B_02,131.87,11.7
2025-10-06 02:00:00,STATION_B_02,124.35,17.8
2025-10-06 03:00:00,STATION_B_02,120.26,12.8
2025-10-06 04:00:00,STATION_B_02,130.84,13.9
2025-10-06 05:00:00,STATION_B_02,128.8,13.9
2025-10-06 06:00:00,STATION_B_02,131.88,16.4
2025-10-06 07:00:00,STATION_B_02,152.59,19.6
2025-10-06 08:00:00,STATION_B_02,232.01,18.6
2025-10-06 09:00:00,STATION_B_02,318.65,16.1
2025-10-06 10:00:00,STATION_B_02,375.73,17.6
2025-10-06 11:00:00,STATION_B_02,409.41,20.5
2025-10-06 12:00:00,STATION_B_02,409.52,21.7
2025-10-06 13:00:00,STATION_B_02,414.5,19.9
2025-10-06 14:00:00,STATION_B_02,422.69,24.9
2025-10-06 15:00:00,STATION_B_02,411.21,21.6
2025-10-06 16:00:00,STATION_B_02,374.68,26.1
2025-10-06 17:00:00,STATION_B_02,311.57,26.2
2025-10-06 18:00:00,STATION_B_02,227.5,21.7
2025-10-06 19:00:00,STATION_B_02,157.95,22.0
2025-10-06 20:00:00,STATION_B_02,133.08,17.8
2025-10-06 21:00:00,STATION_B_02,120.45,19.9
2025-10-06 22:00:00,STATION_B_02,130.14,16.7
2025-10-06 23:00:00,STATION_B_02,128.66,14.4
2025-10-07 00:00:00,STATION_B_02,117.55,14.7
2025-10-07 01:00:00,STATION_B_02,127.5,13.6
2025-10-07 02:00:00,STATION_B_02,130.81,13.4
2025-10-07 03:00:00,STATION_B_02,127.33,15.5
2025-10-07 04:00:00,STATION_B_02,126.5,12.6
2025-10-07 05:00:00,STATION_B_02,125.03,17.6
2025-10-07 06:00:00,STATION_B_02,134.9,12.8
2025-10-07 07:00:00,STATION_B_02,164.47,19.1
2025-10-07 08:00:00,STATION_B_02,228.61,15.5
2025-10-07 09:00:00,STATION_B_02,316.97,18.6
2025-10-07 10:00:00,STATION_B_02,401.7,19.0
2025-10-07 11:00:00,STATION_B_02,411.39,20.4
2025-10-07 12:00:00,STATION_B_02,431.19,23.5
2025-10-07 13:00:00,STATION_B_02,447.41,25.5
2025-10-07 14:00:00,STATION_B_02,409.41,25.4
2025-10-07 15:00:00,STATION_B_02,395.08,22.7
2025-10-07 16:00:00,STATION_B_02,376.94,23.6
2025-10-07 17:00:00,STATION_B_02,326.77,21.4
2025-10-07 18:00:00,STATION_B_02,239.44,20.2
2025-10-07 19:00:00,STATION_B_02,170.92,19.0
2025-10-07 20:00:00,STATION_B_02,130.16,19.1
2025-10-07 21:00:00,STATION_B_02,125.91,19.1
2025-10-07 22:00:00,STATION_B_02,124.7,13.9
2025-10-07 23:00:00,STATION_B_02,117.51,16.1
2025-10-08 00:00:00,STATION_B_02,124.56,17.8
2025-10-08 01:00:00,STATION_B_02,121.82,16.3
2025-10-08 02:00:00,STATION_B_02,129.9,12.7
2025-10-08 03:00:00,STATION_B_02,122.46,11.1
2025-10-08 04:00:00,STATION_B_02,124.19,14.6
2025-10-08 05:00:00,STATION_B_02,130.72,10.1
2025-10-08 06:00:00,STATION_B_02,132.86,17.0
2025-10-08 07:00:00,STATION_B_02,163.81,15.6
2025-10-08 08:00:00,STATION_B_02,242.91,20.5
2025-10-08 09:00:00,STATION_B_02,340.61,15.3
2025-10-08 10:00:00,STATION_B_02,374.06,21.3
2025-10-08 11:00:00,STATION_B_02,427.7,20.6
2025-10-08 12:00:00,STATION_B_02,435.39,21.2
2025-10-08 13:00:00,STATION_B_02,417.73,20.1
2025-10-08 14:00:00,STATION_B_02,415.21,24.1
2025-10-08 15:00:00,STATION_B_02,407.24,24.4
2025-10-08 16:00:00,STATION_B_02,373.2,26.3
2025-10-08 17:00:00,STATION_B_02,312.2,24.4
2025-10-08 18:00:00,STATION_B_02,239.3,20.8
2025-10-08 19:00:00,STATION_B_02,163.17,19.0
2025-10-08 20:00:00,STATION_B_02,129.59,17.2
2025-10-08 21:00:00,STATION_B_02,120.13,21.1
2025-10-08 22:00:00,STATION_B_02,123.44,15.8
2025-10-08 23:00:00,STATION_B_02,123.61,18.7
2025-10-09 00:00:00,STATION_B_02,286.42,15.8
2025-10-09 01:00:00,STATION_B_02,275.0,14.7
2025-10-09 02:00:00,STATION_B_02,290.14,13.1
2025-10-09 03:00:00,STATION_B_02,282.79,14.6
2025-10-09 04:00:00,STATION_B_02,283.85,13.6
2025-10-09 05:00:00,STATION_B_02,291.54,13.4
2025-10-09 06:00:00,STATION_B_02,300.19,16.1
2025-10-09 07:00:00,STATION_B_02,351.26,15.6
2025-10-09 08:00:00,STATION_B_02,512.53,15.6
2025-10-09 09:00:00,STATION_B_02,708.92,19.3
2025-10-09 10:00:00,STATION_B_02,862.47,19.4
2025-10-09 11:00:00,STATION_B_02,940.57,21.5
2025-10-09 12:00:00,STATION_B_02,928.61,20.8
2025-10-09 13:00:00,STATION_B_02,972.07,20.2
2025-10-09 14:00:00,STATION_B_02,904.68,26.0
2025-10-09 15:00:00,STATION_B_02,893.53,25.8
2025-10-09 16:00:00,STATION_B_02,836.79,24.5
2025-10-09 17:00:00,STATION_B_02,689.85,21.7
2025-10-09 18:00:00,STATION_B_02,528.75,21.1
2025-10-09 19:00:00,STATION_B_02,327.82,23.1
2025-10-09 20:00:00,STATION_B_02,286.05,18.8
2025-10-09 21:00:00,STATION_B_02,287.3,17.1
2025-10-09 22:00:00,STATION_B_02,271.38,20.4
2025-10-09 23:00:00,STATION_B_02,287.65,15.8
2025-10-10 00:00:00,STATION_B_02,292.83,17.8
2025-10-10 01:00:00,STATION_B_02,286.37,11.4
2025-10-10 02:00:00,STATION_B_02,290.3,14.4
2025-10-10 03:00:00,STATION_B_02,295.67,17.0
2025-10-10 04:00:00,STATION_B_02,285.91,13.5
2025-10-10 05:00:00,STATION_B_02,283.62,13.4
2025-10-10 06:00:00,STATION_B_02,305.83,12.6
2025-10-10 07:00:00,STATION_B_02,372.14,17.6
2025-10-10 08:00:00,STATION_B_02,527.23,15.4
2025-10-10 09:00:00,STATION_B_02,709.22,17.9
2025-10-10 10:00:00,STATION_B_02,902.86,17.1
2025-10-10 11:00:00,STATION_B_02,899.84,23.3
2025-10-10 12:00:00,STATION_B_02,950.25,23.5
2025-10-10 13:00:00,STATION_B_02,928.99,22.2
2025-10-10 14:00:00,STATION_B_02,972.11,20.6
2025-10-10 15:00:00,STATION_B_02,886.22,25.6
2025-10-10 16:00:00,STATION_B_02,824.86,22.0
2025-10-10 17:00:00,STATION_B_02,725.82,20.2
2025-10-10 18:00:00,STATION_B_02,505.2,18.3
2025-10-10 19:00:00,STATION_B_02,359.14,19.3
2025-10-10 20:00:00,STATION_B_02,304.75,16.7
2025-10-10 21:00:00,STATION_B_02,266.25,16.9
2025-10-10 22:00:00,STATION_B_02,279.52,18.2
2025-10-10 23:00:00,STATION_B_02,289.76,15.0
2025-10-11 00:00:00,STATION_B_02,173.93,15.1
2025-10-11 01:00:00,STATION_B_02,172.07,12.4
2025-10-11 02:00:00,STATION_B_02,174.33,13.4
2025-10-11 03:00:00,STATION_B_02,169.09,16.5
2025-10-11 04:00:00,STATION_B_02,176.49,12.6
2025-10-11 05:00:00,STATION_B_02,173.98,14.4
2025-10-11 06:00:00,STATION_B_02,183.59,11.7
2025-10-11 07:00:00,STATION_B_02,225.89,18.2
2025-10-11 08:00:00,STATION_B_02,340.1,15.8
2025-10-11 09:00:00,STATION_B_02,445.01,19.8
2025-10-11 10:00:00,STATION_B_02,549.69,18.9
2025-10-11 11:00:00,STATION_B_02,586.79,21.4
2025-10-11 12:00:00,STATION_B_02,562.73,22.5
2025-10-11 13:00:00,STATION_B_02,578.45,21.2
2025-10-11 14:00:00,STATION_B_02,565.14,24.5
2025-10-11 15:00:00,STATION_B_02,542.12,21.3
2025-10-11 16:00:00,STATION_B_02,527.85,23.9
2025-10-11 17:00:00,STATION_B_02,425.88,21.3
2025-10-11 18:00:00,STATION_B_02,320.99,21.9
2025-10-11 19:00:00,STATION_B_02,212.87,19.4
2025-10-11 20:00:00,STATION_B_02,180.21,19.2
2025-10-11 21:00:00,STATION_B_02,166.86,15.9
2025-10-11 22:00:00,STATION_B_02,175.45,17.1
2025-10-11 23:00:00,STATION_B_02,171.92,15.5
2025-10-12 00:00:00,STATION_B_02,173.34,13.3
2025-10-12 01:00:00,STATION_B_02,180.62,13.4
2025-10-12 02:00:00,STATION_B_02,174.13,13.3
2025-10-12 03:00:00,STATION_B_02,177.38,11.8
2025-10-12 04:00:00,STATION_B_02,175.1,12.8
2025-10-12 05:00:00,STATION_B_02,179.87,11.7
2025-10-12 06:00:00,STATION_B_02,184.9,18.5
2025-10-12 07:00:00,STATION_B_02,229.19,17.2
2025-10-12 08:00:00,STATION_B_02,320.93,16.9
2025-10-12 09:00:00,STATION_B_02,455.08,19.8
2025-10-12 10:00:00,STATION_B_02,527.52,15.4
2025-10-12 11:00:00,STATION_B_02,569.04,15.5
2025-10-12 12:00:00,STATION_B_02,574.26,20.4
2025-10-12 13:00:00,STATION_B_02,595.47,19.4
2025-10-12 14:00:00,STATION_B_02,554.4,21.9
2025-10-12 15:00:00,STATION_B_02,574.95,22.9
2025-10-12 16:00:00,STATION_B_02,522.3,24.0
2025-10-12 17:00:00,STATION_B_02,436.25,19.8
2025-10-12 18:00:00,STATION_B_02,326.23,21.8
2025-10-12 19:00:00,STATION_B_02,216.51,20.1
2025-10-12 20:00:00,STATION_B_02,189.76,19.5
2025-10-12 21:00:00,STATION_B_02,172.49,16.7
2025-10-12 22:00:00,STATION_B_02,171.54,18.9
2025-10-12 23:00:00,STATION_B_02,181.07,15.1
2025-10-13 00:00:00,STATION_B_02,279.07,17.3
2025-10-13 01:00:00,STATION_B_02,293.92,11.9
2025-10-13 02:00:00,STATION_B_02,267.69,14.2
2025-10-13 03:00:00,STATION_B_02,280.92,12.6
2025-10-13 04:00:00,STATION_B_02,287.58,12.3
2025-10-13 05:00:00,STATION_B_02,290.54,14.5
2025-10-13 06:00:00,STATION_B_02,303.4,13.6
2025-10-13 07:00:00,STATION_B_02,380.57,10.3
2025-10-13 08:00:00,STATION_B_02,554.74,10.7
2025-10-13 09:00:00,STATION_B_02,720.5,19.8
2025-10-13 10:00:00,STATION_B_02,800.84,20.9
2025-10-13 11:00:00,STATION_B_02,940.37,23.3
2025-10-13 12:00:00,STATION_B_02,906.9,20.9
2025-10-13 13:00:00,STATION_B_02,942.83,19.3
2025-10-13 14:00:00,STATION_B_02,929.06,21.4
2025-10-13 15:00:00,STATION_B_02,907.51,22.3
2025-10-13 16:00:00,STATION_B_02,826.32,20.3
2025-10-13 17:00:00,STATION_B_02,668.45,24.6
2025-10-13 18:00:00,STATION_B_02,497.77,24.9
2025-10-13 19:00:00,STATION_B_02,363.18,20.8
2025-10-13 20:00:00,STATION_B_02,279.19,18.7
2025-10-13 21:00:00,STATION_B_02,275.23,15.2
2025-10-13 22:00:00,STATION_B_02,278.48,19.0
2025-10-13 23:00:00,STATION_B_02,273.13,15.2
2025-10-14 00:00:00,STATION_B_02,279.13,13.4
2025-10-14 01:00:00,STATION_B_02,282.88,14.0
2025-10-14 02:00:00,STATION_B_02,287.64,11.6
2025-10-14 03:00:00,STATION_B_02,276.24,12.8
2025-10-14 04:00:00,STATION_B_02,288.71,10.1
2025-10-14 05:00:00,STATION_B_02,284.68,15.1
2025-10-14 06:00:00,STATION_B_02,287.4,13.7
2025-10-14 07:00:00,STATION_B_02,364.23,17.0
2025-10-14 08:00:00,STATION_B_02,517.39,15.7
2025-10-14 09:00:00,STATION_B_02,723.69,17.1
2025-10-14 10:00:00,STATION_B_02,883.82,16.4
2025-10-14 11:00:00,STATION_B_02,906.5,21.1
2025-10-14 12:00:00,STATION_B_02,957.37,19.1
2025-10-14 13:00:00,STATION_B_02,948.57,20.6
2025-10-14 14:00:00,STATION_B_02,943.93,21.9
2025-10-14 15:00:00,STATION_B_02,915.98,22.3
2025-10-14 16:00:00,STATION_B_02,881.49,18.9
2025-10-14 17:00:00,STATION_B_02,714.43,21.0
2025-10-14 18:00:00,STATION_B_02,488.97,22.1
2025-10-14 19:00:00,STATION_B_02,351.25,19.0
2025-10-14 20:00:00,STATION_B_02,289.35,18.1
2025-10-14 21:00:00,STATION_B_02,277.75,17.6
2025-10-14 22:00:00,STATION_B_02,282.45,15.8
2025-10-14 23:00:00,STATION_B_02,277.66,13.0
2025-10-15 00:00:00,STATION_B_02,297.56,13.7
2025-10-15 01:00:00,STATION_B_02,280.56,14.7
2025-10-15 02:00:00,STATION_B_02,286.9,10.6
2025-10-15 03:00:00,STATION_B_02,280.55,11.6
2025-10-15 04:00:00,STATION_B_02,280.28,10.0
2025-10-15 05:00:00,STATION_B_02,281.48,14.7
2025-10-15 06:00:00,STATION_B_02,297.72,13.6
2025-10-15 07:00:00,STATION_B_02,368.13,13.2
2025-10-15 08:00:00,STATION_B_02,549.05,16.0
2025-10-15 09:00:00,STATION_B_02,726.47,14.9
2025-10-15 10:00:00,STATION_B_02,865.1,16.5
2025-10-15 11:00:00,STATION_B_02,949.43,16.9
2025-10-15 12:00:00,STATION_B_02,933.53,18.6
2025-10-15 13:00:00,STATION_B_02,935.97,23.7
2025-10-15 14:00:00,STATION_B_02,898.31,20.4
2025-10-15 15:00:00,STATION_B_02,876.6,22.8
2025-10-15 16:00:00,STATION_B_02,853.94,20.2
2025-10-15 17:00:00,STATION_B_02,699.82,22.6
2025-10-15 18:00:00,STATION_B_02,508.78,18.7
2025-10-15 19:00:00,STATION_B_02,358.81,19.6
2025-10-15 20:00:00,STATION_B_02,292.11,18.5
2025-10-15 21:00:00,STATION_B_02,268.32,21.3
2025-10-15 22:00:00,STATION_B_02,274.53,17.0
2025-10-15 23:00:00,STATION_B_02,284.42,13.6
2025-10-16 00:00:00,STATION_B_02,273.85,14.8
2025-10-16 01:00:00,STATION_B_02,274.42,16.6
2025-10-16 02:00:00,STATION_B_02,292.67,9.4
2025-10-16 03:00:00,STATION_B_02,286.78,10.6
2025-10-16 04:00:00,STATION_B_02,281.74,11.9
2025-10-16 05:00:00,STATION_B_02,279.31,12.0
2025-10-16 06:00:00,STATION_B_02,290.56,12.9
2025-10-16 07:00:00,STATION_B_02,369.51,12.2
2025-10-16 08:00:00,STATION_B_02,548.34,18.2
2025-10-16 09:00:00,STATION_B_02,741.75,14.4
2025-10-16 10:00:00,STATION_B_02,831.74,17.8
2025-10-16 11:00:00,STATION_B_02,926.97,21.2
2025-10-16 12:00:00,STATION_B_02,911.72,20.3
2025-10-16 13:00:00,STATION_B_02,935.38,19.3
2025-10-16 14:00:00,STATION_B_02,920.98,19.1
2025-10-16 15:00:00,STATION_B_02,957.63,21.3
2025-10-16 16:00:00,STATION_B_02,826.42,20.2
2025-10-16 17:00:00,STATION_B_02,711.82,21.5
2025-10-16 18:00:00,STATION_B_02,512.68,17.8
2025-10-16 19:00:00,STATION_B_02,362.42,20.8
2025-10-16 20:00:00,STATION_B_02,292.89,18.4
2025-10-16 21:00:00,STATION_B_02,287.99,17.3
2025-10-16 22:00:00,STATION_B_02,281.75,18.3
2025-10-16 23:00:00,STATION_B_02,277.64,13.7
2025-10-17 00:00:00,STATION_B_02,306.67,12.0
2025-10-17 01:00:00,STATION_B_02,289.78,11.6
2025-10-17 02:00:00,STATION_B_02,281.35,11.8
2025-10-17 03:00:00,STATION_B_02,286.94,11.8
2025-10-17 04:00:00,STATION_B_02,291.73,10.6
2025-10-17 05:00:00,STATION_B_02,294.73,8.9
2025-10-17 06:00:00,STATION_B_02,303.18,12.3
2025-10-17 07:00:00,STATION_B_02,375.06,15.0
2025-10-17 08:00:00,STATION_B_02,539.18,15.7
2025-10-17 09:00:00,STATION_B_02,699.37,18.9
2025-10-17 10:00:00,STATION_B_02,892.5,21.5
2025-10-17 11:00:00,STATION_B_02,960.31,20.5
2025-10-17 12:00:00,STATION_B_02,941.4,22.6
2025-10-17 13:00:00,STATION_B_02,924.17,22.3
2025-10-17 14:00:00,STATION_B_02,923.54,24.5
2025-10-17 15:00:00,STATION_B_02,899.14,24.9
2025-10-17 16:00:00,STATION_B_02,839.76,23.1
2025-10-17 17:00:00,STATION_B_02,664.18,22.2
2025-10-17 18:00:00,STATION_B_02,537.59,19.8
2025-10-17 19:00:00,STATION_B_02,369.66,19.1
2025-10-17 20:00:00,STATION_B_02,279.41,17.4
2025-10-17 21:00:00,STATION_B_02,284.56,17.9
2025-10-17 22:00:00,STATION_B_02,282.11,14.2
2025-10-17 23:00:00,STATION_B_02,280.96,14.0
2025-10-18 00:00:00,STATION_B_02,181.68,8.9
2025-10-18 01:00:00,STATION_B_02,165.97,15.5
2025-10-18 02:00:00,STATION_B_02,177.15,11.5
2025-10-18 03:00:00,STATION_B_02,176.68,12.6
2025-10-18 04:00:00,STATION_B_02,175.03,14.5
2025-10-18 05:00:00,STATION_B_02,170.33,12.9
2025-10-18 06:00:00,STATION_B_02,184.7,15.8
2025-10-18 07:00:00,STATION_B_02,236.58,11.9
2025-10-18 08:00:00,STATION_B_02,324.2,19.6
2025-10-18 09:00:00,STATION_B_02,441.65,18.5
2025-10-18 10:00:00,STATION_B_02,570.68,18.2
2025-10-18 11:00:00,STATION_B_02,550.09,21.5
2025-10-18 12:00:00,STATION_B_02,595.47,17.8
2025-10-18 13:00:00,STATION_B_02,,20.2
2025-10-18 14:00:00,STATION_B_02,601.76,23.8
2025-10-18 15:00:00,STATION_B_02,,18.0
2025-10-18 16:00:00,STATION_B_02,531.55,22.2
2025-10-18 17:00:00,STATION_B_02,443.16,21.7
2025-10-18 18:00:00,STATION_B_02,308.32,23.5
2025-10-18 19:00:00,STATION_B_02,220.56,16.1
2025-10-18 20:00:00,STATION_B_02,176.94,20.7
2025-10-18 21:00:00,STATION_B_02,178.76,15.5
2025-10-18 22:00:00,STATION_B_02,175.77,14.5
2025-10-18 23:00:00,STATION_B_02,175.9,11.9
2025-10-19 00:00:00,STATION_B_02,183.99,11.0
2025-10-19 01:00:00,STATION_B_02,166.96,12.9
2025-10-19 02:00:00,STATION_B_02,172.71,9.7
2025-10-19 03:00:00,STATION_B_02,164.64,12.9
2025-10-19 04:00:00,STATION_B_02,183.66,10.5
2025-10-19 05:00:00,STATION_B_02,178.64,10.0
2025-10-19 06:00:00,STATION_B_02,190.58,12.0
2025-10-19 07:00:00,STATION_B_02,226.72,14.6
2025-10-19 08:00:00,STATION_B_02,337.53,14.6
2025-10-19 09:00:00,STATION_B_02,447.43,16.4
2025-10-19 10:00:00,STATION_B_02,537.33,18.9
2025-10-19 11:00:00,STATION_B_02,569.86,20.7
2025-10-19 12:00:00,STATION_B_02,585.03,19.2
2025-10-19 13:00:00,STATION_B_02,607.7,18.6
2025-10-19 14:00:00,STATION_B_02,550.14,21.1
2025-10-19 15:00:00,STATION_B_02,561.35,22.0
2025-10-19 16:00:00,STATION_B_02,535.7,18.4
2025-10-19 17:00:00,STATION_B_02,444.04,18.9
2025-10-19 18:00:00,STATION_B_02,319.37,18.5
2025-10-19 19:00:00,STATION_B_02,220.08,18.4
2025-10-19 20:00:00,STATION_B_02,189.43,16.2
2025-10-19 21:00:00,STATION_B_02,172.36,17.6
2025-10-19 22:00:00,STATION_B_02,187.85,12.2
2025-10-19 23:00:00,STATION_B_02,180.01,11.1
2025-10-20 00:00:00,STATION_B_02,282.84,12.2
2025-10-20 01:00:00,STATION_B_02,289.74,11.7
2025-10-20 02:00:00,STATION_B_02,290.24,8.9
2025-10-20 03:00:00,STATION_B_02,297.6,10.3
2025-10-20 04:00:00,STATION_B_02,278.16,10.8
2025-10-20 05:00:00,STATION_B_02,273.71,11.3
2025-10-20 06:00:00,STATION_B_02,301.23,13.0
2025-10-20 07:00:00,STATION_B_02,378.33,12.6
2025-10-20 08:00:00,STATION_B_02,526.67,17.6
2025-10-20 09:00:00,STATION_B_02,734.57,17.0
2025-10-20 10:00:00,STATION_B_02,881.77,16.0
2025-10-20 11:00:00,STATION_B_02,886.45,18.7
2025-10-20 12:00:00,STATION_B_02,939.62,19.8
2025-10-20 13:00:00,STATION_B_02,955.26,22.5
2025-10-20 14:00:00,STATION_B_02,937.26,19.7
2025-10-20 15:00:00,STATION_B_02,876.27,22.3
2025-10-20 16:00:00,STATION_B_02,841.75,20.9
2025-10-20 17:00:00,STATION_B_02,714.72,23.0
2025-10-20 18:00:00,STATION_B_02,535.7,21.9
2025-10-20 19:00:00,STATION_B_02,340.82,18.9
2025-10-20 20:00:00,STATION_B_02,295.64,16.9
2025-10-20 21:00:00,STATION_B_02,272.53,17.1
2025-10-20 22:00:00,STATION_B_02,285.45,14.6
2025-10-20 23:00:00,STATION_B_02,283.0,16.8
2025-10-21 00:00:00,STATION_B_02,282.56,12.7
2025-10-21 01:00:00,STATION_B_02,291.21,11.1
2025-10-21 02:00:00,STATION_B_02,295.81,10.5
2025-10-21 03:00:00,STATION_B_02,288.12,9.0
2025-10-21 04:00:00,STATION_B_02,274.93,12.3
2025-10-21 05:00:00,STATION_B_02,299.2,10.3
2025-10-21 06:00:00,STATION_B_02,302.7,14.6
2025-10-21 07:00:00,STATION_B_02,378.15,11.3
2025-10-21 08:00:00,STATION_B_02,520.06,15.0
2025-10-21 09:00:00,STATION_B_02,736.95,18.0
2025-10-21 10:00:00,STATION_B_02,927.84,13.3
2025-10-21 11:00:00,STATION_B_02,904.44,22.0
2025-10-21 12:00:00,STATION_B_02,940.7,18.6
2025-10-21 13:00:00,STATION_B_02,905.43,20.4
2025-10-21 14:00:00,STATION_B_02,907.1,21.6
2025-10-21 15:00:00,STATION_B_02,881.97,22.1
2025-10-21 16:00:00,STATION_B_02,851.18,21.1
2025-10-21 17:00:00,STATION_B_02,698.64,21.9
2025-10-21 18:00:00,STATION_B_02,520.93,20.3
2025-10-21 19:00:00,STATION_B_02,346.28,21.5
2025-10-21 20:00:00,STATION_B_02,289.92,18.2
2025-10-21 21:00:00,STATION_B_02,269.18,19.5
2025-10-21 22:00:00,STATION_B_02,280.76,16.4
2025-10-21 23:00:00,STATION_B_02,275.36,10.3
2025-10-22 00:00:00,STATION_B_02,279.5,17.1
2025-10-22 01:00:00,STATION_B_02,285.15,10.6
2025-10-22 02:00:00,STATION_B_02,284.15,13.8
2025-10-22 03:00:00,STATION_B_02,274.32,11.0
2025-10-22 04:00:00,STATION_B_02,288.74,13.1
2025-10-22 05:00:00,STATION_B_02,286.25,10.4
2025-10-22 06:00:00,STATION_B_02,299.53,13.5
2025-10-22 07:00:00,STATION_B_02,351.8,12.9
2025-10-22 08:00:00,STATION_B_02,506.55,17.4
2025-10-22 09:00:00,STATION_B_02,716.51,16.6
2025-10-22 10:00:00,STATION_B_02,889.24,18.7
2025-10-22 11:00:00,STATION_B_02,955.34,14.3
2025-10-22 12:00:00,STATION_B_02,939.78,19.0
2025-10-22 13:00:00,STATION_B_02,907.67,20.7
2025-10-22 14:00:00,STATION_B_02,901.62,20.8
2025-10-22 15:00:00,STATION_B_02,914.01,22.3
2025-10-22 16:00:00,STATION_B_02,869.67,19.8
2025-10-22 17:00:00,STATION_B_02,715.56,20.0
2025-10-22 18:00:00,STATION_B_02,536.28,21.3
2025-10-22 19:00:00,STATION_B_02,361.23,14.1
2025-10-22 20:00:00,STATION_B_02,292.7,18.1
2025-10-22 21:00:00,STATION_B_02,269.56,15.2
2025-10-22 22:00:00,STATION_B_02,285.7,12.9
2025-10-22 23:00:00,STATION_B_02,293.44,14.0
2025-10-23 00:00:00,STATION_B_02,274.46,14.4
2025-10-23 01:00:00,STATION_B_02,289.8,13.3
2025-10-23 02:00:00,STATION_B_02,297.88,10.7
2025-10-23 03:00:00,STATION_B_02,279.76,12.4
2025-10-23 04:00:00,STATION_B_02,288.14,12.5
2025-10-23 05:00:00,STATION_B_02,299.13,11.3
2025-10-23 06:00:00,STATION_B_02,303.38,11.0
2025-10-23 07:00:00,STATION_B_02,379.0,12.1
2025-10-23 08:00:00,STATION_B_02,503.14,15.9
2025-10-23 09:00:00,STATION_B_02,739.0,15.5
2025-10-23 10:00:00,STATION_B_02,886.33,15.0
2025-10-23 11:00:00,STATION_B_02,907.15,15.0
2025-10-23 12:00:00,STATION_B_02,906.73,20.5
2025-10-23 13:00:00,STATION_B_02,953.79,18.8
2025-10-23 14:00:00,STATION_B_02,921.18,20.8
2025-10-23 15:00:00,STATION_B_02,933.9,22.6
2025-10-23 16:00:00,STATION_B_02,869.21,17.9
2025-10-23 17:00:00,STATION_B_02,714.14,19.7
2025-10-23 18:00:00,STATION_B_02,517.96,18.7
2025-10-23 19:00:00,STATION_B_02,362.43,18.7
2025-10-23 20:00:00,STATION_B_02,296.05,19.1
2025-10-23 21:00:00,STATION_B_02,288.68,13.2
2025-10-23 22:00:00,STATION_B_02,277.73,15.4
2025-10-23 23:00:00,STATION_B_02,290.31,15.1
2025-10-24 00:00:00,STATION_B_02,290.76,11.7
2025-10-24 01:00:00,STATION_B_02,289.66,11.0
2025-10-24 02:00:00,STATION_B_02,286.76,11.5
2025-10-24 03:00:00,STATION_B_02,290.21,11.2
2025-10-24 04:00:00,STATION_B_02,272.1,11.8
2025-10-24 05:00:00,STATION_B_02,287.85,12.3
2025-10-24 06:00:00,STATION_B_02,315.55,10.3
2025-10-24 07:00:00,STATION_B_02,368.73,14.8
2025-10-24 08:00:00,STATION_B_02,527.69,16.3
2025-10-24 09:00:00,STATION_B_02,715.81,15.7
2025-10-24 10:00:00,STATION_B_02,890.21,14.0
2025-10-24 11:00:00,STATION_B_02,923.07,17.6
2025-10-24 12:00:00,STATION_B_02,968.28,19.2
2025-10-24 13:00:00,STATION_B_02,923.86,17.5
2025-10-24 14:00:00,STATION_B_02,924.29,19.4
2025-10-24 15:00:00,STATION_B_02,912.98,17.7
2025-10-24 16:00:00,STATION_B_02,889.13,21.1
2025-10-24 17:00:00,STATION_B_02,709.05,19.9
2025-10-24 18:00:00,STATION_B_02,520.14,15.8
2025-10-24 19:00:00,STATION_B_02,340.62,18.4
2025-10-24 20:00:00,STATION_B_02,286.7,16.6
2025-10-24 21:00:00,STATION_B_02,284.37,16.3
2025-10-24 22:00:00,STATION_B_02,287.35,13.5
2025-10-24 23:00:00,STATION_B_02,281.21,11.6
2025-10-25 00:00:00,STATION_B_02,175.56,10.4
2025-10-25 01:00:00,STATION_B_02,187.25,10.1
2025-10-25 02:00:00,STATION_B_02,190.67,10.6
2025-10-25 03:00:00,STATION_B_02,183.44,10.7
2025-10-25 04:00:00,STATION_B_02,185.74,10.2
2025-10-25 05:00:00,STATION_B_02,187.3,10.3
2025-10-25 06:00:00,STATION_B_02,197.6,11.2
2025-10-25 07:00:00,STATION_B_02,222.81,17.3
2025-10-25 08:00:00,STATION_B_02,324.77,12.6
2025-10-25 09:00:00,STATION_B_02,475.88,14.2
2025-10-25 10:00:00,STATION_B_02,510.88,22.4
2025-10-25 11:00:00,STATION_B_02,557.83,18.4
2025-10-25 12:00:00,STATION_B_02,573.94,16.1
2025-10-25 13:00:00,STATION_B_02,574.4,20.9
2025-10-25 14:00:00,STATION_B_02,553.28,18.2
2025-10-25 15:00:00,STATION_B_02,542.93,21.7
2025-10-25 16:00:00,STATION_B_02,522.05,19.5
2025-10-25 17:00:00,STATION_B_02,430.86,18.6
2025-10-25 18:00:00,STATION_B_02,327.01,21.5
2025-10-25 19:00:00,STATION_B_02,223.19,18.6
2025-10-25 20:00:00,STATION_B_02,183.34,18.2
2025-10-25 21:00:00,STATION_B_02,176.36,16.0
2025-10-25 22:00:00,STATION_B_02,175.1,13.2
2025-10-25 23:00:00,STATION_B_02,179.91,13.9
2025-10-26 00:00:00,STATION_B_02,177.58,13.8
2025-10-26 01:00:00,STATION_B_02,176.32,11.1
2025-10-26 02:00:00,STATION_B_02,167.98,13.6
2025-10-26 03:00:00,STATION_B_02,179.65,11.8
2025-10-26 04:00:00,STATION_B_02,172.26,10.8
2025-10-26 05:00:00,STATION_B_02,179.99,11.3
2025-10-26 06:00:00,STATION_B_02,186.66,11.9
2025-10-26 07:00:00,STATION_B_02,224.05,10.4
2025-10-26 08:00:00,STATION_B_02,333.02,13.6
2025-10-26 09:00:00,STATION_B_02,453.93,15.4
2025-10-26 10:00:00,STATION_B_02,543.85,15.5
2025-10-26 11:00:00,STATION_B_02,576.45,18.0
2025-10-26 12:00:00,STATION_B_02,572.92,18.5
2025-10-26 13:00:00,STATION_B_02,586.28,20.6
2025-10-26 14:00:00,STATION_B_02,565.65,20.9
2025-10-26 15:00:00,STATION_B_02,552.49,20.1
2025-10-26 16:00:00,STATION_B_02,546.12,17.2
2025-10-26 17:00:00,STATION_B_02,447.98,22.4
2025-10-26 18:00:00,STATION_B_02,328.7,18.2
2025-10-26 19:00:00,STATION_B_02,223.48,17.3
2025-10-26 20:00:00,STATION_B_02,173.72,15.7
2025-10-26 21:00:00,STATION_B_02,182.62,14.2
2025-10-26 22:00:00,STATION_B_02,164.42,16.6
2025-10-26 23:00:00,STATION_B_02,177.09,15.1
2025-10-27 00:00:00,STATION_B_02,300.95,12.3
2025-10-27 01:00:00,STATION_B_02,288.81,10.5
2025-10-27 02:00:00,STATION_B_02,288.73,11.3
2025-10-27 03:00:00,STATION_B_02,290.96,10.2
2025-10-27 04:00:00,STATION_B_02,290.05,9.9
2025-10-27 05:00:00,STATION_B_02,305.16,11.3
2025-10-27 06:00:00,STATION_B_02,295.65,10.7
2025-10-27 07:00:00,STATION_B_02,360.93,12.9
2025-10-27 08:00:00,STATION_B_02,528.27,14.0
2025-10-27 09:00:00,STATION_B_02,759.84,15.9
2025-10-27 10:00:00,STATION_B_02,862.18,15.0
2025-10-27 11:00:00,STATION_B_02,934.6,18.5
2025-10-27 12:00:00,STATION_B_02,975.26,16.6
2025-10-27 13:00:00,STATION_B_02,962.72,18.0
2025-10-27 14:00:00,STATION_B_02,964.85,18.5
2025-10-27 15:00:00,STATION_B_02,962.15,17.7
2025-10-27 16:00:00,STATION_B_02,855.34,21.3
2025-10-27 17:00:00,STATION_B_02,713.69,17.3
2025-10-27 18:00:00,STATION_B_02,527.12,17.0
2025-10-27 19:00:00,STATION_B_02,355.41,19.5
2025-10-27 20:00:00,STATION_B_02,315.4,15.1
2025-10-27 21:00:00,STATION_B_02,279.3,14.5
2025-10-27 22:00:00,STATION_B_02,289.57,11.8
2025-10-27 23:00:00,STATION_B_02,271.98,13.9
2025-10-28 00:00:00,STATION_B_02,285.63,12.8
2025-10-28 01:00:00,STATION_B_02,283.81,11.8
2025-10-28 02:00:00,STATION_B_02,292.14,11.0
2025-10-28 03:00:00,STATION_B_02,293.72,10.0
2025-10-28 04:00:00,STATION_B_02,300.39,9.1
2025-10-28 05:00:00,STATION_B_02,300.86,9.0
2025-10-28 06:00:00,STATION_B_02,297.66,13.6
2025-10-28 07:00:00,STATION_B_02,359.99,13.6
2025-10-28 08:00:00,STATION_B_02,526.01,12.2
2025-10-28 09:00:00,STATION_B_02,737.13,14.7
2025-10-28 10:00:00,STATION_B_02,877.5,15.4
2025-10-28 11:00:00,STATION_B_02,946.7,15.0
2025-10-28 12:00:00,STATION_B_02,927.85,18.4
2025-10-28 13:00:00,STATION_B_02,978.68,18.1
2025-10-28 14:00:00,STATION_B_02,908.44,17.6
2025-10-28 15:00:00,STATION_B_02,918.06,16.8
2025-10-28 16:00:00,STATION_B_02,844.86,16.5
2025-10-28 17:00:00,STATION_B_02,715.43,18.2
2025-10-28 18:00:00,STATION_B_02,539.85,17.9
2025-10-28 19:00:00,STATION_B_02,363.06,15.5
2025-10-28 20:00:00,STATION_B_02,293.97,17.1
2025-10-28 21:00:00,STATION_B_02,288.14,14.5
2025-10-28 22:00:00,STATION_B_02,279.96,14.5
2025-10-28 23:00:00,STATION_B_02,288.68,11.9
2025-10-29 00:00:00,STATION_B_02,290.87,9.7
2025-10-29 01:00:00,STATION_B_02,279.35,10.5
2025-10-29 02:00:00,STATION_B_02,288.32,7.6
2025-10-29 03:00:00,STATION_B_02,290.3,10.6
2025-10-29 04:00:00,STATION_B_02,300.77,8.2
2025-10-29 05:00:00,STATION_B_02,296.38,12.0
2025-10-29 06:00:00,STATION_B_02,319.21,10.5
2025-10-29 07:00:00,STATION_B_02,373.19,14.0
2025-10-29 08:00:00,STATION_B_02,534.38,11.2
2025-10-29 09:00:00,STATION_B_02,735.58,13.3
2025-10-29 10:00:00,STATION_B_02,867.2,16.4
2025-10-29 11:00:00,STATION_B_02,912.93,19.0
2025-10-29 12:00:00,STATION_B_02,938.95,20.9
2025-10-29 13:00:00,STATION_B_02,951.26,18.7
2025-10-29 14:00:00,STATION_B_02,896.27,22.4
2025-10-29 15:00:00,STATION_B_02,949.9,18.8
2025-10-29 16:00:00,STATION_B_02,809.37,21.1
2025-10-29 17:00:00,STATION_B_02,719.65,16.9
2025-10-29 18:00:00,STATION_B_02,536.78,18.6
2025-10-29 19:00:00,STATION_B_02,376.77,12.7
2025-10-29 20:00:00,STATION_B_02,295.35,13.7
2025-10-29 21:00:00,STATION_B_02,296.73,15.3
2025-10-29 22:00:00,STATION_B_02,284.1,10.9
2025-10-29 23:00:00,STATION_B_02,269.87,12.8
2025-10-30 00:00:00,STATION_B_02,288.54,12.5
2025-10-30 01:00:00,STATION_B_02,276.27,9.2
2025-10-30 02:00:00,STATION_B_02,285.17,7.9
2025-10-30 03:00:00,STATION_B_02,295.18,8.6
2025-10-30 04:00:00,STATION_B_02,287.99,7.9
2025-10-30 05:00:00,STATION_B_02,294.05,10.0
2025-10-30 06:00:00,STATION_B_02,292.85,11.1
2025-10-30 07:00:00,STATION_B_02,381.68,11.3
2025-10-30 08:00:00,STATION_B_02,504.71,16.1
2025-10-30 09:00:00,STATION_B_02,763.26,13.0
2025-10-30 10:00:00,STATION_B_02,852.47,18.0
2025-10-30 11:00:00,STATION_B_02,979.45,14.8
2025-10-30 12:00:00,STATION_B_02,923.48,17.8
2025-10-30 13:00:00,STATION_B_02,979.06,20.6
2025-10-30 14:00:00,STATION_B_02,906.42,21.0
2025-10-30 15:00:00,STATION_B_02,882.78,18.3
2025-10-30 16:00:00,STATION_B_02,856.12,19.9
2025-10-30 17:00:00,STATION_B_02,739.03,19.2
2025-10-30 18:00:00,STATION_B_02,537.1,16.7
2025-10-30 19:00:00,STATION_B_02,372.86,17.8
2025-10-30 20:00:00,STATION_B_02,296.92,18.9
2025-10-30 21:00:00,STATION_B_02,276.58,15.1
2025-10-30 22:00:00,STATION_B_02,288.77,14.1
2025-10-30 23:00:00,STATION_B_02,285.11,13.1
2025-10-31 00:00:00,STATION_B_02,285.96,8.1
2025-10-31 01:00:00,STATION_B_02,289.0,10.8
2025-10-31 02:00:00,STATION_B_02,291.51,7.6
2025-10-31 03:00:00,STATION_B_02,301.83,8.2
2025-10-31 04:00:00,STATION_B_02,280.36,13.4
2025-10-31 05:00:00,STATION_B_02,286.16,9.5
2025-10-31 06:00:00,STATION_B_02,298.95,9.4
2025-10-31 07:00:00,STATION_B_02,387.36,13.8
2025-10-31 08:00:00,STATION_B_02,531.65,11.2
2025-10-31 09:00:00,STATION_B_02,761.99,13.3
2025-10-31 10:00:00,STATION_B_02,842.09,17.6
2025-10-31 11:00:00,STATION_B_02,946.54,16.6
2025-10-31 12:00:00,STATION_B_02,965.44,14.7
2025-10-31 13:00:00,STATION_B_02,969.01,19.2
2025-10-31 14:00:00,STATION_B_02,970.15,18.0
2025-10-31 15:00:00,STATION_B_02,913.02,21.7
2025-10-31 16:00:00,STATION_B_02,853.0,17.7
2025-10-31 17:00:00,STATION_B_02,743.06,20.2
2025-10-31 18:00:00,STATION_B_02,507.69,20.7
2025-10-31 19:00:00,STATION_B_02,345.41,15.0
2025-10-31 20:00:00,STATION_B_02,282.13,15.0
2025-10-31 21:00:00,STATION_B_02,271.27,14.8
2025-10-31 22:00:00,STATION_B_02,291.41,11.3
2025-10-31 23:00:00,STATION_B_02,302.21,12.2
2025-11-01 00:00:00,STATION_B_02,169.47,10.1
2025-11-01 01:00:00,STATION_B_02,175.99,9.3
2025-11-01 02:00:00,STATION_B_02,180.02,9.4
2025-11-01 03:00:00,STATION_B_02,186.93,9.2
2025-11-01 04:00:00,STATION_B_02,175.76,9.6
2025-11-01 05:00:00,STATION_B_02,183.58,8.7
2025-11-01 06:00:00,STATION_B_02,187.49,9.5
2025-11-01 07:00:00,STATION_B_02,247.38,11.3
2025-11-01 08:00:00,STATION_B_02,334.3,12.6
2025-11-01 09:00:00,STATION_B_02,461.79,13.1
2025-11-01 10:00:00,STATION_B_02,542.72,15.7
2025-11-01 11:00:00,STATION_B_02,583.03,13.1
2025-11-01 12:00:00,STATION_B_02,605.56,16.0
2025-11-01 13:00:00,STATION_B_02,569.42,17.6
2025-11-01 14:00:00,STATION_B_02,557.45,17.0
2025-11-01 15:00:00,STATION_B_02,562.93,21.7
2025-11-01 16:00:00,STATION_B_02,545.4,18.6
2025-11-01 17:00:00,STATION_B_02,439.3,18.4
2025-11-01 18:00:00,STATION_B_02,328.53,16.4
2025-11-01 19:00:00,STATION_B_02,219.02,16.3
2025-11-01 20:00:00,STATION_B_02,190.79,13.0
2025-11-01 21:00:00,STATION_B_02,179.63,13.6
2025-11-01 22:00:00,STATION_B_02,178.35,11.0
2025-11-01 23:00:00,STATION_B_02,179.0,11.0
2025-11-02 00:00:00,STATION_B_02,176.12,5.7
2025-11-02 01:00:00,STATION_B_02,174.85,7.5
2025-11-02 02:00:00,STATION_B_02,177.11,11.7
2025-11-02 03:00:00,STATION_B_02,181.16,10.4
2025-11-02 04:00:00,STATION_B_02,180.52,11.5
2025-11-02 05:00:00,STATION_B_02,176.31,12.1
2025-11-02 06:00:00,STATION_B_02,190.61,11.6
2025-11-02 07:00:00,STATION_B_02,241.22,10.5
2025-11-02 08:00:00,STATION_B_02,335.54,10.6
2025-11-02 09:00:00,STATION_B_02,455.52,15.8
2025-11-02 10:00:00,STATION_B_02,540.51,15.1
2025-11-02 11:00:00,STATION_B_02,566.38,20.6
2025-11-02 12:00:00,STATION_B_02,592.43,16.5
2025-11-02 13:00:00,STATION_B_02,601.74,21.4
2025-11-02 14:00:00,STATION_B_02,599.12,18.1
2025-11-02 15:00:00,STATION_B_02,579.54,20.9
2025-11-02 16:00:00,STATION_B_02,520.62,21.4
2025-11-02 17:00:00,STATION_B_02,440.8,16.1
2025-11-02 18:00:00,STATION_B_02,330.68,16.3
2025-11-02 19:00:00,STATION_B_02,235.9,14.3
2025-11-02 20:00:00,STATION_B_02,194.25,12.8
2025-11-02 21:00:00,STATION_B_02,164.38,14.9
2025-11-02 22:00:00,STATION_B_02,188.64,12.1
2025-11-02 23:00:00,STATION_B_02,179.87,11.4
2025-11-03 00:00:00,STATION_B_02,294.26,11.2
2025-11-03 01:00:00,STATION_B_02,281.11,6.1
2025-11-03 02:00:00,STATION_B_02,285.6,11.2
2025-11-03 03:00:00,STATION_B_02,297.85,8.1
2025-11-03 04:00:00,STATION_B_02,280.41,9.9
2025-11-03 05:00:00,STATION_B_02,267.61,10.5
2025-11-03 06:00:00,STATION_B_02,302.8,12.6
2025-11-03 07:00:00,STATION_B_02,374.09,11.0
2025-11-03 08:00:00,STATION_B_02,568.7,8.5
2025-11-03 09:00:00,STATION_B_02,733.66,13.7
2025-11-03 10:00:00,STATION_B_02,874.65,15.2
2025-11-03 11:00:00,STATION_B_02,963.82,14.1
2025-11-03 12:00:00,STATION_B_02,973.79,17.2
2025-11-03 13:00:00,STATION_B_02,932.59,17.1
2025-11-03 14:00:00,STATION_B_02,978.44,15.8
2025-11-03 15:00:00,STATION_B_02,909.26,19.6
2025-11-03 16:00:00,STATION_B_02,868.47,17.2
2025-11-03 17:00:00,STATION_B_02,737.64,17.0
2025-11-03 18:00:00,STATION_B_02,540.21,16.1
2025-11-03 19:00:00,STATION_B_02,364.78,18.2
2025-11-03 20:00:00,STATION_B_02,288.84,14.7
2025-11-03 21:00:00,STATION_B_02,271.15,13.7
2025-11-03 22:00:00,STATION_B_02,285.62,11.5
2025-11-03 23:00:00,STATION_B_02,293.6,12.0
2025-11-04 00:00:00,STATION_B_02,289.24,12.4
2025-11-04 01:00:00,STATION_B_02,290.48,10.4
2025-11-04 02:00:00,STATION_B_02,289.17,10.0
2025-11-04 03:00:00,STATION_B_02,291.97,9.7
2025-11-04 04:00:00,STATION_B_02,286.71,6.3
2025-11-04 05:00:00,STATION_B_02,299.36,7.6
2025-11-04 06:00:00,STATION_B_02,311.34,9.6
2025-11-04 07:00:00,STATION_B_02,373.56,9.7
2025-11-04 08:00:00,STATION_B_02,550.15,10.2
2025-11-04 09:00:00,STATION_B_02,716.51,10.0
2025-11-04 10:00:00,STATION_B_02,893.76,12.2
2025-11-04 11:00:00,STATION_B_02,938.26,15.3
2025-11-04 12:00:00,STATION_B_02,982.53,16.6
2025-11-04 13:00:00,STATION_B_02,950.03,16.1
2025-11-04 14:00:00,STATION_B_02,965.73,18.2
2025-11-04 15:00:00,STATION_B_02,922.58,17.4
2025-11-04 16:00:00,STATION_B_02,805.71,20.0
2025-11-04 17:00:00,STATION_B_02,720.15,17.2
2025-11-04 18:00:00,STATION_B_02,526.62,18.0
2025-11-04 19:00:00,STATION_B_02,367.0,16.1
2025-11-04 20:00:00,STATION_B_02,302.4,12.1
2025-11-04 21:00:00,STATION_B_02,282.04,13.2
2025-11-04 22:00:00,STATION_B_02,286.92,9.9
2025-11-04 23:00:00,STATION_B_02,279.71,10.8
2025-11-05 00:00:00,STATION_B_02,276.3,8.5
2025-11-05 01:00:00,STATION_B_02,288.9,9.7
2025-11-05 02:00:00,STATION_B_02,288.88,6.1
2025-11-05 03:00:00,STATION_B_02,299.66,8.4
2025-11-05 04:00:00,STATION_B_02,273.46,9.6
2025-11-05 05:00:00,STATION_B_02,291.59,10.7
2025-11-05 06:00:00,STATION_B_02,323.4,8.4
2025-11-05 07:00:00,STATION_B_02,373.38,10.8
2025-11-05 08:00:00,STATION_B_02,538.88,12.3
2025-11-05 09:00:00,STATION_B_02,737.27,16.0
2025-11-05 10:00:00,STATION_B_02,903.51,11.8
2025-11-05 11:00:00,STATION_B_02,938.09,14.0
2025-11-05 12:00:00,STATION_B_02,904.35,21.6
2025-11-05 13:00:00,STATION_B_02,968.07,16.9
2025-11-05 14:00:00,STATION_B_02,914.39,14.4
2025-11-05 15:00:00,STATION_B_02,954.76,16.9
2025-11-05 16:00:00,STATION_B_02,878.23,12.8
2025-11-05 17:00:00,STATION_B_02,722.88,17.8
2025-11-05 18:00:00,STATION_B_02,516.96,18.0
2025-11-05 19:00:00,STATION_B_02,383.38,13.9
2025-11-05 20:00:00,STATION_B_02,301.03,13.6
2025-11-05 21:00:00,STATION_B_02,281.31,14.9
2025-11-05 22:00:00,STATION_B_02,288.35,8.8
2025-11-05 23:00:00,STATION_B_02,290.39,8.4
2025-11-06 00:00:00,STATION_B_02,308.65,9.2
2025-11-06 01:00:00,STATION_B_02,282.85,7.5
2025-11-06 02:00:00,STATION_B_02,300.64,7.8
2025-11-06 03:00:00,STATION_B_02,299.37,5.9
2025-11-06 04:00:00,STATION_B_02,302.84,8.8
2025-11-06 05:00:00,STATION_B_02,297.18,8.6
2025-11-06 06:00:00,STATION_B_02,303.54,10.6
2025-11-06 07:00:00,STATION_B_02,385.04,11.0
2025-11-06 08:00:00,STATION_B_02,542.77,12.1
2025-11-06 09:00:00,STATION_B_02,763.98,10.4
2025-11-06 10:00:00,STATION_B_02,910.55,15.1
2025-11-06 11:00:00,STATION_B_02,946.97,14.8
2025-11-06 12:00:00,STATION_B_02,944.26,16.1
2025-11-06 13:00:00,STATION_B_02,926.41,19.1
2025-11-06 14:00:00,STATION_B_02,964.83,16.4
2025-11-06 15:00:00,STATION_B_02,898.96,20.2
2025-11-06 16:00:00,STATION_B_02,848.5,20.2
2025-11-06 17:00:00,STATION_B_02,702.43,18.5
2025-11-06 18:00:00,STATION_B_02,540.19,14.6
2025-11-06 19:00:00,STATION_B_02,366.9,11.5
2025-11-06 20:00:00,STATION_B_02,285.61,16.2
2025-11-06 21:00:00,STATION_B_02,277.81,13.2
2025-11-06 22:00:00,STATION_B_02,284.63,10.4
2025-11-06 23:00:00,STATION_B_02,282.2,12.7
2025-11-07 00:00:00,STATION_B_02,294.42,7.9
2025-11-07 01:00:00,STATION_B_02,291.24,7.9
2025-11-07 02:00:00,STATION_B_02,293.6,9.1
2025-11-07 03:00:00,STATION_B_02,298.51,6.0
2025-11-07 04:00:00,STATION_B_02,298.01,8.0
2025-11-07 05:00:00,STATION_B_02,275.37,10.6
2025-11-07 06:00:00,STATION_B_02,295.87,9.8
2025-11-07 07:00:00,STATION_B_02,377.63,12.7
2025-11-07 08:00:00,STATION_B_02,538.95,13.6
2025-11-07 09:00:00,STATION_B_02,759.86,12.8
2025-11-07 10:00:00,STATION_B_02,864.65,9.9
2025-11-07 11:00:00,STATION_B_02,940.62,13.2
2025-11-07 12:00:00,STATION_B_02,941.07,17.6
2025-11-07 13:00:00,STATION_B_02,969.43,14.2
2025-11-07 14:00:00,STATION_B_02,952.61,16.9
2025-11-07 15:00:00,STATION_B_02,940.93,18.2
2025-11-07 16:00:00,STATION_B_02,854.77,20.1
2025-11-07 17:00:00,STATION_B_02,756.1,16.0
2025-11-07 18:00:00,STATION_B_02,555.74,15.1
2025-11-07 19:00:00,STATION_B_02,357.21,15.1
2025-11-07 20:00:00,STATION_B_02,298.15,14.7
2025-11-07 21:00:00,STATION_B_02,293.09,12.6
2025-11-07 22:00:00,STATION_B_02,289.25,13.5
2025-11-07 23:00:00,STATION_B_02,287.93,9.0
2025-11-08 00:00:00,STATION_B_02,181.3,9.5
2025-11-08 01:00:00,STATION_B_02,172.84,9.3
2025-11-08 02:00:00,STATION_B_02,181.87,7.3
2025-11-08 03:00:00,STATION_B_02,173.37,9.4
2025-11-08 04:00:00,STATION_B_02,183.53,8.3
2025-11-08 05:00:00,STATION_B_02,175.12,9.9
2025-11-08 06:00:00,STATION_B_02,190.08,9.6
2025-11-08 07:00:00,STATION_B_02,234.79,10.9
2025-11-08 08:00:00,STATION_B_02,338.54,10.3
2025-11-08 09:00:00,STATION_B_02,455.03,11.5
2025-11-08 10:00:00,STATION_B_02,539.44,16.1
2025-11-08 11:00:00,STATION_B_02,600.34,16.2
2025-11-08 12:00:00,STATION_B_02,591.5,14.2
2025-11-08 13:00:00,STATION_B_02,590.66,17.1
2025-11-08 14:00:00,STATION_B_02,592.82,13.0
2025-11-08 15:00:00,STATION_B_02,597.27,16.4
2025-11-08 16:00:00,STATION_B_02,535.81,19.0
2025-11-08 17:00:00,STATION_B_02,442.54,16.6
2025-11-08 18:00:00,STATION_B_02,328.39,16.3
2025-11-08 19:00:00,STATION_B_02,232.85,9.6
2025-11-08 20:00:00,STATION_B_02,192.83,13.2
2025-11-08 21:00:00,STATION_B_02,177.32,13.3
2025-11-08 22:00:00,STATION_B_02,171.4,12.2
2025-11-08 23:00:00,STATION_B_02,180.31,12.0
2025-11-09 00:00:00,STATION_B_02,189.28,8.7
2025-11-09 01:00:00,STATION_B_02,187.1,8.0
2025-11-09 02:00:00,STATION_B_02,178.38,5.4
2025-11-09 03:00:00,STATION_B_02,180.79,7.3
2025-11-09 04:00:00,STATION_B_02,183.4,5.6
2025-11-09 05:00:00,STATION_B_02,184.57,5.0
2025-11-09 06:00:00,STATION_B_02,193.5,7.1
2025-11-09 07:00:00,STATION_B_02,228.88,12.8
2025-11-09 08:00:00,STATION_B_02,329.29,10.7
2025-11-09 09:00:00,STATION_B_02,471.32,12.9
2025-11-09 10:00:00,STATION_B_02,535.34,12.8
2025-11-09 11:00:00,STATION_B_02,583.26,11.7
2025-11-09 12:00:00,STATION_B_02,571.52,17.6
2025-11-09 13:00:00,STATION_B_02,613.03,12.7
2025-11-09 14:00:00,STATION_B_02,594.62,16.1
2025-11-09 15:00:00,STATION_B_02,593.37,17.2
2025-11-09 16:00:00,STATION_B_02,527.98,17.5
2025-11-09 17:00:00,STATION_B_02,439.74,15.3
2025-11-09 18:00:00,STATION_B_02,330.58,12.6
2025-11-09 19:00:00,STATION_B_02,229.16,13.4
2025-11-09 20:00:00,STATION_B_02,187.95,12.4
2025-11-09 21:00:00,STATION_B_02,171.63,11.1
2025-11-09 22:00:00,STATION_B_02,179.48,13.0
2025-11-09 23:00:00,STATION_B_02,177.36,7.9
2025-11-10 00:00:00,STATION_B_02,286.01,9.4
2025-11-10 01:00:00,STATION_B_02,301.23,8.4
2025-11-10 02:00:00,STATION_B_02,274.47,9.4
2025-11-10 03:00:00,STATION_B_02,296.37,7.3
2025-11-10 04:00:00,STATION_B_02,293.84,9.1
2025-11-10 05:00:00,STATION_B_02,287.86,7.8
2025-11-10 06:00:00,STATION_B_02,302.0,9.7
2025-11-10 07:00:00,STATION_B_02,394.87,7.2
2025-11-10 08:00:00,STATION_B_02,584.23,6.3
2025-11-10 09:00:00,STATION_B_02,762.47,13.0
2025-11-10 10:00:00,STATION_B_02,926.86,14.3
2025-11-10 11:00:00,STATION_B_02,926.61,15.6
2025-11-10 12:00:00,STATION_B_02,923.8,14.8
2025-11-10 13:00:00,STATION_B_02,942.75,19.1
2025-11-10 14:00:00,STATION_B_02,977.09,16.1
2025-11-10 15:00:00,STATION_B_02,888.06,17.9
2025-11-10 16:00:00,STATION_B_02,846.96,18.0
2025-11-10 17:00:00,STATION_B_02,703.39,19.6
2025-11-10 18:00:00,STATION_B_02,538.11,15.1
2025-11-10 19:00:00,STATION_B_02,373.65,13.5
2025-11-10 20:00:00,STATION_B_02,297.78,10.8
2025-11-10 21:00:00,STATION_B_02,285.5,15.1
2025-11-10 22:00:00,STATION_B_02,279.15,11.8
2025-11-10 23:00:00,STATION_B_02,285.99,10.7
2025-11-11 00:00:00,STATION_B_02,275.06,14.3
2025-11-11 01:00:00,STATION_B_02,291.2,8.6
2025-11-11 02:00:00,STATION_B_02,290.83,5.1
2025-11-11 03:00:00,STATION_B_02,299.79,7.0
2025-11-11 04:00:00,STATION_B_02,296.02,5.7
2025-11-11 05:00:00,STATION_B_02,293.39,7.3
2025-11-11 06:00:00,STATION_B_02,322.35,8.0
2025-11-11 07:00:00,STATION_B_02,384.15,8.7
2025-11-11 08:00:00,STATION_B_02,545.65,8.4
2025-11-11 09:00:00,STATION_B_02,724.14,15.0
2025-11-11 10:00:00,STATION_B_02,858.7,13.9
2025-11-11 11:00:00,STATION_B_02,949.17,14.1
2025-11-11 12:00:00,STATION_B_02,961.75,16.9
2025-11-11 13:00:00,STATION_B_02,906.57,17.1
2025-11-11 14:00:00,STATION_B_02,918.61,17.3
2025-11-11 15:00:00,STATION_B_02,919.83,18.2
2025-11-11 16:00:00,STATION_B_02,847.83,17.0
2025-11-11 17:00:00,STATION_B_02,727.27,17.5
2025-11-11 18:00:00,STATION_B_02,531.53,16.9
2025-11-11 19:00:00,STATION_B_02,368.23,14.8
2025-11-11 20:00:00,STATION_B_02,305.36,13.0
2025-11-11 21:00:00,STATION_B_02,280.34,14.9
2025-11-11 22:00:00,STATION_B_02,290.02,10.0
2025-11-11 23:00:00,STATION_B_02,282.23,10.4
2025-11-12 00:00:00,STATION_B_02,293.68,9.3
2025-11-12 01:00:00,STATION_B_02,295.68,6.7
2025-11-12 02:00:00,STATION_B_02,287.01,5.9
2025-11-12 03:00:00,STATION_B_02,294.16,6.5
2025-11-12 04:00:00,STATION_B_02,295.2,6.4
2025-11-12 05:00:00,STATION_B_02,300.39,5.2
2025-11-12 06:00:00,STATION_B_02,311.87,7.4
2025-11-12 07:00:00,STATION_B_02,371.12,10.0
2025-11-12 08:00:00,STATION_B_02,550.13,13.0
2025-11-12 09:00:00,STATION_B_02,753.21,13.0
2025-11-12 10:00:00,STATION_B_02,892.4,8.5
2025-11-12 11:00:00,STATION_B_02,917.07,15.5
2025-11-12 12:00:00,STATION_B_02,950.37,14.3
2025-11-12 13:00:00,STATION_B_02,919.15,16.9
2025-11-12 14:00:00,STATION_B_02,961.5,16.6
2025-11-12 15:00:00,STATION_B_02,970.01,16.4
2025-11-12 16:00:00,STATION_B_02,908.32,16.4
2025-11-12 17:00:00,STATION_B_02,711.31,16.1
2025-11-12 18:00:00,STATION_B_02,537.9,17.8
2025-11-12 19:00:00,STATION_B_02,371.39,14.3
2025-11-12 20:00:00,STATION_B_02,279.57,15.2
2025-11-12 21:00:00,STATION_B_02,284.1,13.6
2025-11-12 22:00:00,STATION_B_02,284.67,11.9
2025-11-12 23:00:00,STATION_B_02,304.93,6.3
2025-11-13 00:00:00,STATION_B_02,283.69,10.4
2025-11-13 01:00:00,STATION_B_02,299.52,6.8
2025-11-13 02:00:00,STATION_B_02,292.14,8.4
2025-11-13 03:00:00,STATION_B_02,286.17,5.2
2025-11-13 04:00:00,STATION_B_02,293.4,5.0
2025-11-13 05:00:00,STATION_B_02,301.73,11.2
2025-11-13 06:00:00,STATION_B_02,309.2,6.7
2025-11-13 07:00:00,STATION_B_02,384.84,11.4
2025-11-13 08:00:00,STATION_B_02,557.7,10.8
2025-11-13 09:00:00,STATION_B_02,741.8,11.0
2025-11-13 10:00:00,STATION_B_02,861.64,12.9
2025-11-13 11:00:00,STATION_B_02,933.88,11.8
2025-11-13 12:00:00,STATION_B_02,1000.04,15.2
2025-11-13 13:00:00,STATION_B_02,974.0,14.0
2025-11-13 14:00:00,STATION_B_02,917.76,15.7
2025-11-13 15:00:00,STATION_B_02,953.61,18.2
2025-11-13 16:00:00,STATION_B_02,834.0,16.9
2025-11-13 17:00:00,STATION_B_02,726.63,13.3
2025-11-13 18:00:00,STATION_B_02,531.39,16.7
2025-11-13 19:00:00,STATION_B_02,395.46,14.2
2025-11-13 20:00:00,STATION_B_02,309.28,12.0
2025-11-13 21:00:00,STATION_B_02,283.91,13.1
2025-11-13 22:00:00,STATION_B_02,290.74,10.2
2025-11-13 23:00:00,STATION_B_02,301.6,7.3
2025-11-14 00:00:00,STATION_B_02,299.61,11.5
2025-11-14 01:00:00,STATION_B_02,292.69,7.4
2025-11-14 02:00:00,STATION_B_02,293.73,6.8
2025-11-14 03:00:00,STATION_B_02,290.03,6.1
2025-11-14 04:00:00,STATION_B_02,297.37,9.1
2025-11-14 05:00:00,STATION_B_02,304.78,6.5
2025-11-14 06:00:00,STATION_B_02,296.88,5.4
2025-11-14 07:00:00,STATION_B_02,378.53,8.0
2025-11-14 08:00:00,STATION_B_02,523.84,12.8
2025-11-14 09:00:00,STATION_B_02,746.68,13.1
2025-11-14 10:00:00,STATION_B_02,865.69,12.4
2025-11-14 11:00:00,STATION_B_02,909.89,16.5
2025-11-14 12:00:00,STATION_B_02,986.89,16.4
2025-11-14 13:00:00,STATION_B_02,960.78,15.3
2025-11-14 14:00:00,STATION_B_02,959.27,15.9
2025-11-14 15:00:00,STATION_B_02,950.41,17.0
2025-11-14 16:00:00,STATION_B_02,906.77,14.8
2025-11-14 17:00:00,STATION_B_02,726.3,15.8
2025-11-14 18:00:00,STATION_B_02,528.18,15.6
2025-11-14 19:00:00,STATION_B_02,373.32,11.0
2025-11-14 20:00:00,STATION_B_02,310.94,12.5
2025-11-14 21:00:00,STATION_B_02,290.09,11.1
2025-11-14 22:00:00,STATION_B_02,285.87,12.2
2025-11-14 23:00:00,STATION_B_02,299.73,5.9
2025-11-15 00:00:00,STATION_B_02,191.57,7.4
2025-11-15 01:00:00,STATION_B_02,184.02,6.4
2025-11-15 02:00:00,STATION_B_02,180.59,8.5
2025-11-15 03:00:00,STATION_B_02,192.81,6.6
2025-11-15 04:00:00,STATION_B_02,186.84,10.0
2025-11-15 05:00:00,STATION_B_02,188.16,8.5
2025-11-15 06:00:00,STATION_B_02,189.83,7.3
2025-11-15 07:00:00,STATION_B_02,232.03,9.5
2025-11-15 08:00:00,STATION_B_02,324.54,9.6
2025-11-15 09:00:00,STATION_B_02,473.4,13.0
2025-11-15 10:00:00,STATION_B_02,561.78,10.3
2025-11-15 11:00:00,STATION_B_02,568.51,12.4
2025-11-15 12:00:00,STATION_B_02,615.71,15.7
2025-11-15 13:00:00,STATION_B_02,586.32,17.8
2025-11-15 14:00:00,STATION_B_02,603.92,12.1
2025-11-15 15:00:00,STATION_B_02,555.61,18.7
2025-11-15 16:00:00,STATION_B_02,552.99,15.8
2025-11-15 17:00:00,STATION_B_02,469.6,12.2
2025-11-15 18:00:00,STATION_B_02,340.59,9.4
2025-11-15 19:00:00,STATION_B_02,231.38,11.1
2025-11-15 20:00:00,STATION_B_02,200.36,12.6
2025-11-15 21:00:00,STATION_B_02,174.48,11.3
2025-11-15 22:00:00,STATION_B_02,176.13,11.3
2025-11-15 23:00:00,STATION_B_02,185.64,8.1
2025-11-16 00:00:00,STATION_B_02,179.43,5.9
2025-11-16 01:00:00,STATION_B_02,178.67,6.4
2025-11-16 02:00:00,STATION_B_02,189.0,6.7
2025-11-16 03:00:00,STATION_B_02,186.33,6.9
2025-11-16 04:00:00,STATION_B_02,187.21,5.2
2025-11-16 05:00:00,STATION_B_02,183.35,8.7
2025-11-16 06:00:00,STATION_B_02,189.53,6.8
2025-11-16 07:00:00,STATION_B_02,236.77,7.3
2025-11-16 08:00:00,STATION_B_02,341.22,9.1
2025-11-16 09:00:00,STATION_B_02,471.92,13.2
2025-11-16 10:00:00,STATION_B_02,562.07,12.3
2025-11-16 11:00:00,STATION_B_02,582.42,12.4
2025-11-16 12:00:00,STATION_B_02,607.88,16.3
2025-11-16 13:00:00,STATION_B_02,562.12,19.3
2025-11-16 14:00:00,STATION_B_02,590.83,16.3
2025-11-16 15:00:00,STATION_B_02,562.89,18.3
2025-11-16 16:00:00,STATION_B_02,529.29,17.8
2025-11-16 17:00:00,STATION_B_02,482.28,14.3
2025-11-16 18:00:00,STATION_B_02,320.12,14.7
2025-11-16 19:00:00,STATION_B_02,228.86,11.4
2025-11-16 20:00:00,STATION_B_02,190.68,12.1
2025-11-16 21:00:00,STATION_B_02,179.08,10.1
2025-11-16 22:00:00,STATION_B_02,182.14,9.3
2025-11-16 23:00:00,STATION_B_02,189.71,7.5
2025-11-17 00:00:00,STATION_B_02,300.77,7.2
2025-11-17 01:00:00,STATION_B_02,291.17,7.9
2025-11-17 02:00:00,STATION_B_02,296.01,6.3
2025-11-17 03:00:00,STATION_B_02,305.75,3.0
2025-11-17 04:00:00,STATION_B_02,303.54,5.1
2025-11-17 05:00:00,STATION_B_02,301.04,4.2
2025-11-17 06:00:00,STATION_B_02,312.5,8.2
2025-11-17 07:00:00,STATION_B_02,384.24,9.6
2025-11-17 08:00:00,STATION_B_02,547.44,10.3
2025-11-17 09:00:00,STATION_B_02,746.17,9.7
2025-11-17 10:00:00,STATION_B_02,912.61,12.8
2025-11-17 11:00:00,STATION_B_02,969.8,12.7
2025-11-17 12:00:00,STATION_B_02,926.84,12.5
2025-11-17 13:00:00,STATION_B_02,940.9,16.6
2025-11-17 14:00:00,STATION_B_02,945.62,17.2
2025-11-17 15:00:00,STATION_B_02,934.82,17.6
2025-11-17 16:00:00,STATION_B_02,915.18,14.7
2025-11-17 17:00:00,STATION_B_02,791.47,17.4
2025-11-17 18:00:00,STATION_B_02,505.72,13.6
2025-11-17 19:00:00,STATION_B_02,374.53,14.7
2025-11-17 20:00:00,STATION_B_02,305.42,11.4
2025-11-17 21:00:00,STATION_B_02,290.56,10.7
2025-11-17 22:00:00,STATION_B_02,302.32,5.5
2025-11-17 23:00:00,STATION_B_02,295.58,8.2
2025-11-18 00:00:00,STATION_B_02,292.57,7.7
2025-11-18 01:00:00,STATION_B_02,297.87,6.1
2025-11-18 02:00:00,STATION_B_02,297.17,9.5
2025-11-18 03:00:00,STATION_B_02,304.0,4.1
2025-11-18 04:00:00,STATION_B_02,300.17,5.3
2025-11-18 05:00:00,STATION_B_02,295.35,5.2
2025-11-18 06:00:00,STATION_B_02,335.16,6.5
2025-11-18 07:00:00,STATION_B_02,383.21,10.4
2025-11-18 08:00:00,STATION_B_02,554.85,12.4
2025-11-18 09:00:00,STATION_B_02,748.92,9.7
2025-11-18 10:00:00,STATION_B_02,908.92,10.9
2025-11-18 11:00:00,STATION_B_02,974.55,11.3
2025-11-18 12:00:00,STATION_B_02,913.3,16.7
2025-11-18 13:00:00,STATION_B_02,942.26,17.1
2025-11-18 14:00:00,STATION_B_02,948.68,15.4
2025-11-18 15:00:00,STATION_B_02,945.92,13.2
2025-11-18 16:00:00,STATION_B_02,869.57,13.2
2025-11-18 17:00:00,STATION_B_02,739.34,15.4
2025-11-18 18:00:00,STATION_B_02,555.88,15.3
2025-11-18 19:00:00,STATION_B_02,382.36,9.6
2025-11-18 20:00:00,STATION_B_02,295.57,11.6
2025-11-18 21:00:00,STATION_B_02,280.17,13.9
2025-11-18 22:00:00,STATION_B_02,290.32,9.3
2025-11-18 23:00:00,STATION_B_02,279.84,11.2
2025-11-19 00:00:00,STATION_B_02,296.85,8.6
2025-11-19 01:00:00,STATION_B_02,310.43,4.7
2025-11-19 02:00:00,STATION_B_02,294.1,5.6
2025-11-19 03:00:00,STATION_B_02,298.98,5.8
2025-11-19 04:00:00,STATION_B_02,296.89,4.4
2025-11-19 05:00:00,STATION_B_02,295.7,4.9
2025-11-19 06:00:00,STATION_B_02,308.97,10.1
2025-11-19 07:00:00,STATION_B_02,380.2,6.6
2025-11-19 08:00:00,STATION_B_02,535.48,11.5
2025-11-19 09:00:00,STATION_B_02,726.74,10.0
2025-11-19 10:00:00,STATION_B_02,902.32,12.0
2025-11-19 11:00:00,STATION_B_02,984.13,14.2
2025-11-19 12:00:00,STATION_B_02,997.0,13.1
2025-11-19 13:00:00,STATION_B_02,1004.17,16.0
2025-11-19 14:00:00,STATION_B_02,968.11,11.7
2025-11-19 15:00:00,STATION_B_02,968.49,16.4
2025-11-19 16:00:00,STATION_B_02,879.18,11.0
2025-11-19 17:00:00,STATION_B_02,756.17,14.5
2025-11-19 18:00:00,STATION_B_02,558.91,15.7
2025-11-19 19:00:00,STATION_B_02,377.93,14.3
2025-11-19 20:00:00,STATION_B_02,321.38,9.7
2025-11-19 21:00:00,STATION_B_02,290.79,8.7
2025-11-19 22:00:00,STATION_B_02,293.89,8.3
2025-11-19 23:00:00,STATION_B_02,287.32,8.7
2025-11-20 00:00:00,STATION_B_02,302.03,3.6
2025-11-20 01:00:00,STATION_B_02,299.88,6.4
2025-11-20 02:00:00,STATION_B_02,297.85,6.5
2025-11-20 03:00:00,STATION_B_02,295.67,5.3
2025-11-20 04:00:00,STATION_B_02,293.35,6.9
2025-11-20 05:00:00,STATION_B_02,300.9,6.9
2025-11-20 06:00:00,STATION_B_02,312.12,6.3
2025-11-20 07:00:00,STATION_B_02,379.03,4.7
2025-11-20 08:00:00,STATION_B_02,525.22,9.6
2025-11-20 09:00:00,STATION_B_02,751.67,8.9
2025-11-20 10:00:00,STATION_B_02,874.26,10.8
2025-11-20 11:00:00,STATION_B_02,939.28,13.9
2025-11-20 12:00:00,STATION_B_02,953.29,16.6
2025-11-20 13:00:00,STATION_B_02,970.01,14.7
2025-11-20 14:00:00,STATION_B_02,948.65,16.3
2025-11-20 15:00:00,STATION_B_02,1020.04,12.8
2025-11-20 16:00:00,STATION_B_02,856.88,15.7
2025-11-20 17:00:00,STATION_B_02,766.22,14.7
2025-11-20 18:00:00,STATION_B_02,533.04,16.2
2025-11-20 19:00:00,STATION_B_02,371.14,12.0
2025-11-20 20:00:00,STATION_B_02,310.58,11.4
2025-11-20 21:00:00,STATION_B_02,286.98,12.5
2025-11-20 22:00:00,STATION_B_02,287.84,9.2
2025-11-20 23:00:00,STATION_B_02,311.99,6.2
2025-11-21 00:00:00,STATION_B_02,274.35,11.7
2025-11-21 01:00:00,STATION_B_02,299.13,4.4
2025-11-21 02:00:00,STATION_B_02,300.66,5.7
2025-11-21 03:00:00,STATION_B_02,309.31,6.3
2025-11-21 04:00:00,STATION_B_02,295.29,6.3
2025-11-21 05:00:00,STATION_B_02,320.61,6.0
2025-11-21 06:00:00,STATION_B_02,319.29,6.7
2025-11-21 07:00:00,STATION_B_02,362.24,7.6
2025-11-21 08:00:00,STATION_B_02,538.3,7.2
2025-11-21 09:00:00,STATION_B_02,749.58,14.3
2025-11-21 10:00:00,STATION_B_02,878.96,11.3
2025-11-21 11:00:00,STATION_B_02,974.8,13.9
2025-11-21 12:00:00,STATION_B_02,969.11,13.3
2025-11-21 13:00:00,STATION_B_02,947.95,14.0
2025-11-21 14:00:00,STATION_B_02,951.4,14.3
2025-11-21 15:00:00,STATION_B_02,989.33,12.5
2025-11-21 16:00:00,STATION_B_02,844.02,14.8
2025-11-21 17:00:00,STATION_B_02,766.91,13.9
2025-11-21 18:00:00,STATION_B_02,551.65,16.0
2025-11-21 19:00:00,STATION_B_02,377.21,10.7
2025-11-21 20:00:00,STATION_B_02,296.18,10.7
2025-11-21 21:00:00,STATION_B_02,300.15,8.8
2025-11-21 22:00:00,STATION_B_02,287.1,11.8
2025-11-21 23:00:00,STATION_B_02,286.38,6.5
2025-11-22 00:00:00,STATION_B_02,192.97,7.9
2025-11-22 01:00:00,STATION_B_02,179.64,7.9
2025-11-22 02:00:00,STATION_B_02,178.88,5.4
2025-11-22 03:00:00,STATION_B_02,189.44,3.0
2025-11-22 04:00:00,STATION_B_02,187.57,3.2
2025-11-22 05:00:00,STATION_B_02,191.8,7.7
2025-11-22 06:00:00,STATION_B_02,194.33,4.6
2025-11-22 07:00:00,STATION_B_02,236.26,8.6
2025-11-22 08:00:00,STATION_B_02,346.99,9.3
2025-11-22 09:00:00,STATION_B_02,472.41,11.0
2025-11-22 10:00:00,STATION_B_02,562.85,12.4
2025-11-22 11:00:00,STATION_B_02,609.32,11.0
2025-11-22 12:00:00,STATION_B_02,615.28,11.9
2025-11-22 13:00:00,STATION_B_02,595.72,15.7
2025-11-22 14:00:00,STATION_B_02,620.37,13.8
2025-11-22 15:00:00,STATION_B_02,601.86,10.2
2025-11-22 16:00:00,STATION_B_02,561.1,16.1
2025-11-22 17:00:00,STATION_B_02,483.22,12.6
2025-11-22 18:00:00,STATION_B_02,329.57,14.5
2025-11-22 19:00:00,STATION_B_02,245.64,15.2
2025-11-22 20:00:00,STATION_B_02,186.5,11.6
2025-11-22 21:00:00,STATION_B_02,177.57,12.1
2025-11-22 22:00:00,STATION_B_02,185.22,9.3
2025-11-22 23:00:00,STATION_B_02,183.5,10.8
2025-11-23 00:00:00,STATION_B_02,187.1,4.8
2025-11-23 01:00:00,STATION_B_02,189.72,6.0
2025-11-23 02:00:00,STATION_B_02,186.35,6.7
2025-11-23 03:00:00,STATION_B_02,196.63,5.0
2025-11-23 04:00:00,STATION_B_02,184.15,7.6
2025-11-23 05:00:00,STATION_B_02,182.91,5.2
2025-11-23 06:00:00,STATION_B_02,188.53,10.5
2025-11-23 07:00:00,STATION_B_02,238.46,11.6
2025-11-23 08:00:00,STATION_B_02,348.59,9.4
2025-11-23 09:00:00,STATION_B_02,472.8,11.1
2025-11-23 10:00:00,STATION_B_02,544.94,13.5
2025-11-23 11:00:00,STATION_B_02,625.16,10.4
2025-11-23 12:00:00,STATION_B_02,646.75,11.2
2025-11-23 13:00:00,STATION_B_02,601.15,16.6
2025-11-23 14:00:00,STATION_B_02,632.2,15.3
2025-11-23 15:00:00,STATION_B_02,609.21,14.5
2025-11-23 16:00:00,STATION_B_02,585.82,14.8
2025-11-23 17:00:00,STATION_B_02,478.62,10.0
2025-11-23 18:00:00,STATION_B_02,339.32,13.2
2025-11-23 19:00:00,STATION_B_02,241.18,11.2
2025-11-23 20:00:00,STATION_B_02,186.83,13.0
2025-11-23 21:00:00,STATION_B_02,183.2,11.9
2025-11-23 22:00:00,STATION_B_02,188.7,9.9
2025-11-23 23:00:00,STATION_B_02,187.57,8.5
2025-11-24 00:00:00,STATION_B_02,302.71,3.9
2025-11-24 01:00:00,STATION_B_02,300.35,6.9
2025-11-24 02:00:00,STATION_B_02,305.26,6.5
2025-11-24 03:00:00,STATION_B_02,303.66,7.4
2025-11-24 04:00:00,STATION_B_02,301.43,9.2
2025-11-24 05:00:00,STATION_B_02,308.24,2.8
2025-11-24 06:00:00,STATION_B_02,308.88,5.9
2025-11-24 07:00:00,STATION_B_02,383.38,6.3
2025-11-24 08:00:00,STATION_B_02,563.64,9.1
2025-11-24 09:00:00,STATION_B_02,780.19,10.0
2025-11-24 10:00:00,STATION_B_02,928.5,10.8
2025-11-24 11:00:00,STATION_B_02,946.82,14.2
2025-11-24 12:00:00,STATION_B_02,989.63,11.4
2025-11-24 13:00:00,STATION_B_02,960.3,12.3
2025-11-24 14:00:00,STATION_B_02,951.32,12.8
2025-11-24 15:00:00,STATION_B_02,966.25,14.1
2025-11-24 16:00:00,STATION_B_02,936.91,12.4
2025-11-24 17:00:00,STATION_B_02,751.07,14.1
2025-11-24 18:00:00,STATION_B_02,573.55,13.1
2025-11-24 19:00:00,STATION_B_02,379.98,11.0
2025-11-24 20:00:00,STATION_B_02,305.82,12.8
2025-11-24 21:00:00,STATION_B_02,288.05,9.9
2025-11-24 22:00:00,STATION_B_02,290.96,10.7
2025-11-24 23:00:00,STATION_B_02,289.11,7.2
2025-11-25 00:00:00,STATION_B_02,287.89,6.4
2025-11-25 01:00:00,STATION_B_02,293.13,4.7
2025-11-25 02:00:00,STATION_B_02,302.3,5.2
2025-11-25 03:00:00,STATION_B_02,294.31,6.3
2025-11-25 04:00:00,STATION_B_02,298.73,4.5
2025-11-25 05:00:00,STATION_B_02,303.88,6.6
2025-11-25 06:00:00,STATION_B_02,304.69,5.0
2025-11-25 07:00:00,STATION_B_02,386.92,8.8
2025-11-25 08:00:00,STATION_B_02,574.16,7.6
2025-11-25 09:00:00,STATION_B_02,778.43,11.4
2025-11-25 10:00:00,STATION_B_02,923.87,11.2
2025-11-25 11:00:00,STATION_B_02,960.51,15.0
2025-11-25 12:00:00,STATION_B_02,980.08,11.2
2025-11-25 13:00:00,STATION_B_02,994.37,11.3
2025-11-25 14:00:00,STATION_B_02,1028.18,13.4
2025-11-25 15:00:00,STATION_B_02,981.9,12.2
2025-11-25 16:00:00,STATION_B_02,905.69,12.0
2025-11-25 17:00:00,STATION_B_02,757.42,15.1
2025-11-25 18:00:00,STATION_B_02,547.64,13.2
2025-11-25 19:00:00,STATION_B_02,383.71,11.4
2025-11-25 20:00:00,STATION_B_02,307.6,10.4
2025-11-25 21:00:00,STATION_B_02,294.48,8.8
2025-11-25 22:00:00,STATION_B_02,300.38,11.6
2025-11-25 23:00:00,STATION_B_02,285.14,6.1
2025-11-26 00:00:00,STATION_B_02,307.68,3.9
2025-11-26 01:00:00,STATION_B_02,295.93,7.0
2025-11-26 02:00:00,STATION_B_02,287.85,4.7
2025-11-26 03:00:00,STATION_B_02,289.89,8.6
2025-11-26 04:00:00,STATION_B_02,303.37,4.1
2025-11-26 05:00:00,STATION_B_02,,7.1
2025-11-26 06:00:00,STATION_B_02,319.24,8.2
2025-11-26 07:00:00,STATION_B_02,399.41,6.4
2025-11-26 08:00:00,STATION_B_02,541.17,7.1
2025-11-26 09:00:00,STATION_B_02,769.95,11.0
2025-11-26 10:00:00,STATION_B_02,926.99,12.0
2025-11-26 11:00:00,STATION_B_02,994.26,9.6
2025-11-26 12:00:00,STATION_B_02,1011.39,11.1
2025-11-26 13:00:00,STATION_B_02,957.24,9.3
2025-11-26 14:00:00,STATION_B_02,952.62,15.4
2025-11-26 15:00:00,STATION_B_02,1002.23,14.0
2025-11-26 16:00:00,STATION_B_02,894.27,14.0
2025-11-26 17:00:00,STATION_B_02,807.41,10.8
2025-11-26 18:00:00,STATION_B_02,534.99,11.1
2025-11-26 19:00:00,STATION_B_02,397.91,11.2
2025-11-26 20:00:00,STATION_B_02,306.13,9.7
2025-11-26 21:00:00,STATION_B_02,303.24,9.9
2025-11-26 22:00:00,STATION_B_02,293.89,9.5
2025-11-26 23:00:00,STATION_B_02,294.41,11.4
2025-11-27 00:00:00,STATION_B_02,306.02,6.1
2025-11-27 01:00:00,STATION_B_02,294.79,7.4
2025-11-27 02:00:00,STATION_B_02,311.48,3.4
2025-11-27 03:00:00,STATION_B_02,305.35,1.7
2025-11-27 04:00:00,STATION_B_02,305.35,4.3
2025-11-27 05:00:00,STATION_B_02,286.29,2.5
2025-11-27 06:00:00,STATION_B_02,314.01,6.2
2025-11-27 07:00:00,STATION_B_02,405.89,5.7
2025-11-27 08:00:00,STATION_B_02,581.24,4.8
2025-11-27 09:00:00,STATION_B_02,775.28,12.7
2025-11-27 10:00:00,STATION_B_02,921.91,9.8
2025-11-27 11:00:00,STATION_B_02,1036.19,9.0
2025-11-27 12:00:00,STATION_B_02,990.84,14.6
2025-11-27 13:00:00,STATION_B_02,977.78,12.4
2025-11-27 14:00:00,STATION_B_02,997.64,16.1
2025-11-27 15:00:00,STATION_B_02,997.52,13.0
2025-11-27 16:00:00,STATION_B_02,920.79,13.2
2025-11-27 17:00:00,STATION_B_02,743.98,14.3
2025-11-27 18:00:00,STATION_B_02,550.71,14.0
2025-11-27 19:00:00,STATION_B_02,392.94,13.3
2025-11-27 20:00:00,STATION_B_02,314.12,10.6
2025-11-27 21:00:00,STATION_B_02,284.88,10.5
2025-11-27 22:00:00,STATION_B_02,291.62,9.6
2025-11-27 23:00:00,STATION_B_02,294.18,7.5
2025-11-28 00:00:00,STATION_B_02,296.47,5.8
2025-11-28 01:00:00,STATION_B_02,289.91,2.6
2025-11-28 02:00:00,STATION_B_02,317.13,5.8
2025-11-28 03:00:00,STATION_B_02,296.98,4.7
2025-11-28 04:00:00,STATION_B_02,298.47,4.0
2025-11-28 05:00:00,STATION_B_02,285.73,7.5
2025-11-28 06:00:00,STATION_B_02,328.62,3.4
2025-11-28 07:00:00,STATION_B_02,385.08,10.0
2025-11-28 08:00:00,STATION_B_02,558.03,8.1
2025-11-28 09:00:00,STATION_B_02,763.0,10.0
2025-11-28 10:00:00,STATION_B_02,935.88,9.9
2025-11-28 11:00:00,STATION_B_02,983.19,8.8
2025-11-28 12:00:00,STATION_B_02,943.34,12.5
2025-11-28 13:00:00,STATION_B_02,955.03,14.2
2025-11-28 14:00:00,STATION_B_02,947.61,15.3
2025-11-28 15:00:00,STATION_B_02,979.03,13.8
2025-11-28 16:00:00,STATION_B_02,943.4,10.1
2025-11-28 17:00:00,STATION_B_02,795.23,10.8
2025-11-28 18:00:00,STATION_B_02,518.15,16.5
2025-11-28 19:00:00,STATION_B_02,392.47,9.8
2025-11-28 20:00:00,STATION_B_02,302.12,13.2
2025-11-28 21:00:00,STATION_B_02,323.55,7.7
2025-11-28 22:00:00,STATION_B_02,310.31,7.8
2025-11-28 23:00:00,STATION_B_02,312.34,8.1
2025-11-29 00:00:00,STATION_B_02,192.96,4.4
2025-11-29 01:00:00,STATION_B_02,187.76,8.0
2025-11-29 02:00:00,STATION_B_02,186.73,4.8
2025-11-29 03:00:00,STATION_B_02,185.31,5.3
2025-11-29 04:00:00,STATION_B_02,185.31,4.1
2025-11-29 05:00:00,STATION_B_02,191.03,6.3
2025-11-29 06:00:00,STATION_B_02,202.72,8.7
2025-11-29 07:00:00,STATION_B_02,241.28,6.6
2025-11-29 08:00:00,STATION_B_02,338.42,11.1
2025-11-29 09:00:00,STATION_B_02,463.15,8.2
2025-11-29 10:00:00,STATION_B_02,570.94,11.9
2025-11-29 11:00:00,STATION_B_02,627.01,12.5
2025-11-29 12:00:00,STATION_B_02,644.0,10.7
2025-11-29 13:00:00,STATION_B_02,636.94,13.8
2025-11-29 14:00:00,STATION_B_02,620.52,13.9
2025-11-29 15:00:00,STATION_B_02,609.07,12.5
2025-11-29 16:00:00,STATION_B_02,578.83,14.5
2025-11-29 17:00:00,STATION_B_02,455.76,13.7
2025-11-29 18:00:00,STATION_B_02,338.7,12.5
2025-11-29 19:00:00,STATION_B_02,248.58,11.5
2025-11-29 20:00:00,STATION_B_02,187.93,10.3
2025-11-29 21:00:00,STATION_B_02,185.85,8.6
2025-11-29 22:00:00,STATION_B_02,188.73,8.3
2025-11-29 23:00:00,STATION_B_02,188.3,5.7
2025-11-30 00:00:00,STATION_B_02,189.56,10.5
2025-11-30 01:00:00,STATION_B_02,198.68,2.4
2025-11-30 02:00:00,STATION_B_02,192.6,3.4
2025-11-30 03:00:00,STATION_B_02,197.12,3.4
2025-11-30 04:00:00,STATION_B_02,181.63,8.2
2025-11-30 05:00:00,STATION_B_02,190.83,2.6
2025-11-30 06:00:00,STATION_B_02,209.56,6.5
2025-11-30 07:00:00,STATION_B_02,255.69,7.2
2025-11-30 08:00:00,STATION_B_02,338.3,8.5
2025-11-30 09:00:00,STATION_B_02,475.32,11.3
2025-11-30 10:00:00,STATION_B_02,568.62,12.5
2025-11-30 11:00:00,STATION_B_02,620.75,10.7
2025-11-30 12:00:00,STATION_B_02,638.66,12.9
2025-11-30 13:00:00,STATION_B_02,657.59,9.9
2025-11-30 14:00:00,STATION_B_02,615.61,13.9
2025-11-30 15:00:00,STATION_B_02,626.69,12.5
2025-11-30 16:00:00,STATION_B_02,573.79,13.4
2025-11-30 17:00:00,STATION_B_02,477.72,10.2
2025-11-30 18:00:00,STATION_B_02,327.01,13.2
2025-11-30 19:00:00,STATION_B_02,248.34,8.5
2025-11-30 20:00:00,STATION_B_02,196.49,10.6
2025-11-30 21:00:00,STATION_B_02,189.75,6.9
2025-11-30 22:00:00,STATION_B_02,182.92,6.3
2025-11-30 23:00:00,STATION_B_02,195.02,8.8
2025-12-01 00:00:00,STATION_B_02,304.11,6.6
2025-12-01 01:00:00,STATION_B_02,293.59,6.9
2025-12-01 02:00:00,STATION_B_02,291.97,7.1
2025-12-01 03:00:00,STATION_B_02,313.77,2.8
2025-12-01 04:00:00,STATION_B_02,307.94,7.0
2025-12-01 05:00:00,STATION_B_02,306.51,2.2
2025-12-01 06:00:00,STATION_B_02,321.92,6.9
2025-12-01 07:00:00,STATION_B_02,,5.7
2025-12-01 08:00:00,STATION_B_02,573.99,6.1
2025-12-01 09:00:00,STATION_B_02,758.94,10.1
2025-12-01 10:00:00,STATION_B_02,941.44,11.9
2025-12-01 11:00:00,STATION_B_02,1002.96,13.0
2025-12-01 12:00:00,STATION_B_02,1014.32,12.8
2025-12-01 13:00:00,STATION_B_02,976.13,13.4
2025-12-01 14:00:00,STATION_B_02,956.66,14.6
2025-12-01 15:00:00,STATION_B_02,977.44,14.3
2025-12-01 16:00:00,STATION_B_02,928.76,14.6
2025-12-01 17:00:00,STATION_B_02,781.17,13.5
2025-12-01 18:00:00,STATION_B_02,559.58,13.9
2025-12-01 19:00:00,STATION_B_02,386.46,8.4
2025-12-01 20:00:00,STATION_B_02,307.04,10.0
2025-12-01 21:00:00,STATION_B_02,304.06,6.5
2025-12-01 22:00:00,STATION_B_02,300.66,8.2
2025-12-01 23:00:00,STATION_B_02,307.48,9.5
2025-12-02 00:00:00,STATION_B_02,302.61,4.6
2025-12-02 01:00:00,STATION_B_02,302.83,4.9
2025-12-02 02:00:00,STATION_B_02,321.37,5.6
2025-12-02 03:00:00,STATION_B_02,325.07,0.3
2025-12-02 04:00:00,STATION_B_02,301.26,3.3
2025-12-02 05:00:00,STATION_B_02,318.14,5.3
2025-12-02 06:00:00,STATION_B_02,,0.2
2025-12-02 07:00:00,STATION_B_02,394.25,4.7
2025-12-02 08:00:00,STATION_B_02,559.08,9.6
2025-12-02 09:00:00,STATION_B_02,771.05,10.6
2025-12-02 10:00:00,STATION_B_02,940.43,10.8
2025-12-02 11:00:00,STATION_B_02,987.3,12.8
2025-12-02 12:00:00,STATION_B_02,1018.34,12.6
2025-12-02 13:00:00,STATION_B_02,986.45,14.0
2025-12-02 14:00:00,STATION_B_02,1010.69,12.9
2025-12-02 15:00:00,STATION_B_02,981.79,13.8
2025-12-02 16:00:00,STATION_B_02,885.45,12.3
2025-12-02 17:00:00,STATION_B_02,765.21,15.3
2025-12-02 18:00:00,STATION_B_02,550.85,15.0
2025-12-02 19:00:00,STATION_B_02,375.08,13.7
2025-12-02 20:00:00,STATION_B_02,311.71,9.3
2025-12-02 21:00:00,STATION_B_02,300.77,7.1
2025-12-02 22:00:00,STATION_B_02,297.1,9.9
2025-12-02 23:00:00,STATION_B_02,316.31,7.4
2025-12-03 00:00:00,STATION_B_02,321.84,5.9
2025-12-03 01:00:00,STATION_B_02,286.89,3.4
2025-12-03 02:00:00,STATION_B_02,310.66,4.8
2025-12-03 03:00:00,STATION_B_02,318.56,2.0
2025-12-03 04:00:00,STATION_B_02,304.54,5.2
2025-12-03 05:00:00,STATION_B_02,312.06,7.0
2025-12-03 06:00:00,STATION_B_02,331.15,8.2
2025-12-03 07:00:00,STATION_B_02,380.23,7.6
2025-12-03 08:00:00,STATION_B_02,579.26,5.0
2025-12-03 09:00:00,STATION_B_02,819.79,9.1
2025-12-03 10:00:00,STATION_B_02,884.76,13.8
2025-12-03 11:00:00,STATION_B_02,999.22,9.5
2025-12-03 12:00:00,STATION_B_02,995.77,12.0
2025-12-03 13:00:00,STATION_B_02,1019.4,15.4
2025-12-03 14:00:00,STATION_B_02,1026.57,14.5
2025-12-03 15:00:00,STATION_B_02,966.54,18.0
2025-12-03 16:00:00,STATION_B_02,922.77,12.0
2025-12-03 17:00:00,STATION_B_02,738.19,11.1
2025-12-03 18:00:00,STATION_B_02,572.9,14.3
2025-12-03 19:00:00,STATION_B_02,388.19,9.0
2025-12-03 20:00:00,STATION_B_02,314.35,9.6
2025-12-03 21:00:00,STATION_B_02,310.16,8.6
2025-12-03 22:00:00,STATION_B_02,302.0,9.3
2025-12-03 23:00:00,STATION_B_02,311.06,7.4
2025-12-04 00:00:00,STATION_B_02,310.6,6.0
2025-12-04 01:00:00,STATION_B_02,310.71,3.7
2025-12-04 02:00:00,STATION_B_02,308.1,6.1
2025-12-04 03:00:00,STATION_B_02,289.98,11.0
2025-12-04 04:00:00,STATION_B_02,305.8,5.2
2025-12-04 05:00:00,STATION_B_02,317.56,4.6
2025-12-04 06:00:00,STATION_B_02,318.64,2.8
2025-12-04 07:00:00,STATION_B_02,392.45,5.0
2025-12-04 08:00:00,STATION_B_02,560.19,6.9
2025-12-04 09:00:00,STATION_B_02,790.33,7.6
2025-12-04 10:00:00,STATION_B_02,967.96,9.8
2025-12-04 11:00:00,STATION_B_02,996.57,14.2
2025-12-04 12:00:00,STATION_B_02,942.58,14.2
2025-12-04 13:00:00,STATION_B_02,1025.78,12.4
2025-12-04 14:00:00,STATION_B_02,1002.75,11.0
2025-12-04 15:00:00,STATION_B_02,987.92,15.8
2025-12-04 16:00:00,STATION_B_02,915.67,13.1
2025-12-04 17:00:00,STATION_B_02,762.38,9.6
2025-12-04 18:00:00,STATION_B_02,555.48,13.2
2025-12-04 19:00:00,STATION_B_02,381.12,12.8
2025-12-04 20:00:00,STATION_B_02,324.98,5.4
2025-12-04 21:00:00,STATION_B_02,298.3,7.1
2025-12-04 22:00:00,STATION_B_02,295.35,7.1
2025-12-04 23:00:00,STATION_B_02,309.5,7.5
2025-12-05 00:00:00,STATION_B_02,318.1,4.1
2025-12-05 01:00:00,STATION_B_02,315.77,2.8
2025-12-05 02:00:00,STATION_B_02,302.59,5.1
2025-12-05 03:00:00,STATION_B_02,305.08,2.8
2025-12-05 04:00:00,STATION_B_02,302.8,4.8
2025-12-05 05:00:00,STATION_B_02,320.11,2.3
2025-12-05 06:00:00,STATION_B_02,320.34,2.6
2025-12-05 07:00:00,STATION_B_02,405.55,7.4
2025-12-05 08:00:00,STATION_B_02,582.23,7.7
2025-12-05 09:00:00,STATION_B_02,804.95,10.1
2025-12-05 10:00:00,STATION_B_02,966.76,8.7
2025-12-05 11:00:00,STATION_B_02,1021.67,9.4
2025-12-05 12:00:00,STATION_B_02,962.88,14.3
2025-12-05 13:00:00,STATION_B_02,1039.84,9.9
2025-12-05 14:00:00,STATION_B_02,999.06,15.3
2025-12-05 15:00:00,STATION_B_02,968.56,15.6
2025-12-05 16:00:00,STATION_B_02,947.15,14.6
2025-12-05 17:00:00,STATION_B_02,772.2,11.4
2025-12-05 18:00:00,STATION_B_02,557.74,10.4
2025-12-05 19:00:00,STATION_B_02,402.22,10.5
2025-12-05 20:00:00,STATION_B_02,316.94,7.4
2025-12-05 21:00:00,STATION_B_02,301.96,6.7
2025-12-05 22:00:00,STATION_B_02,294.33,8.4
2025-12-05 23:00:00,STATION_B_02,298.33,7.2
2025-12-06 00:00:00,STATION_B_02,189.43,3.0
2025-12-06 01:00:00,STATION_B_02,194.14,5.4
2025-12-06 02:00:00,STATION_B_02,186.75,4.5
2025-12-06 03:00:00,STATION_B_02,181.11,6.2
2025-12-06 04:00:00,STATION_B_02,193.17,4.7
2025-12-06 05:00:00,STATION_B_02,187.95,6.1
2025-12-06 06:00:00,STATION_B_02,200.44,5.8
2025-12-06 07:00:00,STATION_B_02,254.27,7.7
2025-12-06 08:00:00,STATION_B_02,361.45,4.8
2025-12-06 09:00:00,STATION_B_02,508.47,8.1
2025-12-06 10:00:00,STATION_B_02,581.56,9.5
2025-12-06 11:00:00,STATION_B_02,639.91,10.3
2025-12-06 12:00:00,STATION_B_02,618.58,12.5
2025-12-06 13:00:00,STATION_B_02,626.65,13.6
2025-12-06 14:00:00,STATION_B_02,608.93,13.7
2025-12-06 15:00:00,STATION_B_02,603.12,12.8
2025-12-06 16:00:00,STATION_B_02,573.37,11.6
2025-12-06 17:00:00,STATION_B_02,458.36,14.4
2025-12-06 18:00:00,STATION_B_02,349.64,12.3
2025-12-06 19:00:00,STATION_B_02,242.77,8.9
2025-12-06 20:00:00,STATION_B_02,198.56,9.2
2025-12-06 21:00:00,STATION_B_02,185.34,5.2
2025-12-06 22:00:00,STATION_B_02,192.99,7.1
2025-12-06 23:00:00,STATION_B_02,199.33,5.6
2025-12-07 00:00:00,STATION_B_02,200.41,3.8
2025-12-07 01:00:00,STATION_B_02,199.61,6.9
2025-12-07 02:00:00,STATION_B_02,195.2,1.5
2025-12-07 03:00:00,STATION_B_02,190.4,4.7
2025-12-07 04:00:00,STATION_B_02,192.08,7.5
2025-12-07 05:00:00,STATION_B_02,190.47,6.0
2025-12-07 06:00:00,STATION_B_02,192.85,4.7
2025-12-07 07:00:00,STATION_B_02,256.55,3.7
2025-12-07 08:00:00,STATION_B_02,359.9,4.5
2025-12-07 09:00:00,STATION_B_02,473.2,7.4
2025-12-07 10:00:00,STATION_B_02,579.83,8.2
2025-12-07 11:00:00,STATION_B_02,624.58,9.3
2025-12-07 12:00:00,STATION_B_02,633.81,11.0
2025-12-07 13:00:00,STATION_B_02,631.21,12.2
2025-12-07 14:00:00,STATION_B_02,647.76,13.7
2025-12-07 15:00:00,STATION_B_02,602.81,10.8
2025-12-07 16:00:00,STATION_B_02,575.97,11.6
2025-12-07 17:00:00,STATION_B_02,470.41,12.1
2025-12-07 18:00:00,STATION_B_02,362.37,11.2
2025-12-07 19:00:00,STATION_B_02,236.04,13.9
2025-12-07 20:00:00,STATION_B_02,195.48,9.8
2025-12-07 21:00:00,STATION_B_02,197.53,5.3
2025-12-07 22:00:00,STATION_B_02,196.03,7.7
2025-12-07 23:00:00,STATION_B_02,197.6,6.8
2025-12-08 00:00:00,STATION_B_02,297.75,4.4
2025-12-08 01:00:00,STATION_B_02,318.88,1.7
2025-12-08 02:00:00,STATION_B_02,310.13,6.6
2025-12-08 03:00:00,STATION_B_02,315.06,1.3
2025-12-08 04:00:00,STATION_B_02,311.35,4.6
2025-12-08 05:00:00,STATION_B_02,322.8,4.3
2025-12-08 06:00:00,STATION_B_02,333.87,5.8
2025-12-08 07:00:00,STATION_B_02,406.17,8.7
2025-12-08 08:00:00,STATION_B_02,579.65,7.8
2025-12-08 09:00:00,STATION_B_02,844.02,7.1
2025-12-08 10:00:00,STATION_B_02,926.61,11.3
2025-12-08 11:00:00,STATION_B_02,972.72,9.3
2025-12-08 12:00:00,STATION_B_02,1013.85,11.8
2025-12-08 13:00:00,STATION_B_02,1032.63,9.9
2025-12-08 14:00:00,STATION_B_02,1060.06,10.8
2025-12-08 15:00:00,STATION_B_02,984.81,13.0
2025-12-08 16:00:00,STATION_B_02,939.04,13.4
2025-12-08 17:00:00,STATION_B_02,758.9,9.2
2025-12-08 18:00:00,STATION_B_02,580.27,12.4
2025-12-08 19:00:00,STATION_B_02,397.17,9.0
2025-12-08 20:00:00,STATION_B_02,314.0,11.6
2025-12-08 21:00:00,STATION_B_02,324.9,7.4
2025-12-08 22:00:00,STATION_B_02,319.21,4.8
2025-12-08 23:00:00,STATION_B_02,300.77,5.8
2025-12-09 00:00:00,STATION_B_02,313.17,2.9
2025-12-09 01:00:00,STATION_B_02,331.54,6.1
2025-12-09 02:00:00,STATION_B_02,329.61,3.3
2025-12-09 03:00:00,STATION_B_02,321.65,2.9
2025-12-09 04:00:00,STATION_B_02,297.0,4.4
2025-12-09 05:00:00,STATION_B_02,327.43,2.0
2025-12-09 06:00:00,STATION_B_02,325.79,2.2
2025-12-09 07:00:00,STATION_B_02,416.4,6.3
2025-12-09 08:00:00,STATION_B_02,575.44,4.7
2025-12-09 09:00:00,STATION_B_02,813.35,6.0
2025-12-09 10:00:00,STATION_B_02,925.85,10.7
2025-12-09 11:00:00,STATION_B_02,999.14,11.3
2025-12-09 12:00:00,STATION_B_02,1053.35,9.1
2025-12-09 13:00:00,STATION_B_02,993.2,11.0
2025-12-09 14:00:00,STATION_B_02,1090.85,11.0
2025-12-09 15:00:00,STATION_B_02,960.06,15.9
2025-12-09 16:00:00,STATION_B_02,899.79,14.2
2025-12-09 17:00:00,STATION_B_02,795.89,11.3
2025-12-09 18:00:00,STATION_B_02,584.83,12.4
2025-12-09 19:00:00,STATION_B_02,396.17,7.9
2025-12-09 20:00:00,STATION_B_02,313.63,8.0
2025-12-09 21:00:00,STATION_B_02,300.26,8.1
2025-12-09 22:00:00,STATION_B_02,299.26,7.5
2025-12-09 23:00:00,STATION_B_02,313.04,5.4
2025-12-10 00:00:00,STATION_B_02,311.5,4.9
2025-12-10 01:00:00,STATION_B_02,317.08,3.8
2025-12-10 02:00:00,STATION_B_02,317.91,2.9
2025-12-10 03:00:00,STATION_B_02,322.27,2.5
2025-12-10 04:00:00,STATION_B_02,312.26,2.4
2025-12-10 05:00:00,STATION_B_02,308.25,4.1
2025-12-10 06:00:00,STATION_B_02,329.04,5.2
2025-12-10 07:00:00,STATION_B_02,403.98,5.8
2025-12-10 08:00:00,STATION_B_02,592.62,4.5
2025-12-10 09:00:00,STATION_B_02,790.17,6.0
2025-12-10 10:00:00,STATION_B_02,963.94,9.8
2025-12-10 11:00:00,STATION_B_02,973.02,12.9
2025-12-10 12:00:00,STATION_B_02,1015.83,11.5
2025-12-10 13:00:00,STATION_B_02,1060.23,11.2
2025-12-10 14:00:00,STATION_B_02,990.88,12.9
2025-12-10 15:00:00,STATION_B_02,1042.52,10.6
2025-12-10 16:00:00,STATION_B_02,891.74,14.8
2025-12-10 17:00:00,STATION_B_02,749.42,12.3
2025-12-10 18:00:00,STATION_B_02,551.46,10.0
2025-12-10 19:00:00,STATION_B_02,398.03,9.9
2025-12-10 20:00:00,STATION_B_02,329.4,8.1
2025-12-10 21:00:00,STATION_B_02,315.77,10.2
2025-12-10 22:00:00,STATION_B_02,319.97,6.2
2025-12-10 23:00:00,STATION_B_02,317.88,5.7
2025-12-11 00:00:00,STATION_B_02,305.5,5.4
2025-12-11 01:00:00,STATION_B_02,309.84,2.2
2025-12-11 02:00:00,STATION_B_02,321.49,3.4
2025-12-11 03:00:00,STATION_B_02,326.7,3.4
2025-12-11 04:00:00,STATION_B_02,311.02,0.3
2025-12-11 05:00:00,STATION_B_02,325.87,4.0
2025-12-11 06:00:00,STATION_B_02,313.56,4.2
2025-12-11 07:00:00,STATION_B_02,410.24,5.5
2025-12-11 08:00:00,STATION_B_02,583.18,6.5
2025-12-11 09:00:00,STATION_B_02,795.01,8.2
2025-12-11 10:00:00,STATION_B_02,944.45,11.4
2025-12-11 11:00:00,STATION_B_02,1007.2,8.0
2025-12-11 12:00:00,STATION_B_02,1047.36,10.5
2025-12-11 13:00:00,STATION_B_02,1025.51,13.1
2025-12-11 14:00:00,STATION_B_02,1046.88,13.2
2025-12-11 15:00:00,STATION_B_02,1045.86,13.3
2025-12-11 16:00:00,STATION_B_02,920.1,17.3
2025-12-11 17:00:00,STATION_B_02,764.72,13.0
2025-12-11 18:00:00,STATION_B_02,550.07,13.1
2025-12-11 19:00:00,STATION_B_02,416.21,9.6
2025-12-11 20:00:00,STATION_B_02,338.9,7.2
2025-12-11 21:00:00,STATION_B_02,317.92,7.1
2025-12-11 22:00:00,STATION_B_02,309.32,7.8
2025-12-11 23:00:00,STATION_B_02,317.88,6.0
2025-12-12 00:00:00,STATION_B_02,324.38,4.9
2025-12-12 01:00:00,STATION_B_02,311.37,3.1
2025-12-12 02:00:00,STATION_B_02,317.81,2.3
2025-12-12 03:00:00,STATION_B_02,308.17,2.5
2025-12-12 04:00:00,STATION_B_02,313.67,4.3
2025-12-12 05:00:00,STATION_B_02,327.42,5.0
2025-12-12 06:00:00,STATION_B_02,343.12,2.4
2025-12-12 07:00:00,STATION_B_02,406.76,6.6
2025-12-12 08:00:00,STATION_B_02,548.75,5.2
2025-12-12 09:00:00,STATION_B_02,786.87,8.4
2025-12-12 10:00:00,STATION_B_02,961.77,8.5
2025-12-12 11:00:00,STATION_B_02,1004.0,12.8
2025-12-12 12:00:00,STATION_B_02,1040.39,10.2
2025-12-12 13:00:00,STATION_B_02,1038.16,12.1
2025-12-12 14:00:00,STATION_B_02,1010.15,13.3
2025-12-12 15:00:00,STATION_B_02,1019.1,10.8
2025-12-12 16:00:00,STATION_B_02,939.36,12.1
2025-12-12 17:00:00,STATION_B_02,775.48,11.3
2025-12-12 18:00:00,STATION_B_02,604.5,10.1
2025-12-12 19:00:00,STATION_B_02,395.44,9.2
2025-12-12 20:00:00,STATION_B_02,302.13,10.8
2025-12-12 21:00:00,STATION_B_02,327.02,6.5
2025-12-12 22:00:00,STATION_B_02,303.43,7.4
2025-12-12 23:00:00,STATION_B_02,319.88,5.8
2025-12-13 00:00:00,STATION_B_02,194.58,1.6
2025-12-13 01:00:00,STATION_B_02,198.57,4.3
2025-12-13 02:00:00,STATION_B_02,198.99,0.3
2025-12-13 03:00:00,STATION_B_02,201.18,3.8
2025-12-13 04:00:00,STATION_B_02,196.69,1.9
2025-12-13 05:00:00,STATION_B_02,193.82,3.3
2025-12-13 06:00:00,STATION_B_02,209.51,1.8
2025-12-13 07:00:00,STATION_B_02,250.99,5.3
2025-12-13 08:00:00,STATION_B_02,344.11,7.9
2025-12-13 09:00:00,STATION_B_02,495.49,6.0
2025-12-13 10:00:00,STATION_B_02,643.49,7.6
2025-12-13 11:00:00,STATION_B_02,604.1,10.7
2025-12-13 12:00:00,STATION_B_02,645.77,11.7
2025-12-13 13:00:00,STATION_B_02,652.03,7.3
2025-12-13 14:00:00,STATION_B_02,659.58,15.8
2025-12-13 15:00:00,STATION_B_02,608.44,13.2
2025-12-13 16:00:00,STATION_B_02,584.33,13.4
2025-12-13 17:00:00,STATION_B_02,499.66,11.4
2025-12-13 18:00:00,STATION_B_02,361.23,7.5
2025-12-13 19:00:00,STATION_B_02,241.82,11.1
2025-12-13 20:00:00,STATION_B_02,202.4,7.7
2025-12-13 21:00:00,STATION_B_02,191.02,8.5
2025-12-13 22:00:00,STATION_B_02,192.7,5.9
2025-12-13 23:00:00,STATION_B_02,199.28,5.5
2025-12-14 00:00:00,STATION_B_02,199.83,2.6
2025-12-14 01:00:00,STATION_B_02,198.6,4.8
2025-12-14 02:00:00,STATION_B_02,201.27,0.6
2025-12-14 03:00:00,STATION_B_02,198.97,6.6
2025-12-14 04:00:00,STATION_B_02,200.59,6.8
2025-12-14 05:00:00,STATION_B_02,193.75,6.2
2025-12-14 06:00:00,STATION_B_02,208.81,6.3
2025-12-14 07:00:00,STATION_B_02,246.23,4.8
2025-12-14 08:00:00,STATION_B_02,341.54,8.2
2025-12-14 09:00:00,STATION_B_02,525.94,7.2
2025-12-14 10:00:00,STATION_B_02,600.4,5.8
2025-12-14 11:00:00,STATION_B_02,634.77,12.5
2025-12-14 12:00:00,STATION_B_02,619.98,12.8
2025-12-14 13:00:00,STATION_B_02,623.85,11.5
2025-12-14 14:00:00,STATION_B_02,637.52,9.8
2025-12-14 15:00:00,STATION_B_02,645.35,11.1
2025-12-14 16:00:00,STATION_B_02,589.48,8.7
2025-12-14 17:00:00,STATION_B_02,483.75,13.2
2025-12-14 18:00:00,STATION_B_02,356.36,7.9
2025-12-14 19:00:00,STATION_B_02,255.94,10.3
2025-12-14 20:00:00,STATION_B_02,208.28,7.1
2025-12-14 21:00:00,STATION_B_02,193.97,4.8
2025-12-14 22:00:00,STATION_B_02,197.66,6.6
2025-12-14 23:00:00,STATION_B_02,194.91,4.4
2025-12-15 00:00:00,STATION_B_02,313.06,5.4
2025-12-15 01:00:00,STATION_B_02,322.06,0.8
2025-12-15 02:00:00,STATION_B_02,327.22,1.3
2025-12-15 03:00:00,STATION_B_02,318.79,-1.8
2025-12-15 04:00:00,STATION_B_02,329.86,-1.3
2025-12-15 05:00:00,STATION_B_02,336.0,6.4
2025-12-15 06:00:00,STATION_B_02,330.24,7.6
2025-12-15 07:00:00,STATION_B_02,412.2,5.0
2025-12-15 08:00:00,STATION_B_02,595.71,4.6
2025-12-15 09:00:00,STATION_B_02,824.14,6.7
2025-12-15 10:00:00,STATION_B_02,920.22,10.1
2025-12-15 11:00:00,STATION_B_02,1084.29,8.8
2025-12-15 12:00:00,STATION_B_02,1071.06,11.1
2025-12-15 13:00:00,STATION_B_02,1026.56,11.4
2025-12-15 14:00:00,STATION_B_02,1046.32,10.9
2025-12-15 15:00:00,STATION_B_02,1011.92,11.1
2025-12-15 16:00:00,STATION_B_02,957.2,12.4
2025-12-15 17:00:00,STATION_B_02,804.22,9.7
2025-12-15 18:00:00,STATION_B_02,581.44,11.5
2025-12-15 19:00:00,STATION_B_02,393.83,8.8
2025-12-15 20:00:00,STATION_B_02,322.89,8.8
2025-12-15 21:00:00,STATION_B_02,319.79,9.8
2025-12-15 22:00:00,STATION_B_02,311.01,5.7
2025-12-15 23:00:00,STATION_B_02,292.6,6.5
2025-12-16 00:00:00,STATION_B_02,322.59,0.6
2025-12-16 01:00:00,STATION_B_02,341.66,2.2
2025-12-16 02:00:00,STATION_B_02,327.97,2.6
2025-12-16 03:00:00,STATION_B_02,311.34,5.8
2025-12-16 04:00:00,STATION_B_02,325.72,-1.0
2025-12-16 05:00:00,STATION_B_02,327.3,2.8
2025-12-16 06:00:00,STATION_B_02,316.42,6.4
2025-12-16 07:00:00,STATION_B_02,406.99,3.4
2025-12-16 08:00:00,STATION_B_02,602.24,5.6
2025-12-16 09:00:00,STATION_B_02,846.25,7.8
2025-12-16 10:00:00,STATION_B_02,958.37,8.8
2025-12-16 11:00:00,STATION_B_02,1065.42,12.4
2025-12-16 12:00:00,STATION_B_02,1025.67,11.4
2025-12-16 13:00:00,STATION_B_02,944.55,13.7
2025-12-16 14:00:00,STATION_B_02,1067.51,11.2
2025-12-16 15:00:00,STATION_B_02,1046.79,10.6
2025-12-16 16:00:00,STATION_B_02,975.72,11.4
2025-12-16 17:00:00,STATION_B_02,821.62,9.2
2025-12-16 18:00:00,STATION_B_02,582.76,11.4
2025-12-16 19:00:00,STATION_B_02,403.04,8.9
2025-12-16 20:00:00,STATION_B_02,328.44,7.2
2025-12-16 21:00:00,STATION_B_02,310.21,8.1
2025-12-16 22:00:00,STATION_B_02,315.74,3.9
2025-12-16 23:00:00,STATION_B_02,300.83,6.2
2025-12-17 00:00:00,STATION_B_02,311.38,2.8
2025-12-17 01:00:00,STATION_B_02,316.97,5.0
2025-12-17 02:00:00,STATION_B_02,304.3,1.7
2025-12-17 03:00:00,STATION_B_02,303.92,3.4
2025-12-17 04:00:00,STATION_B_02,318.84,2.8
2025-12-17 05:00:00,STATION_B_02,319.45,4.3
2025-12-17 06:00:00,STATION_B_02,333.72,3.9
2025-12-17 07:00:00,STATION_B_02,394.7,1.7
2025-12-17 08:00:00,STATION_B_02,615.99,7.7
2025-12-17 09:00:00,STATION_B_02,787.74,6.9
2025-12-17 10:00:00,STATION_B_02,947.3,9.7
2025-12-17 11:00:00,STATION_B_02,1001.09,10.7
2025-12-17 12:00:00,STATION_B_02,1096.67,9.1
2025-12-17 13:00:00,STATION_B_02,1071.12,9.6
2025-12-17 14:00:00,STATION_B_02,1029.03,12.9
2025-12-17 15:00:00,STATION_B_02,1017.48,11.3
2025-12-17 16:00:00,STATION_B_02,955.67,13.4
2025-12-17 17:00:00,STATION_B_02,777.09,10.9
2025-12-17 18:00:00,STATION_B_02,584.97,12.3
2025-12-17 19:00:00,STATION_B_02,398.65,10.2
2025-12-17 20:00:00,STATION_B_02,333.28,8.8
2025-12-17 21:00:00,STATION_B_02,321.39,6.4
2025-12-17 22:00:00,STATION_B_02,311.66,6.3
2025-12-17 23:00:00,STATION_B_02,298.84,6.8
2025-12-18 00:00:00,STATION_B_02,319.48,3.5
2025-12-18 01:00:00,STATION_B_02,309.01,3.8
2025-12-18 02:00:00,STATION_B_02,323.76,2.4
2025-12-18 03:00:00,STATION_B_02,320.98,2.4
2025-12-18 04:00:00,STATION_B_02,313.81,5.4
2025-12-18 05:00:00,STATION_B_02,309.64,5.0
2025-12-18 06:00:00,STATION_B_02,348.16,3.7
2025-12-18 07:00:00,STATION_B_02,410.84,5.0
2025-12-18 08:00:00,STATION_B_02,639.6,4.5
2025-12-18 09:00:00,STATION_B_02,822.52,6.7
2025-12-18 10:00:00,STATION_B_02,984.19,8.8
2025-12-18 11:00:00,STATION_B_02,1038.36,10.9
2025-12-18 12:00:00,STATION_B_02,1060.23,11.7
2025-12-18 13:00:00,STATION_B_02,1095.27,9.1
2025-12-18 14:00:00,STATION_B_02,1072.58,13.4
2025-12-18 15:00:00,STATION_B_02,986.34,11.6
2025-12-18 16:00:00,STATION_B_02,992.03,9.8
2025-12-18 17:00:00,STATION_B_02,805.85,13.5
2025-12-18 18:00:00,STATION_B_02,579.63,13.0
2025-12-18 19:00:00,STATION_B_02,424.5,9.9
2025-12-18 20:00:00,STATION_B_02,343.81,9.5
2025-12-18 21:00:00,STATION_B_02,322.89,8.4
2025-12-18 22:00:00,STATION_B_02,310.13,8.3
2025-12-18 23:00:00,STATION_B_02,308.17,5.9
2025-12-19 00:00:00,STATION_B_02,332.46,1.1
2025-12-19 01:00:00,STATION_B_02,329.57,6.3
2025-12-19 02:00:00,STATION_B_02,304.58,4.2
2025-12-19 03:00:00,STATION_B_02,335.17,1.2
2025-12-19 04:00:00,STATION_B_02,324.96,0.4
2025-12-19 05:00:00,STATION_B_02,308.21,3.6
2025-12-19 06:00:00,STATION_B_02,344.08,3.0
2025-12-19 07:00:00,STATION_B_02,426.68,5.1
2025-12-19 08:00:00,STATION_B_02,592.16,7.0
2025-12-19 09:00:00,STATION_B_02,804.65,5.9
2025-12-19 10:00:00,STATION_B_02,1034.6,6.1
2025-12-19 11:00:00,STATION_B_02,1026.94,10.0
2025-12-19 12:00:00,STATION_B_02,1098.35,9.3
2025-12-19 13:00:00,STATION_B_02,1015.85,11.3
2025-12-19 14:00:00,STATION_B_02,1078.84,9.1
2025-12-19 15:00:00,STATION_B_02,1049.42,11.2
2025-12-19 16:00:00,STATION_B_02,981.63,12.8
2025-12-19 17:00:00,STATION_B_02,834.62,12.1
2025-12-19 18:00:00,STATION_B_02,579.89,8.9
2025-12-19 19:00:00,STATION_B_02,418.39,7.2
2025-12-19 20:00:00,STATION_B_02,320.14,8.2
2025-12-19 21:00:00,STATION_B_02,305.78,7.9
2025-12-19 22:00:00,STATION_B_02,313.54,6.4
2025-12-19 23:00:00,STATION_B_02,325.89,3.6
2025-12-20 00:00:00,STATION_B_02,208.92,3.9
2025-12-20 01:00:00,STATION_B_02,208.51,5.3
2025-12-20 02:00:00,STATION_B_02,199.62,2.5
2025-12-20 03:00:00,STATION_B_02,206.3,-0.9
2025-12-20 04:00:00,STATION_B_02,206.44,2.5
2025-12-20 05:00:00,STATION_B_02,202.64,6.3
2025-12-20 06:00:00,STATION_B_02,212.32,1.1
2025-12-20 07:00:00,STATION_B_02,260.51,4.5
2025-12-20 08:00:00,STATION_B_02,373.78,5.1
2025-12-20 09:00:00,STATION_B_02,509.19,7.0
2025-12-20 10:00:00,STATION_B_02,604.15,8.4
2025-12-20 11:00:00,STATION_B_02,644.1,11.2
2025-12-20 12:00:00,STATION_B_02,652.97,10.3
2025-12-20 13:00:00,STATION_B_02,632.36,13.3
2025-12-20 14:00:00,STATION_B_02,671.94,11.2
2025-12-20 15:00:00,STATION_B_02,655.67,11.0
2025-12-20 16:00:00,STATION_B_02,633.81,10.2
2025-12-20 17:00:00,STATION_B_02,515.19,7.7
2025-12-20 18:00:00,STATION_B_02,361.33,10.7
2025-12-20 19:00:00,STATION_B_02,245.84,12.9
2025-12-20 20:00:00,STATION_B_02,206.01,8.9
2025-12-20 21:00:00,STATION_B_02,199.95,8.0
2025-12-20 22:00:00,STATION_B_02,198.15,4.8
2025-12-20 23:00:00,STATION_B_02,192.54,4.0
2025-12-21 00:00:00,STATION_B_02,195.92,5.1
2025-12-21 01:00:00,STATION_B_02,198.86,6.2
2025-12-21 02:00:00,STATION_B_02,203.92,4.8
2025-12-21 03:00:00,STATION_B_02,193.57,3.4
2025-12-21 04:00:00,STATION_B_02,203.89,2.1
2025-12-21 05:00:00,STATION_B_02,203.6,2.9
2025-12-21 06:00:00,STATION_B_02,210.58,2.0
2025-12-21 07:00:00,STATION_B_02,260.07,1.7
2025-12-21 08:00:00,STATION_B_02,371.74,3.4
2025-12-21 09:00:00,STATION_B_02,515.86,6.8
2025-12-21 10:00:00,STATION_B_02,632.23,7.4
2025-12-21 11:00:00,STATION_B_02,683.5,6.5
2025-12-21 12:00:00,STATION_B_02,643.59,10.0
2025-12-21 13:00:00,STATION_B_02,659.69,10.3
2025-12-21 14:00:00,STATION_B_02,627.52,9.2
2025-12-21 15:00:00,STATION_B_02,651.24,10.8
2025-12-21 16:00:00,STATION_B_02,614.07,10.8
2025-12-21 17:00:00,STATION_B_02,527.64,9.8
2025-12-21 18:00:00,STATION_B_02,347.63,11.8
2025-12-21 19:00:00,STATION_B_02,252.0,5.7
2025-12-21 20:00:00,STATION_B_02,211.54,4.4
2025-12-21 21:00:00,STATION_B_02,190.58,6.7
2025-12-21 22:00:00,STATION_B_02,200.17,5.6
2025-12-21 23:00:00,STATION_B_02,203.06,5.0
2025-12-22 00:00:00,STATION_B_02,316.51,2.3
2025-12-22 01:00:00,STATION_B_02,,0.8
2025-12-22 02:00:00,STATION_B_02,317.51,2.0
2025-12-22 03:00:00,STATION_B_02,,1.0
2025-12-22 04:00:00,STATION_B_02,325.43,4.8
2025-12-22 05:00:00,STATION_B_02,323.63,1.9
2025-12-22 06:00:00,STATION_B_02,331.88,3.1
2025-12-22 07:00:00,STATION_B_02,417.96,8.7
2025-12-22 08:00:00,STATION_B_02,630.23,5.0
2025-12-22 09:00:00,STATION_B_02,811.8,7.6
2025-12-22 10:00:00,STATION_B_02,975.1,9.0
2025-12-22 11:00:00,STATION_B_02,1032.59,10.3
2025-12-22 12:00:00,STATION_B_02,1113.39,10.5
2025-12-22 13:00:00,STATION_B_02,1015.31,11.1
2025-12-22 14:00:00,STATION_B_02,1101.17,11.4
2025-12-22 15:00:00,STATION_B_02,1042.64,10.4
2025-12-22 16:00:00,STATION_B_02,971.54,11.8
2025-12-22 17:00:00,STATION_B_02,795.03,14.4
2025-12-22 18:00:00,STATION_B_02,592.32,12.2
2025-12-22 19:00:00,STATION_B_02,404.24,9.6
2025-12-22 20:00:00,STATION_B_02,342.27,9.4
2025-12-22 21:00:00,STATION_B_02,333.64,5.1
2025-12-22 22:00:00,STATION_B_02,315.24,4.9
2025-12-22 23:00:00,STATION_B_02,327.56,5.9
2025-12-23 00:00:00,STATION_B_02,320.12,5.8
2025-12-23 01:00:00,STATION_B_02,330.77,1.0
2025-12-23 02:00:00,STATION_B_02,343.37,1.0
2025-12-23 03:00:00,STATION_B_02,317.68,5.7
2025-12-23 04:00:00,STATION_B_02,336.66,2.1
2025-12-23 05:00:00,STATION_B_02,328.32,5.7
2025-12-23 06:00:00,STATION_B_02,341.65,3.5
2025-12-23 07:00:00,STATION_B_02,427.08,4.6
2025-12-23 08:00:00,STATION_B_02,615.39,4.8
2025-12-23 09:00:00,STATION_B_02,803.68,8.2
2025-12-23 10:00:00,STATION_B_02,968.38,10.2
2025-12-23 11:00:00,STATION_B_02,1043.62,7.1
2025-12-23 12:00:00,STATION_B_02,1071.98,9.3
2025-12-23 13:00:00,STATION_B_02,1102.76,12.3
2025-12-23 14:00:00,STATION_B_02,1087.6,10.9
2025-12-23 15:00:00,STATION_B_02,1016.61,10.5
2025-12-23 16:00:00,STATION_B_02,964.17,13.0
2025-12-23 17:00:00,STATION_B_02,816.35,12.7
2025-12-23 18:00:00,STATION_B_02,610.73,9.1
2025-12-23 19:00:00,STATION_B_02,406.83,9.3
2025-12-23 20:00:00,STATION_B_02,329.18,5.6
2025-12-23 21:00:00,STATION_B_02,325.11,4.9
2025-12-23 22:00:00,STATION_B_02,328.4,5.5
2025-12-23 23:00:00,STATION_B_02,327.56,4.2
2025-12-24 00:00:00,STATION_B_02,323.25,1.3
2025-12-24 01:00:00,STATION_B_02,346.45,1.0
2025-12-24 02:00:00,STATION_B_02,332.14,-0.1
2025-12-24 03:00:00,STATION_B_02,330.8,2.5
2025-12-24 04:00:00,STATION_B_02,329.68,-1.7
2025-12-24 05:00:00,STATION_B_02,342.86,0.5
2025-12-24 06:00:00,STATION_B_02,355.67,-0.3
2025-12-24 07:00:00,STATION_B_02,427.38,4.8
2025-12-24 08:00:00,STATION_B_02,602.58,2.0
2025-12-24 09:00:00,STATION_B_02,861.74,6.5
2025-12-24 10:00:00,STATION_B_02,1004.37,10.7
2025-12-24 11:00:00,STATION_B_02,1079.87,11.9
2025-12-24 12:00:00,STATION_B_02,1097.9,6.6
2025-12-24 13:00:00,STATION_B_02,1072.8,
2025-12-24 14:00:00,STATION_B_02,1077.91,9.3
2025-12-24 15:00:00,STATION_B_02,1129.11,9.1
2025-12-24 16:00:00,STATION_B_02,970.02,10.9
2025-12-24 17:00:00,STATION_B_02,788.3,12.8
2025-12-24 18:00:00,STATION_B_02,590.12,10.9
2025-12-24 19:00:00,STATION_B_02,412.74,7.6
2025-12-24 20:00:00,STATION_B_02,346.88,9.0
2025-12-24 21:00:00,STATION_B_02,318.73,2.4
2025-12-24 22:00:00,STATION_B_02,322.34,3.9
2025-12-24 23:00:00,STATION_B_02,330.65,2.6
2025-12-25 00:00:00,STATION_B_02,340.03,3.1
2025-12-25 01:00:00,STATION_B_02,337.23,1.9
2025-12-25 02:00:00,STATION_B_02,345.6,1.5
2025-12-25 03:00:00,STATION_B_02,334.97,1.3
2025-12-25 04:00:00,STATION_B_02,329.47,1.8
2025-12-25 05:00:00,STATION_B_02,337.55,3.2
2025-12-25 06:00:00,STATION_B_02,333.64,3.3
2025-12-25 07:00:00,STATION_B_02,408.83,3.5
2025-12-25 08:00:00,STATION_B_02,627.63,5.9
2025-12-25 09:00:00,STATION_B_02,839.8,7.9
2025-12-25 10:00:00,STATION_B_02,1032.11,6.6
2025-12-25 11:00:00,STATION_B_02,1047.68,8.7
2025-12-25 12:00:00,STATION_B_02,1109.21,
2025-12-25 13:00:00,STATION_B_02,1110.54,8.6
2025-12-25 14:00:00,STATION_B_02,1060.25,14.3
2025-12-25 15:00:00,STATION_B_02,1076.73,8.8
2025-12-25 16:00:00,STATION_B_02,998.18,10.4
2025-12-25 17:00:00,STATION_B_02,812.99,8.8
2025-12-25 18:00:00,STATION_B_02,583.97,13.7
2025-12-25 19:00:00,STATION_B_02,422.86,7.9
2025-12-25 20:00:00,STATION_B_02,336.71,6.7
2025-12-25 21:00:00,STATION_B_02,313.96,5.7
2025-12-25 22:00:00,STATION_B_02,328.44,5.3
2025-12-25 23:00:00,STATION_B_02,335.96,3.4
2025-12-26 00:00:00,STATION_B_02,340.07,2.7
2025-12-26 01:00:00,STATION_B_02,345.97,-4.2
2025-12-26 02:00:00,STATION_B_02,339.3,1.8
2025-12-26 03:00:00,STATION_B_02,341.13,1.5
2025-12-26 04:00:00,STATION_B_02,330.28,3.5
2025-12-26 05:00:00,STATION_B_02,311.1,4.5
2025-12-26 06:00:00,STATION_B_02,358.58,2.6
2025-12-26 07:00:00,STATION_B_02,415.54,5.4
2025-12-26 08:00:00,STATION_B_02,603.58,3.1
2025-12-26 09:00:00,STATION_B_02,814.45,7.7
2025-12-26 10:00:00,STATION_B_02,1075.73,6.5
2025-12-26 11:00:00,STATION_B_02,1097.73,6.6
2025-12-26 12:00:00,STATION_B_02,1059.96,9.4
2025-12-26 13:00:00,STATION_B_02,1053.09,13.0
2025-12-26 14:00:00,STATION_B_02,1079.7,11.3
2025-12-26 15:00:00,STATION_B_02,1063.7,13.8
2025-12-26 16:00:00,STATION_B_02,1003.28,9.6
2025-12-26 17:00:00,STATION_B_02,800.48,12.4
2025-12-26 18:00:00,STATION_B_02,611.42,8.5
2025-12-26 19:00:00,STATION_B_02,411.46,9.1
2025-12-26 20:00:00,STATION_B_02,348.83,7.9
2025-12-26 21:00:00,STATION_B_02,325.21,7.5
2025-12-26 22:00:00,STATION_B_02,320.19,5.5
2025-12-26 23:00:00,STATION_B_02,336.98,2.6
2025-12-27 00:00:00,STATION_B_02,206.16,4.4
2025-12-27 01:00:00,STATION_B_02,200.89,5.2
2025-12-27 02:00:00,STATION_B_02,211.71,0.6
2025-12-27 03:00:00,STATION_B_02,213.46,-1.9
2025-12-27 04:00:00,STATION_B_02,212.38,2.5
2025-12-27 05:00:00,STATION_B_02,211.43,1.5
2025-12-27 06:00:00,STATION_B_02,215.23,2.6
2025-12-27 07:00:00,STATION_B_02,253.57,4.8
2025-12-27 08:00:00,STATION_B_02,386.67,4.2
2025-12-27 09:00:00,STATION_B_02,530.84,5.8
2025-12-27 10:00:00,STATION_B_02,626.95,7.3
2025-12-27 11:00:00,STATION_B_02,608.5,11.3
2025-12-27 12:00:00,STATION_B_02,688.45,9.7
2025-12-27 13:00:00,STATION_B_02,665.94,8.2
2025-12-27 14:00:00,STATION_B_02,691.7,8.7
2025-12-27 15:00:00,STATION_B_02,689.37,11.3
2025-12-27 16:00:00,STATION_B_02,617.55,8.8
2025-12-27 17:00:00,STATION_B_02,527.68,7.6
2025-12-27 18:00:00,STATION_B_02,373.47,10.8
2025-12-27 19:00:00,STATION_B_02,262.63,9.9
2025-12-27 20:00:00,STATION_B_02,212.86,6.8
2025-12-27 21:00:00,STATION_B_02,199.91,6.8
2025-12-27 22:00:00,STATION_B_02,198.52,5.3
2025-12-27 23:00:00,STATION_B_02,212.1,4.9
2025-12-28 00:00:00,STATION_B_02,207.6,3.9
2025-12-28 01:00:00,STATION_B_02,215.99,-2.7
2025-12-28 02:00:00,STATION_B_02,210.02,1.1
2025-12-28 03:00:00,STATION_B_02,211.98,2.3
2025-12-28 04:00:00,STATION_B_02,203.32,0.8
2025-12-28 05:00:00,STATION_B_02,208.11,2.1
2025-12-28 06:00:00,STATION_B_02,218.41,4.1
2025-12-28 07:00:00,STATION_B_02,276.13,3.9
2025-12-28 08:00:00,STATION_B_02,406.21,7.6
2025-12-28 09:00:00,STATION_B_02,527.3,8.2
2025-12-28 10:00:00,STATION_B_02,617.49,7.2
2025-12-28 11:00:00,STATION_B_02,650.93,8.2
2025-12-28 12:00:00,STATION_B_02,678.97,4.4
2025-12-28 13:00:00,STATION_B_02,665.47,9.7
2025-12-28 14:00:00,STATION_B_02,631.25,8.4
2025-12-28 15:00:00,STATION_B_02,650.28,11.4
2025-12-28 16:00:00,STATION_B_02,628.44,11.1
2025-12-28 17:00:00,STATION_B_02,514.54,11.6
2025-12-28 18:00:00,STATION_B_02,369.47,12.1
2025-12-28 19:00:00,STATION_B_02,250.49,8.5
2025-12-28 20:00:00,STATION_B_02,213.97,11.5
2025-12-28 21:00:00,STATION_B_02,206.12,6.6
2025-12-28 22:00:00,STATION_B_02,206.44,2.6
2025-12-28 23:00:00,STATION_B_02,194.51,2.8
2025-12-29 00:00:00,STATION_B_02,330.55,2.0
2025-12-29 01:00:00,STATION_B_02,337.1,3.0
2025-12-29 02:00:00,STATION_B_02,338.04,-0.2
2025-12-29 03:00:00,STATION_B_02,338.44,0.8
2025-12-29 04:00:00,STATION_B_02,342.15,1.2
2025-12-29 05:00:00,STATION_B_02,338.71,1.2
2025-12-29 06:00:00,STATION_B_02,354.55,4.2
2025-12-29 07:00:00,STATION_B_02,420.85,4.9
2025-12-29 08:00:00,STATION_B_02,596.76,7.0
2025-12-29 09:00:00,STATION_B_02,865.27,5.5
2025-12-29 10:00:00,STATION_B_02,1023.25,9.5
2025-12-29 11:00:00,STATION_B_02,1112.57,6.1
2025-12-29 12:00:00,STATION_B_02,1115.33,7.0
2025-12-29 13:00:00,STATION_B_02,1097.88,8.1
2025-12-29 14:00:00,STATION_B_02,1098.1,10.8
2025-12-29 15:00:00,STATION_B_02,1072.56,13.1
2025-12-29 16:00:00,STATION_B_02,1016.22,9.7
2025-12-29 17:00:00,STATION_B_02,896.21,9.4
2025-12-29 18:00:00,STATION_B_02,595.61,9.1
2025-12-29 19:00:00,STATION_B_02,456.35,9.5
2025-12-29 20:00:00,STATION_B_02,333.7,6.5
2025-12-29 21:00:00,STATION_B_02,334.58,5.2
2025-12-29 22:00:00,STATION_B_02,323.88,2.4
2025-12-29 23:00:00,STATION_B_02,336.54,2.7
2025-12-30 00:00:00,STATION_B_02,340.09,4.8
2025-12-30 01:00:00,STATION_B_02,336.06,2.1
2025-12-30 02:00:00,STATION_B_02,347.37,0.1
2025-12-30 03:00:00,STATION_B_02,329.94,3.5
2025-12-30 04:00:00,STATION_B_02,320.36,0.4
2025-12-30 05:00:00,STATION_B_02,338.7,4.5
2025-12-30 06:00:00,STATION_B_02,348.34,5.2
2025-12-30 07:00:00,STATION_B_02,428.34,3.8
2025-12-30 08:00:00,STATION_B_02,625.35,2.1
2025-12-30 09:00:00,STATION_B_02,847.57,10.2
2025-12-30 10:00:00,STATION_B_02,994.06,8.0
2025-12-30 11:00:00,STATION_B_02,1102.35,7.9
2025-12-30 12:00:00,STATION_B_02,1126.96,11.2
2025-12-30 13:00:00,STATION_B_02,1151.36,11.5
2025-12-30 14:00:00,STATION_B_02,1123.0,13.0
2025-12-30 15:00:00,STATION_B_02,1087.14,9.7
2025-12-30 16:00:00,STATION_B_02,1006.77,11.3
2025-12-30 17:00:00,STATION_B_02,838.22,8.1
2025-12-30 18:00:00,STATION_B_02,600.24,10.6
2025-12-30 19:00:00,STATION_B_02,434.13,8.4
2025-12-30 20:00:00,STATION_B_02,341.13,7.8
2025-12-30 21:00:00,STATION_B_02,334.39,5.8
2025-12-30 22:00:00,STATION_B_02,324.0,4.4
2025-12-30 23:00:00,STATION_B_02,347.72,2.1
2025-12-31 00:00:00,STATION_B_02,330.92,4.0
2025-12-31 01:00:00,STATION_B_02,342.38,4.5
2025-12-31 02:00:00,STATION_B_02,333.12,0.4
2025-12-31 03:00:00,STATION_B_02,329.91,2.2
2025-12-31 04:00:00,STATION_B_02,348.26,2.1
2025-12-31 05:00:00,STATION_B_02,332.7,1.9
2025-12-31 06:00:00,STATION_B_02,343.05,-0.1
2025-12-31 07:00:00,STATION_B_02,428.06,1.3
2025-12-31 08:00:00,STATION_B_02,644.37,3.3
2025-12-31 09:00:00,STATION_B_02,890.22,2.1
2025-12-31 10:00:00,STATION_B_02,989.95,9.8
2025-12-31 11:00:00,STATION_B_02,1070.83,9.1
2025-12-31 12:00:00,STATION_B_02,1125.14,9.3
2025-12-31 13:00:00,STATION_B_02,1161.75,6.2
2025-12-31 14:00:00,STATION_B_02,1114.14,7.3
2025-12-31 15:00:00,STATION_B_02,1095.42,10.8
2025-12-31 16:00:00,STATION_B_02,1011.48,14.2
2025-12-31 17:00:00,STATION_B_02,893.55,8.9
2025-12-31 18:00:00,STATION_B_02,590.17,10.9
2025-12-31 19:00:00,STATION_B_02,420.03,7.5
2025-12-31 20:00:00,STATION_B_02,341.05,7.3
2025-12-31 21:00:00,STATION_B_02,335.57,8.2
2025-12-31 22:00:00,STATION_B_02,331.42,4.1
2025-12-31 23:00:00,STATION_B_02,339.04,2.4
2025-01-31 10:00:00,STATION_A_01,438.2,7.8
2025-06-26 14:00:00,STATION_A_01,454.88,31.1
2025-12-23 21:00:00,STATION_B_02,325.11,4.9
2025-04-14 03:00:00,STATION_B_02,294.93,10.9
2025-05-25 04:00:00,STATION_B_02,167.69,18.5
2025-06-03 00:00:00,STATION_A_01,360.29,21.9
