时间戳,电站编号,实际功率,理论功率,辐照度,天气类型
2025-01-01 00:00:00,PV_STATION_P_01,0.0,0.0,0.0,晴
2025-01-01 01:00:00,PV_STATION_P_01,0.0,0.0,0.0,晴
2025-01-01 02:00:00,PV_STATION_P_01,0.0,0.0,0.0,晴
2025-01-01 03:00:00,PV_STATION_P_01,0.0,0.0,0.0,晴
2025-01-01 04:00:00,PV_STATION_P_01,0.0,0.0,0.0,晴
2025-01-01 05:00:00,PV_STATION_P_01,0.0,0.0,0.0,晴
2025-01-01 06:00:00,PV_STATION_P_01,0.0,0.0,0.0,晴
2025-01-01 07:00:00,PV_STATION_P_01,97.5,90.28,75.2,晴
2025-01-01 08:00:00,PV_STATION_P_01,285.26,309.08,231.1,晴
2025-01-01 09:00:00,PV_STATION_P_01,514.4,505.35,421.1,晴
2025-01-01 10:00:00,PV_STATION_P_01,639.63,664.77,522.2,晴
2025-01-01 11:00:00,PV_STATION_P_01,745.07,775.74,624.4,晴
2025-01-01 12:00:00,PV_STATION_P_01,829.73,830.15,691.8,晴
2025-01-01 13:00:00,PV_STATION_P_01,810.43,824.04,686.7,晴
2025-01-01 14:00:00,PV_STATION_P_01,748.55,757.87,631.6,晴
2025-01-01 15:00:00,PV_STATION_P_01,644.49,636.44,530.4,晴
2025-01-01 16:00:00,PV_STATION_P_01,466.85,468.62,390.5,晴
2025-01-01 17:00:00,PV_STATION_P_01,282.12,266.63,222.2,晴
2025-01-01 18:00:00,PV_STATION_P_01,46.54,45.21,34.7,晴
2025-01-01 19:00:00,PV_STATION_P_01,0.0,0.0,0.0,晴
2025-01-01 20:00:00,PV_STATION_P_01,0.0,0.0,0.0,晴
2025-01-01 21:00:00,PV_STATION_P_01,0.0,0.0,0.0,晴
2025-01-01 22:00:00,PV_STATION_P_01,0.0,0.0,0.0,晴
2025-01-01 23:00:00,PV_STATION_P_01,0.0,0.0,0.0,晴
2025-01-02 00:00:00,PV_STATION_P_01,0.0,0.0,0.0,多云
2025-01-02 01:00:00,PV_STATION_P_01,0.0,0.0,0.0,多云
2025-01-02 02:00:00,PV_STATION_P_01,0.0,0.0,0.0,多云
2025-01-02 03:00:00,PV_STATION_P_01,0.0,0.0,0.0,多云
2025-01-02 04:00:00,PV_STATION_P_01,0.0,0.0,0.0,多云
2025-01-02 05:00:00,PV_STATION_P_01,0.0,0.0,0.0,多云
2025-01-02 06:00:00,PV_STATION_P_01,0.0,0.0,0.0,多云
2025-01-02 07:00:00,PV_STATION_P_01,71.7,90.35,50.4,多云
2025-01-02 08:00:00,PV_STATION_P_01,205.17,309.32,156.2,多云
2025-01-02 09:00:00,PV_STATION_P_01,368.97,505.74,286.9,多云
2025-01-02 10:00:00,PV_STATION_P_01,474.82,665.29,378.2,多云
2025-01-02 11:00:00,PV_STATION_P_01,530.95,776.34,443.5,多云
2025-01-02 12:00:00,PV_STATION_P_01,522.8,830.79,430.9,多云
2025-01-02 13:00:00,PV_STATION_P_01,559.47,824.68,472.9,多云
2025-01-02 14:00:00,PV_STATION_P_01,551.54,758.45,449.7,多云
2025-01-02 15:00:00,PV_STATION_P_01,386.47,636.93,333.1,多云
2025-01-02 16:00:00,PV_STATION_P_01,328.69,468.98,266.8,多云
2025-01-02 17:00:00,PV_STATION_P_01,173.34,266.84,140.8,多云
2025-01-02 18:00:00,PV_STATION_P_01,39.48,45.24,24.8,多云
2025-01-02 19:00:00,PV_STATION_P_01,0.0,0.0,0.0,多云
2025-01-02 20:00:00,PV_STATION_P_01,0.0,0.0,0.0,多云
2025-01-02 21:00:00,PV_STATION_P_01,0.0,0.0,0.0,多云
2025-01-02 22:00:00,PV_STATION_P_01,0.0,0.0,0.0,多云
2025-01-02 23:00:00,PV_STATION_P_01,0.0,0.0,0.0,多云
2025-01-03 00:00:00,PV_STATION_P_01,0.0,0.0,0.0,多云
2025-01-03 01:00:00,PV_STATION_P_01,0.0,0.0,0.0,多云
2025-01-03 02:00:00,PV_STATION_P_01,0.0,0.0,0.0,多云
2025-01-03 03:00:00,PV_STATION_P_01,0.0,0.0,0.0,多云
2025-01-03 04:00:00,PV_STATION_P_01,0.0,0.0,0.0,多云
2025-01-03 05:00:00,PV_STATION_P_01,0.0,0.0,0.0,多云
2025-01-03 06:00:00,PV_STATION_P_01,0.0,0.0,0.0,多云
2025-01-03 07:00:00,PV_STATION_P_01,59.67,90.43,51.1,多云
2025-01-03 08:00:00,PV_STATION_P_01,213.51,309.58,168.9,多云
2025-01-03 09:00:00,PV_STATION_P_01,348.74,506.16,280.5,多云
2025-01-03 10:00:00,PV_STATION_P_01,475.61,665.84,388.6,多云
2025-01-03 11:00:00,PV_STATION_P_01,501.12,776.98,418.2,多云
2025-01-03 12:00:00,PV_STATION_P_01,572.54,831.48,476.8,多云
2025-01-03 13:00:00,PV_STATION_P_01,576.09,825.37,486.7,多云
2025-01-03 14:00:00,PV_STATION_P_01,545.15,759.08,446.3,多云
2025-01-03 15:00:00,PV_STATION_P_01,422.51,637.46,347.3,多云
2025-01-03 16:00:00,PV_STATION_P_01,309.46,469.37,245.6,多云
2025-01-03 17:00:00,PV_STATION_P_01,178.33,267.06,141.7,多云
2025-01-03 18:00:00,PV_STATION_P_01,29.9,45.28,22.9,多云
2025-01-03 19:00:00,PV_STATION_P_01,0.0,0.0,0.0,多云
2025-01-03 20:00:00,PV_STATION_P_01,0.0,0.0,0.0,多云
2025-01-03 21:00:00,PV_STATION_P_01,0.0,0.0,0.0,多云
2025-01-03 22:00:00,PV_STATION_P_01,0.0,0.0,0.0,多云
2025-01-03 23:00:00,PV_STATION_P_01,0.0,0.0,0.0,多云
2025-01-04 00:00:00,PV_STATION_P_01,0.0,0.0,0.0,晴
2025-01-04 01:00:00,PV_STATION_P_01,0.0,0.0,0.0,晴
2025-01-04 02:00:00,PV_STATION_P_01,0.0,0.0,0.0,晴
2025-01-04 03:00:00,PV_STATION_P_01,0.0,0.0,0.0,晴
2025-01-04 04:00:00,PV_STATION_P_01,0.0,0.0,0.0,晴
2025-01-04 05:00:00,PV_STATION_P_01,0.0,0.0,0.0,晴
2025-01-04 06:00:00,PV_STATION_P_01,0.0,0.0,0.0,晴
2025-01-04 07:00:00,PV_STATION_P_01,89.23,90.51,75.4,晴
2025-01-04 08:00:00,PV_STATION_P_01,325.87,309.86,258.2,晴
2025-01-04 09:00:00,PV_STATION_P_01,499.03,506.61,418.5,晴
2025-01-04 10:00:00,PV_STATION_P_01,646.94,666.44,551.1,晴
2025-01-04 11:00:00,PV_STATION_P_01,754.07,777.68,622.6,晴
2025-01-04 12:00:00,PV_STATION_P_01,821.38,832.23,693.5,晴
2025-01-04 13:00:00,PV_STATION_P_01,807.25,826.11,688.4,晴
2025-01-04 14:00:00,PV_STATION_P_01,754.7,759.76,633.1,晴
2025-01-04 15:00:00,PV_STATION_P_01,626.9,638.03,531.7,晴
2025-01-04 16:00:00,PV_STATION_P_01,446.55,469.79,372.8,晴
2025-01-04 17:00:00,PV_STATION_P_01,269.75,267.3,222.5,晴
2025-01-04 18:00:00,PV_STATION_P_01,32.04,45.32,37.2,晴
2025-01-04 19:00:00,PV_STATION_P_01,0.0,0.0,0.0,晴
2025-01-04 20:00:00,PV_STATION_P_01,0.0,0.0,0.0,晴
2025-01-04 21:00:00,PV_STATION_P_01,0.0,0.0,0.0,晴
2025-01-04 22:00:00,PV_STATION_P_01,0.0,0.0,0.0,晴
2025-01-04 23:00:00,PV_STATION_P_01,0.0,0.0,0.0,晴
2025-01-05 00:00:00,PV_STATION_P_01,0.0,0.0,0.0,阴
2025-01-05 01:00:00,PV_STATION_P_01,0.0,0.0,0.0,阴
2025-01-05 02:00:00,PV_STATION_P_01,0.0,0.0,0.0,阴
2025-01-05 03:00:00,PV_STATION_P_01,0.0,0.0,0.0,阴
2025-01-05 04:00:00,PV_STATION_P_01,0.0,0.0,0.0,阴
2025-01-05 05:00:00,PV_STATION_P_01,0.0,0.0,0.0,阴
2025-01-05 06:00:00,PV_STATION_P_01,0.0,0.0,0.0,阴
2025-01-05 07:00:00,PV_STATION_P_01,40.32,90.6,22.5,阴
2025-01-05 08:00:00,PV_STATION_P_01,103.09,310.15,76.4,阴
2025-01-05 09:00:00,PV_STATION_P_01,169.03,507.1,131.6,阴
2025-01-05 10:00:00,PV_STATION_P_01,220.54,667.08,177.6,阴
2025-01-05 11:00:00,PV_STATION_P_01,227.07,778.43,188.8,阴
2025-01-05 12:00:00,PV_STATION_P_01,280.21,833.03,225.8,阴
2025-01-05 13:00:00,PV_STATION_P_01,246.0,826.9,191.9,阴
2025-01-05 14:00:00,PV_STATION_P_01,247.42,760.49,195.7,阴
2025-01-05 15:00:00,PV_STATION_P_01,195.33,638.65,152.6,阴
2025-01-05 16:00:00,PV_STATION_P_01,142.16,470.24,113.8,阴
2025-01-05 17:00:00,PV_STATION_P_01,78.5,267.56,67.1,阴
2025-01-05 18:00:00,PV_STATION_P_01,22.06,45.37,11.1,阴
2025-01-05 19:00:00,PV_STATION_P_01,0.0,0.0,0.0,阴
2025-01-05 20:00:00,PV_STATION_P_01,0.0,0.0,0.0,阴
2025-01-05 21:00:00,PV_STATION_P_01,0.0,0.0,0.0,阴
2025-01-05 22:00:00,PV_STATION_P_01,0.0,0.0,0.0,阴
2025-01-05 23:00:00,PV_STATION_P_01,0.0,0.0,0.0,阴
2025-01-06 00:00:00,PV_STATION_P_01,0.0,0.0,0.0,雨
2025-01-06 01:00:00,PV_STATION_P_01,0.0,0.0,0.0,雨
2025-01-06 02:00:00,PV_STATION_P_01,0.0,0.0,0.0,雨
2025-01-06 03:00:00,PV_STATION_P_01,0.0,0.0,0.0,雨
2025-01-06 04:00:00,PV_STATION_P_01,0.0,0.0,0.0,雨
2025-01-06 05:00:00,PV_STATION_P_01,0.0,0.0,0.0,雨
2025-01-06 06:00:00,PV_STATION_P_01,0.0,0.0,0.0,雨
2025-01-06 07:00:00,PV_STATION_P_01,11.7,90.69,11.0,雨
2025-01-06 08:00:00,PV_STATION_P_01,40.26,310.47,37.5,雨
2025-01-06 09:00:00,PV_STATION_P_01,71.8,507.62,56.9,雨
2025-01-06 10:00:00,PV_STATION_P_01,100.39,667.76,78.8,雨
2025-01-06 11:00:00,PV_STATION_P_01,118.23,779.22,89.6,雨
2025-01-06 12:00:00,PV_STATION_P_01,124.68,833.88,95.9,雨
2025-01-06 13:00:00,PV_STATION_P_01,135.94,827.74,102.1,雨
2025-01-06 14:00:00,PV_STATION_P_01,107.46,761.27,95.8,雨
2025-01-06 15:00:00,PV_STATION_P_01,77.9,639.3,65.8,雨
2025-01-06 16:00:00,PV_STATION_P_01,69.07,470.72,54.2,雨
2025-01-06 17:00:00,PV_STATION_P_01,42.35,267.83,30.8,雨
2025-01-06 18:00:00,PV_STATION_P_01,21.77,45.41,5.6,雨
2025-01-06 19:00:00,PV_STATION_P_01,0.0,0.0,0.0,雨
2025-01-06 20:00:00,PV_STATION_P_01,0.0,0.0,0.0,雨
2025-01-06 21:00:00,PV_STATION_P_01,0.0,0.0,0.0,雨
2025-01-06 22:00:00,PV_STATION_P_01,0.0,0.0,0.0,雨
2025-01-06 23:00:00,PV_STATION_P_01,0.0,0.0,0.0,雨
2025-01-07 00:00:00,PV_STATION_P_01,0.0,0.0,0.0,雨
2025-01-07 01:00:00,PV_STATION_P_01,0.0,0.0,0.0,雨
2025-01-07 02:00:00,PV_STATION_P_01,0.0,0.0,0.0,雨
2025-01-07 03:00:00,PV_STATION_P_01,0.0,0.0,0.0,雨
2025-01-07 04:00:00,PV_STATION_P_01,0.0,0.0,0.0,雨
2025-01-07 05:00:00,PV_STATION_P_01,0.0,0.0,0.0,雨
2025-01-07 06:00:00,PV_STATION_P_01,0.0,0.0,0.0,雨
2025-01-07 07:00:00,PV_STATION_P_01,22.9,90.79,9.7,雨
2025-01-07 08:00:00,PV_STATION_P_01,34.5,310.8,36.0,雨
2025-01-07 09:00:00,PV_STATION_P_01,74.06,508.16,56.9,雨
2025-01-07 10:00:00,PV_STATION_P_01,95.91,668.48,78.8,雨
2025-01-07 11:00:00,PV_STATION_P_01,119.53,780.06,93.9,雨
2025-01-07 12:00:00,PV_STATION_P_01,128.45,834.78,104.2,雨
2025-01-07 13:00:00,PV_STATION_P_01,127.0,828.64,107.9,雨
2025-01-07 14:00:00,PV_STATION_P_01,121.2,762.09,89.8,雨
2025-01-07 15:00:00,PV_STATION_P_01,90.55,639.99,73.5,雨
2025-01-07 16:00:00,PV_STATION_P_01,64.4,471.23,53.9,雨
2025-01-07 17:00:00,PV_STATION_P_01,38.29,268.12,29.8,雨
2025-01-07 18:00:00,PV_STATION_P_01,0.77,45.46,5.4,雨
2025-01-07 19:00:00,PV_STATION_P_01,0.0,0.0,0.0,雨
2025-01-07 20:00:00,PV_STATION_P_01,0.0,0.0,0.0,雨
2025-01-07 21:00:00,PV_STATION_P_01,0.0,0.0,0.0,雨
2025-01-07 22:00:00,PV_STATION_P_01,0.0,0.0,0.0,雨
2025-01-07 23:00:00,PV_STATION_P_01,0.0,0.0,0.0,雨
2025-01-08 00:00:00,PV_STATION_P_01,0.0,0.0,0.0,阴
2025-01-08 01:00:00,PV_STATION_P_01,0.0,0.0,0.0,阴
2025-01-08 02:00:00,PV_STATION_P_01,0.0,0.0,0.0,阴
2025-01-08 03:00:00,PV_STATION_P_01,0.0,0.0,0.0,阴
2025-01-08 04:00:00,PV_STATION_P_01,0.0,0.0,0.0,阴
2025-01-08 05:00:00,PV_STATION_P_01,0.0,0.0,0.0,阴
2025-01-08 06:00:00,PV_STATION_P_01,0.0,0.0,0.0,阴
2025-01-08 07:00:00,PV_STATION_P_01,23.75,90.89,23.6,阴
2025-01-08 08:00:00,PV_STATION_P_01,107.95,311.16,79.3,阴
2025-01-08 09:00:00,PV_STATION_P_01,158.77,508.74,117.7,阴
2025-01-08 10:00:00,PV_STATION_P_01,212.35,669.24,174.7,阴
2025-01-08 11:00:00,PV_STATION_P_01,223.1,780.95,182.7,阴
2025-01-08 12:00:00,PV_STATION_P_01,263.29,835.73,220.9,阴
2025-01-08 13:00:00,PV_STATION_P_01,249.85,829.58,200.7,阴
2025-01-08 14:00:00,PV_STATION_P_01,223.02,762.96,176.3,阴
2025-01-08 15:00:00,PV_STATION_P_01,231.16,640.72,177.2,阴
2025-01-08 16:00:00,PV_STATION_P_01,141.86,471.77,108.8,阴
2025-01-08 17:00:00,PV_STATION_P_01,82.73,268.42,64.4,阴
2025-01-08 18:00:00,PV_STATION_P_01,14.37,45.51,11.0,阴
2025-01-08 19:00:00,PV_STATION_P_01,0.0,0.0,0.0,阴
2025-01-08 20:00:00,PV_STATION_P_01,0.0,0.0,0.0,阴
2025-01-08 21:00:00,PV_STATION_P_01,0.0,0.0,0.0,阴
2025-01-08 22:00:00,PV_STATION_P_01,0.0,0.0,0.0,阴
2025-01-08 23:00:00,PV_STATION_P_01,0.0,0.0,0.0,阴
2025-01-09 00:00:00,PV_STATION_P_01,0.0,0.0,0.0,多云
2025-01-09 01:00:00,PV_STATION_P_01,0.0,0.0,0.0,多云
2025-01-09 02:00:00,PV_STATION_P_01,0.0,0.0,0.0,多云
2025-01-09 03:00:00,PV_STATION_P_01,0.0,0.0,0.0,多云
2025-01-09 04:00:00,PV_STATION_P_01,0.0,0.0,0.0,多云
2025-01-09 05:00:00,PV_STATION_P_01,0.0,0.0,0.0,多云
2025-01-09 06:00:00,PV_STATION_P_01,0.0,0.0,0.0,多云
2025-01-09 07:00:00,PV_STATION_P_01,69.42,91.0,52.5,多云
2025-01-09 08:00:00,PV_STATION_P_01,216.37,311.53,167.7,多云
2025-01-09 09:00:00,PV_STATION_P_01,361.11,509.36,289.0,多云
2025-01-09 10:00:00,PV_STATION_P_01,465.0,670.05,374.3,多云
2025-01-09 11:00:00,PV_STATION_P_01,512.99,781.89,418.1,多云
2025-01-09 12:00:00,PV_STATION_P_01,512.8,836.73,432.1,多云
2025-01-09 13:00:00,PV_STATION_P_01,557.06,830.58,457.4,多云
2025-01-09 14:00:00,PV_STATION_P_01,523.78,763.88,432.5,多云
2025-01-09 15:00:00,PV_STATION_P_01,435.72,641.49,353.1,多云
2025-01-09 16:00:00,PV_STATION_P_01,313.06,472.33,257.4,多云
2025-01-09 17:00:00,PV_STATION_P_01,177.0,268.75,148.0,多云
2025-01-09 18:00:00,PV_STATION_P_01,39.34,45.57,24.7,多云
2025-01-09 19:00:00,PV_STATION_P_01,0.0,0.0,0.0,多云
2025-01-09 20:00:00,PV_STATION_P_01,0.0,0.0,0.0,多云
2025-01-09 21:00:00,PV_STATION_P_01,0.0,0.0,0.0,多云
2025-01-09 22:00:00,PV_STATION_P_01,0.0,0.0,0.0,多云
2025-01-09 23:00:00,PV_STATION_P_01,0.0,0.0,0.0,多云
2025-01-10 00:00:00,PV_STATION_P_01,0.0,0.0,0.0,晴
2025-01-10 01:00:00,PV_STATION_P_01,0.0,0.0,0.0,晴
2025-01-10 02:00:00,PV_STATION_P_01,0.0,0.0,0.0,晴
2025-01-10 03:00:00,PV_STATION_P_01,0.0,0.0,0.0,晴
2025-01-10 04:00:00,PV_STATION_P_01,0.0,0.0,0.0,晴
2025-01-10 05:00:00,PV_STATION_P_01,0.0,0.0,0.0,晴
2025-01-10 06:00:00,PV_STATION_P_01,0.0,0.0,0.0,晴
2025-01-10 07:00:00,PV_STATION_P_01,96.1,91.11,75.9,晴
2025-01-10 08:00:00,PV_STATION_P_01,332.89,311.93,253.8,晴
2025-01-10 09:00:00,PV_STATION_P_01,518.8,510.0,425.0,晴
2025-01-10 10:00:00,PV_STATION_P_01,673.68,670.89,558.4,晴
2025-01-10 11:00:00,PV_STATION_P_01,,782.87,647.6,晴
2025-01-10 12:00:00,PV_STATION_P_01,818.73,837.79,698.2,晴
2025-01-10 13:00:00,PV_STATION_P_01,810.38,831.63,693.0,晴
2025-01-10 14:00:00,PV_STATION_P_01,740.6,764.84,637.4,晴
2025-01-10 15:00:00,PV_STATION_P_01,669.38,642.29,535.2,晴
2025-01-10 16:00:00,PV_STATION_P_01,468.35,472.93,394.1,晴
2025-01-10 17:00:00,PV_STATION_P_01,258.77,269.08,216.3,晴
2025-01-10 18:00:00,PV_STATION_P_01,52.19,45.62,38.0,晴
2025-01-10 19:00:00,PV_STATION_P_01,0.0,0.0,0.0,晴
2025-01-10 20:00:00,PV_STATION_P_01,0.0,0.0,0.0,晴
2025-01-10 21:00:00,PV_STATION_P_01,0.0,0.0,0.0,晴
2025-01-10 22:00:00,PV_STATION_P_01,0.0,0.0,0.0,晴
2025-01-10 23:00:00,PV_STATION_P_01,0.0,0.0,0.0,晴
2025-01-11 00:00:00,PV_STATION_P_01,0.0,0.0,0.0,晴
2025-01-11 01:00:00,PV_STATION_P_01,0.0,0.0,0.0,晴
2025-01-11 02:00:00,PV_STATION_P_01,0.0,0.0,0.0,晴
2025-01-11 03:00:00,PV_STATION_P_01,0.0,0.0,0.0,晴
2025-01-11 04:00:00,PV_STATION_P_01,0.0,0.0,0.0,晴
2025-01-11 05:00:00,PV_STATION_P_01,0.0,0.0,0.0,晴
2025-01-11 06:00:00,PV_STATION_P_01,0.0,0.0,0.0,晴
2025-01-11 07:00:00,PV_STATION_P_01,89.88,91.23,76.0,晴
2025-01-11 08:00:00,PV_STATION_P_01,337.86,312.34,260.3,晴
2025-01-11 09:00:00,PV_STATION_P_01,499.65,510.67,406.2,晴
2025-01-11 10:00:00,PV_STATION_P_01,625.66,671.77,529.7,晴
2025-01-11 11:00:00,PV_STATION_P_01,774.68,783.91,653.3,晴
2025-01-11 12:00:00,PV_STATION_P_01,804.1,838.89,686.2,晴
2025-01-11 13:00:00,PV_STATION_P_01,818.33,832.72,693.9,晴
2025-01-11 14:00:00,PV_STATION_P_01,752.29,765.85,638.2,晴
2025-01-11 15:00:00,PV_STATION_P_01,630.56,643.14,523.7,晴
2025-01-11 16:00:00,PV_STATION_P_01,465.08,473.55,382.8,晴
2025-01-11 17:00:00,PV_STATION_P_01,283.3,269.44,220.9,晴
2025-01-11 18:00:00,PV_STATION_P_01,53.6,45.68,38.1,晴
2025-01-11 19:00:00,PV_STATION_P_01,0.0,0.0,0.0,晴
2025-01-11 20:00:00,PV_STATION_P_01,0.0,0.0,0.0,晴
2025-01-11 21:00:00,PV_STATION_P_01,0.0,0.0,0.0,晴
2025-01-11 22:00:00,PV_STATION_P_01,0.0,0.0,0.0,晴
2025-01-11 23:00:00,PV_STATION_P_01,0.0,0.0,0.0,晴
2025-01-12 00:00:00,PV_STATION_P_01,0.0,0.0,0.0,晴
2025-01-12 01:00:00,PV_STATION_P_01,0.0,0.0,0.0,晴
2025-01-12 02:00:00,PV_STATION_P_01,0.0,0.0,0.0,晴
2025-01-12 03:00:00,PV_STATION_P_01,0.0,0.0,0.0,晴
2025-01-12 04:00:00,PV_STATION_P_01,0.0,0.0,0.0,晴
2025-01-12 05:00:00,PV_STATION_P_01,0.0,0.0,0.0,晴
2025-01-12 06:00:00,PV_STATION_P_01,0.0,0.0,0.0,晴
2025-01-12 07:00:00,PV_STATION_P_01,112.77,91.36,76.1,晴
2025-01-12 08:00:00,PV_STATION_P_01,323.92,312.77,260.6,晴
2025-01-12 09:00:00,PV_STATION_P_01,531.6,511.37,423.0,晴
2025-01-12 10:00:00,PV_STATION_P_01,654.93,672.7,545.6,晴
2025-01-12 11:00:00,PV_STATION_P_01,775.09,784.99,654.2,晴
2025-01-12 12:00:00,PV_STATION_P_01,814.06,840.05,688.1,晴
2025-01-12 13:00:00,PV_STATION_P_01,825.57,833.87,693.1,晴
2025-01-12 14:00:00,PV_STATION_P_01,761.67,766.9,639.1,晴
2025-01-12 15:00:00,PV_STATION_P_01,657.72,644.03,536.7,晴
2025-01-12 16:00:00,PV_STATION_P_01,484.8,474.2,395.2,晴
2025-01-12 17:00:00,PV_STATION_P_01,287.19,269.81,224.1,晴
2025-01-12 18:00:00,PV_STATION_P_01,51.73,45.75,38.1,晴
2025-01-12 19:00:00,PV_STATION_P_01,0.0,0.0,0.0,晴
2025-01-12 20:00:00,PV_STATION_P_01,0.0,0.0,0.0,晴
2025-01-12 21:00:00,PV_STATION_P_01,0.0,0.0,0.0,晴
2025-01-12 22:00:00,PV_STATION_P_01,0.0,0.0,0.0,晴
2025-01-12 23:00:00,PV_STATION_P_01,0.0,0.0,0.0,晴
2025-01-13 00:00:00,PV_STATION_P_01,0.0,0.0,0.0,晴
2025-01-13 01:00:00,PV_STATION_P_01,0.0,0.0,0.0,晴
2025-01-13 02:00:00,PV_STATION_P_01,0.0,0.0,0.0,晴
2025-01-13 03:00:00,PV_STATION_P_01,0.0,0.0,0.0,晴
2025-01-13 04:00:00,PV_STATION_P_01,0.0,0.0,0.0,晴
2025-01-13 05:00:00,PV_STATION_P_01,0.0,0.0,0.0,晴
2025-01-13 06:00:00,PV_STATION_P_01,0.0,0.0,0.0,晴
2025-01-13 07:00:00,PV_STATION_P_01,89.07,91.49,75.4,晴
2025-01-13 08:00:00,PV_STATION_P_01,320.76,313.22,254.4,晴
2025-01-13 09:00:00,PV_STATION_P_01,527.24,512.11,426.8,晴
2025-01-13 10:00:00,PV_STATION_P_01,686.3,673.66,561.4,晴
2025-01-13 11:00:00,PV_STATION_P_01,767.56,786.11,655.1,晴
2025-01-13 12:00:00,PV_STATION_P_01,784.91,841.25,667.4,晴
2025-01-13 13:00:00,PV_STATION_P_01,834.18,835.06,695.9,晴
2025-01-13 14:00:00,PV_STATION_P_01,732.15,768.0,635.3,晴
2025-01-13 15:00:00,PV_STATION_P_01,644.27,644.95,537.5,晴
2025-01-13 16:00:00,PV_STATION_P_01,449.09,474.88,374.7,晴
2025-01-13 17:00:00,PV_STATION_P_01,283.44,270.2,225.2,晴
2025-01-13 18:00:00,PV_STATION_P_01,40.87,45.81,36.3,晴
2025-01-13 19:00:00,PV_STATION_P_01,0.0,0.0,0.0,晴
2025-01-13 20:00:00,PV_STATION_P_01,0.0,0.0,0.0,晴
2025-01-13 21:00:00,PV_STATION_P_01,0.0,0.0,0.0,晴
2025-01-13 22:00:00,PV_STATION_P_01,0.0,0.0,0.0,晴
2025-01-13 23:00:00,PV_STATION_P_01,0.0,0.0,0.0,晴
2025-01-14 00:00:00,PV_STATION_P_01,0.0,0.0,0.0,晴
2025-01-14 01:00:00,PV_STATION_P_01,0.0,0.0,0.0,晴
2025-01-14 02:00:00,PV_STATION_P_01,0.0,0.0,0.0,晴
2025-01-14 03:00:00,PV_STATION_P_01,0.0,0.0,0.0,晴
2025-01-14 04:00:00,PV_STATION_P_01,0.0,0.0,0.0,晴
2025-01-14 05:00:00,PV_STATION_P_01,0.0,0.0,0.0,晴
2025-01-14 06:00:00,PV_STATION_P_01,0.0,0.0,0.0,晴
2025-01-14 07:00:00,PV_STATION_P_01,88.47,91.63,71.5,晴
2025-01-14 08:00:00,PV_STATION_P_01,316.84,313.68,256.0,晴
2025-01-14 09:00:00,PV_STATION_P_01,535.87,512.87,427.4,晴
2025-01-14 10:00:00,PV_STATION_P_01,679.43,674.67,562.2,晴
2025-01-14 11:00:00,PV_STATION_P_01,765.97,787.28,624.5,晴
2025-01-14 12:00:00,PV_STATION_P_01,813.63,842.51,680.6,晴
2025-01-14 13:00:00,PV_STATION_P_01,811.51,836.31,696.9,晴
2025-01-14 14:00:00,PV_STATION_P_01,674.59,769.15,576.9,晴
2025-01-14 15:00:00,PV_STATION_P_01,657.12,645.91,538.3,晴
2025-01-14 16:00:00,PV_STATION_P_01,456.21,475.59,376.5,晴
2025-01-14 17:00:00,PV_STATION_P_01,277.67,270.6,220.6,晴
2025-01-14 18:00:00,PV_STATION_P_01,64.73,45.88,38.2,晴
2025-01-14 19:00:00,PV_STATION_P_01,0.0,0.0,0.0,晴
2025-01-14 20:00:00,PV_STATION_P_01,0.0,0.0,0.0,晴
2025-01-14 21:00:00,PV_STATION_P_01,0.0,0.0,0.0,晴
2025-01-14 22:00:00,PV_STATION_P_01,0.0,0.0,0.0,晴
2025-01-14 23:00:00,PV_STATION_P_01,0.0,0.0,0.0,晴
2025-01-15 00:00:00,PV_STATION_P_01,0.0,0.0,0.0,晴
2025-01-15 01:00:00,PV_STATION_P_01,0.0,0.0,0.0,晴
2025-01-15 02:00:00,PV_STATION_P_01,0.0,0.0,0.0,晴
2025-01-15 03:00:00,PV_STATION_P_01,0.0,0.0,0.0,晴
2025-01-15 04:00:00,PV_STATION_P_01,0.0,0.0,0.0,晴
2025-01-15 05:00:00,PV_STATION_P_01,0.0,0.0,0.0,晴
2025-01-15 06:00:00,PV_STATION_P_01,0.0,0.0,0.0,晴
2025-01-15 07:00:00,PV_STATION_P_01,93.44,91.77,68.4,晴
2025-01-15 08:00:00,PV_STATION_P_01,335.74,314.17,259.0,晴
2025-01-15 09:00:00,PV_STATION_P_01,508.33,513.66,413.0,晴
2025-01-15 10:00:00,PV_STATION_P_01,676.78,675.71,563.1,晴
2025-01-15 11:00:00,PV_STATION_P_01,765.16,788.5,642.3,晴
2025-01-15 12:00:00,PV_STATION_P_01,831.89,843.81,703.2,晴
2025-01-15 13:00:00,PV_STATION_P_01,805.57,837.6,693.0,晴
2025-01-15 14:00:00,PV_STATION_P_01,764.39,770.34,628.3,晴
2025-01-15 15:00:00,PV_STATION_P_01,644.96,646.91,539.1,晴
2025-01-15 16:00:00,PV_STATION_P_01,480.38,476.33,396.9,晴
2025-01-15 17:00:00,PV_STATION_P_01,291.12,271.02,225.8,晴
2025-01-15 18:00:00,PV_STATION_P_01,50.62,45.95,38.3,晴
2025-01-15 19:00:00,PV_STATION_P_01,0.0,0.0,0.0,晴
2025-01-15 20:00:00,PV_STATION_P_01,0.0,0.0,0.0,晴
2025-01-15 21:00:00,PV_STATION_P_01,0.0,0.0,0.0,晴
2025-01-15 22:00:00,PV_STATION_P_01,0.0,0.0,0.0,晴
2025-01-15 23:00:00,PV_STATION_P_01,0.0,0.0,0.0,晴
2025-01-16 00:00:00,PV_STATION_P_01,0.0,0.0,0.0,多云
2025-01-16 01:00:00,PV_STATION_P_01,0.0,0.0,0.0,多云
2025-01-16 02:00:00,PV_STATION_P_01,0.0,0.0,0.0,多云
2025-01-16 03:00:00,PV_STATION_P_01,0.0,0.0,0.0,多云
2025-01-16 04:00:00,PV_STATION_P_01,0.0,0.0,0.0,多云
2025-01-16 05:00:00,PV_STATION_P_01,0.0,0.0,0.0,多云
2025-01-16 06:00:00,PV_STATION_P_01,0.0,0.0,0.0,多云
2025-01-16 07:00:00,PV_STATION_P_01,60.65,91.92,53.7,多云
2025-01-16 08:00:00,PV_STATION_P_01,199.2,314.67,155.0,多云
2025-01-16 09:00:00,PV_STATION_P_01,365.05,514.49,308.2,多云
2025-01-16 10:00:00,PV_STATION_P_01,480.28,676.79,399.7,多云
2025-01-16 11:00:00,PV_STATION_P_01,529.1,789.76,422.1,多云
2025-01-16 12:00:00,PV_STATION_P_01,586.84,845.16,488.7,多云
2025-01-16 13:00:00,PV_STATION_P_01,563.39,838.94,464.4,多云
2025-01-16 14:00:00,PV_STATION_P_01,554.83,771.57,459.4,多云
2025-01-16 15:00:00,PV_STATION_P_01,458.09,647.95,373.3,多云
2025-01-16 16:00:00,PV_STATION_P_01,356.25,477.09,291.2,多云
2025-01-16 17:00:00,PV_STATION_P_01,174.32,271.45,137.6,多云
2025-01-16 18:00:00,PV_STATION_P_01,,46.03,25.6,多云
2025-01-16 19:00:00,PV_STATION_P_01,0.0,0.0,0.0,多云
2025-01-16 20:00:00,PV_STATION_P_01,0.0,0.0,0.0,多云
2025-01-16 21:00:00,PV_STATION_P_01,0.0,0.0,0.0,多云
2025-01-16 22:00:00,PV_STATION_P_01,0.0,0.0,0.0,多云
2025-01-16 23:00:00,PV_STATION_P_01,0.0,0.0,0.0,多云
2025-01-17 00:00:00,PV_STATION_P_01,0.0,0.0,0.0,晴
2025-01-17 01:00:00,PV_STATION_P_01,0.0,0.0,0.0,晴
2025-01-17 02:00:00,PV_STATION_P_01,0.0,0.0,0.0,晴
2025-01-17 03:00:00,PV_STATION_P_01,0.0,0.0,0.0,晴
2025-01-17 04:00:00,PV_STATION_P_01,0.0,0.0,0.0,晴
2025-01-17 05:00:00,PV_STATION_P_01,0.0,0.0,0.0,晴
2025-01-17 06:00:00,PV_STATION_P_01,0.0,0.0,0.0,晴
2025-01-17 07:00:00,PV_STATION_P_01,116.04,92.07,76.7,晴
2025-01-17 08:00:00,PV_STATION_P_01,314.37,315.19,254.5,晴
2025-01-17 09:00:00,PV_STATION_P_01,534.29,515.34,426.6,晴
2025-01-17 10:00:00,PV_STATION_P_01,691.86,677.91,564.9,晴
2025-01-17 11:00:00,PV_STATION_P_01,789.61,791.07,659.2,晴
2025-01-17 12:00:00,PV_STATION_P_01,792.23,846.56,663.2,晴
2025-01-17 13:00:00,PV_STATION_P_01,799.93,840.33,672.5,晴
2025-01-17 14:00:00,PV_STATION_P_01,768.88,772.85,644.0,晴
2025-01-17 15:00:00,PV_STATION_P_01,661.47,649.02,540.9,晴
2025-01-17 16:00:00,PV_STATION_P_01,486.43,477.88,398.2,晴
2025-01-17 17:00:00,PV_STATION_P_01,279.44,271.9,226.6,晴
2025-01-17 18:00:00,PV_STATION_P_01,60.86,46.1,38.4,晴
2025-01-17 19:00:00,PV_STATION_P_01,0.0,0.0,0.0,晴
2025-01-17 20:00:00,PV_STATION_P_01,0.0,0.0,0.0,晴
2025-01-17 21:00:00,PV_STATION_P_01,0.0,0.0,0.0,晴
2025-01-17 22:00:00,PV_STATION_P_01,0.0,0.0,0.0,晴
2025-01-17 23:00:00,PV_STATION_P_01,0.0,0.0,0.0,晴
2025-01-18 00:00:00,PV_STATION_P_01,0.0,0.0,0.0,多云
2025-01-18 01:00:00,PV_STATION_P_01,0.0,0.0,0.0,多云
2025-01-18 02:00:00,PV_STATION_P_01,0.0,0.0,0.0,多云
2025-01-18 03:00:00,PV_STATION_P_01,0.0,0.0,0.0,多云
2025-01-18 04:00:00,PV_STATION_P_01,0.0,0.0,0.0,多云
2025-01-18 05:00:00,PV_STATION_P_01,0.0,0.0,0.0,多云
2025-01-18 06:00:00,PV_STATION_P_01,0.0,0.0,0.0,多云
2025-01-18 07:00:00,PV_STATION_P_01,61.34,92.23,48.3,多云
2025-01-18 08:00:00,PV_STATION_P_01,245.55,315.73,187.0,多云
2025-01-18 09:00:00,PV_STATION_P_01,350.23,516.22,280.2,多云
2025-01-18 10:00:00,PV_STATION_P_01,430.39,679.07,368.3,多云
2025-01-18 11:00:00,PV_STATION_P_01,521.86,792.43,432.3,多云
2025-01-18 12:00:00,PV_STATION_P_01,555.65,848.01,459.3,多云
2025-01-18 13:00:00,PV_STATION_P_01,569.55,841.77,474.2,多云
2025-01-18 14:00:00,PV_STATION_P_01,508.78,774.17,417.4,多云
2025-01-18 15:00:00,PV_STATION_P_01,418.05,650.13,332.4,多云
2025-01-18 16:00:00,PV_STATION_P_01,326.21,478.7,259.8,多云
2025-01-18 17:00:00,PV_STATION_P_01,178.41,272.37,153.2,多云
2025-01-18 18:00:00,PV_STATION_P_01,31.86,46.18,23.6,多云
2025-01-18 19:00:00,PV_STATION_P_01,0.0,0.0,0.0,多云
2025-01-18 20:00:00,PV_STATION_P_01,0.0,0.0,0.0,多云
2025-01-18 21:00:00,PV_STATION_P_01,0.0,0.0,0.0,多云
2025-01-18 22:00:00,PV_STATION_P_01,0.0,0.0,0.0,多云
2025-01-18 23:00:00,PV_STATION_P_01,0.0,0.0,0.0,多云
2025-01-19 00:00:00,PV_STATION_P_01,0.0,0.0,0.0,多云
2025-01-19 01:00:00,PV_STATION_P_01,0.0,0.0,0.0,多云
2025-01-19 02:00:00,PV_STATION_P_01,0.0,0.0,0.0,多云
2025-01-19 03:00:00,PV_STATION_P_01,0.0,0.0,0.0,多云
2025-01-19 04:00:00,PV_STATION_P_01,0.0,0.0,0.0,多云
2025-01-19 05:00:00,PV_STATION_P_01,0.0,0.0,0.0,多云
2025-01-19 06:00:00,PV_STATION_P_01,0.0,0.0,0.0,多云
2025-01-19 07:00:00,PV_STATION_P_01,73.83,92.39,53.1,多云
2025-01-19 08:00:00,PV_STATION_P_01,229.83,316.29,176.7,多云
2025-01-19 09:00:00,PV_STATION_P_01,357.78,517.13,287.3,多云
2025-01-19 10:00:00,PV_STATION_P_01,482.64,680.27,399.0,多云
2025-01-19 11:00:00,PV_STATION_P_01,514.81,793.82,418.5,多云
2025-01-19 12:00:00,PV_STATION_P_01,577.02,849.5,472.6,多云
2025-01-19 13:00:00,PV_STATION_P_01,561.87,843.26,464.4,多云
2025-01-19 14:00:00,PV_STATION_P_01,473.35,775.53,394.4,多云
2025-01-19 15:00:00,PV_STATION_P_01,469.74,651.28,380.3,多云
2025-01-19 16:00:00,PV_STATION_P_01,331.05,479.54,274.7,多云
2025-01-19 17:00:00,PV_STATION_P_01,192.37,272.85,150.3,多云
2025-01-19 18:00:00,PV_STATION_P_01,33.14,46.26,25.1,多云
2025-01-19 19:00:00,PV_STATION_P_01,0.0,0.0,0.0,多云
2025-01-19 20:00:00,PV_STATION_P_01,0.0,0.0,0.0,多云
2025-01-19 21:00:00,PV_STATION_P_01,0.0,0.0,0.0,多云
2025-01-19 22:00:00,PV_STATION_P_01,0.0,0.0,0.0,多云
2025-01-19 23:00:00,PV_STATION_P_01,0.0,0.0,0.0,多云
2025-01-20 00:00:00,PV_STATION_P_01,0.0,0.0,0.0,多云
2025-01-20 01:00:00,PV_STATION_P_01,0.0,0.0,0.0,多云
2025-01-20 02:00:00,PV_STATION_P_01,0.0,0.0,0.0,多云
2025-01-20 03:00:00,PV_STATION_P_01,0.0,0.0,0.0,多云
2025-01-20 04:00:00,PV_STATION_P_01,0.0,0.0,0.0,多云
2025-01-20 05:00:00,PV_STATION_P_01,0.0,0.0,0.0,多云
2025-01-20 06:00:00,PV_STATION_P_01,0.0,0.0,0.0,多云
2025-01-20 07:00:00,PV_STATION_P_01,66.57,92.56,51.3,多云
2025-01-20 08:00:00,PV_STATION_P_01,239.39,316.86,181.7,多云
2025-01-20 09:00:00,PV_STATION_P_01,376.98,518.07,299.5,多云
2025-01-20 10:00:00,PV_STATION_P_01,444.86,681.51,373.4,多云
2025-01-20 11:00:00,PV_STATION_P_01,552.13,795.26,443.6,多云
2025-01-20 12:00:00,PV_STATION_P_01,560.58,851.05,461.9,多云
2025-01-20 13:00:00,PV_STATION_P_01,596.78,844.79,493.8,多云
2025-01-20 14:00:00,PV_STATION_P_01,543.08,776.94,454.4,多云
2025-01-20 15:00:00,PV_STATION_P_01,460.57,652.46,386.9,多云
2025-01-20 16:00:00,PV_STATION_P_01,323.22,480.41,267.7,多云
2025-01-20 17:00:00,PV_STATION_P_01,203.6,273.34,166.6,多云
2025-01-20 18:00:00,PV_STATION_P_01,29.27,46.35,25.4,多云
2025-01-20 19:00:00,PV_STATION_P_01,0.0,0.0,0.0,多云
2025-01-20 20:00:00,PV_STATION_P_01,0.0,0.0,0.0,多云
2025-01-20 21:00:00,PV_STATION_P_01,0.0,0.0,0.0,多云
2025-01-20 22:00:00,PV_STATION_P_01,0.0,0.0,0.0,多云
2025-01-20 23:00:00,PV_STATION_P_01,0.0,0.0,0.0,多云
2025-01-21 00:00:00,PV_STATION_P_01,0.0,0.0,0.0,雨
2025-01-21 01:00:00,PV_STATION_P_01,0.0,0.0,0.0,雨
2025-01-21 02:00:00,PV_STATION_P_01,0.0,0.0,0.0,雨
2025-01-21 03:00:00,PV_STATION_P_01,0.0,0.0,0.0,雨
2025-01-21 04:00:00,PV_STATION_P_01,0.0,0.0,0.0,雨
2025-01-21 05:00:00,PV_STATION_P_01,0.0,0.0,0.0,雨
2025-01-21 06:00:00,PV_STATION_P_01,0.0,0.0,0.0,雨
2025-01-21 07:00:00,PV_STATION_P_01,14.72,92.73,11.7,雨
2025-01-21 08:00:00,PV_STATION_P_01,48.66,317.45,36.3,雨
2025-01-21 09:00:00,PV_STATION_P_01,83.42,519.04,64.3,雨
2025-01-21 10:00:00,PV_STATION_P_01,108.09,682.78,76.8,雨
2025-01-21 11:00:00,PV_STATION_P_01,113.07,796.75,93.7,雨
2025-01-21 12:00:00,PV_STATION_P_01,139.16,852.63,104.3,雨
2025-01-21 13:00:00,PV_STATION_P_01,121.25,846.36,102.9,雨
2025-01-21 14:00:00,PV_STATION_P_01,113.92,778.39,89.6,雨
2025-01-21 15:00:00,PV_STATION_P_01,105.7,653.68,78.2,雨
2025-01-21 16:00:00,PV_STATION_P_01,77.8,481.31,58.1,雨
2025-01-21 17:00:00,PV_STATION_P_01,37.61,273.85,31.7,雨
2025-01-21 18:00:00,PV_STATION_P_01,8.49,46.43,5.1,雨
2025-01-21 19:00:00,PV_STATION_P_01,0.0,0.0,0.0,雨
2025-01-21 20:00:00,PV_STATION_P_01,0.0,0.0,0.0,雨
2025-01-21 21:00:00,PV_STATION_P_01,0.0,0.0,0.0,雨
2025-01-21 22:00:00,PV_STATION_P_01,0.0,0.0,0.0,雨
2025-01-21 23:00:00,PV_STATION_P_01,0.0,0.0,0.0,雨
2025-01-22 00:00:00,PV_STATION_P_01,0.0,0.0,0.0,晴
2025-01-22 01:00:00,PV_STATION_P_01,0.0,0.0,0.0,晴
2025-01-22 02:00:00,PV_STATION_P_01,0.0,0.0,0.0,晴
2025-01-22 03:00:00,PV_STATION_P_01,0.0,0.0,0.0,晴
2025-01-22 04:00:00,PV_STATION_P_01,0.0,0.0,0.0,晴
2025-01-22 05:00:00,PV_STATION_P_01,0.0,0.0,0.0,晴
2025-01-22 06:00:00,PV_STATION_P_01,0.0,0.0,0.0,晴
2025-01-22 07:00:00,PV_STATION_P_01,91.21,92.91,74.0,晴
2025-01-22 08:00:00,PV_STATION_P_01,336.02,318.06,265.1,晴
2025-01-22 09:00:00,PV_STATION_P_01,511.65,520.03,433.4,晴
2025-01-22 10:00:00,PV_STATION_P_01,657.13,684.09,540.9,晴
2025-01-22 11:00:00,PV_STATION_P_01,724.71,798.28,606.1,晴
2025-01-22 12:00:00,PV_STATION_P_01,840.49,854.27,711.9,晴
2025-01-22 13:00:00,PV_STATION_P_01,847.79,847.99,706.7,晴
2025-01-22 14:00:00,PV_STATION_P_01,764.34,779.89,649.9,晴
2025-01-22 15:00:00,PV_STATION_P_01,651.61,654.93,545.8,晴
2025-01-22 16:00:00,PV_STATION_P_01,467.33,482.23,384.1,晴
2025-01-22 17:00:00,PV_STATION_P_01,287.28,274.38,228.6,晴
2025-01-22 18:00:00,PV_STATION_P_01,47.06,46.52,38.0,晴
2025-01-22 19:00:00,PV_STATION_P_01,0.0,0.0,0.0,晴
2025-01-22 20:00:00,PV_STATION_P_01,0.0,0.0,0.0,晴
2025-01-22 21:00:00,PV_STATION_P_01,0.0,0.0,0.0,晴
2025-01-22 22:00:00,PV_STATION_P_01,0.0,0.0,0.0,晴
2025-01-22 23:00:00,PV_STATION_P_01,0.0,0.0,0.0,晴
2025-01-23 00:00:00,PV_STATION_P_01,0.0,0.0,0.0,阴
2025-01-23 01:00:00,PV_STATION_P_01,0.0,0.0,0.0,阴
2025-01-23 02:00:00,PV_STATION_P_01,0.0,0.0,0.0,阴
2025-01-23 03:00:00,PV_STATION_P_01,0.0,0.0,0.0,阴
2025-01-23 04:00:00,PV_STATION_P_01,0.0,0.0,0.0,阴
2025-01-23 05:00:00,PV_STATION_P_01,0.0,0.0,0.0,阴
2025-01-23 06:00:00,PV_STATION_P_01,0.0,0.0,0.0,阴
2025-01-23 07:00:00,PV_STATION_P_01,20.82,93.09,24.5,阴
2025-01-23 08:00:00,PV_STATION_P_01,103.3,318.69,83.0,阴
2025-01-23 09:00:00,PV_STATION_P_01,151.44,521.05,121.8,阴
2025-01-23 10:00:00,PV_STATION_P_01,227.56,685.43,177.6,阴
2025-01-23 11:00:00,PV_STATION_P_01,250.39,799.85,201.3,阴
2025-01-23 12:00:00,PV_STATION_P_01,264.9,855.95,221.6,阴
2025-01-23 13:00:00,PV_STATION_P_01,259.35,849.65,212.5,阴
2025-01-23 14:00:00,PV_STATION_P_01,253.4,781.42,199.9,阴
2025-01-23 15:00:00,PV_STATION_P_01,185.55,656.22,149.0,阴
2025-01-23 16:00:00,PV_STATION_P_01,140.25,483.18,115.4,阴
2025-01-23 17:00:00,PV_STATION_P_01,95.74,274.92,71.3,阴
2025-01-23 18:00:00,PV_STATION_P_01,27.78,46.61,13.2,阴
2025-01-23 19:00:00,PV_STATION_P_01,0.0,0.0,0.0,阴
2025-01-23 20:00:00,PV_STATION_P_01,0.0,0.0,0.0,阴
2025-01-23 21:00:00,PV_STATION_P_01,0.0,0.0,0.0,阴
2025-01-23 22:00:00,PV_STATION_P_01,0.0,0.0,0.0,阴
2025-01-23 23:00:00,PV_STATION_P_01,0.0,0.0,0.0,阴
2025-01-24 00:00:00,PV_STATION_P_01,0.0,0.0,0.0,阴
2025-01-24 01:00:00,PV_STATION_P_01,0.0,0.0,0.0,阴
2025-01-24 02:00:00,PV_STATION_P_01,0.0,0.0,0.0,阴
2025-01-24 03:00:00,PV_STATION_P_01,0.0,0.0,0.0,阴
2025-01-24 04:00:00,PV_STATION_P_01,0.0,0.0,0.0,阴
2025-01-24 05:00:00,PV_STATION_P_01,0.0,0.0,0.0,阴
2025-01-24 06:00:00,PV_STATION_P_01,0.0,0.0,0.0,阴
2025-01-24 07:00:00,PV_STATION_P_01,23.66,93.28,23.0,阴
2025-01-24 08:00:00,PV_STATION_P_01,102.68,319.33,81.3,阴
2025-01-24 09:00:00,PV_STATION_P_01,157.58,522.1,132.8,阴
2025-01-24 10:00:00,PV_STATION_P_01,221.41,686.82,180.7,阴
2025-01-24 11:00:00,PV_STATION_P_01,267.91,801.46,206.6,阴
2025-01-24 12:00:00,PV_STATION_P_01,266.35,857.68,218.6,阴
2025-01-24 13:00:00,PV_STATION_P_01,282.62,851.37,222.2,阴
2025-01-24 14:00:00,PV_STATION_P_01,229.32,783.0,182.5,阴
2025-01-24 15:00:00,PV_STATION_P_01,194.86,657.54,158.2,阴
2025-01-24 16:00:00,PV_STATION_P_01,131.35,484.15,112.7,阴
2025-01-24 17:00:00,PV_STATION_P_01,89.59,275.47,70.8,阴
2025-01-24 18:00:00,PV_STATION_P_01,0.28,46.71,11.9,阴
2025-01-24 19:00:00,PV_STATION_P_01,0.0,0.0,0.0,阴
2025-01-24 20:00:00,PV_STATION_P_01,0.0,0.0,0.0,阴
2025-01-24 21:00:00,PV_STATION_P_01,0.0,0.0,0.0,阴
2025-01-24 22:00:00,PV_STATION_P_01,0.0,0.0,0.0,阴
2025-01-24 23:00:00,PV_STATION_P_01,0.0,0.0,0.0,阴
2025-01-25 00:00:00,PV_STATION_P_01,0.0,0.0,0.0,雨
2025-01-25 01:00:00,PV_STATION_P_01,0.0,0.0,0.0,雨
2025-01-25 02:00:00,PV_STATION_P_01,0.0,0.0,0.0,雨
2025-01-25 03:00:00,PV_STATION_P_01,0.0,0.0,0.0,雨
2025-01-25 04:00:00,PV_STATION_P_01,0.0,0.0,0.0,雨
2025-01-25 05:00:00,PV_STATION_P_01,0.0,0.0,0.0,雨
2025-01-25 06:00:00,PV_STATION_P_01,0.0,0.0,0.0,雨
2025-01-25 07:00:00,PV_STATION_P_01,5.4,93.47,11.3,雨
2025-01-25 08:00:00,PV_STATION_P_01,37.02,319.99,34.7,雨
2025-01-25 09:00:00,PV_STATION_P_01,84.51,523.18,62.6,雨
2025-01-25 10:00:00,PV_STATION_P_01,89.31,688.23,77.0,雨
2025-01-25 11:00:00,PV_STATION_P_01,105.57,803.11,85.8,雨
2025-01-25 12:00:00,PV_STATION_P_01,133.43,859.45,106.4,雨
2025-01-25 13:00:00,PV_STATION_P_01,124.95,853.12,106.1,雨
2025-01-25 14:00:00,PV_STATION_P_01,100.37,784.61,89.1,雨
2025-01-25 15:00:00,PV_STATION_P_01,86.01,658.9,74.8,雨
2025-01-25 16:00:00,PV_STATION_P_01,58.18,485.15,55.9,雨
2025-01-25 17:00:00,PV_STATION_P_01,43.38,276.04,30.9,雨
2025-01-25 18:00:00,PV_STATION_P_01,9.51,46.8,5.3,雨
2025-01-25 19:00:00,PV_STATION_P_01,0.0,0.0,0.0,雨
2025-01-25 20:00:00,PV_STATION_P_01,0.0,0.0,0.0,雨
2025-01-25 21:00:00,PV_STATION_P_01,0.0,0.0,0.0,雨
2025-01-25 22:00:00,PV_STATION_P_01,0.0,0.0,0.0,雨
2025-01-25 23:00:00,PV_STATION_P_01,0.0,0.0,0.0,雨
2025-01-26 00:00:00,PV_STATION_P_01,0.0,0.0,0.0,多云
2025-01-26 01:00:00,PV_STATION_P_01,0.0,0.0,0.0,多云
2025-01-26 02:00:00,PV_STATION_P_01,0.0,0.0,0.0,多云
2025-01-26 03:00:00,PV_STATION_P_01,0.0,0.0,0.0,多云
2025-01-26 04:00:00,PV_STATION_P_01,0.0,0.0,0.0,多云
2025-01-26 05:00:00,PV_STATION_P_01,0.0,0.0,0.0,多云
2025-01-26 06:00:00,PV_STATION_P_01,0.0,0.0,0.0,多云
2025-01-26 07:00:00,PV_STATION_P_01,59.93,93.67,51.1,多云
2025-01-26 08:00:00,PV_STATION_P_01,236.53,320.66,186.2,多云
2025-01-26 09:00:00,PV_STATION_P_01,367.32,524.29,289.8,多云
2025-01-26 10:00:00,PV_STATION_P_01,493.21,689.69,400.1,多云
2025-01-26 11:00:00,PV_STATION_P_01,568.36,804.81,469.2,多云
2025-01-26 12:00:00,PV_STATION_P_01,595.3,861.26,490.7,多云
2025-01-26 13:00:00,PV_STATION_P_01,550.83,854.93,452.8,多云
2025-01-26 14:00:00,PV_STATION_P_01,501.31,786.27,423.4,多云
2025-01-26 15:00:00,PV_STATION_P_01,453.04,660.29,376.8,多云
2025-01-26 16:00:00,PV_STATION_P_01,327.72,486.18,279.3,多云
2025-01-26 17:00:00,PV_STATION_P_01,178.33,276.62,153.3,多云
2025-01-26 18:00:00,PV_STATION_P_01,23.27,46.9,25.4,多云
2025-01-26 19:00:00,PV_STATION_P_01,0.0,0.0,0.0,多云
2025-01-26 20:00:00,PV_STATION_P_01,0.0,0.0,0.0,多云
2025-01-26 21:00:00,PV_STATION_P_01,0.0,0.0,0.0,多云
2025-01-26 22:00:00,PV_STATION_P_01,0.0,0.0,0.0,多云
2025-01-26 23:00:00,PV_STATION_P_01,0.0,0.0,0.0,多云
2025-01-27 00:00:00,PV_STATION_P_01,0.0,0.0,0.0,晴
2025-01-27 01:00:00,PV_STATION_P_01,0.0,0.0,0.0,晴
2025-01-27 02:00:00,PV_STATION_P_01,0.0,0.0,0.0,晴
2025-01-27 03:00:00,PV_STATION_P_01,0.0,0.0,0.0,晴
2025-01-27 04:00:00,PV_STATION_P_01,0.0,0.0,0.0,晴
2025-01-27 05:00:00,PV_STATION_P_01,0.0,0.0,0.0,晴
2025-01-27 06:00:00,PV_STATION_P_01,0.0,0.0,0.0,晴
2025-01-27 07:00:00,PV_STATION_P_01,94.43,93.87,76.8,晴
2025-01-27 08:00:00,PV_STATION_P_01,336.69,321.36,261.9,晴
2025-01-27 09:00:00,PV_STATION_P_01,550.33,525.42,437.8,晴
2025-01-27 10:00:00,PV_STATION_P_01,697.9,691.17,571.9,晴
2025-01-27 11:00:00,PV_STATION_P_01,791.36,806.54,672.1,晴
2025-01-27 12:00:00,PV_STATION_P_01,829.62,863.12,698.7,晴
2025-01-27 13:00:00,PV_STATION_P_01,840.94,856.77,714.0,晴
2025-01-27 14:00:00,PV_STATION_P_01,795.59,787.96,656.6,晴
2025-01-27 15:00:00,PV_STATION_P_01,641.27,661.71,527.7,晴
2025-01-27 16:00:00,PV_STATION_P_01,493.51,487.23,406.0,晴
2025-01-27 17:00:00,PV_STATION_P_01,258.98,277.22,203.1,晴
2025-01-27 18:00:00,PV_STATION_P_01,54.78,47.0,39.2,晴
2025-01-27 19:00:00,PV_STATION_P_01,0.0,0.0,0.0,晴
2025-01-27 20:00:00,PV_STATION_P_01,0.0,0.0,0.0,晴
2025-01-27 21:00:00,PV_STATION_P_01,0.0,0.0,0.0,晴
2025-01-27 22:00:00,PV_STATION_P_01,0.0,0.0,0.0,晴
2025-01-27 23:00:00,PV_STATION_P_01,0.0,0.0,0.0,晴
2025-01-28 00:00:00,PV_STATION_P_01,0.0,0.0,0.0,晴
2025-01-28 01:00:00,PV_STATION_P_01,0.0,0.0,0.0,晴
2025-01-28 02:00:00,PV_STATION_P_01,0.0,0.0,0.0,晴
2025-01-28 03:00:00,PV_STATION_P_01,0.0,0.0,0.0,晴
2025-01-28 04:00:00,PV_STATION_P_01,0.0,0.0,0.0,晴
2025-01-28 05:00:00,PV_STATION_P_01,0.0,0.0,0.0,晴
2025-01-28 06:00:00,PV_STATION_P_01,,0.0,0.0,晴
2025-01-28 07:00:00,PV_STATION_P_01,,94.08,78.2,晴
2025-01-28 08:00:00,PV_STATION_P_01,,322.06,268.4,晴
2025-01-28 09:00:00,PV_STATION_P_01,,526.57,437.5,晴
2025-01-28 10:00:00,PV_STATION_P_01,,692.7,560.1,晴
2025-01-28 11:00:00,PV_STATION_P_01,,808.32,673.6,晴
2025-01-28 12:00:00,PV_STATION_P_01,,865.02,720.8,晴
2025-01-28 13:00:00,PV_STATION_P_01,,858.66,688.0,晴
2025-01-28 14:00:00,PV_STATION_P_01,,789.7,648.3,晴
2025-01-28 15:00:00,PV_STATION_P_01,,663.17,552.6,晴
2025-01-28 16:00:00,PV_STATION_P_01,498.79,488.3,406.9,晴
2025-01-28 17:00:00,PV_STATION_P_01,266.0,277.83,216.9,晴
2025-01-28 18:00:00,PV_STATION_P_01,46.51,47.11,38.3,晴
2025-01-28 19:00:00,PV_STATION_P_01,0.0,0.0,0.0,晴
2025-01-28 20:00:00,PV_STATION_P_01,0.0,0.0,0.0,晴
2025-01-28 21:00:00,PV_STATION_P_01,0.0,0.0,0.0,晴
2025-01-28 22:00:00,PV_STATION_P_01,0.0,0.0,0.0,晴
2025-01-28 23:00:00,PV_STATION_P_01,0.0,0.0,0.0,晴
2025-01-29 00:00:00,PV_STATION_P_01,0.0,0.0,0.0,多云
2025-01-29 01:00:00,PV_STATION_P_01,0.0,0.0,0.0,多云
2025-01-29 02:00:00,PV_STATION_P_01,0.0,0.0,0.0,多云
2025-01-29 03:00:00,PV_STATION_P_01,0.0,0.0,0.0,多云
2025-01-29 04:00:00,PV_STATION_P_01,0.0,0.0,0.0,多云
2025-01-29 05:00:00,PV_STATION_P_01,0.0,0.0,0.0,多云
2025-01-29 06:00:00,PV_STATION_P_01,0.0,0.0,0.0,多云
2025-01-29 07:00:00,PV_STATION_P_01,70.79,94.29,53.9,多云
2025-01-29 08:00:00,PV_STATION_P_01,226.44,322.79,172.3,多云
2025-01-29 09:00:00,PV_STATION_P_01,379.44,527.76,302.5,多云
2025-01-29 10:00:00,PV_STATION_P_01,481.66,694.25,391.2,多云
2025-01-29 11:00:00,PV_STATION_P_01,567.63,810.14,460.0,多云
2025-01-29 12:00:00,PV_STATION_P_01,602.95,866.96,498.2,多云
2025-01-29 13:00:00,PV_STATION_P_01,628.23,860.58,520.5,多云
2025-01-29 14:00:00,PV_STATION_P_01,515.2,791.47,416.8,多云
2025-01-29 15:00:00,PV_STATION_P_01,461.0,664.66,381.0,多云
2025-01-29 16:00:00,PV_STATION_P_01,335.48,489.4,274.5,多云
2025-01-29 17:00:00,PV_STATION_P_01,192.03,278.45,161.3,多云
2025-01-29 18:00:00,PV_STATION_P_01,33.22,47.21,26.1,多云
2025-01-29 19:00:00,PV_STATION_P_01,0.0,0.0,0.0,多云
2025-01-29 20:00:00,PV_STATION_P_01,0.0,0.0,0.0,多云
2025-01-29 21:00:00,PV_STATION_P_01,0.0,0.0,0.0,多云
2025-01-29 22:00:00,PV_STATION_P_01,0.0,0.0,0.0,多云
2025-01-29 23:00:00,PV_STATION_P_01,0.0,0.0,0.0,多云
2025-01-30 00:00:00,PV_STATION_P_01,0.0,0.0,0.0,晴
2025-01-30 01:00:00,PV_STATION_P_01,0.0,0.0,0.0,晴
2025-01-30 02:00:00,PV_STATION_P_01,0.0,0.0,0.0,晴
2025-01-30 03:00:00,PV_STATION_P_01,0.0,0.0,0.0,晴
2025-01-30 04:00:00,PV_STATION_P_01,0.0,0.0,0.0,晴
2025-01-30 05:00:00,PV_STATION_P_01,0.0,0.0,0.0,晴
2025-01-30 06:00:00,PV_STATION_P_01,0.0,0.0,0.0,晴
2025-01-30 07:00:00,PV_STATION_P_01,98.81,94.5,78.8,晴
2025-01-30 08:00:00,PV_STATION_P_01,338.64,323.53,269.6,晴
2025-01-30 09:00:00,PV_STATION_P_01,525.68,528.96,440.8,晴
2025-01-30 10:00:00,PV_STATION_P_01,695.07,695.84,579.9,晴
2025-01-30 11:00:00,PV_STATION_P_01,815.93,811.99,676.7,晴
2025-01-30 12:00:00,PV_STATION_P_01,851.36,868.95,724.1,晴
2025-01-30 13:00:00,PV_STATION_P_01,856.5,862.55,718.8,晴
2025-01-30 14:00:00,PV_STATION_P_01,777.95,793.28,653.8,晴
2025-01-30 15:00:00,PV_STATION_P_01,650.56,666.18,555.2,晴
2025-01-30 16:00:00,PV_STATION_P_01,497.62,490.52,408.8,晴
2025-01-30 17:00:00,PV_STATION_P_01,291.06,279.09,231.8,晴
2025-01-30 18:00:00,PV_STATION_P_01,52.12,47.32,36.8,晴
2025-01-30 19:00:00,PV_STATION_P_01,0.0,0.0,0.0,晴
2025-01-30 20:00:00,PV_STATION_P_01,0.0,0.0,0.0,晴
2025-01-30 21:00:00,PV_STATION_P_01,0.0,0.0,0.0,晴
2025-01-30 22:00:00,PV_STATION_P_01,0.0,0.0,0.0,晴
2025-01-30 23:00:00,PV_STATION_P_01,0.0,0.0,0.0,晴
2025-01-31 00:00:00,PV_STATION_P_01,0.0,0.0,0.0,晴
2025-01-31 01:00:00,PV_STATION_P_01,0.0,0.0,0.0,晴
2025-01-31 02:00:00,PV_STATION_P_01,0.0,0.0,0.0,晴
2025-01-31 03:00:00,PV_STATION_P_01,0.0,0.0,0.0,晴
2025-01-31 04:00:00,PV_STATION_P_01,0.0,0.0,0.0,晴
2025-01-31 05:00:00,PV_STATION_P_01,0.0,0.0,0.0,晴
2025-01-31 06:00:00,PV_STATION_P_01,0.0,0.0,0.0,晴
2025-01-31 07:00:00,PV_STATION_P_01,94.64,94.72,78.9,晴
2025-01-31 08:00:00,PV_STATION_P_01,319.85,324.28,258.6,晴
2025-01-31 09:00:00,PV_STATION_P_01,529.34,530.2,441.8,晴
2025-01-31 10:00:00,PV_STATION_P_01,625.99,697.46,509.8,晴
2025-01-31 11:00:00,PV_STATION_P_01,791.8,813.88,678.2,晴
2025-01-31 12:00:00,PV_STATION_P_01,815.22,870.97,680.0,晴
2025-01-31 13:00:00,PV_STATION_P_01,832.27,864.57,703.8,晴
2025-01-31 14:00:00,PV_STATION_P_01,757.94,795.13,654.6,晴
2025-01-31 15:00:00,PV_STATION_P_01,667.7,667.74,556.4,晴
2025-01-31 16:00:00,PV_STATION_P_01,494.09,491.66,409.7,晴
2025-01-31 17:00:00,PV_STATION_P_01,261.84,279.74,212.4,晴
2025-01-31 18:00:00,PV_STATION_P_01,41.2,47.43,39.5,晴
2025-01-31 19:00:00,PV_STATION_P_01,0.0,0.0,0.0,晴
2025-01-31 20:00:00,PV_STATION_P_01,0.0,0.0,0.0,晴
2025-01-31 21:00:00,PV_STATION_P_01,0.0,0.0,0.0,晴
2025-01-31 22:00:00,PV_STATION_P_01,0.0,0.0,0.0,晴
2025-01-31 23:00:00,PV_STATION_P_01,0.0,0.0,0.0,晴
2025-02-01 00:00:00,PV_STATION_P_01,0.0,0.0,0.0,雨
2025-02-01 01:00:00,PV_STATION_P_01,0.0,0.0,0.0,雨
2025-02-01 02:00:00,PV_STATION_P_01,0.0,0.0,0.0,雨
2025-02-01 03:00:00,PV_STATION_P_01,0.0,0.0,0.0,雨
2025-02-01 04:00:00,PV_STATION_P_01,0.0,0.0,0.0,雨
2025-02-01 05:00:00,PV_STATION_P_01,0.0,0.0,0.0,雨
2025-02-01 06:00:00,PV_STATION_P_01,0.0,0.0,0.0,雨
2025-02-01 07:00:00,PV_STATION_P_01,9.52,94.95,10.8,雨
2025-02-01 08:00:00,PV_STATION_P_01,44.83,325.05,40.8,雨
2025-02-01 09:00:00,PV_STATION_P_01,87.16,531.46,58.3,雨
2025-02-01 10:00:00,PV_STATION_P_01,114.06,699.12,87.8,雨
2025-02-01 11:00:00,PV_STATION_P_01,142.12,815.81,101.4,雨
2025-02-01 12:00:00,PV_STATION_P_01,128.54,873.04,103.0,雨
2025-02-01 13:00:00,PV_STATION_P_01,128.24,866.62,88.2,雨
2025-02-01 14:00:00,PV_STATION_P_01,110.92,797.02,87.5,雨
2025-02-01 15:00:00,PV_STATION_P_01,103.32,669.32,75.6,雨
2025-02-01 16:00:00,PV_STATION_P_01,78.36,492.83,62.5,雨
2025-02-01 17:00:00,PV_STATION_P_01,41.16,280.41,31.8,雨
2025-02-01 18:00:00,PV_STATION_P_01,5.99,47.54,5.3,雨
2025-02-01 19:00:00,PV_STATION_P_01,0.0,0.0,0.0,雨
2025-02-01 20:00:00,PV_STATION_P_01,0.0,0.0,0.0,雨
2025-02-01 21:00:00,PV_STATION_P_01,0.0,0.0,0.0,雨
2025-02-01 22:00:00,PV_STATION_P_01,0.0,0.0,0.0,雨
2025-02-01 23:00:00,PV_STATION_P_01,0.0,0.0,0.0,雨
2025-02-02 00:00:00,PV_STATION_P_01,0.0,0.0,0.0,多云
2025-02-02 01:00:00,PV_STATION_P_01,0.0,0.0,0.0,多云
2025-02-02 02:00:00,PV_STATION_P_01,0.0,0.0,0.0,多云
2025-02-02 03:00:00,PV_STATION_P_01,0.0,0.0,0.0,多云
2025-02-02 04:00:00,PV_STATION_P_01,0.0,0.0,0.0,多云
2025-02-02 05:00:00,PV_STATION_P_01,0.0,0.0,0.0,多云
2025-02-02 06:00:00,PV_STATION_P_01,0.0,0.0,0.0,多云
2025-02-02 07:00:00,PV_STATION_P_01,78.57,95.18,54.6,多云
2025-02-02 08:00:00,PV_STATION_P_01,231.68,325.83,182.9,多云
2025-02-02 09:00:00,PV_STATION_P_01,375.89,532.74,290.5,多云
2025-02-02 10:00:00,PV_STATION_P_01,460.6,700.8,372.4,多云
2025-02-02 11:00:00,PV_STATION_P_01,546.53,817.78,446.1,多云
2025-02-02 12:00:00,PV_STATION_P_01,573.25,875.14,477.0,多云
2025-02-02 13:00:00,PV_STATION_P_01,560.73,868.71,473.1,多云
2025-02-02 14:00:00,PV_STATION_P_01,523.46,798.94,441.1,多云
2025-02-02 15:00:00,PV_STATION_P_01,424.33,670.94,343.0,多云
2025-02-02 16:00:00,PV_STATION_P_01,321.02,494.02,257.7,多云
2025-02-02 17:00:00,PV_STATION_P_01,194.86,281.08,161.0,多云
2025-02-02 18:00:00,PV_STATION_P_01,30.29,47.66,23.3,多云
2025-02-02 19:00:00,PV_STATION_P_01,0.0,0.0,0.0,多云
2025-02-02 20:00:00,PV_STATION_P_01,0.0,0.0,0.0,多云
2025-02-02 21:00:00,PV_STATION_P_01,0.0,0.0,0.0,多云
2025-02-02 22:00:00,PV_STATION_P_01,0.0,0.0,0.0,多云
2025-02-02 23:00:00,PV_STATION_P_01,0.0,0.0,0.0,多云
2025-02-03 00:00:00,PV_STATION_P_01,0.0,0.0,0.0,晴
2025-02-03 01:00:00,PV_STATION_P_01,0.0,0.0,0.0,晴
2025-02-03 02:00:00,PV_STATION_P_01,0.0,0.0,0.0,晴
2025-02-03 03:00:00,PV_STATION_P_01,0.0,0.0,0.0,晴
2025-02-03 04:00:00,PV_STATION_P_01,0.0,0.0,0.0,晴
2025-02-03 05:00:00,PV_STATION_P_01,0.0,0.0,0.0,晴
2025-02-03 06:00:00,PV_STATION_P_01,0.0,0.0,0.0,晴
2025-02-03 07:00:00,PV_STATION_P_01,103.73,95.41,76.4,晴
2025-02-03 08:00:00,PV_STATION_P_01,320.6,326.63,257.0,晴
2025-02-03 09:00:00,PV_STATION_P_01,552.19,534.04,445.0,晴
2025-02-03 10:00:00,PV_STATION_P_01,678.28,702.52,573.3,晴
2025-02-03 11:00:00,PV_STATION_P_01,802.85,819.79,677.5,晴
2025-02-03 12:00:00,PV_STATION_P_01,847.79,877.29,712.8,晴
2025-02-03 13:00:00,PV_STATION_P_01,798.41,870.84,680.2,晴
2025-02-03 14:00:00,PV_STATION_P_01,802.7,800.9,667.4,晴
2025-02-03 15:00:00,PV_STATION_P_01,667.84,672.58,560.5,晴
2025-02-03 16:00:00,PV_STATION_P_01,463.76,495.23,382.9,晴
2025-02-03 17:00:00,PV_STATION_P_01,301.72,281.77,234.8,晴
2025-02-03 18:00:00,PV_STATION_P_01,44.1,47.78,39.8,晴
2025-02-03 19:00:00,PV_STATION_P_01,0.0,0.0,0.0,晴
2025-02-03 20:00:00,PV_STATION_P_01,0.0,0.0,0.0,晴
2025-02-03 21:00:00,PV_STATION_P_01,0.0,0.0,0.0,晴
2025-02-03 22:00:00,PV_STATION_P_01,0.0,0.0,0.0,晴
2025-02-03 23:00:00,PV_STATION_P_01,0.0,0.0,0.0,晴
2025-02-04 00:00:00,PV_STATION_P_01,0.0,0.0,0.0,多云
2025-02-04 01:00:00,PV_STATION_P_01,0.0,0.0,0.0,多云
2025-02-04 02:00:00,PV_STATION_P_01,0.0,0.0,0.0,多云
2025-02-04 03:00:00,PV_STATION_P_01,0.0,0.0,0.0,多云
2025-02-04 04:00:00,PV_STATION_P_01,0.0,0.0,0.0,多云
2025-02-04 05:00:00,PV_STATION_P_01,0.0,0.0,0.0,多云
2025-02-04 06:00:00,PV_STATION_P_01,0.0,0.0,0.0,多云
2025-02-04 07:00:00,PV_STATION_P_01,85.39,95.65,57.4,多云
2025-02-04 08:00:00,PV_STATION_P_01,242.84,327.45,179.5,多云
2025-02-04 09:00:00,PV_STATION_P_01,377.04,535.37,307.4,多云
2025-02-04 10:00:00,PV_STATION_P_01,466.8,704.27,384.1,多云
2025-02-04 11:00:00,PV_STATION_P_01,536.39,821.83,441.0,多云
2025-02-04 12:00:00,PV_STATION_P_01,567.04,879.48,456.7,多云
2025-02-04 13:00:00,PV_STATION_P_01,580.21,873.01,482.2,多云
2025-02-04 14:00:00,PV_STATION_P_01,568.63,802.9,465.5,多云
2025-02-04 15:00:00,PV_STATION_P_01,423.27,674.26,347.2,多云
2025-02-04 16:00:00,PV_STATION_P_01,320.06,496.46,269.1,多云
2025-02-04 17:00:00,PV_STATION_P_01,192.82,282.47,152.8,多云
2025-02-04 18:00:00,PV_STATION_P_01,25.87,47.89,26.7,多云
2025-02-04 19:00:00,PV_STATION_P_01,0.0,0.0,0.0,多云
2025-02-04 20:00:00,PV_STATION_P_01,0.0,0.0,0.0,多云
2025-02-04 21:00:00,PV_STATION_P_01,0.0,0.0,0.0,多云
2025-02-04 22:00:00,PV_STATION_P_01,0.0,0.0,0.0,多云
2025-02-04 23:00:00,PV_STATION_P_01,0.0,0.0,0.0,多云
2025-02-05 00:00:00,PV_STATION_P_01,0.0,0.0,0.0,晴
2025-02-05 01:00:00,PV_STATION_P_01,0.0,0.0,0.0,晴
2025-02-05 02:00:00,PV_STATION_P_01,0.0,0.0,0.0,晴
2025-02-05 03:00:00,PV_STATION_P_01,0.0,0.0,0.0,晴
2025-02-05 04:00:00,PV_STATION_P_01,0.0,0.0,0.0,晴
2025-02-05 05:00:00,PV_STATION_P_01,0.0,0.0,0.0,晴
2025-02-05 06:00:00,PV_STATION_P_01,0.0,0.0,0.0,晴
2025-02-05 07:00:00,PV_STATION_P_01,107.81,95.89,79.9,晴
2025-02-05 08:00:00,PV_STATION_P_01,354.79,328.27,273.6,晴
2025-02-05 09:00:00,PV_STATION_P_01,535.93,536.73,432.6,晴
2025-02-05 10:00:00,PV_STATION_P_01,705.45,706.05,588.4,晴
2025-02-05 11:00:00,PV_STATION_P_01,821.02,823.91,686.6,晴
2025-02-05 12:00:00,PV_STATION_P_01,873.02,881.7,734.7,晴
2025-02-05 13:00:00,PV_STATION_P_01,840.59,875.21,714.5,晴
2025-02-05 14:00:00,PV_STATION_P_01,786.28,804.93,665.9,晴
2025-02-05 15:00:00,PV_STATION_P_01,667.68,675.96,563.3,晴
2025-02-05 16:00:00,PV_STATION_P_01,511.97,497.72,413.9,晴
2025-02-05 17:00:00,PV_STATION_P_01,270.72,283.19,221.8,晴
2025-02-05 18:00:00,PV_STATION_P_01,55.37,48.02,40.0,晴
2025-02-05 19:00:00,PV_STATION_P_01,0.0,0.0,0.0,晴
2025-02-05 20:00:00,PV_STATION_P_01,0.0,0.0,0.0,晴
2025-02-05 21:00:00,PV_STATION_P_01,0.0,0.0,0.0,晴
2025-02-05 22:00:00,PV_STATION_P_01,0.0,0.0,0.0,晴
2025-02-05 23:00:00,PV_STATION_P_01,0.0,0.0,0.0,晴
2025-02-06 00:00:00,PV_STATION_P_01,0.0,0.0,0.0,晴
2025-02-06 01:00:00,PV_STATION_P_01,0.0,0.0,0.0,晴
2025-02-06 02:00:00,PV_STATION_P_01,0.0,0.0,0.0,晴
2025-02-06 03:00:00,PV_STATION_P_01,0.0,0.0,0.0,晴
2025-02-06 04:00:00,PV_STATION_P_01,0.0,0.0,0.0,晴
2025-02-06 05:00:00,PV_STATION_P_01,0.0,0.0,0.0,晴
2025-02-06 06:00:00,PV_STATION_P_01,0.0,0.0,0.0,晴
2025-02-06 07:00:00,PV_STATION_P_01,96.76,96.14,76.2,晴
2025-02-06 08:00:00,PV_STATION_P_01,328.94,329.12,274.3,晴
2025-02-06 09:00:00,PV_STATION_P_01,552.39,538.1,448.4,晴
2025-02-06 10:00:00,PV_STATION_P_01,725.14,707.86,589.9,晴
2025-02-06 11:00:00,PV_STATION_P_01,798.98,826.02,670.7,晴
2025-02-06 12:00:00,PV_STATION_P_01,857.22,883.96,716.6,晴
2025-02-06 13:00:00,PV_STATION_P_01,866.66,877.46,731.2,晴
2025-02-06 14:00:00,PV_STATION_P_01,792.38,806.99,660.5,晴
2025-02-06 15:00:00,PV_STATION_P_01,640.13,677.69,548.3,晴
2025-02-06 16:00:00,PV_STATION_P_01,501.44,498.99,415.8,晴
2025-02-06 17:00:00,PV_STATION_P_01,285.65,283.91,236.6,晴
2025-02-06 18:00:00,PV_STATION_P_01,51.22,48.14,35.9,晴
2025-02-06 19:00:00,PV_STATION_P_01,0.0,0.0,0.0,晴
2025-02-06 20:00:00,PV_STATION_P_01,0.0,0.0,0.0,晴
2025-02-06 21:00:00,PV_STATION_P_01,0.0,0.0,0.0,晴
2025-02-06 22:00:00,PV_STATION_P_01,0.0,0.0,0.0,晴
2025-02-06 23:00:00,PV_STATION_P_01,0.0,0.0,0.0,晴
2025-02-07 00:00:00,PV_STATION_P_01,0.0,0.0,0.0,晴
2025-02-07 01:00:00,PV_STATION_P_01,0.0,0.0,0.0,晴
2025-02-07 02:00:00,PV_STATION_P_01,0.0,0.0,0.0,晴
2025-02-07 03:00:00,PV_STATION_P_01,0.0,0.0,0.0,晴
2025-02-07 04:00:00,PV_STATION_P_01,0.0,0.0,0.0,晴
2025-02-07 05:00:00,PV_STATION_P_01,0.0,0.0,0.0,晴
2025-02-07 06:00:00,PV_STATION_P_01,0.0,0.0,0.0,晴
2025-02-07 07:00:00,PV_STATION_P_01,105.79,96.39,80.3,晴
2025-02-07 08:00:00,PV_STATION_P_01,337.7,329.97,262.5,晴
2025-02-07 09:00:00,PV_STATION_P_01,504.89,539.5,416.3,晴
2025-02-07 10:00:00,PV_STATION_P_01,678.18,709.7,570.1,晴
2025-02-07 11:00:00,PV_STATION_P_01,775.1,828.17,659.1,晴
2025-02-07 12:00:00,PV_STATION_P_01,831.8,886.26,693.6,晴
2025-02-07 13:00:00,PV_STATION_P_01,804.43,879.74,681.5,晴
2025-02-07 14:00:00,PV_STATION_P_01,793.68,809.09,666.5,晴
2025-02-07 15:00:00,PV_STATION_P_01,676.95,679.45,566.2,晴
2025-02-07 16:00:00,PV_STATION_P_01,485.13,500.29,402.1,晴
2025-02-07 17:00:00,PV_STATION_P_01,281.68,284.65,237.2,晴
2025-02-07 18:00:00,PV_STATION_P_01,36.67,48.26,39.6,晴
2025-02-07 19:00:00,PV_STATION_P_01,0.0,0.0,0.0,晴
2025-02-07 20:00:00,PV_STATION_P_01,0.0,0.0,0.0,晴
2025-02-07 21:00:00,PV_STATION_P_01,0.0,0.0,0.0,晴
2025-02-07 22:00:00,PV_STATION_P_01,0.0,0.0,0.0,晴
2025-02-07 23:00:00,PV_STATION_P_01,0.0,0.0,0.0,晴
2025-02-08 00:00:00,PV_STATION_P_01,0.0,0.0,0.0,晴
2025-02-08 01:00:00,PV_STATION_P_01,0.0,0.0,0.0,晴
2025-02-08 02:00:00,PV_STATION_P_01,0.0,0.0,0.0,晴
2025-02-08 03:00:00,PV_STATION_P_01,0.0,0.0,0.0,晴
2025-02-08 04:00:00,PV_STATION_P_01,0.0,0.0,0.0,晴
2025-02-08 05:00:00,PV_STATION_P_01,0.0,0.0,0.0,晴
2025-02-08 06:00:00,PV_STATION_P_01,0.0,0.0,0.0,晴
2025-02-08 07:00:00,PV_STATION_P_01,104.21,96.64,80.5,晴
2025-02-08 08:00:00,PV_STATION_P_01,343.7,330.84,275.7,晴
2025-02-08 09:00:00,PV_STATION_P_01,568.44,540.92,450.8,晴
2025-02-08 10:00:00,PV_STATION_P_01,697.18,711.57,593.0,晴
2025-02-08 11:00:00,PV_STATION_P_01,778.81,830.35,649.5,晴
2025-02-08 12:00:00,PV_STATION_P_01,860.87,888.59,740.5,晴
2025-02-08 13:00:00,PV_STATION_P_01,868.77,882.05,735.0,晴
2025-02-08 14:00:00,PV_STATION_P_01,787.65,811.22,676.0,晴
2025-02-08 15:00:00,PV_STATION_P_01,682.48,681.24,563.3,晴
2025-02-08 16:00:00,PV_STATION_P_01,500.5,501.61,415.0,晴
2025-02-08 17:00:00,PV_STATION_P_01,292.49,285.4,237.8,晴
2025-02-08 18:00:00,PV_STATION_P_01,54.27,48.39,40.3,晴
2025-02-08 19:00:00,PV_STATION_P_01,0.0,0.0,0.0,晴
2025-02-08 20:00:00,PV_STATION_P_01,0.0,0.0,0.0,晴
2025-02-08 21:00:00,PV_STATION_P_01,0.0,0.0,0.0,晴
2025-02-08 22:00:00,PV_STATION_P_01,0.0,0.0,0.0,晴
2025-02-08 23:00:00,PV_STATION_P_01,0.0,0.0,0.0,晴
2025-02-09 00:00:00,PV_STATION_P_01,0.0,0.0,0.0,晴
2025-02-09 01:00:00,PV_STATION_P_01,0.0,0.0,0.0,晴
2025-02-09 02:00:00,PV_STATION_P_01,0.0,0.0,0.0,晴
2025-02-09 03:00:00,PV_STATION_P_01,0.0,0.0,0.0,晴
2025-02-09 04:00:00,PV_STATION_P_01,0.0,0.0,0.0,晴
2025-02-09 05:00:00,PV_STATION_P_01,0.0,0.0,0.0,晴
2025-02-09 06:00:00,PV_STATION_P_01,0.0,0.0,0.0,晴
2025-02-09 07:00:00,PV_STATION_P_01,107.56,96.9,80.7,晴
2025-02-09 08:00:00,PV_STATION_P_01,348.24,331.72,276.4,晴
2025-02-09 09:00:00,PV_STATION_P_01,550.88,542.36,445.6,晴
2025-02-09 10:00:00,PV_STATION_P_01,663.59,713.47,546.2,晴
2025-02-09 11:00:00,PV_STATION_P_01,820.96,832.56,693.8,晴
2025-02-09 12:00:00,PV_STATION_P_01,795.3,890.96,675.0,晴
2025-02-09 13:00:00,PV_STATION_P_01,847.79,884.4,737.0,晴
2025-02-09 14:00:00,PV_STATION_P_01,776.53,813.38,655.9,晴
2025-02-09 15:00:00,PV_STATION_P_01,681.81,683.06,569.2,晴
2025-02-09 16:00:00,PV_STATION_P_01,509.96,502.94,419.1,晴
2025-02-09 17:00:00,PV_STATION_P_01,278.78,286.16,226.8,晴
2025-02-09 18:00:00,PV_STATION_P_01,52.65,48.52,38.8,晴
2025-02-09 19:00:00,PV_STATION_P_01,0.0,0.0,0.0,晴
2025-02-09 20:00:00,PV_STATION_P_01,0.0,0.0,21.1,晴
2025-02-09 21:00:00,PV_STATION_P_01,0.0,0.0,0.0,晴
2025-02-09 22:00:00,PV_STATION_P_01,0.0,0.0,0.0,晴
2025-02-09 23:00:00,PV_STATION_P_01,0.0,0.0,0.0,晴
2025-02-10 00:00:00,PV_STATION_P_01,0.0,0.0,0.0,多云
2025-02-10 01:00:00,PV_STATION_P_01,0.0,0.0,0.0,多云
2025-02-10 02:00:00,PV_STATION_P_01,0.0,0.0,0.0,多云
2025-02-10 03:00:00,PV_STATION_P_01,0.0,0.0,0.0,多云
2025-02-10 04:00:00,PV_STATION_P_01,0.0,0.0,0.0,多云
2025-02-10 05:00:00,PV_STATION_P_01,0.0,0.0,0.0,多云
2025-02-10 06:00:00,PV_STATION_P_01,0.0,0.0,0.0,多云
2025-02-10 07:00:00,PV_STATION_P_01,72.12,97.16,50.6,多云
2025-02-10 08:00:00,PV_STATION_P_01,231.32,332.62,180.9,多云
2025-02-10 09:00:00,PV_STATION_P_01,338.97,543.83,279.0,多云
2025-02-10 10:00:00,PV_STATION_P_01,460.88,715.39,377.8,多云
2025-02-10 11:00:00,PV_STATION_P_01,553.07,834.8,448.5,多云
2025-02-10 12:00:00,PV_STATION_P_01,615.01,893.36,505.4,多云
2025-02-10 13:00:00,PV_STATION_P_01,567.1,886.79,470.5,多云
2025-02-10 14:00:00,PV_STATION_P_01,530.25,815.57,438.5,多云
2025-02-10 15:00:00,PV_STATION_P_01,481.05,684.9,396.0,多云
2025-02-10 16:00:00,PV_STATION_P_01,304.18,504.3,252.9,多云
2025-02-10 17:00:00,PV_STATION_P_01,201.81,286.93,159.6,多云
2025-02-10 18:00:00,PV_STATION_P_01,39.33,48.65,27.3,多云
2025-02-10 19:00:00,PV_STATION_P_01,0.0,0.0,0.0,多云
2025-02-10 20:00:00,PV_STATION_P_01,0.0,0.0,0.0,多云
2025-02-10 21:00:00,PV_STATION_P_01,0.0,0.0,0.0,多云
2025-02-10 22:00:00,PV_STATION_P_01,0.0,0.0,0.0,多云
2025-02-10 23:00:00,PV_STATION_P_01,0.0,0.0,0.0,多云
2025-02-11 00:00:00,PV_STATION_P_01,0.0,0.0,0.0,多云
2025-02-11 01:00:00,PV_STATION_P_01,0.0,0.0,0.0,多云
2025-02-11 02:00:00,PV_STATION_P_01,0.0,0.0,0.0,多云
2025-02-11 03:00:00,PV_STATION_P_01,0.0,0.0,0.0,多云
2025-02-11 04:00:00,PV_STATION_P_01,0.0,0.0,0.0,多云
2025-02-11 05:00:00,PV_STATION_P_01,0.0,0.0,0.0,多云
2025-02-11 06:00:00,PV_STATION_P_01,0.0,0.0,0.0,多云
2025-02-11 07:00:00,PV_STATION_P_01,53.93,97.42,52.5,多云
2025-02-11 08:00:00,PV_STATION_P_01,251.7,333.52,193.7,多云
2025-02-11 09:00:00,PV_STATION_P_01,347.14,545.31,290.2,多云
2025-02-11 10:00:00,PV_STATION_P_01,475.54,717.34,388.2,多云
2025-02-11 11:00:00,PV_STATION_P_01,572.08,837.08,472.6,多云
2025-02-11 12:00:00,PV_STATION_P_01,609.11,895.8,498.3,多云
2025-02-11 13:00:00,PV_STATION_P_01,566.68,889.21,472.6,多云
2025-02-11 14:00:00,PV_STATION_P_01,505.04,817.8,415.2,多云
2025-02-11 15:00:00,PV_STATION_P_01,463.57,686.77,377.4,多云
2025-02-11 16:00:00,PV_STATION_P_01,342.38,505.67,268.0,多云
2025-02-11 17:00:00,PV_STATION_P_01,198.78,287.72,158.5,多云
2025-02-11 18:00:00,PV_STATION_P_01,32.09,48.78,26.3,多云
2025-02-11 19:00:00,PV_STATION_P_01,0.0,0.0,0.0,多云
2025-02-11 20:00:00,PV_STATION_P_01,0.0,0.0,0.0,多云
2025-02-11 21:00:00,PV_STATION_P_01,0.0,0.0,0.0,多云
2025-02-11 22:00:00,PV_STATION_P_01,0.0,0.0,0.0,多云
2025-02-11 23:00:00,PV_STATION_P_01,0.0,0.0,0.0,多云
2025-02-12 00:00:00,PV_STATION_P_01,0.0,0.0,0.0,晴
2025-02-12 01:00:00,PV_STATION_P_01,0.0,0.0,0.0,晴
2025-02-12 02:00:00,PV_STATION_P_01,0.0,0.0,0.0,晴
2025-02-12 03:00:00,PV_STATION_P_01,0.0,0.0,0.0,晴
2025-02-12 04:00:00,PV_STATION_P_01,0.0,0.0,0.0,晴
2025-02-12 05:00:00,PV_STATION_P_01,0.0,0.0,0.0,晴
2025-02-12 06:00:00,PV_STATION_P_01,0.0,0.0,0.0,晴
2025-02-12 07:00:00,PV_STATION_P_01,101.09,97.69,77.3,晴
2025-02-12 08:00:00,PV_STATION_P_01,347.7,334.44,278.7,晴
2025-02-12 09:00:00,PV_STATION_P_01,558.32,546.81,454.6,晴
2025-02-12 10:00:00,PV_STATION_P_01,684.76,719.32,571.7,晴
2025-02-12 11:00:00,PV_STATION_P_01,813.23,839.39,692.4,晴
2025-02-12 12:00:00,PV_STATION_P_01,882.3,898.27,748.6,晴
2025-02-12 13:00:00,PV_STATION_P_01,877.27,891.66,743.1,晴
2025-02-12 14:00:00,PV_STATION_P_01,753.03,820.05,642.0,晴
2025-02-12 15:00:00,PV_STATION_P_01,639.48,688.66,539.3,晴
2025-02-12 16:00:00,PV_STATION_P_01,473.72,507.07,396.5,晴
2025-02-12 17:00:00,PV_STATION_P_01,288.19,288.51,231.6,晴
2025-02-12 18:00:00,PV_STATION_P_01,43.39,48.92,40.8,晴
2025-02-12 19:00:00,PV_STATION_P_01,0.0,0.0,0.0,晴
2025-02-12 20:00:00,PV_STATION_P_01,0.0,0.0,0.0,晴
2025-02-12 21:00:00,PV_STATION_P_01,0.0,0.0,0.0,晴
2025-02-12 22:00:00,PV_STATION_P_01,0.0,0.0,0.0,晴
2025-02-12 23:00:00,PV_STATION_P_01,0.0,0.0,0.0,晴
2025-02-13 00:00:00,PV_STATION_P_01,0.0,0.0,0.0,雨
2025-02-13 01:00:00,PV_STATION_P_01,0.0,0.0,0.0,雨
2025-02-13 02:00:00,PV_STATION_P_01,0.0,0.0,0.0,雨
2025-02-13 03:00:00,PV_STATION_P_01,0.0,0.0,0.0,雨
2025-02-13 04:00:00,PV_STATION_P_01,0.0,0.0,0.0,雨
2025-02-13 05:00:00,PV_STATION_P_01,0.0,0.0,0.0,雨
2025-02-13 06:00:00,PV_STATION_P_01,0.0,0.0,0.0,雨
2025-02-13 07:00:00,PV_STATION_P_01,19.27,97.96,11.1,雨
2025-02-13 08:00:00,PV_STATION_P_01,52.32,335.38,38.4,雨
2025-02-13 09:00:00,PV_STATION_P_01,76.17,548.34,59.7,雨
2025-02-13 10:00:00,PV_STATION_P_01,115.94,721.33,88.4,雨
2025-02-13 11:00:00,PV_STATION_P_01,122.06,841.73,105.3,雨
2025-02-13 12:00:00,PV_STATION_P_01,130.58,900.77,105.0,雨
2025-02-13 13:00:00,PV_STATION_P_01,127.7,894.15,105.9,雨
2025-02-13 14:00:00,PV_STATION_P_01,120.42,822.34,95.9,雨
2025-02-13 15:00:00,PV_STATION_P_01,98.92,690.58,81.0,雨
2025-02-13 16:00:00,PV_STATION_P_01,79.18,508.48,62.6,雨
2025-02-13 17:00:00,PV_STATION_P_01,38.74,289.31,30.8,雨
2025-02-13 18:00:00,PV_STATION_P_01,8.4,49.05,5.9,雨
2025-02-13 19:00:00,PV_STATION_P_01,0.0,0.0,0.0,雨
2025-02-13 20:00:00,PV_STATION_P_01,0.0,0.0,0.0,雨
2025-02-13 21:00:00,PV_STATION_P_01,0.0,0.0,0.0,雨
2025-02-13 22:00:00,PV_STATION_P_01,0.0,0.0,0.0,雨
2025-02-13 23:00:00,PV_STATION_P_01,0.0,0.0,0.0,雨
2025-02-14 00:00:00,PV_STATION_P_01,0.0,0.0,0.0,雨
2025-02-14 01:00:00,PV_STATION_P_01,0.0,0.0,0.0,雨
2025-02-14 02:00:00,PV_STATION_P_01,0.0,0.0,0.0,雨
2025-02-14 03:00:00,PV_STATION_P_01,0.0,0.0,0.0,雨
2025-02-14 04:00:00,PV_STATION_P_01,0.0,0.0,0.0,雨
2025-02-14 05:00:00,PV_STATION_P_01,0.0,0.0,0.0,雨
2025-02-14 06:00:00,PV_STATION_P_01,0.0,0.0,0.0,雨
2025-02-14 07:00:00,PV_STATION_P_01,15.73,98.24,10.9,雨
2025-02-14 08:00:00,PV_STATION_P_01,43.1,336.32,40.1,雨
2025-02-14 09:00:00,PV_STATION_P_01,78.63,549.88,63.8,雨
2025-02-14 10:00:00,PV_STATION_P_01,112.52,723.36,87.0,雨
2025-02-14 11:00:00,PV_STATION_P_01,131.96,844.1,103.0,雨
2025-02-14 12:00:00,PV_STATION_P_01,122.67,903.31,97.6,雨
2025-02-14 13:00:00,PV_STATION_P_01,142.5,896.66,110.0,雨
2025-02-14 14:00:00,PV_STATION_P_01,115.9,824.65,95.0,雨
2025-02-14 15:00:00,PV_STATION_P_01,113.95,692.53,84.1,雨
2025-02-14 16:00:00,PV_STATION_P_01,74.96,509.91,61.0,雨
2025-02-14 17:00:00,PV_STATION_P_01,51.61,290.13,37.0,雨
2025-02-14 18:00:00,PV_STATION_P_01,12.48,49.19,5.7,雨
2025-02-14 19:00:00,PV_STATION_P_01,0.0,0.0,0.0,雨
2025-02-14 20:00:00,PV_STATION_P_01,0.0,0.0,0.0,雨
2025-02-14 21:00:00,PV_STATION_P_01,0.0,0.0,0.0,雨
2025-02-14 22:00:00,PV_STATION_P_01,0.0,0.0,0.0,雨
2025-02-14 23:00:00,PV_STATION_P_01,0.0,0.0,0.0,雨
2025-02-15 00:00:00,PV_STATION_P_01,0.0,0.0,0.0,阴
2025-02-15 01:00:00,PV_STATION_P_01,0.0,0.0,0.0,阴
2025-02-15 02:00:00,PV_STATION_P_01,0.0,0.0,0.0,阴
2025-02-15 03:00:00,PV_STATION_P_01,0.0,0.0,0.0,阴
2025-02-15 04:00:00,PV_STATION_P_01,0.0,0.0,0.0,阴
2025-02-15 05:00:00,PV_STATION_P_01,,0.0,0.0,阴
2025-02-15 06:00:00,PV_STATION_P_01,0.0,0.0,0.0,阴
2025-02-15 07:00:00,PV_STATION_P_01,30.76,98.52,21.8,阴
2025-02-15 08:00:00,PV_STATION_P_01,110.24,337.27,86.2,阴
2025-02-15 09:00:00,PV_STATION_P_01,177.11,551.44,133.2,阴
2025-02-15 10:00:00,PV_STATION_P_01,235.27,725.41,179.1,阴
2025-02-15 11:00:00,PV_STATION_P_01,281.9,846.5,225.8,阴
2025-02-15 12:00:00,PV_STATION_P_01,278.11,905.87,228.1,阴
2025-02-15 13:00:00,PV_STATION_P_01,278.47,899.21,220.9,阴
2025-02-15 14:00:00,PV_STATION_P_01,244.75,827.0,205.0,阴
2025-02-15 15:00:00,PV_STATION_P_01,225.19,694.49,189.0,阴
2025-02-15 16:00:00,PV_STATION_P_01,172.33,511.36,130.4,阴
2025-02-15 17:00:00,PV_STATION_P_01,90.97,290.95,69.5,阴
2025-02-15 18:00:00,PV_STATION_P_01,9.21,49.33,12.0,阴
2025-02-15 19:00:00,PV_STATION_P_01,0.0,0.0,0.0,阴
2025-02-15 20:00:00,PV_STATION_P_01,0.0,0.0,0.0,阴
2025-02-15 21:00:00,PV_STATION_P_01,0.0,0.0,0.0,阴
2025-02-15 22:00:00,PV_STATION_P_01,0.0,0.0,0.0,阴
2025-02-15 23:00:00,PV_STATION_P_01,0.0,0.0,0.0,阴
2025-02-16 00:00:00,PV_STATION_P_01,0.0,0.0,0.0,雨
2025-02-16 01:00:00,PV_STATION_P_01,0.0,0.0,0.0,雨
2025-02-16 02:00:00,PV_STATION_P_01,0.0,0.0,0.0,雨
2025-02-16 03:00:00,PV_STATION_P_01,0.0,0.0,0.0,雨
2025-02-16 04:00:00,PV_STATION_P_01,0.0,0.0,0.0,雨
2025-02-16 05:00:00,PV_STATION_P_01,0.0,0.0,0.0,雨
2025-02-16 06:00:00,PV_STATION_P_01,0.0,0.0,0.0,雨
2025-02-16 07:00:00,PV_STATION_P_01,11.7,98.8,12.1,雨
2025-02-16 08:00:00,PV_STATION_P_01,29.86,338.24,35.5,雨
2025-02-16 09:00:00,PV_STATION_P_01,80.54,553.02,64.0,雨
2025-02-16 10:00:00,PV_STATION_P_01,109.52,727.49,88.3,雨
2025-02-16 11:00:00,PV_STATION_P_01,112.54,848.92,88.2,雨
2025-02-16 12:00:00,PV_STATION_P_01,148.74,908.47,106.3,雨
2025-02-16 13:00:00,PV_STATION_P_01,126.3,901.79,97.3,雨
2025-02-16 14:00:00,PV_STATION_P_01,117.32,829.37,87.8,雨
2025-02-16 15:00:00,PV_STATION_P_01,94.65,696.48,76.9,雨
2025-02-16 16:00:00,PV_STATION_P_01,65.01,512.83,59.3,雨
2025-02-16 17:00:00,PV_STATION_P_01,39.15,291.79,32.8,雨
2025-02-16 18:00:00,PV_STATION_P_01,2.6,49.47,6.1,雨
2025-02-16 19:00:00,PV_STATION_P_01,0.0,0.0,0.0,雨
2025-02-16 20:00:00,PV_STATION_P_01,0.0,0.0,0.0,雨
2025-02-16 21:00:00,PV_STATION_P_01,0.0,0.0,0.0,雨
2025-02-16 22:00:00,PV_STATION_P_01,0.0,0.0,0.0,雨
2025-02-16 23:00:00,PV_STATION_P_01,0.0,0.0,0.0,雨
2025-02-17 00:00:00,PV_STATION_P_01,0.0,0.0,0.0,晴
2025-02-17 01:00:00,PV_STATION_P_01,0.0,0.0,0.0,晴
2025-02-17 02:00:00,PV_STATION_P_01,0.0,0.0,0.0,晴
2025-02-17 03:00:00,PV_STATION_P_01,0.0,0.0,0.0,晴
2025-02-17 04:00:00,PV_STATION_P_01,0.0,0.0,0.0,晴
2025-02-17 05:00:00,PV_STATION_P_01,0.0,0.0,0.0,晴
2025-02-17 06:00:00,PV_STATION_P_01,0.0,0.0,0.0,晴
2025-02-17 07:00:00,PV_STATION_P_01,107.19,99.09,78.7,晴
2025-02-17 08:00:00,PV_STATION_P_01,347.45,339.22,278.6,晴
2025-02-17 09:00:00,PV_STATION_P_01,555.16,554.62,462.2,晴
2025-02-17 10:00:00,PV_STATION_P_01,725.35,729.59,608.0,晴
2025-02-17 11:00:00,PV_STATION_P_01,837.1,851.38,709.5,晴
2025-02-17 12:00:00,PV_STATION_P_01,849.29,911.09,731.9,晴
2025-02-17 13:00:00,PV_STATION_P_01,-19.95,904.39,666.5,晴
2025-02-17 14:00:00,PV_STATION_P_01,788.93,831.76,693.1,晴
2025-02-17 15:00:00,PV_STATION_P_01,688.43,698.5,582.1,晴
2025-02-17 16:00:00,PV_STATION_P_01,507.29,514.31,428.6,晴
2025-02-17 17:00:00,PV_STATION_P_01,286.17,292.63,234.3,晴
2025-02-17 18:00:00,PV_STATION_P_01,55.25,49.62,38.5,晴
2025-02-17 19:00:00,PV_STATION_P_01,0.0,0.0,0.0,晴
2025-02-17 20:00:00,PV_STATION_P_01,0.0,0.0,0.0,晴
2025-02-17 21:00:00,PV_STATION_P_01,0.0,0.0,0.0,晴
2025-02-17 22:00:00,PV_STATION_P_01,0.0,0.0,0.0,晴
2025-02-17 23:00:00,PV_STATION_P_01,0.0,0.0,0.0,晴
2025-02-18 00:00:00,PV_STATION_P_01,0.0,0.0,0.0,晴
2025-02-18 01:00:00,PV_STATION_P_01,0.0,0.0,0.0,晴
2025-02-18 02:00:00,PV_STATION_P_01,0.0,0.0,0.0,晴
2025-02-18 03:00:00,PV_STATION_P_01,0.0,0.0,0.0,晴
2025-02-18 04:00:00,PV_STATION_P_01,0.0,0.0,0.0,晴
2025-02-18 05:00:00,PV_STATION_P_01,0.0,0.0,0.0,晴
2025-02-18 06:00:00,PV_STATION_P_01,0.0,0.0,0.0,晴
2025-02-18 07:00:00,PV_STATION_P_01,99.96,99.38,82.8,晴
2025-02-18 08:00:00,PV_STATION_P_01,352.01,340.21,283.5,晴
2025-02-18 09:00:00,PV_STATION_P_01,559.08,556.24,454.1,晴
2025-02-18 10:00:00,PV_STATION_P_01,699.02,731.72,576.8,晴
2025-02-18 11:00:00,PV_STATION_P_01,831.81,853.86,711.5,晴
2025-02-18 12:00:00,PV_STATION_P_01,885.19,913.75,761.5,晴
2025-02-18 13:00:00,PV_STATION_P_01,801.24,907.03,696.2,晴
2025-02-18 14:00:00,PV_STATION_P_01,824.95,834.19,695.2,晴
2025-02-18 15:00:00,PV_STATION_P_01,629.98,700.53,524.2,晴
2025-02-18 16:00:00,PV_STATION_P_01,493.96,515.81,422.5,晴
2025-02-18 17:00:00,PV_STATION_P_01,280.38,293.48,224.3,晴
2025-02-18 18:00:00,PV_STATION_P_01,49.63,49.76,41.5,晴
2025-02-18 19:00:00,PV_STATION_P_01,0.0,0.0,0.0,晴
2025-02-18 20:00:00,PV_STATION_P_01,0.0,0.0,0.0,晴
2025-02-18 21:00:00,PV_STATION_P_01,0.0,0.0,0.0,晴
2025-02-18 22:00:00,PV_STATION_P_01,0.0,0.0,0.0,晴
2025-02-18 23:00:00,PV_STATION_P_01,0.0,0.0,0.0,晴
2025-02-19 00:00:00,PV_STATION_P_01,0.0,0.0,0.0,阴
2025-02-19 01:00:00,PV_STATION_P_01,0.0,0.0,0.0,阴
2025-02-19 02:00:00,PV_STATION_P_01,0.0,0.0,0.0,阴
2025-02-19 03:00:00,PV_STATION_P_01,0.0,0.0,0.0,阴
2025-02-19 04:00:00,PV_STATION_P_01,0.0,0.0,0.0,阴
2025-02-19 05:00:00,PV_STATION_P_01,0.0,0.0,0.0,阴
2025-02-19 06:00:00,PV_STATION_P_01,0.0,0.0,0.0,阴
2025-02-19 07:00:00,PV_STATION_P_01,36.97,99.67,26.0,阴
2025-02-19 08:00:00,PV_STATION_P_01,89.19,341.21,78.8,阴
2025-02-19 09:00:00,PV_STATION_P_01,158.12,557.87,136.2,阴
2025-02-19 10:00:00,PV_STATION_P_01,205.61,733.87,168.6,阴
2025-02-19 11:00:00,PV_STATION_P_01,266.41,856.36,217.6,阴
2025-02-19 12:00:00,PV_STATION_P_01,311.08,916.43,247.8,阴
2025-02-19 13:00:00,PV_STATION_P_01,291.7,909.69,237.6,阴
2025-02-19 14:00:00,PV_STATION_P_01,256.1,836.63,202.8,阴
2025-02-19 15:00:00,PV_STATION_P_01,225.87,702.59,180.1,阴
2025-02-19 16:00:00,PV_STATION_P_01,175.46,517.32,131.6,阴
2025-02-19 17:00:00,PV_STATION_P_01,87.61,294.34,74.4,阴
2025-02-19 18:00:00,PV_STATION_P_01,14.14,49.91,11.7,阴
2025-02-19 19:00:00,PV_STATION_P_01,0.0,0.0,0.0,阴
2025-02-19 20:00:00,PV_STATION_P_01,0.0,0.0,0.0,阴
2025-02-19 21:00:00,PV_STATION_P_01,0.0,0.0,0.0,阴
2025-02-19 22:00:00,PV_STATION_P_01,0.0,0.0,0.0,阴
2025-02-19 23:00:00,PV_STATION_P_01,0.0,0.0,0.0,阴
2025-02-20 00:00:00,PV_STATION_P_01,0.0,0.0,0.0,阴
2025-02-20 01:00:00,PV_STATION_P_01,0.0,0.0,0.0,阴
2025-02-20 02:00:00,PV_STATION_P_01,0.0,0.0,0.0,阴
2025-02-20 03:00:00,PV_STATION_P_01,0.0,0.0,0.0,阴
2025-02-20 04:00:00,PV_STATION_P_01,0.0,0.0,0.0,阴
2025-02-20 05:00:00,PV_STATION_P_01,0.0,0.0,0.0,阴
2025-02-20 06:00:00,PV_STATION_P_01,0.0,0.0,0.0,阴
2025-02-20 07:00:00,PV_STATION_P_01,35.28,99.96,23.1,阴
2025-02-20 08:00:00,PV_STATION_P_01,121.81,342.21,89.8,阴
2025-02-20 09:00:00,PV_STATION_P_01,,559.52,147.2,阴
2025-02-20 10:00:00,PV_STATION_P_01,226.27,736.04,187.1,阴
2025-02-20 11:00:00,PV_STATION_P_01,281.31,858.89,218.3,阴
2025-02-20 12:00:00,PV_STATION_P_01,280.44,919.14,219.3,阴
2025-02-20 13:00:00,PV_STATION_P_01,237.91,912.38,200.3,阴
2025-02-20 14:00:00,PV_STATION_P_01,249.87,839.11,207.2,阴
2025-02-20 15:00:00,PV_STATION_P_01,192.73,704.66,159.5,阴
2025-02-20 16:00:00,PV_STATION_P_01,166.87,518.85,130.9,阴
2025-02-20 17:00:00,PV_STATION_P_01,105.76,295.21,78.6,阴
2025-02-20 18:00:00,PV_STATION_P_01,12.84,50.05,12.1,阴
2025-02-20 19:00:00,PV_STATION_P_01,0.0,0.0,0.0,阴
2025-02-20 20:00:00,PV_STATION_P_01,0.0,0.0,0.0,阴
2025-02-20 21:00:00,PV_STATION_P_01,0.0,0.0,0.0,阴
2025-02-20 22:00:00,PV_STATION_P_01,0.0,0.0,0.0,阴
2025-02-20 23:00:00,PV_STATION_P_01,0.0,0.0,0.0,阴
2025-02-21 00:00:00,PV_STATION_P_01,0.0,0.0,0.0,多云
2025-02-21 01:00:00,PV_STATION_P_01,0.0,0.0,0.0,多云
2025-02-21 02:00:00,PV_STATION_P_01,0.0,0.0,0.0,多云
2025-02-21 03:00:00,PV_STATION_P_01,0.0,0.0,0.0,多云
2025-02-21 04:00:00,PV_STATION_P_01,0.0,0.0,0.0,多云
2025-02-21 05:00:00,PV_STATION_P_01,0.0,0.0,0.0,多云
2025-02-21 06:00:00,PV_STATION_P_01,0.0,0.0,0.0,多云
2025-02-21 07:00:00,PV_STATION_P_01,73.6,100.26,57.8,多云
2025-02-21 08:00:00,PV_STATION_P_01,242.41,343.23,198.2,多云
2025-02-21 09:00:00,PV_STATION_P_01,350.39,561.19,290.6,多云
2025-02-21 10:00:00,PV_STATION_P_01,512.46,738.23,413.5,多云
2025-02-21 11:00:00,PV_STATION_P_01,605.45,861.45,500.1,多云
2025-02-21 12:00:00,PV_STATION_P_01,599.57,921.88,498.2,多云
2025-02-21 13:00:00,PV_STATION_P_01,601.1,915.1,498.0,多云
2025-02-21 14:00:00,PV_STATION_P_01,589.04,841.61,479.0,多云
2025-02-21 15:00:00,PV_STATION_P_01,489.96,706.76,402.8,多云
2025-02-21 16:00:00,PV_STATION_P_01,359.69,520.4,292.4,多云
2025-02-21 17:00:00,PV_STATION_P_01,206.9,296.09,164.9,多云
2025-02-21 18:00:00,PV_STATION_P_01,37.8,50.2,28.1,多云
2025-02-21 19:00:00,PV_STATION_P_01,0.0,0.0,0.0,多云
2025-02-21 20:00:00,PV_STATION_P_01,0.0,0.0,0.0,多云
2025-02-21 21:00:00,PV_STATION_P_01,0.0,0.0,0.0,多云
2025-02-21 22:00:00,PV_STATION_P_01,0.0,0.0,0.0,多云
2025-02-21 23:00:00,PV_STATION_P_01,0.0,0.0,0.0,多云
2025-02-22 00:00:00,PV_STATION_P_01,0.0,0.0,0.0,阴
2025-02-22 01:00:00,PV_STATION_P_01,0.0,0.0,0.0,阴
2025-02-22 02:00:00,PV_STATION_P_01,0.0,0.0,0.0,阴
2025-02-22 03:00:00,PV_STATION_P_01,0.0,0.0,0.0,阴
2025-02-22 04:00:00,PV_STATION_P_01,0.0,0.0,0.0,阴
2025-02-22 05:00:00,PV_STATION_P_01,0.0,0.0,0.0,阴
2025-02-22 06:00:00,PV_STATION_P_01,0.0,0.0,0.0,阴
2025-02-22 07:00:00,PV_STATION_P_01,35.98,100.56,25.8,阴
2025-02-22 08:00:00,PV_STATION_P_01,91.36,344.26,82.9,阴
2025-02-22 09:00:00,PV_STATION_P_01,152.49,562.87,122.3,阴
2025-02-22 10:00:00,PV_STATION_P_01,251.3,740.44,201.1,阴
2025-02-22 11:00:00,PV_STATION_P_01,253.51,864.03,212.0,阴
2025-02-22 12:00:00,PV_STATION_P_01,294.08,924.64,243.2,阴
2025-02-22 13:00:00,PV_STATION_P_01,283.6,917.84,221.9,阴
2025-02-22 14:00:00,PV_STATION_P_01,224.87,844.13,202.5,阴
2025-02-22 15:00:00,PV_STATION_P_01,215.66,708.88,172.4,阴
2025-02-22 16:00:00,PV_STATION_P_01,171.07,521.95,132.1,阴
2025-02-22 17:00:00,PV_STATION_P_01,94.31,296.98,74.9,阴
2025-02-22 18:00:00,PV_STATION_P_01,26.16,50.35,12.9,阴
2025-02-22 19:00:00,PV_STATION_P_01,0.0,0.0,0.0,阴
2025-02-22 20:00:00,PV_STATION_P_01,0.0,0.0,0.0,阴
2025-02-22 21:00:00,PV_STATION_P_01,0.0,0.0,0.0,阴
2025-02-22 22:00:00,PV_STATION_P_01,0.0,0.0,0.0,阴
2025-02-22 23:00:00,PV_STATION_P_01,0.0,0.0,0.0,阴
2025-02-23 00:00:00,PV_STATION_P_01,0.0,0.0,0.0,晴
2025-02-23 01:00:00,PV_STATION_P_01,0.0,0.0,0.0,晴
2025-02-23 02:00:00,PV_STATION_P_01,0.0,0.0,0.0,晴
2025-02-23 03:00:00,PV_STATION_P_01,0.0,0.0,0.0,晴
2025-02-23 04:00:00,PV_STATION_P_01,0.0,0.0,0.0,晴
2025-02-23 05:00:00,PV_STATION_P_01,0.0,0.0,0.0,晴
2025-02-23 06:00:00,PV_STATION_P_01,0.0,0.0,0.0,晴
2025-02-23 07:00:00,PV_STATION_P_01,99.73,100.86,84.1,晴
2025-02-23 08:00:00,PV_STATION_P_01,363.24,345.3,287.7,晴
2025-02-23 09:00:00,PV_STATION_P_01,575.46,564.56,470.5,晴
2025-02-23 10:00:00,PV_STATION_P_01,736.3,742.67,618.9,晴
2025-02-23 11:00:00,PV_STATION_P_01,784.99,866.64,666.1,晴
2025-02-23 12:00:00,PV_STATION_P_01,912.59,927.42,772.9,晴
2025-02-23 13:00:00,PV_STATION_P_01,875.95,920.6,750.0,晴
2025-02-23 14:00:00,PV_STATION_P_01,779.48,846.67,661.9,晴
2025-02-23 15:00:00,PV_STATION_P_01,689.49,711.01,577.6,晴
2025-02-23 16:00:00,PV_STATION_P_01,499.03,523.53,426.1,晴
2025-02-23 17:00:00,PV_STATION_P_01,286.49,297.87,238.3,晴
2025-02-23 18:00:00,PV_STATION_P_01,62.45,50.51,42.1,晴
2025-02-23 19:00:00,PV_STATION_P_01,0.0,0.0,0.0,晴
2025-02-23 20:00:00,PV_STATION_P_01,0.0,0.0,0.0,晴
2025-02-23 21:00:00,PV_STATION_P_01,0.0,0.0,0.0,晴
2025-02-23 22:00:00,PV_STATION_P_01,0.0,0.0,0.0,晴
2025-02-23 23:00:00,PV_STATION_P_01,0.0,0.0,0.0,晴
2025-02-24 00:00:00,PV_STATION_P_01,0.0,0.0,0.0,晴
2025-02-24 01:00:00,PV_STATION_P_01,0.0,0.0,0.0,晴
2025-02-24 02:00:00,PV_STATION_P_01,0.0,0.0,0.0,晴
2025-02-24 03:00:00,PV_STATION_P_01,0.0,0.0,0.0,晴
2025-02-24 04:00:00,PV_STATION_P_01,0.0,0.0,0.0,晴
2025-02-24 05:00:00,PV_STATION_P_01,0.0,0.0,0.0,晴
2025-02-24 06:00:00,PV_STATION_P_01,0.0,0.0,0.0,晴
2025-02-24 07:00:00,PV_STATION_P_01,95.97,101.17,84.2,晴
2025-02-24 08:00:00,PV_STATION_P_01,364.55,346.35,288.6,晴
2025-02-24 09:00:00,PV_STATION_P_01,561.43,566.27,471.9,晴
2025-02-24 10:00:00,PV_STATION_P_01,727.96,744.92,620.8,晴
2025-02-24 11:00:00,PV_STATION_P_01,837.34,869.26,724.4,晴
2025-02-24 12:00:00,PV_STATION_P_01,864.04,930.23,741.1,晴
2025-02-24 13:00:00,PV_STATION_P_01,882.13,923.39,769.5,晴
2025-02-24 14:00:00,PV_STATION_P_01,785.66,849.24,685.5,晴
2025-02-24 15:00:00,PV_STATION_P_01,696.13,713.17,594.3,晴
2025-02-24 16:00:00,PV_STATION_P_01,531.4,525.11,437.6,晴
2025-02-24 17:00:00,PV_STATION_P_01,317.64,298.78,249.0,晴
2025-02-24 18:00:00,PV_STATION_P_01,35.44,50.66,37.9,晴
2025-02-24 19:00:00,PV_STATION_P_01,0.0,0.0,0.0,晴
2025-02-24 20:00:00,PV_STATION_P_01,0.0,0.0,0.0,晴
2025-02-24 21:00:00,PV_STATION_P_01,0.0,0.0,0.0,晴
2025-02-24 22:00:00,PV_STATION_P_01,0.0,0.0,0.0,晴
2025-02-24 23:00:00,PV_STATION_P_01,0.0,0.0,0.0,晴
2025-02-25 00:00:00,PV_STATION_P_01,0.0,0.0,0.0,多云
2025-02-25 01:00:00,PV_STATION_P_01,0.0,0.0,0.0,多云
2025-02-25 02:00:00,PV_STATION_P_01,0.0,0.0,0.0,多云
2025-02-25 03:00:00,PV_STATION_P_01,0.0,0.0,0.0,多云
2025-02-25 04:00:00,PV_STATION_P_01,0.0,0.0,0.0,多云
2025-02-25 05:00:00,PV_STATION_P_01,0.0,0.0,0.0,多云
2025-02-25 06:00:00,PV_STATION_P_01,0.0,0.0,0.0,多云
2025-02-25 07:00:00,PV_STATION_P_01,77.3,101.48,57.6,多云
2025-02-25 08:00:00,PV_STATION_P_01,256.14,347.4,210.4,多云
2025-02-25 09:00:00,PV_STATION_P_01,397.16,568.0,320.1,多云
2025-02-25 10:00:00,PV_STATION_P_01,473.15,747.19,392.9,多云
2025-02-25 11:00:00,PV_STATION_P_01,585.82,871.91,491.9,多云
2025-02-25 12:00:00,PV_STATION_P_01,653.16,933.07,546.2,多云
2025-02-25 13:00:00,PV_STATION_P_01,603.09,926.2,497.6,多云
2025-02-25 14:00:00,PV_STATION_P_01,571.89,851.82,488.5,多云
2025-02-25 15:00:00,PV_STATION_P_01,422.83,715.34,347.1,多云
2025-02-25 16:00:00,PV_STATION_P_01,380.46,526.71,311.1,多云
2025-02-25 17:00:00,PV_STATION_P_01,195.77,299.69,171.4,多云
2025-02-25 18:00:00,PV_STATION_P_01,20.56,50.81,24.4,多云
2025-02-25 19:00:00,PV_STATION_P_01,0.0,0.0,0.0,多云
2025-02-25 20:00:00,PV_STATION_P_01,0.0,0.0,0.0,多云
2025-02-25 21:00:00,PV_STATION_P_01,0.0,0.0,0.0,多云
2025-02-25 22:00:00,PV_STATION_P_01,0.0,0.0,0.0,多云
2025-02-25 23:00:00,PV_STATION_P_01,0.0,0.0,0.0,多云
2025-02-26 00:00:00,PV_STATION_P_01,0.0,0.0,0.0,晴
2025-02-26 01:00:00,PV_STATION_P_01,0.0,0.0,0.0,晴
2025-02-26 02:00:00,PV_STATION_P_01,0.0,0.0,0.0,晴
2025-02-26 03:00:00,PV_STATION_P_01,0.0,0.0,0.0,晴
2025-02-26 04:00:00,PV_STATION_P_01,0.0,0.0,0.0,晴
2025-02-26 05:00:00,PV_STATION_P_01,0.0,0.0,0.0,晴
2025-02-26 06:00:00,PV_STATION_P_01,0.0,0.0,0.0,晴
2025-02-26 07:00:00,PV_STATION_P_01,104.94,101.79,84.5,晴
2025-02-26 08:00:00,PV_STATION_P_01,367.07,348.46,290.4,晴
2025-02-26 09:00:00,PV_STATION_P_01,550.12,569.74,459.0,晴
2025-02-26 10:00:00,PV_STATION_P_01,717.39,749.47,598.6,晴
2025-02-26 11:00:00,PV_STATION_P_01,814.84,874.58,690.1,晴
2025-02-26 12:00:00,PV_STATION_P_01,831.44,935.92,696.4,晴
2025-02-26 13:00:00,PV_STATION_P_01,897.51,929.04,774.2,晴
2025-02-26 14:00:00,PV_STATION_P_01,799.17,854.43,680.0,晴
2025-02-26 15:00:00,PV_STATION_P_01,701.28,717.53,590.8,晴
2025-02-26 16:00:00,PV_STATION_P_01,536.46,528.32,440.3,晴
2025-02-26 17:00:00,PV_STATION_P_01,323.01,300.6,248.7,晴
2025-02-26 18:00:00,PV_STATION_P_01,59.53,50.97,42.5,晴
2025-02-26 19:00:00,PV_STATION_P_01,0.0,0.0,0.0,晴
2025-02-26 20:00:00,PV_STATION_P_01,0.0,0.0,0.0,晴
2025-02-26 21:00:00,PV_STATION_P_01,0.0,0.0,0.0,晴
2025-02-26 22:00:00,PV_STATION_P_01,0.0,0.0,0.0,晴
2025-02-26 23:00:00,PV_STATION_P_01,0.0,0.0,0.0,晴
2025-02-27 00:00:00,PV_STATION_P_01,0.0,0.0,0.0,晴
2025-02-27 01:00:00,PV_STATION_P_01,0.0,0.0,0.0,晴
2025-02-27 02:00:00,PV_STATION_P_01,0.0,0.0,0.0,晴
2025-02-27 03:00:00,PV_STATION_P_01,0.0,0.0,0.0,晴
2025-02-27 04:00:00,PV_STATION_P_01,0.0,0.0,0.0,晴
2025-02-27 05:00:00,PV_STATION_P_01,0.0,0.0,0.0,晴
2025-02-27 06:00:00,PV_STATION_P_01,0.0,0.0,0.0,晴
2025-02-27 07:00:00,PV_STATION_P_01,114.2,102.1,85.1,晴
2025-02-27 08:00:00,PV_STATION_P_01,356.08,349.53,291.3,晴
2025-02-27 09:00:00,PV_STATION_P_01,567.58,571.49,469.7,晴
2025-02-27 10:00:00,PV_STATION_P_01,742.04,751.78,626.5,晴
2025-02-27 11:00:00,PV_STATION_P_01,865.24,877.26,713.2,晴
2025-02-27 12:00:00,PV_STATION_P_01,914.48,938.8,782.3,晴
2025-02-27 13:00:00,PV_STATION_P_01,886.86,931.89,753.3,晴
2025-02-27 14:00:00,PV_STATION_P_01,760.58,857.05,663.2,晴
2025-02-27 15:00:00,PV_STATION_P_01,646.06,719.74,549.8,晴
2025-02-27 16:00:00,PV_STATION_P_01,533.54,529.95,441.6,晴
2025-02-27 17:00:00,PV_STATION_P_01,309.43,301.53,251.3,晴
2025-02-27 18:00:00,PV_STATION_P_01,46.43,51.13,40.2,晴
2025-02-27 19:00:00,PV_STATION_P_01,0.0,0.0,0.0,晴
2025-02-27 20:00:00,PV_STATION_P_01,0.0,0.0,0.0,晴
2025-02-27 21:00:00,PV_STATION_P_01,0.0,0.0,0.0,晴
2025-02-27 22:00:00,PV_STATION_P_01,0.0,0.0,0.0,晴
2025-02-27 23:00:00,PV_STATION_P_01,0.0,0.0,0.0,晴
2025-02-28 00:00:00,PV_STATION_P_01,0.0,0.0,0.0,晴
2025-02-28 01:00:00,PV_STATION_P_01,0.0,0.0,0.0,晴
2025-02-28 02:00:00,PV_STATION_P_01,0.0,0.0,0.0,晴
2025-02-28 03:00:00,PV_STATION_P_01,0.0,0.0,0.0,晴
2025-02-28 04:00:00,PV_STATION_P_01,0.0,0.0,0.0,晴
2025-02-28 05:00:00,PV_STATION_P_01,0.0,0.0,0.0,晴
2025-02-28 06:00:00,PV_STATION_P_01,0.0,0.0,0.0,晴
2025-02-28 07:00:00,PV_STATION_P_01,105.13,102.42,79.7,晴
2025-02-28 08:00:00,PV_STATION_P_01,358.39,350.61,287.8,晴
2025-02-28 09:00:00,PV_STATION_P_01,581.96,573.25,477.7,晴
2025-02-28 10:00:00,PV_STATION_P_01,738.35,754.1,626.0,晴
2025-02-28 11:00:00,PV_STATION_P_01,778.42,879.97,661.4,晴
2025-02-28 12:00:00,PV_STATION_P_01,877.24,941.7,759.6,晴
2025-02-28 13:00:00,PV_STATION_P_01,875.29,934.77,751.4,晴
2025-02-28 14:00:00,PV_STATION_P_01,831.27,859.7,716.4,晴
2025-02-28 15:00:00,PV_STATION_P_01,708.41,721.96,601.6,晴
2025-02-28 16:00:00,PV_STATION_P_01,522.92,531.58,443.0,晴
2025-02-28 17:00:00,PV_STATION_P_01,283.37,302.46,237.0,晴
2025-02-28 18:00:00,PV_STATION_P_01,52.84,51.28,42.4,晴
2025-02-28 19:00:00,PV_STATION_P_01,0.0,0.0,0.0,晴
2025-02-28 20:00:00,PV_STATION_P_01,0.0,0.0,0.0,晴
2025-02-28 21:00:00,PV_STATION_P_01,0.0,0.0,0.0,晴
2025-02-28 22:00:00,PV_STATION_P_01,0.0,0.0,0.0,晴
2025-02-28 23:00:00,PV_STATION_P_01,0.0,0.0,0.0,晴
2025-03-01 00:00:00,PV_STATION_P_01,0.0,0.0,0.0,晴
2025-03-01 01:00:00,PV_STATION_P_01,0.0,0.0,0.0,晴
2025-03-01 02:00:00,PV_STATION_P_01,0.0,0.0,0.0,晴
2025-03-01 03:00:00,PV_STATION_P_01,0.0,0.0,0.0,晴
2025-03-01 04:00:00,PV_STATION_P_01,0.0,0.0,0.0,晴
2025-03-01 05:00:00,PV_STATION_P_01,0.0,0.0,0.0,晴
2025-03-01 06:00:00,PV_STATION_P_01,0.0,0.0,0.0,晴
2025-03-01 07:00:00,PV_STATION_P_01,120.02,102.73,85.6,晴
2025-03-01 08:00:00,PV_STATION_P_01,319.2,351.7,258.4,晴
2025-03-01 09:00:00,PV_STATION_P_01,572.43,575.03,479.2,晴
2025-03-01 10:00:00,PV_STATION_P_01,742.46,756.43,620.8,晴
2025-03-01 11:00:00,PV_STATION_P_01,855.01,882.7,735.6,晴
2025-03-01 12:00:00,PV_STATION_P_01,912.75,944.61,787.2,晴
2025-03-01 13:00:00,PV_STATION_P_01,847.02,937.67,728.4,晴
2025-03-01 14:00:00,PV_STATION_P_01,799.03,862.36,718.6,晴
2025-03-01 15:00:00,PV_STATION_P_01,681.03,724.19,576.4,晴
2025-03-01 16:00:00,PV_STATION_P_01,499.71,533.23,417.2,晴
2025-03-01 17:00:00,PV_STATION_P_01,317.38,303.39,252.8,晴
2025-03-01 18:00:00,PV_STATION_P_01,56.52,51.44,42.9,晴
2025-03-01 19:00:00,PV_STATION_P_01,0.0,0.0,0.0,晴
2025-03-01 20:00:00,PV_STATION_P_01,0.0,0.0,0.0,晴
2025-03-01 21:00:00,PV_STATION_P_01,0.0,0.0,0.0,晴
2025-03-01 22:00:00,PV_STATION_P_01,0.0,0.0,0.0,晴
2025-03-01 23:00:00,PV_STATION_P_01,0.0,0.0,0.0,晴
2025-03-02 00:00:00,PV_STATION_P_01,0.0,0.0,0.0,晴
2025-03-02 01:00:00,PV_STATION_P_01,0.0,0.0,0.0,晴
2025-03-02 02:00:00,PV_STATION_P_01,0.0,0.0,0.0,晴
2025-03-02 03:00:00,PV_STATION_P_01,0.0,0.0,0.0,晴
2025-03-02 04:00:00,PV_STATION_P_01,0.0,0.0,0.0,晴
2025-03-02 05:00:00,PV_STATION_P_01,0.0,0.0,0.0,晴
2025-03-02 06:00:00,PV_STATION_P_01,0.0,0.0,0.0,晴
2025-03-02 07:00:00,PV_STATION_P_01,113.48,103.05,85.9,晴
2025-03-02 08:00:00,PV_STATION_P_01,369.8,352.79,294.0,晴
2025-03-02 09:00:00,PV_STATION_P_01,588.1,576.81,480.7,晴
2025-03-02 10:00:00,PV_STATION_P_01,747.71,758.78,624.9,晴
2025-03-02 11:00:00,PV_STATION_P_01,849.58,885.44,725.0,晴
2025-03-02 12:00:00,PV_STATION_P_01,883.14,947.55,745.9,晴
2025-03-02 13:00:00,PV_STATION_P_01,892.53,940.58,762.5,晴
2025-03-02 14:00:00,PV_STATION_P_01,849.05,865.04,720.9,晴
2025-03-02 15:00:00,PV_STATION_P_01,676.72,726.44,580.6,晴
2025-03-02 16:00:00,PV_STATION_P_01,521.54,534.89,445.7,晴
2025-03-02 17:00:00,PV_STATION_P_01,305.85,304.34,253.6,晴
2025-03-02 18:00:00,PV_STATION_P_01,61.71,51.6,42.0,晴
2025-03-02 19:00:00,PV_STATION_P_01,0.0,0.0,0.0,晴
2025-03-02 20:00:00,PV_STATION_P_01,0.0,0.0,0.0,晴
2025-03-02 21:00:00,PV_STATION_P_01,0.0,0.0,0.0,晴
2025-03-02 22:00:00,PV_STATION_P_01,0.0,0.0,0.0,晴
2025-03-02 23:00:00,PV_STATION_P_01,0.0,0.0,0.0,晴
2025-03-03 00:00:00,PV_STATION_P_01,0.0,0.0,0.0,多云
2025-03-03 01:00:00,PV_STATION_P_01,0.0,0.0,0.0,多云
2025-03-03 02:00:00,PV_STATION_P_01,0.0,0.0,0.0,多云
2025-03-03 03:00:00,PV_STATION_P_01,0.0,0.0,0.0,多云
2025-03-03 04:00:00,PV_STATION_P_01,0.0,0.0,0.0,多云
2025-03-03 05:00:00,PV_STATION_P_01,0.0,0.0,0.0,多云
2025-03-03 06:00:00,PV_STATION_P_01,0.0,0.0,0.0,多云
2025-03-03 07:00:00,PV_STATION_P_01,66.55,103.37,56.2,多云
2025-03-03 08:00:00,PV_STATION_P_01,260.92,353.89,207.0,多云
2025-03-03 09:00:00,PV_STATION_P_01,356.5,578.61,289.1,多云
2025-03-03 10:00:00,PV_STATION_P_01,513.31,761.15,423.4,多云
2025-03-03 11:00:00,PV_STATION_P_01,587.63,888.2,478.5,多云
2025-03-03 12:00:00,PV_STATION_P_01,634.85,950.5,540.0,多云
2025-03-03 13:00:00,PV_STATION_P_01,628.76,943.51,520.5,多云
2025-03-03 14:00:00,PV_STATION_P_01,581.26,867.74,477.8,多云
2025-03-03 15:00:00,PV_STATION_P_01,479.65,728.71,398.7,多云
2025-03-03 16:00:00,PV_STATION_P_01,386.58,536.55,318.2,多云
2025-03-03 17:00:00,PV_STATION_P_01,210.29,305.29,166.4,多云
2025-03-03 18:00:00,PV_STATION_P_01,33.55,51.76,29.7,多云
2025-03-03 19:00:00,PV_STATION_P_01,0.0,0.0,0.0,多云
2025-03-03 20:00:00,PV_STATION_P_01,0.0,0.0,0.0,多云
2025-03-03 21:00:00,PV_STATION_P_01,0.0,0.0,0.0,多云
2025-03-03 22:00:00,PV_STATION_P_01,0.0,0.0,0.0,多云
2025-03-03 23:00:00,PV_STATION_P_01,0.0,0.0,0.0,多云
2025-03-04 00:00:00,PV_STATION_P_01,0.0,0.0,0.0,多云
2025-03-04 01:00:00,PV_STATION_P_01,0.0,0.0,0.0,多云
2025-03-04 02:00:00,PV_STATION_P_01,0.0,0.0,0.0,多云
2025-03-04 03:00:00,PV_STATION_P_01,0.0,0.0,0.0,多云
2025-03-04 04:00:00,PV_STATION_P_01,0.0,0.0,0.0,多云
2025-03-04 05:00:00,PV_STATION_P_01,0.0,0.0,0.0,多云
2025-03-04 06:00:00,PV_STATION_P_01,0.0,0.0,0.0,多云
2025-03-04 07:00:00,PV_STATION_P_01,70.91,103.7,57.4,多云
2025-03-04 08:00:00,PV_STATION_P_01,241.71,355.0,190.9,多云
2025-03-04 09:00:00,PV_STATION_P_01,400.53,580.42,325.7,多云
2025-03-04 10:00:00,PV_STATION_P_01,499.04,763.53,418.6,多云
2025-03-04 11:00:00,PV_STATION_P_01,643.0,890.98,537.9,多云
2025-03-04 12:00:00,PV_STATION_P_01,628.5,953.47,525.6,多云
2025-03-04 13:00:00,PV_STATION_P_01,610.74,946.46,514.8,多云
2025-03-04 14:00:00,PV_STATION_P_01,603.34,870.45,503.4,多云
2025-03-04 15:00:00,PV_STATION_P_01,449.6,730.99,374.1,多云
2025-03-04 16:00:00,PV_STATION_P_01,397.2,538.23,321.1,多云
2025-03-04 17:00:00,PV_STATION_P_01,194.45,306.24,160.1,多云
2025-03-04 18:00:00,PV_STATION_P_01,28.89,51.92,30.3,多云
2025-03-04 19:00:00,PV_STATION_P_01,0.0,0.0,0.0,多云
2025-03-04 20:00:00,PV_STATION_P_01,0.0,0.0,0.0,多云
2025-03-04 21:00:00,PV_STATION_P_01,0.0,0.0,0.0,多云
2025-03-04 22:00:00,PV_STATION_P_01,0.0,0.0,0.0,多云
2025-03-04 23:00:00,PV_STATION_P_01,0.0,0.0,0.0,多云
2025-03-05 00:00:00,PV_STATION_P_01,0.0,0.0,0.0,阴
2025-03-05 01:00:00,PV_STATION_P_01,0.0,0.0,0.0,阴
2025-03-05 02:00:00,PV_STATION_P_01,0.0,0.0,0.0,阴
2025-03-05 03:00:00,PV_STATION_P_01,0.0,0.0,0.0,阴
2025-03-05 04:00:00,PV_STATION_P_01,0.0,0.0,0.0,阴
2025-03-05 05:00:00,PV_STATION_P_01,0.0,0.0,0.0,阴
2025-03-05 06:00:00,PV_STATION_P_01,0.0,0.0,0.0,阴
2025-03-05 07:00:00,PV_STATION_P_01,30.8,104.02,25.0,阴
2025-03-05 08:00:00,PV_STATION_P_01,108.31,356.11,89.4,阴
2025-03-05 09:00:00,PV_STATION_P_01,170.83,582.24,140.9,阴
2025-03-05 10:00:00,PV_STATION_P_01,258.24,765.92,204.0,阴
2025-03-05 11:00:00,PV_STATION_P_01,259.26,893.77,222.3,阴
2025-03-05 12:00:00,PV_STATION_P_01,315.18,956.46,252.2,阴
2025-03-05 13:00:00,PV_STATION_P_01,277.45,949.42,217.3,阴
2025-03-05 14:00:00,PV_STATION_P_01,272.25,873.18,221.8,阴
2025-03-05 15:00:00,PV_STATION_P_01,224.01,733.28,188.8,阴
2025-03-05 16:00:00,PV_STATION_P_01,174.62,539.92,134.0,阴
2025-03-05 17:00:00,PV_STATION_P_01,94.98,307.2,74.7,阴
2025-03-05 18:00:00,PV_STATION_P_01,12.6,52.09,12.9,阴
2025-03-05 19:00:00,PV_STATION_P_01,0.0,0.0,0.0,阴
2025-03-05 20:00:00,PV_STATION_P_01,0.0,0.0,0.0,阴
2025-03-05 21:00:00,PV_STATION_P_01,0.0,0.0,0.0,阴
2025-03-05 22:00:00,PV_STATION_P_01,0.0,0.0,0.0,阴
2025-03-05 23:00:00,PV_STATION_P_01,0.0,0.0,0.0,阴
2025-03-06 00:00:00,PV_STATION_P_01,0.0,0.0,0.0,晴
2025-03-06 01:00:00,PV_STATION_P_01,0.0,0.0,0.0,晴
2025-03-06 02:00:00,PV_STATION_P_01,0.0,0.0,0.0,晴
2025-03-06 03:00:00,PV_STATION_P_01,0.0,0.0,0.0,晴
2025-03-06 04:00:00,PV_STATION_P_01,0.0,0.0,0.0,晴
2025-03-06 05:00:00,PV_STATION_P_01,0.0,0.0,0.0,晴
2025-03-06 06:00:00,PV_STATION_P_01,0.0,0.0,0.0,晴
2025-03-06 07:00:00,PV_STATION_P_01,115.18,104.35,78.7,晴
2025-03-06 08:00:00,PV_STATION_P_01,354.47,357.23,280.4,晴
2025-03-06 09:00:00,PV_STATION_P_01,599.68,584.06,486.7,晴
2025-03-06 10:00:00,PV_STATION_P_01,755.25,768.32,640.3,晴
2025-03-06 11:00:00,PV_STATION_P_01,878.58,896.57,747.1,晴
2025-03-06 12:00:00,PV_STATION_P_01,874.4,959.46,753.4,晴
2025-03-06 13:00:00,PV_STATION_P_01,879.78,952.4,762.0,晴
2025-03-06 14:00:00,PV_STATION_P_01,796.39,875.92,695.7,晴
2025-03-06 15:00:00,PV_STATION_P_01,638.17,735.58,533.9,晴
2025-03-06 16:00:00,PV_STATION_P_01,524.55,541.61,447.6,晴
2025-03-06 17:00:00,PV_STATION_P_01,314.79,308.16,256.8,晴
2025-03-06 18:00:00,PV_STATION_P_01,52.12,52.25,43.0,晴
2025-03-06 19:00:00,PV_STATION_P_01,0.0,0.0,0.0,晴
2025-03-06 20:00:00,PV_STATION_P_01,0.0,0.0,0.0,晴
2025-03-06 21:00:00,PV_STATION_P_01,0.0,0.0,0.0,晴
2025-03-06 22:00:00,PV_STATION_P_01,0.0,0.0,0.0,晴
2025-03-06 23:00:00,PV_STATION_P_01,0.0,0.0,0.0,晴
2025-03-07 00:00:00,PV_STATION_P_01,0.0,0.0,0.0,晴
2025-03-07 01:00:00,PV_STATION_P_01,0.0,0.0,0.0,晴
2025-03-07 02:00:00,PV_STATION_P_01,0.0,0.0,0.0,晴
2025-03-07 03:00:00,PV_STATION_P_01,0.0,0.0,0.0,晴
2025-03-07 04:00:00,PV_STATION_P_01,0.0,0.0,0.0,晴
2025-03-07 05:00:00,PV_STATION_P_01,0.0,0.0,0.0,晴
2025-03-07 06:00:00,PV_STATION_P_01,0.0,0.0,0.0,晴
2025-03-07 07:00:00,PV_STATION_P_01,116.91,104.68,86.0,晴
2025-03-07 08:00:00,PV_STATION_P_01,308.13,358.35,244.9,晴
2025-03-07 09:00:00,PV_STATION_P_01,599.05,585.9,488.3,晴
2025-03-07 10:00:00,PV_STATION_P_01,762.63,770.74,642.3,晴
2025-03-07 11:00:00,PV_STATION_P_01,850.25,899.39,719.1,晴
2025-03-07 12:00:00,PV_STATION_P_01,923.12,962.48,802.1,晴
2025-03-07 13:00:00,PV_STATION_P_01,909.85,955.4,787.8,晴
2025-03-07 14:00:00,PV_STATION_P_01,761.72,878.67,654.7,晴
2025-03-07 15:00:00,PV_STATION_P_01,704.63,737.89,614.9,晴
2025-03-07 16:00:00,PV_STATION_P_01,538.2,543.31,448.2,晴
2025-03-07 17:00:00,PV_STATION_P_01,316.67,309.13,257.6,晴
2025-03-07 18:00:00,PV_STATION_P_01,47.95,52.41,42.3,晴
2025-03-07 19:00:00,PV_STATION_P_01,0.0,0.0,0.0,晴
2025-03-07 20:00:00,PV_STATION_P_01,0.0,0.0,0.0,晴
2025-03-07 21:00:00,PV_STATION_P_01,0.0,0.0,0.0,晴
2025-03-07 22:00:00,PV_STATION_P_01,0.0,0.0,0.0,晴
2025-03-07 23:00:00,PV_STATION_P_01,0.0,0.0,0.0,晴
2025-03-08 00:00:00,PV_STATION_P_01,0.0,0.0,0.0,雨
2025-03-08 01:00:00,PV_STATION_P_01,0.0,0.0,0.0,雨
2025-03-08 02:00:00,PV_STATION_P_01,0.0,0.0,0.0,雨
2025-03-08 03:00:00,PV_STATION_P_01,0.0,0.0,0.0,雨
2025-03-08 04:00:00,PV_STATION_P_01,0.0,0.0,0.0,雨
2025-03-08 05:00:00,PV_STATION_P_01,0.0,0.0,0.0,雨
2025-03-08 06:00:00,PV_STATION_P_01,0.0,0.0,0.0,雨
2025-03-08 07:00:00,PV_STATION_P_01,10.16,105.01,11.3,雨
2025-03-08 08:00:00,PV_STATION_P_01,49.11,359.48,42.0,雨
2025-03-08 09:00:00,PV_STATION_P_01,80.43,587.75,67.7,雨
2025-03-08 10:00:00,PV_STATION_P_01,111.92,773.17,95.6,雨
2025-03-08 11:00:00,PV_STATION_P_01,134.23,902.22,110.5,雨
2025-03-08 12:00:00,PV_STATION_P_01,131.24,965.51,112.9,雨
2025-03-08 13:00:00,PV_STATION_P_01,141.32,958.41,111.4,雨
2025-03-08 14:00:00,PV_STATION_P_01,112.19,881.44,96.9,雨
2025-03-08 15:00:00,PV_STATION_P_01,108.42,740.21,90.9,雨
2025-03-08 16:00:00,PV_STATION_P_01,78.66,545.03,63.4,雨
2025-03-08 17:00:00,PV_STATION_P_01,59.21,310.11,37.3,雨
2025-03-08 18:00:00,PV_STATION_P_01,3.35,52.58,6.5,雨
2025-03-08 19:00:00,PV_STATION_P_01,0.0,0.0,0.0,雨
2025-03-08 20:00:00,PV_STATION_P_01,0.0,0.0,0.0,雨
2025-03-08 21:00:00,PV_STATION_P_01,0.0,0.0,0.0,雨
2025-03-08 22:00:00,PV_STATION_P_01,0.0,0.0,0.0,雨
2025-03-08 23:00:00,PV_STATION_P_01,0.0,0.0,0.0,雨
2025-03-09 00:00:00,PV_STATION_P_01,0.0,0.0,0.0,多云
2025-03-09 01:00:00,PV_STATION_P_01,0.0,0.0,0.0,多云
2025-03-09 02:00:00,PV_STATION_P_01,0.0,0.0,0.0,多云
2025-03-09 03:00:00,PV_STATION_P_01,0.0,0.0,0.0,多云
2025-03-09 04:00:00,PV_STATION_P_01,0.0,0.0,0.0,多云
2025-03-09 05:00:00,PV_STATION_P_01,0.0,0.0,0.0,多云
2025-03-09 06:00:00,PV_STATION_P_01,0.0,0.0,0.0,多云
2025-03-09 07:00:00,PV_STATION_P_01,73.95,105.34,58.6,多云
2025-03-09 08:00:00,PV_STATION_P_01,250.57,360.61,192.0,多云
2025-03-09 09:00:00,PV_STATION_P_01,412.66,589.6,333.6,多云
2025-03-09 10:00:00,PV_STATION_P_01,518.59,775.6,420.1,多云
2025-03-09 11:00:00,PV_STATION_P_01,531.63,905.07,455.0,多云
2025-03-09 12:00:00,PV_STATION_P_01,636.4,968.55,549.2,多云
2025-03-09 13:00:00,PV_STATION_P_01,635.64,961.43,545.6,多云
2025-03-09 14:00:00,PV_STATION_P_01,633.67,884.22,541.1,多云
2025-03-09 15:00:00,PV_STATION_P_01,480.87,742.54,408.8,多云
2025-03-09 16:00:00,PV_STATION_P_01,377.82,546.74,303.5,多云
2025-03-09 17:00:00,PV_STATION_P_01,212.94,311.08,175.2,多云
2025-03-09 18:00:00,PV_STATION_P_01,42.36,52.75,30.5,多云
2025-03-09 19:00:00,PV_STATION_P_01,0.0,0.0,0.0,多云
2025-03-09 20:00:00,PV_STATION_P_01,0.0,0.0,0.0,多云
2025-03-09 21:00:00,PV_STATION_P_01,0.0,0.0,0.0,多云
2025-03-09 22:00:00,PV_STATION_P_01,0.0,0.0,0.0,多云
2025-03-09 23:00:00,PV_STATION_P_01,0.0,0.0,0.0,多云
2025-03-10 00:00:00,PV_STATION_P_01,0.0,0.0,0.0,晴
2025-03-10 01:00:00,PV_STATION_P_01,0.0,0.0,0.0,晴
2025-03-10 02:00:00,PV_STATION_P_01,0.0,0.0,0.0,晴
2025-03-10 03:00:00,PV_STATION_P_01,0.0,0.0,0.0,晴
2025-03-10 04:00:00,PV_STATION_P_01,0.0,0.0,0.0,晴
2025-03-10 05:00:00,PV_STATION_P_01,0.0,0.0,0.0,晴
2025-03-10 06:00:00,PV_STATION_P_01,0.0,0.0,0.0,晴
2025-03-10 07:00:00,PV_STATION_P_01,108.87,105.67,86.3,晴
2025-03-10 08:00:00,PV_STATION_P_01,369.29,361.75,301.5,晴
2025-03-10 09:00:00,PV_STATION_P_01,590.31,591.46,492.9,晴
2025-03-10 10:00:00,PV_STATION_P_01,758.98,778.05,627.7,晴
2025-03-10 11:00:00,PV_STATION_P_01,840.09,907.92,718.3,晴
2025-03-10 12:00:00,PV_STATION_P_01,919.19,971.6,793.4,晴
2025-03-10 13:00:00,PV_STATION_P_01,898.63,964.46,769.8,晴
2025-03-10 14:00:00,PV_STATION_P_01,843.22,887.0,730.6,晴
2025-03-10 15:00:00,PV_STATION_P_01,732.15,744.89,620.7,晴
2025-03-10 16:00:00,PV_STATION_P_01,528.67,548.47,445.6,晴
2025-03-10 17:00:00,PV_STATION_P_01,316.0,312.06,260.1,晴
2025-03-10 18:00:00,PV_STATION_P_01,43.84,52.91,44.1,晴
2025-03-10 19:00:00,PV_STATION_P_01,0.0,0.0,0.0,晴
2025-03-10 20:00:00,PV_STATION_P_01,0.0,0.0,0.0,晴
2025-03-10 21:00:00,PV_STATION_P_01,0.0,0.0,0.0,晴
2025-03-10 22:00:00,PV_STATION_P_01,0.0,0.0,0.0,晴
2025-03-10 23:00:00,PV_STATION_P_01,0.0,0.0,0.0,晴
2025-03-11 00:00:00,PV_STATION_P_01,0.0,0.0,0.0,雨
2025-03-11 01:00:00,PV_STATION_P_01,0.0,0.0,0.0,雨
2025-03-11 02:00:00,PV_STATION_P_01,0.0,0.0,0.0,雨
2025-03-11 03:00:00,PV_STATION_P_01,0.0,0.0,0.0,雨
2025-03-11 04:00:00,PV_STATION_P_01,0.0,0.0,0.0,雨
2025-03-11 05:00:00,PV_STATION_P_01,0.0,0.0,0.0,雨
2025-03-11 06:00:00,PV_STATION_P_01,0.0,0.0,0.0,雨
2025-03-11 07:00:00,PV_STATION_P_01,21.33,106.0,12.4,雨
2025-03-11 08:00:00,PV_STATION_P_01,61.49,362.89,41.5,雨
2025-03-11 09:00:00,PV_STATION_P_01,78.04,593.32,70.5,雨
2025-03-11 10:00:00,PV_STATION_P_01,100.58,780.5,87.8,雨
2025-03-11 11:00:00,PV_STATION_P_01,127.28,910.78,100.5,雨
2025-03-11 12:00:00,PV_STATION_P_01,134.03,974.67,108.7,雨
2025-03-11 13:00:00,PV_STATION_P_01,132.59,967.5,109.1,雨
2025-03-11 14:00:00,PV_STATION_P_01,117.46,889.8,97.1,雨
2025-03-11 15:00:00,PV_STATION_P_01,93.73,747.24,79.8,雨
2025-03-11 16:00:00,PV_STATION_P_01,83.71,550.2,65.8,雨
2025-03-11 17:00:00,PV_STATION_P_01,41.95,313.05,38.8,雨
2025-03-11 18:00:00,PV_STATION_P_01,10.43,53.08,6.4,雨
2025-03-11 19:00:00,PV_STATION_P_01,0.0,0.0,0.0,雨
2025-03-11 20:00:00,PV_STATION_P_01,0.0,0.0,0.0,雨
2025-03-11 21:00:00,PV_STATION_P_01,0.0,0.0,0.0,雨
2025-03-11 22:00:00,PV_STATION_P_01,0.0,0.0,0.0,雨
2025-03-11 23:00:00,PV_STATION_P_01,0.0,0.0,0.0,雨
2025-03-12 00:00:00,PV_STATION_P_01,0.0,0.0,0.0,多云
2025-03-12 01:00:00,PV_STATION_P_01,0.0,0.0,0.0,多云
2025-03-12 02:00:00,PV_STATION_P_01,0.0,0.0,0.0,多云
2025-03-12 03:00:00,PV_STATION_P_01,0.0,0.0,0.0,多云
2025-03-12 04:00:00,PV_STATION_P_01,0.0,0.0,0.0,多云
2025-03-12 05:00:00,PV_STATION_P_01,0.0,0.0,0.0,多云
2025-03-12 06:00:00,PV_STATION_P_01,0.0,0.0,0.0,多云
2025-03-12 07:00:00,PV_STATION_P_01,85.6,106.34,59.8,多云
2025-03-12 08:00:00,PV_STATION_P_01,226.21,364.03,192.8,多云
2025-03-12 09:00:00,PV_STATION_P_01,421.43,595.19,333.6,多云
2025-03-12 10:00:00,PV_STATION_P_01,538.01,782.97,437.5,多云
2025-03-12 11:00:00,PV_STATION_P_01,559.36,913.66,467.9,多云
2025-03-12 12:00:00,PV_STATION_P_01,646.25,977.74,544.1,多云
2025-03-12 13:00:00,PV_STATION_P_01,608.44,970.55,505.7,多云
2025-03-12 14:00:00,PV_STATION_P_01,552.59,892.61,462.3,多云
2025-03-12 15:00:00,PV_STATION_P_01,491.25,749.59,418.3,多云
2025-03-12 16:00:00,PV_STATION_P_01,361.65,551.93,297.4,多云
2025-03-12 17:00:00,PV_STATION_P_01,215.57,314.04,175.9,多云
2025-03-12 18:00:00,PV_STATION_P_01,42.17,53.25,29.8,多云
2025-03-12 19:00:00,PV_STATION_P_01,0.0,0.0,0.0,多云
2025-03-12 20:00:00,PV_STATION_P_01,0.0,0.0,0.0,多云
2025-03-12 21:00:00,PV_STATION_P_01,0.0,0.0,0.0,多云
2025-03-12 22:00:00,PV_STATION_P_01,0.0,0.0,0.0,多云
2025-03-12 23:00:00,PV_STATION_P_01,0.0,0.0,0.0,多云
2025-03-13 00:00:00,PV_STATION_P_01,0.0,0.0,0.0,多云
2025-03-13 01:00:00,PV_STATION_P_01,0.0,0.0,0.0,多云
2025-03-13 02:00:00,PV_STATION_P_01,0.0,0.0,0.0,多云
2025-03-13 03:00:00,PV_STATION_P_01,0.0,0.0,0.0,多云
2025-03-13 04:00:00,PV_STATION_P_01,0.0,0.0,0.0,多云
2025-03-13 05:00:00,PV_STATION_P_01,0.0,0.0,0.0,多云
2025-03-13 06:00:00,PV_STATION_P_01,0.0,0.0,0.0,多云
2025-03-13 07:00:00,PV_STATION_P_01,63.52,106.67,56.9,多云
2025-03-13 08:00:00,PV_STATION_P_01,247.48,365.18,202.1,多云
2025-03-13 09:00:00,PV_STATION_P_01,418.8,597.07,339.7,多云
2025-03-13 10:00:00,PV_STATION_P_01,483.06,785.43,402.8,多云
2025-03-13 11:00:00,PV_STATION_P_01,611.81,916.54,520.3,多云
2025-03-13 12:00:00,PV_STATION_P_01,654.13,980.83,564.6,多云
2025-03-13 13:00:00,PV_STATION_P_01,659.62,973.61,550.8,多云
2025-03-13 14:00:00,PV_STATION_P_01,570.45,895.42,489.3,多云
2025-03-13 15:00:00,PV_STATION_P_01,496.06,751.96,424.5,多云
2025-03-13 16:00:00,PV_STATION_P_01,399.25,553.67,324.3,多云
2025-03-13 17:00:00,PV_STATION_P_01,216.3,315.03,172.8,多云
2025-03-13 18:00:00,PV_STATION_P_01,38.25,53.41,29.4,多云
2025-03-13 19:00:00,PV_STATION_P_01,0.0,0.0,0.0,多云
2025-03-13 20:00:00,PV_STATION_P_01,0.0,0.0,0.0,多云
2025-03-13 21:00:00,PV_STATION_P_01,0.0,0.0,0.0,多云
2025-03-13 22:00:00,PV_STATION_P_01,0.0,0.0,0.0,多云
2025-03-13 23:00:00,PV_STATION_P_01,0.0,0.0,0.0,多云
2025-03-14 00:00:00,PV_STATION_P_01,0.0,0.0,0.0,晴
2025-03-14 01:00:00,PV_STATION_P_01,0.0,0.0,0.0,晴
2025-03-14 02:00:00,PV_STATION_P_01,0.0,0.0,0.0,晴
2025-03-14 03:00:00,PV_STATION_P_01,0.0,0.0,0.0,晴
2025-03-14 04:00:00,PV_STATION_P_01,0.0,0.0,0.0,晴
2025-03-14 05:00:00,PV_STATION_P_01,0.0,0.0,0.0,晴
2025-03-14 06:00:00,PV_STATION_P_01,0.0,0.0,0.0,晴
2025-03-14 07:00:00,PV_STATION_P_01,113.46,107.01,88.9,晴
2025-03-14 08:00:00,PV_STATION_P_01,381.02,366.33,305.3,晴
2025-03-14 09:00:00,PV_STATION_P_01,560.62,598.95,455.2,晴
2025-03-14 10:00:00,PV_STATION_P_01,742.17,787.91,620.1,晴
2025-03-14 11:00:00,PV_STATION_P_01,875.06,919.43,747.5,晴
2025-03-14 12:00:00,PV_STATION_P_01,921.53,983.92,819.9,晴
2025-03-14 13:00:00,PV_STATION_P_01,927.47,976.68,813.9,晴
2025-03-14 14:00:00,PV_STATION_P_01,858.41,898.25,748.5,晴
2025-03-14 15:00:00,PV_STATION_P_01,732.82,754.33,628.6,晴
2025-03-14 16:00:00,PV_STATION_P_01,483.03,555.42,406.3,晴
2025-03-14 17:00:00,PV_STATION_P_01,327.9,316.02,263.3,晴
2025-03-14 18:00:00,PV_STATION_P_01,61.23,53.58,44.7,晴
2025-03-14 19:00:00,PV_STATION_P_01,0.0,0.0,0.0,晴
2025-03-14 20:00:00,PV_STATION_P_01,0.0,0.0,0.0,晴
2025-03-14 21:00:00,PV_STATION_P_01,0.0,0.0,0.0,晴
2025-03-14 22:00:00,PV_STATION_P_01,0.0,0.0,0.0,晴
2025-03-14 23:00:00,PV_STATION_P_01,0.0,0.0,0.0,晴
2025-03-15 00:00:00,PV_STATION_P_01,0.0,0.0,0.0,多云
2025-03-15 01:00:00,PV_STATION_P_01,0.0,0.0,0.0,多云
2025-03-15 02:00:00,PV_STATION_P_01,0.0,0.0,0.0,多云
2025-03-15 03:00:00,PV_STATION_P_01,0.0,0.0,0.0,多云
2025-03-15 04:00:00,PV_STATION_P_01,0.0,0.0,0.0,多云
2025-03-15 05:00:00,PV_STATION_P_01,0.0,0.0,0.0,多云
2025-03-15 06:00:00,PV_STATION_P_01,0.0,0.0,0.0,多云
2025-03-15 07:00:00,PV_STATION_P_01,70.55,107.34,57.1,多云
2025-03-15 08:00:00,PV_STATION_P_01,260.35,367.49,206.6,多云
2025-03-15 09:00:00,PV_STATION_P_01,400.45,600.84,326.2,多云
2025-03-15 10:00:00,PV_STATION_P_01,521.38,790.39,434.1,多云
2025-03-15 11:00:00,PV_STATION_P_01,561.57,922.32,477.2,多云
2025-03-15 12:00:00,PV_STATION_P_01,597.27,987.02,508.4,多云
2025-03-15 13:00:00,PV_STATION_P_01,649.44,979.76,540.0,多云
2025-03-15 14:00:00,PV_STATION_P_01,566.47,901.08,482.2,多云
2025-03-15 15:00:00,PV_STATION_P_01,500.98,756.7,416.3,多云
2025-03-15 16:00:00,PV_STATION_P_01,381.0,557.17,314.8,多云
2025-03-15 17:00:00,PV_STATION_P_01,230.0,317.02,188.7,多云
2025-03-15 18:00:00,PV_STATION_P_01,37.19,53.75,29.5,多云
2025-03-15 19:00:00,PV_STATION_P_01,0.0,0.0,0.0,多云
2025-03-15 20:00:00,PV_STATION_P_01,0.0,0.0,0.0,多云
2025-03-15 21:00:00,PV_STATION_P_01,0.0,0.0,0.0,多云
2025-03-15 22:00:00,PV_STATION_P_01,0.0,0.0,0.0,多云
2025-03-15 23:00:00,PV_STATION_P_01,0.0,0.0,0.0,多云
2025-03-16 00:00:00,PV_STATION_P_01,0.0,0.0,0.0,晴
2025-03-16 01:00:00,PV_STATION_P_01,0.0,0.0,0.0,晴
2025-03-16 02:00:00,PV_STATION_P_01,0.0,0.0,0.0,晴
2025-03-16 03:00:00,PV_STATION_P_01,0.0,0.0,0.0,晴
2025-03-16 04:00:00,PV_STATION_P_01,0.0,0.0,0.0,晴
2025-03-16 05:00:00,PV_STATION_P_01,0.0,0.0,0.0,晴
2025-03-16 06:00:00,PV_STATION_P_01,0.0,0.0,0.0,晴
2025-03-16 07:00:00,PV_STATION_P_01,123.46,107.68,83.5,晴
2025-03-16 08:00:00,PV_STATION_P_01,384.85,368.64,307.2,晴
2025-03-16 09:00:00,PV_STATION_P_01,597.42,602.73,502.3,晴
2025-03-16 10:00:00,PV_STATION_P_01,739.18,792.88,642.5,晴
2025-03-16 11:00:00,PV_STATION_P_01,847.8,925.23,727.2,晴
2025-03-16 12:00:00,PV_STATION_P_01,948.5,990.12,825.1,晴
2025-03-16 13:00:00,PV_STATION_P_01,883.95,982.84,777.3,晴
2025-03-16 14:00:00,PV_STATION_P_01,860.08,903.91,753.3,晴
2025-03-16 15:00:00,PV_STATION_P_01,731.99,759.09,632.6,晴
2025-03-16 16:00:00,PV_STATION_P_01,530.53,558.92,450.6,晴
2025-03-16 17:00:00,PV_STATION_P_01,297.04,318.01,255.2,晴
2025-03-16 18:00:00,PV_STATION_P_01,52.48,53.92,43.9,晴
2025-03-16 19:00:00,PV_STATION_P_01,0.0,0.0,0.0,晴
2025-03-16 20:00:00,PV_STATION_P_01,0.0,0.0,0.0,晴
2025-03-16 21:00:00,PV_STATION_P_01,0.0,0.0,0.0,晴
2025-03-16 22:00:00,PV_STATION_P_01,0.0,0.0,0.0,晴
2025-03-16 23:00:00,PV_STATION_P_01,0.0,0.0,0.0,晴
2025-03-17 00:00:00,PV_STATION_P_01,0.0,0.0,0.0,晴
2025-03-17 01:00:00,PV_STATION_P_01,0.0,0.0,0.0,晴
2025-03-17 02:00:00,PV_STATION_P_01,0.0,0.0,0.0,晴
2025-03-17 03:00:00,PV_STATION_P_01,0.0,0.0,0.0,晴
2025-03-17 04:00:00,PV_STATION_P_01,0.0,0.0,0.0,晴
2025-03-17 05:00:00,PV_STATION_P_01,0.0,0.0,0.0,晴
2025-03-17 06:00:00,PV_STATION_P_01,0.0,0.0,0.0,晴
2025-03-17 07:00:00,PV_STATION_P_01,100.49,108.02,90.0,晴
2025-03-17 08:00:00,PV_STATION_P_01,361.56,369.8,288.6,晴
2025-03-17 09:00:00,PV_STATION_P_01,610.74,604.62,503.9,晴
2025-03-17 10:00:00,PV_STATION_P_01,753.02,795.37,644.6,晴
2025-03-17 11:00:00,PV_STATION_P_01,870.45,928.13,761.6,晴
2025-03-17 12:00:00,PV_STATION_P_01,919.69,993.24,800.0,晴
2025-03-17 13:00:00,PV_STATION_P_01,939.45,985.93,821.6,晴
2025-03-17 14:00:00,PV_STATION_P_01,811.31,906.75,711.4,晴
2025-03-17 15:00:00,PV_STATION_P_01,,761.47,634.6,晴
2025-03-17 16:00:00,PV_STATION_P_01,541.84,560.68,452.7,晴
2025-03-17 17:00:00,PV_STATION_P_01,318.03,319.01,265.8,晴
2025-03-17 18:00:00,PV_STATION_P_01,63.48,54.09,45.1,晴
2025-03-17 19:00:00,PV_STATION_P_01,0.0,0.0,0.0,晴
2025-03-17 20:00:00,PV_STATION_P_01,0.0,0.0,0.0,晴
2025-03-17 21:00:00,PV_STATION_P_01,0.0,0.0,0.0,晴
2025-03-17 22:00:00,PV_STATION_P_01,0.0,0.0,0.0,晴
2025-03-17 23:00:00,PV_STATION_P_01,0.0,0.0,0.0,晴
2025-03-18 00:00:00,PV_STATION_P_01,0.0,0.0,0.0,多云
2025-03-18 01:00:00,PV_STATION_P_01,0.0,0.0,0.0,多云
2025-03-18 02:00:00,PV_STATION_P_01,0.0,0.0,0.0,多云
2025-03-18 03:00:00,PV_STATION_P_01,0.0,0.0,0.0,多云
2025-03-18 04:00:00,PV_STATION_P_01,0.0,0.0,0.0,多云
2025-03-18 05:00:00,PV_STATION_P_01,0.0,0.0,0.0,多云
2025-03-18 06:00:00,PV_STATION_P_01,0.0,0.0,0.0,多云
2025-03-18 07:00:00,PV_STATION_P_01,73.65,108.36,60.4,多云
2025-03-18 08:00:00,PV_STATION_P_01,253.17,370.96,204.6,多云
2025-03-18 09:00:00,PV_STATION_P_01,413.73,606.52,337.2,多云
2025-03-18 10:00:00,PV_STATION_P_01,529.0,797.87,447.8,多云
2025-03-18 11:00:00,PV_STATION_P_01,660.25,931.04,556.9,多云
2025-03-18 12:00:00,PV_STATION_P_01,566.58,996.35,472.2,多云
2025-03-18 13:00:00,PV_STATION_P_01,699.87,989.02,594.2,多云
2025-03-18 14:00:00,PV_STATION_P_01,655.13,909.6,564.3,多云
2025-03-18 15:00:00,PV_STATION_P_01,447.11,763.86,383.3,多云
2025-03-18 16:00:00,PV_STATION_P_01,374.32,562.44,310.1,多云
2025-03-18 17:00:00,PV_STATION_P_01,230.42,320.01,188.1,多云
2025-03-18 18:00:00,PV_STATION_P_01,39.44,54.26,31.2,多云
2025-03-18 19:00:00,PV_STATION_P_01,0.0,0.0,0.0,多云
2025-03-18 20:00:00,PV_STATION_P_01,0.0,0.0,0.0,多云
2025-03-18 21:00:00,PV_STATION_P_01,0.0,0.0,0.0,多云
2025-03-18 22:00:00,PV_STATION_P_01,0.0,0.0,0.0,多云
2025-03-18 23:00:00,PV_STATION_P_01,0.0,0.0,0.0,多云
2025-03-19 00:00:00,PV_STATION_P_01,0.0,0.0,0.0,多云
2025-03-19 01:00:00,PV_STATION_P_01,0.0,0.0,0.0,多云
2025-03-19 02:00:00,PV_STATION_P_01,0.0,0.0,0.0,多云
2025-03-19 03:00:00,PV_STATION_P_01,0.0,0.0,0.0,多云
2025-03-19 04:00:00,PV_STATION_P_01,0.0,0.0,0.0,多云
2025-03-19 05:00:00,PV_STATION_P_01,0.0,0.0,0.0,多云
2025-03-19 06:00:00,PV_STATION_P_01,0.0,0.0,0.0,多云
2025-03-19 07:00:00,PV_STATION_P_01,66.84,108.7,58.6,多云
2025-03-19 08:00:00,PV_STATION_P_01,285.75,372.12,234.1,多云
2025-03-19 09:00:00,PV_STATION_P_01,404.27,608.42,325.4,多云
2025-03-19 10:00:00,PV_STATION_P_01,551.63,800.36,455.1,多云
2025-03-19 11:00:00,PV_STATION_P_01,611.02,933.96,502.1,多云
2025-03-19 12:00:00,PV_STATION_P_01,646.95,999.47,562.8,多云
2025-03-19 13:00:00,PV_STATION_P_01,599.16,992.12,522.0,多云
2025-03-19 14:00:00,PV_STATION_P_01,585.9,912.44,480.8,多云
2025-03-19 15:00:00,PV_STATION_P_01,493.02,766.25,413.6,多云
2025-03-19 16:00:00,PV_STATION_P_01,367.47,564.2,301.8,多云
2025-03-19 17:00:00,PV_STATION_P_01,203.66,321.01,173.9,多云
2025-03-19 18:00:00,PV_STATION_P_01,35.44,54.43,30.7,多云
2025-03-19 19:00:00,PV_STATION_P_01,0.0,0.0,0.0,多云
2025-03-19 20:00:00,PV_STATION_P_01,0.0,0.0,0.0,多云
2025-03-19 21:00:00,PV_STATION_P_01,0.0,0.0,0.0,多云
2025-03-19 22:00:00,PV_STATION_P_01,0.0,0.0,0.0,多云
2025-03-19 23:00:00,PV_STATION_P_01,0.0,0.0,0.0,多云
2025-03-20 00:00:00,PV_STATION_P_01,0.0,0.0,0.0,晴
2025-03-20 01:00:00,PV_STATION_P_01,0.0,0.0,0.0,晴
2025-03-20 02:00:00,PV_STATION_P_01,0.0,0.0,0.0,晴
2025-03-20 03:00:00,PV_STATION_P_01,0.0,0.0,0.0,晴
2025-03-20 04:00:00,PV_STATION_P_01,0.0,0.0,0.0,晴
2025-03-20 05:00:00,PV_STATION_P_01,0.0,0.0,0.0,晴
2025-03-20 06:00:00,PV_STATION_P_01,0.0,0.0,0.0,晴
2025-03-20 07:00:00,PV_STATION_P_01,113.09,109.04,90.8,晴
2025-03-20 08:00:00,PV_STATION_P_01,387.59,373.29,311.1,晴
2025-03-20 09:00:00,PV_STATION_P_01,615.19,610.32,508.6,晴
2025-03-20 10:00:00,PV_STATION_P_01,754.14,802.86,646.7,晴
2025-03-20 11:00:00,PV_STATION_P_01,874.11,936.88,747.4,晴
2025-03-20 12:00:00,PV_STATION_P_01,926.02,1002.59,827.4,晴
2025-03-20 13:00:00,PV_STATION_P_01,946.51,995.22,829.3,晴
2025-03-20 14:00:00,PV_STATION_P_01,847.19,915.29,740.7,晴
2025-03-20 15:00:00,PV_STATION_P_01,709.99,768.64,610.5,晴
2025-03-20 16:00:00,PV_STATION_P_01,534.62,565.96,450.5,晴
2025-03-20 17:00:00,PV_STATION_P_01,302.51,322.02,259.5,晴
2025-03-20 18:00:00,PV_STATION_P_01,53.21,54.6,44.5,晴
2025-03-20 19:00:00,PV_STATION_P_01,0.0,0.0,0.0,晴
2025-03-20 20:00:00,PV_STATION_P_01,0.0,0.0,0.0,晴
2025-03-20 21:00:00,PV_STATION_P_01,0.0,0.0,0.0,晴
2025-03-20 22:00:00,PV_STATION_P_01,0.0,0.0,0.0,晴
2025-03-20 23:00:00,PV_STATION_P_01,0.0,0.0,0.0,晴
2025-03-21 00:00:00,PV_STATION_P_01,0.0,0.0,0.0,晴
2025-03-21 01:00:00,PV_STATION_P_01,0.0,0.0,0.0,晴
2025-03-21 02:00:00,PV_STATION_P_01,0.0,0.0,0.0,晴
2025-03-21 03:00:00,PV_STATION_P_01,0.0,0.0,0.0,晴
2025-03-21 04:00:00,PV_STATION_P_01,0.0,0.0,0.0,晴
2025-03-21 05:00:00,PV_STATION_P_01,0.0,0.0,0.0,晴
2025-03-21 06:00:00,PV_STATION_P_01,0.0,0.0,0.0,晴
2025-03-21 07:00:00,PV_STATION_P_01,99.32,109.38,85.5,晴
2025-03-21 08:00:00,PV_STATION_P_01,388.59,374.45,312.0,晴
2025-03-21 09:00:00,PV_STATION_P_01,582.87,612.22,499.0,晴
2025-03-21 10:00:00,PV_STATION_P_01,793.09,805.36,658.3,晴
2025-03-21 11:00:00,PV_STATION_P_01,908.66,939.79,783.2,晴
2025-03-21 12:00:00,PV_STATION_P_01,953.83,1005.71,838.1,晴
2025-03-21 13:00:00,PV_STATION_P_01,943.26,998.32,831.9,晴
2025-03-21 14:00:00,PV_STATION_P_01,858.52,918.14,765.1,晴
2025-03-21 15:00:00,PV_STATION_P_01,717.35,771.04,624.0,晴
2025-03-21 16:00:00,PV_STATION_P_01,557.34,567.72,473.1,晴
2025-03-21 17:00:00,PV_STATION_P_01,336.87,323.02,269.2,晴
2025-03-21 18:00:00,PV_STATION_P_01,62.11,54.77,44.1,晴
2025-03-21 19:00:00,PV_STATION_P_01,0.0,0.0,0.0,晴
2025-03-21 20:00:00,PV_STATION_P_01,0.0,0.0,0.0,晴
2025-03-21 21:00:00,PV_STATION_P_01,0.0,0.0,0.0,晴
2025-03-21 22:00:00,PV_STATION_P_01,0.0,0.0,0.0,晴
2025-03-21 23:00:00,PV_STATION_P_01,0.0,0.0,0.0,晴
2025-03-22 00:00:00,PV_STATION_P_01,0.0,0.0,0.0,多云
2025-03-22 01:00:00,PV_STATION_P_01,0.0,0.0,0.0,多云
2025-03-22 02:00:00,PV_STATION_P_01,0.0,0.0,0.0,多云
2025-03-22 03:00:00,PV_STATION_P_01,0.0,0.0,0.0,多云
2025-03-22 04:00:00,PV_STATION_P_01,0.0,0.0,0.0,多云
2025-03-22 05:00:00,PV_STATION_P_01,0.0,0.0,0.0,多云
2025-03-22 06:00:00,PV_STATION_P_01,0.0,0.0,0.0,多云
2025-03-22 07:00:00,PV_STATION_P_01,81.66,109.72,61.9,多云
2025-03-22 08:00:00,PV_STATION_P_01,260.91,375.61,204.1,多云
2025-03-22 09:00:00,PV_STATION_P_01,416.43,614.12,351.8,多云
2025-03-22 10:00:00,PV_STATION_P_01,516.06,807.86,437.7,多云
2025-03-22 11:00:00,PV_STATION_P_01,616.19,942.71,529.0,多云
2025-03-22 12:00:00,PV_STATION_P_01,663.75,1008.84,560.4,多云
2025-03-22 13:00:00,PV_STATION_P_01,655.31,1001.42,552.9,多云
2025-03-22 14:00:00,PV_STATION_P_01,631.68,920.99,532.9,多云
2025-03-22 15:00:00,PV_STATION_P_01,457.42,773.43,387.0,多云
2025-03-22 16:00:00,PV_STATION_P_01,361.93,569.48,314.7,多云
2025-03-22 17:00:00,PV_STATION_P_01,224.05,324.02,172.0,多云
2025-03-22 18:00:00,PV_STATION_P_01,44.27,54.94,28.2,多云
2025-03-22 19:00:00,PV_STATION_P_01,0.0,0.0,0.0,多云
2025-03-22 20:00:00,PV_STATION_P_01,0.0,0.0,0.0,多云
2025-03-22 21:00:00,PV_STATION_P_01,0.0,0.0,0.0,多云
2025-03-22 22:00:00,PV_STATION_P_01,0.0,0.0,0.0,多云
2025-03-22 23:00:00,PV_STATION_P_01,0.0,0.0,0.0,多云
2025-03-23 00:00:00,PV_STATION_P_01,0.0,0.0,0.0,雨
2025-03-23 01:00:00,PV_STATION_P_01,0.0,0.0,0.0,雨
2025-03-23 02:00:00,PV_STATION_P_01,0.0,0.0,0.0,雨
2025-03-23 03:00:00,PV_STATION_P_01,0.0,0.0,0.0,雨
2025-03-23 04:00:00,PV_STATION_P_01,0.0,0.0,0.0,雨
2025-03-23 05:00:00,PV_STATION_P_01,0.0,0.0,0.0,雨
2025-03-23 06:00:00,PV_STATION_P_01,0.0,0.0,0.0,雨
2025-03-23 07:00:00,PV_STATION_P_01,31.48,110.06,13.6,雨
2025-03-23 08:00:00,PV_STATION_P_01,61.39,376.77,43.7,雨
2025-03-23 09:00:00,PV_STATION_P_01,96.85,616.02,67.7,雨
2025-03-23 10:00:00,PV_STATION_P_01,103.55,810.36,90.0,雨
2025-03-23 11:00:00,PV_STATION_P_01,146.59,945.63,114.5,雨
2025-03-23 12:00:00,PV_STATION_P_01,161.91,1011.96,123.3,雨
2025-03-23 13:00:00,PV_STATION_P_01,132.47,1004.52,113.4,雨
2025-03-23 14:00:00,PV_STATION_P_01,100.33,923.85,100.5,雨
2025-03-23 15:00:00,PV_STATION_P_01,102.42,775.83,91.1,雨
2025-03-23 16:00:00,PV_STATION_P_01,78.69,571.25,67.7,雨
2025-03-23 17:00:00,PV_STATION_P_01,51.9,325.03,39.0,雨
2025-03-23 18:00:00,PV_STATION_P_01,,55.11,6.2,雨
2025-03-23 19:00:00,PV_STATION_P_01,,0.0,0.0,雨
2025-03-23 20:00:00,PV_STATION_P_01,,0.0,0.0,雨
2025-03-23 21:00:00,PV_STATION_P_01,,0.0,0.0,雨
2025-03-23 22:00:00,PV_STATION_P_01,,0.0,0.0,雨
2025-03-23 23:00:00,PV_STATION_P_01,,0.0,0.0,雨
2025-03-24 00:00:00,PV_STATION_P_01,,0.0,0.0,晴
2025-03-24 01:00:00,PV_STATION_P_01,,0.0,0.0,晴
2025-03-24 02:00:00,PV_STATION_P_01,,0.0,0.0,晴
2025-03-24 03:00:00,PV_STATION_P_01,,0.0,0.0,晴
2025-03-24 04:00:00,PV_STATION_P_01,0.0,0.0,0.0,晴
2025-03-24 05:00:00,PV_STATION_P_01,0.0,0.0,0.0,晴
2025-03-24 06:00:00,PV_STATION_P_01,0.0,0.0,0.0,晴
2025-03-24 07:00:00,PV_STATION_P_01,124.46,110.4,87.5,晴
2025-03-24 08:00:00,PV_STATION_P_01,385.15,377.94,314.9,晴
2025-03-24 09:00:00,PV_STATION_P_01,628.22,617.92,514.9,晴
2025-03-24 10:00:00,PV_STATION_P_01,788.15,812.86,677.4,晴
2025-03-24 11:00:00,PV_STATION_P_01,824.52,948.55,709.4,晴
2025-03-24 12:00:00,PV_STATION_P_01,932.77,1015.08,805.8,晴
2025-03-24 13:00:00,PV_STATION_P_01,944.83,1007.62,839.7,晴
2025-03-24 14:00:00,PV_STATION_P_01,894.16,926.7,772.2,晴
2025-03-24 15:00:00,PV_STATION_P_01,738.55,778.22,642.7,晴
2025-03-24 16:00:00,PV_STATION_P_01,559.47,573.01,477.5,晴
2025-03-24 17:00:00,PV_STATION_P_01,300.42,326.03,251.7,晴
2025-03-24 18:00:00,PV_STATION_P_01,42.15,55.28,46.1,晴
2025-03-24 19:00:00,PV_STATION_P_01,0.0,0.0,0.0,晴
2025-03-24 20:00:00,PV_STATION_P_01,0.0,0.0,0.0,晴
2025-03-24 21:00:00,PV_STATION_P_01,0.0,0.0,0.0,晴
2025-03-24 22:00:00,PV_STATION_P_01,0.0,0.0,0.0,晴
2025-03-24 23:00:00,PV_STATION_P_01,0.0,0.0,0.0,晴
2025-03-25 00:00:00,PV_STATION_P_01,0.0,0.0,0.0,晴
2025-03-25 01:00:00,PV_STATION_P_01,0.0,0.0,0.0,晴
2025-03-25 02:00:00,PV_STATION_P_01,0.0,0.0,0.0,晴
2025-03-25 03:00:00,PV_STATION_P_01,0.0,0.0,0.0,晴
2025-03-25 04:00:00,PV_STATION_P_01,0.0,0.0,0.0,晴
2025-03-25 05:00:00,PV_STATION_P_01,0.0,0.0,0.0,晴
2025-03-25 06:00:00,PV_STATION_P_01,0.0,0.0,0.0,晴
2025-03-25 07:00:00,PV_STATION_P_01,104.08,110.74,89.2,晴
2025-03-25 08:00:00,PV_STATION_P_01,387.3,379.1,315.9,晴
2025-03-25 09:00:00,PV_STATION_P_01,619.91,619.82,516.5,晴
2025-03-25 10:00:00,PV_STATION_P_01,751.49,815.36,648.3,晴
2025-03-25 11:00:00,PV_STATION_P_01,923.61,951.46,792.9,晴
2025-03-25 12:00:00,PV_STATION_P_01,933.23,1018.2,806.7,晴
2025-03-25 13:00:00,PV_STATION_P_01,874.62,1010.71,757.5,晴
2025-03-25 14:00:00,PV_STATION_P_01,846.61,929.54,744.2,晴
2025-03-25 15:00:00,PV_STATION_P_01,727.71,780.61,632.0,晴
2025-03-25 16:00:00,PV_STATION_P_01,549.07,574.77,466.7,晴
2025-03-25 17:00:00,PV_STATION_P_01,326.96,327.03,268.4,晴
2025-03-25 18:00:00,PV_STATION_P_01,56.22,55.45,46.2,晴
2025-03-25 19:00:00,PV_STATION_P_01,0.0,0.0,0.0,晴
2025-03-25 20:00:00,PV_STATION_P_01,0.0,0.0,0.0,晴
2025-03-25 21:00:00,PV_STATION_P_01,0.0,0.0,0.0,晴
2025-03-25 22:00:00,PV_STATION_P_01,0.0,0.0,0.0,晴
2025-03-25 23:00:00,PV_STATION_P_01,0.0,0.0,0.0,晴
2025-03-26 00:00:00,PV_STATION_P_01,0.0,0.0,0.0,多云
2025-03-26 01:00:00,PV_STATION_P_01,0.0,0.0,0.0,多云
2025-03-26 02:00:00,PV_STATION_P_01,0.0,0.0,0.0,多云
2025-03-26 03:00:00,PV_STATION_P_01,0.0,0.0,0.0,多云
2025-03-26 04:00:00,PV_STATION_P_01,0.0,0.0,0.0,多云
2025-03-26 05:00:00,PV_STATION_P_01,0.0,0.0,0.0,多云
2025-03-26 06:00:00,PV_STATION_P_01,0.0,0.0,0.0,多云
2025-03-26 07:00:00,PV_STATION_P_01,70.99,111.08,58.6,多云
2025-03-26 08:00:00,PV_STATION_P_01,256.29,380.26,203.7,多云
2025-03-26 09:00:00,PV_STATION_P_01,435.75,621.72,360.0,多云
2025-03-26 10:00:00,PV_STATION_P_01,555.37,817.86,461.9,多云
2025-03-26 11:00:00,PV_STATION_P_01,624.03,954.38,529.5,多云
2025-03-26 12:00:00,PV_STATION_P_01,616.52,1021.32,520.5,多云
2025-03-26 13:00:00,PV_STATION_P_01,613.37,1013.81,525.2,多云
2025-03-26 14:00:00,PV_STATION_P_01,606.07,932.39,523.0,多云
2025-03-26 15:00:00,PV_STATION_P_01,522.74,783.0,444.2,多云
2025-03-26 16:00:00,PV_STATION_P_01,392.34,576.53,321.1,多云
2025-03-26 17:00:00,PV_STATION_P_01,225.63,328.03,176.1,多云
2025-03-26 18:00:00,PV_STATION_P_01,43.42,55.62,29.8,多云
2025-03-26 19:00:00,PV_STATION_P_01,0.0,0.0,0.0,多云
2025-03-26 20:00:00,PV_STATION_P_01,0.0,0.0,0.0,多云
2025-03-26 21:00:00,PV_STATION_P_01,0.0,0.0,0.0,多云
2025-03-26 22:00:00,PV_STATION_P_01,0.0,0.0,0.0,多云
2025-03-26 23:00:00,PV_STATION_P_01,0.0,0.0,0.0,多云
2025-03-27 00:00:00,PV_STATION_P_01,0.0,0.0,0.0,阴
2025-03-27 01:00:00,PV_STATION_P_01,0.0,0.0,0.0,阴
2025-03-27 02:00:00,PV_STATION_P_01,0.0,0.0,0.0,阴
2025-03-27 03:00:00,PV_STATION_P_01,0.0,0.0,0.0,阴
2025-03-27 04:00:00,PV_STATION_P_01,0.0,0.0,0.0,阴
2025-03-27 05:00:00,PV_STATION_P_01,0.0,0.0,0.0,阴
2025-03-27 06:00:00,PV_STATION_P_01,0.0,0.0,0.0,阴
2025-03-27 07:00:00,PV_STATION_P_01,39.92,111.41,29.2,阴
2025-03-27 08:00:00,PV_STATION_P_01,117.77,381.42,90.2,阴
2025-03-27 09:00:00,PV_STATION_P_01,213.24,623.62,173.3,阴
2025-03-27 10:00:00,PV_STATION_P_01,229.15,820.35,195.2,阴
2025-03-27 11:00:00,PV_STATION_P_01,293.62,957.29,244.9,阴
2025-03-27 12:00:00,PV_STATION_P_01,306.55,1024.43,246.7,阴
2025-03-27 13:00:00,PV_STATION_P_01,293.04,1016.9,252.1,阴
2025-03-27 14:00:00,PV_STATION_P_01,287.09,935.23,236.0,阴
2025-03-27 15:00:00,PV_STATION_P_01,251.9,785.39,204.8,阴
2025-03-27 16:00:00,PV_STATION_P_01,200.1,578.29,151.9,阴
2025-03-27 17:00:00,PV_STATION_P_01,100.5,329.03,85.2,阴
2025-03-27 18:00:00,PV_STATION_P_01,17.5,55.79,14.7,阴
2025-03-27 19:00:00,PV_STATION_P_01,0.0,0.0,0.0,阴
2025-03-27 20:00:00,PV_STATION_P_01,0.0,0.0,0.0,阴
2025-03-27 21:00:00,PV_STATION_P_01,0.0,0.0,0.0,阴
2025-03-27 22:00:00,PV_STATION_P_01,0.0,0.0,0.0,阴
2025-03-27 23:00:00,PV_STATION_P_01,0.0,0.0,0.0,阴
2025-03-28 00:00:00,PV_STATION_P_01,0.0,0.0,0.0,雨
2025-03-28 01:00:00,PV_STATION_P_01,0.0,0.0,0.0,雨
2025-03-28 02:00:00,PV_STATION_P_01,0.0,0.0,0.0,雨
2025-03-28 03:00:00,PV_STATION_P_01,0.0,0.0,0.0,雨
2025-03-28 04:00:00,PV_STATION_P_01,0.0,0.0,0.0,雨
2025-03-28 05:00:00,PV_STATION_P_01,0.0,0.0,0.0,雨
2025-03-28 06:00:00,PV_STATION_P_01,0.0,0.0,0.0,雨
2025-03-28 07:00:00,PV_STATION_P_01,24.1,111.75,13.0,雨
2025-03-28 08:00:00,PV_STATION_P_01,55.06,382.57,46.4,雨
2025-03-28 09:00:00,PV_STATION_P_01,87.33,625.51,67.0,雨
2025-03-28 10:00:00,PV_STATION_P_01,116.8,822.84,93.0,雨
2025-03-28 11:00:00,PV_STATION_P_01,145.27,960.19,112.5,雨
2025-03-28 12:00:00,PV_STATION_P_01,134.22,1027.54,109.5,雨
2025-03-28 13:00:00,PV_STATION_P_01,137.49,1019.98,109.9,雨
2025-03-28 14:00:00,PV_STATION_P_01,133.19,938.07,110.3,雨
2025-03-28 15:00:00,PV_STATION_P_01,102.34,787.77,89.1,雨
2025-03-28 16:00:00,PV_STATION_P_01,93.39,580.04,66.5,雨
2025-03-28 17:00:00,PV_STATION_P_01,41.14,330.03,37.7,雨
2025-03-28 18:00:00,PV_STATION_P_01,4.23,55.96,6.1,雨
2025-03-28 19:00:00,PV_STATION_P_01,0.0,0.0,0.0,雨
2025-03-28 20:00:00,PV_STATION_P_01,0.0,0.0,0.0,雨
2025-03-28 21:00:00,PV_STATION_P_01,0.0,0.0,0.0,雨
2025-03-28 22:00:00,PV_STATION_P_01,0.0,0.0,0.0,雨
2025-03-28 23:00:00,PV_STATION_P_01,0.0,0.0,0.0,雨
2025-03-29 00:00:00,PV_STATION_P_01,0.0,0.0,0.0,阴
2025-03-29 01:00:00,PV_STATION_P_01,0.0,0.0,0.0,阴
2025-03-29 02:00:00,PV_STATION_P_01,0.0,0.0,0.0,阴
2025-03-29 03:00:00,PV_STATION_P_01,0.0,0.0,0.0,阴
2025-03-29 04:00:00,PV_STATION_P_01,0.0,0.0,0.0,阴
2025-03-29 05:00:00,PV_STATION_P_01,0.0,0.0,0.0,阴
2025-03-29 06:00:00,PV_STATION_P_01,0.0,0.0,0.0,阴
2025-03-29 07:00:00,PV_STATION_P_01,54.58,112.09,30.7,阴
2025-03-29 08:00:00,PV_STATION_P_01,121.98,383.73,99.0,阴
2025-03-29 09:00:00,PV_STATION_P_01,164.73,627.4,140.0,阴
2025-03-29 10:00:00,PV_STATION_P_01,262.95,825.33,221.2,阴
2025-03-29 11:00:00,PV_STATION_P_01,289.55,963.09,242.6,阴
2025-03-29 12:00:00,PV_STATION_P_01,330.75,1030.64,262.4,阴
2025-03-29 13:00:00,PV_STATION_P_01,312.66,1023.06,259.7,阴
2025-03-29 14:00:00,PV_STATION_P_01,295.2,940.9,246.0,阴
2025-03-29 15:00:00,PV_STATION_P_01,243.87,790.15,196.7,阴
2025-03-29 16:00:00,PV_STATION_P_01,168.89,581.79,134.7,阴
2025-03-29 17:00:00,PV_STATION_P_01,108.71,331.03,84.1,阴
2025-03-29 18:00:00,PV_STATION_P_01,17.59,56.13,13.1,阴
2025-03-29 19:00:00,PV_STATION_P_01,0.0,0.0,0.0,阴
2025-03-29 20:00:00,PV_STATION_P_01,0.0,0.0,0.0,阴
2025-03-29 21:00:00,PV_STATION_P_01,0.0,0.0,0.0,阴
2025-03-29 22:00:00,PV_STATION_P_01,0.0,0.0,0.0,阴
2025-03-29 23:00:00,PV_STATION_P_01,0.0,0.0,0.0,阴
2025-03-30 00:00:00,PV_STATION_P_01,0.0,0.0,0.0,晴
2025-03-30 01:00:00,PV_STATION_P_01,0.0,0.0,0.0,晴
2025-03-30 02:00:00,PV_STATION_P_01,0.0,0.0,0.0,晴
2025-03-30 03:00:00,PV_STATION_P_01,0.0,0.0,0.0,晴
2025-03-30 04:00:00,PV_STATION_P_01,0.0,0.0,0.0,晴
2025-03-30 05:00:00,PV_STATION_P_01,0.0,0.0,0.0,晴
2025-03-30 06:00:00,PV_STATION_P_01,0.0,0.0,0.0,晴
2025-03-30 07:00:00,PV_STATION_P_01,109.89,112.43,93.7,晴
2025-03-30 08:00:00,PV_STATION_P_01,395.3,384.88,320.7,晴
2025-03-30 09:00:00,PV_STATION_P_01,624.69,629.28,524.4,晴
2025-03-30 10:00:00,PV_STATION_P_01,796.7,827.8,689.8,晴
2025-03-30 11:00:00,PV_STATION_P_01,904.84,965.98,790.9,晴
2025-03-30 12:00:00,PV_STATION_P_01,857.05,1033.74,747.6,晴
2025-03-30 13:00:00,PV_STATION_P_01,905.22,1026.14,803.0,晴
2025-03-30 14:00:00,PV_STATION_P_01,886.78,943.73,786.4,晴
2025-03-30 15:00:00,PV_STATION_P_01,769.1,792.52,660.4,晴
2025-03-30 16:00:00,PV_STATION_P_01,572.18,583.54,486.3,晴
2025-03-30 17:00:00,PV_STATION_P_01,306.97,332.02,254.9,晴
2025-03-30 18:00:00,PV_STATION_P_01,62.05,56.3,46.9,晴
2025-03-30 19:00:00,PV_STATION_P_01,0.0,0.0,0.0,晴
2025-03-30 20:00:00,PV_STATION_P_01,0.0,0.0,0.0,晴
2025-03-30 21:00:00,PV_STATION_P_01,0.0,0.0,0.0,晴
2025-03-30 22:00:00,PV_STATION_P_01,0.0,0.0,0.0,晴
2025-03-30 23:00:00,PV_STATION_P_01,0.0,0.0,0.0,晴
2025-03-31 00:00:00,PV_STATION_P_01,0.0,0.0,0.0,多云
2025-03-31 01:00:00,PV_STATION_P_01,0.0,0.0,0.0,多云
2025-03-31 02:00:00,PV_STATION_P_01,0.0,0.0,0.0,多云
2025-03-31 03:00:00,PV_STATION_P_01,0.0,0.0,0.0,多云
2025-03-31 04:00:00,PV_STATION_P_01,0.0,0.0,0.0,多云
2025-03-31 05:00:00,PV_STATION_P_01,0.0,0.0,0.0,多云
2025-03-31 06:00:00,PV_STATION_P_01,0.0,0.0,0.0,多云
2025-03-31 07:00:00,PV_STATION_P_01,95.3,112.76,68.5,多云
2025-03-31 08:00:00,PV_STATION_P_01,238.59,386.03,203.3,多云
2025-03-31 09:00:00,PV_STATION_P_01,404.67,631.16,340.7,多云
2025-03-31 10:00:00,PV_STATION_P_01,543.16,830.28,459.2,多云
2025-03-31 11:00:00,PV_STATION_P_01,606.46,968.87,520.3,多云
2025-03-31 12:00:00,PV_STATION_P_01,601.92,1036.83,519.9,多云
2025-03-31 13:00:00,PV_STATION_P_01,667.79,1029.2,588.8,多云
2025-03-31 14:00:00,PV_STATION_P_01,612.75,946.55,525.5,多云
2025-03-31 15:00:00,PV_STATION_P_01,525.14,794.89,445.2,多云
2025-03-31 16:00:00,PV_STATION_P_01,374.13,585.28,319.6,多云
2025-03-31 17:00:00,PV_STATION_P_01,233.74,333.01,197.0,多云
2025-03-31 18:00:00,PV_STATION_P_01,34.23,56.46,30.3,多云
2025-03-31 19:00:00,PV_STATION_P_01,0.0,0.0,0.0,多云
2025-03-31 20:00:00,PV_STATION_P_01,0.0,0.0,0.0,多云
2025-03-31 21:00:00,PV_STATION_P_01,0.0,0.0,0.0,多云
2025-03-31 22:00:00,PV_STATION_P_01,0.0,0.0,0.0,多云
2025-03-31 23:00:00,PV_STATION_P_01,0.0,0.0,0.0,多云
2025-04-01 00:00:00,PV_STATION_P_01,0.0,0.0,0.0,阴
2025-04-01 01:00:00,PV_STATION_P_01,0.0,0.0,0.0,阴
2025-04-01 02:00:00,PV_STATION_P_01,0.0,0.0,0.0,阴
2025-04-01 03:00:00,PV_STATION_P_01,0.0,0.0,0.0,阴
2025-04-01 04:00:00,PV_STATION_P_01,0.0,0.0,0.0,阴
2025-04-01 05:00:00,PV_STATION_P_01,0.0,0.0,0.0,阴
2025-04-01 06:00:00,PV_STATION_P_01,0.0,0.0,0.0,阴
2025-04-01 07:00:00,PV_STATION_P_01,37.0,113.1,25.8,阴
2025-04-01 08:00:00,PV_STATION_P_01,120.55,387.18,101.3,阴
2025-04-01 09:00:00,PV_STATION_P_01,199.31,633.04,166.2,阴
2025-04-01 10:00:00,PV_STATION_P_01,207.72,832.74,178.9,阴
2025-04-01 11:00:00,PV_STATION_P_01,271.14,971.74,213.5,阴
2025-04-01 12:00:00,PV_STATION_P_01,306.31,1039.91,261.8,阴
2025-04-01 13:00:00,PV_STATION_P_01,318.9,1032.26,261.5,阴
2025-04-01 14:00:00,PV_STATION_P_01,269.0,949.36,231.7,阴
2025-04-01 15:00:00,PV_STATION_P_01,258.6,797.25,199.0,阴
2025-04-01 16:00:00,PV_STATION_P_01,166.93,587.02,144.9,阴
2025-04-01 17:00:00,PV_STATION_P_01,102.63,334.0,83.6,阴
2025-04-01 18:00:00,PV_STATION_P_01,25.24,56.63,13.5,阴
2025-04-01 19:00:00,PV_STATION_P_01,0.0,0.0,0.0,阴
2025-04-01 20:00:00,PV_STATION_P_01,0.0,0.0,0.0,阴
2025-04-01 21:00:00,PV_STATION_P_01,0.0,0.0,0.0,阴
2025-04-01 22:00:00,PV_STATION_P_01,0.0,0.0,0.0,阴
2025-04-01 23:00:00,PV_STATION_P_01,0.0,0.0,0.0,阴
2025-04-02 00:00:00,PV_STATION_P_01,0.0,0.0,0.0,多云
2025-04-02 01:00:00,PV_STATION_P_01,0.0,0.0,0.0,多云
2025-04-02 02:00:00,PV_STATION_P_01,0.0,0.0,0.0,多云
2025-04-02 03:00:00,PV_STATION_P_01,0.0,0.0,0.0,多云
2025-04-02 04:00:00,PV_STATION_P_01,0.0,0.0,0.0,多云
2025-04-02 05:00:00,PV_STATION_P_01,0.0,0.0,0.0,多云
2025-04-02 06:00:00,PV_STATION_P_01,0.0,0.0,0.0,多云
2025-04-02 07:00:00,PV_STATION_P_01,69.49,113.43,62.6,多云
2025-04-02 08:00:00,PV_STATION_P_01,255.34,388.32,201.2,多云
2025-04-02 09:00:00,PV_STATION_P_01,411.95,634.9,340.1,多云
2025-04-02 10:00:00,PV_STATION_P_01,559.33,835.2,472.5,多云
2025-04-02 11:00:00,PV_STATION_P_01,662.79,974.61,574.6,多云
2025-04-02 12:00:00,PV_STATION_P_01,626.39,1042.98,543.6,多云
2025-04-02 13:00:00,PV_STATION_P_01,671.05,1035.31,576.7,多云
2025-04-02 14:00:00,PV_STATION_P_01,586.19,952.16,502.9,多云
2025-04-02 15:00:00,PV_STATION_P_01,509.37,799.6,436.6,多云
2025-04-02 16:00:00,PV_STATION_P_01,377.76,588.76,321.2,多云
2025-04-02 17:00:00,PV_STATION_P_01,224.59,334.99,187.8,多云
2025-04-02 18:00:00,PV_STATION_P_01,54.69,56.8,34.4,多云
2025-04-02 19:00:00,PV_STATION_P_01,0.0,0.0,0.0,多云
2025-04-02 20:00:00,PV_STATION_P_01,0.0,0.0,0.0,多云
2025-04-02 21:00:00,PV_STATION_P_01,0.0,0.0,0.0,多云
2025-04-02 22:00:00,PV_STATION_P_01,0.0,0.0,0.0,多云
2025-04-02 23:00:00,PV_STATION_P_01,0.0,0.0,0.0,多云
2025-04-03 00:00:00,PV_STATION_P_01,0.0,0.0,0.0,多云
2025-04-03 01:00:00,PV_STATION_P_01,0.0,0.0,0.0,多云
2025-04-03 02:00:00,PV_STATION_P_01,0.0,0.0,0.0,多云
2025-04-03 03:00:00,PV_STATION_P_01,0.0,0.0,0.0,多云
2025-04-03 04:00:00,PV_STATION_P_01,0.0,0.0,0.0,多云
2025-04-03 05:00:00,PV_STATION_P_01,0.0,0.0,0.0,多云
2025-04-03 06:00:00,PV_STATION_P_01,0.0,0.0,0.0,多云
2025-04-03 07:00:00,PV_STATION_P_01,88.46,113.76,66.3,多云
2025-04-03 08:00:00,PV_STATION_P_01,258.56,389.46,208.5,多云
2025-04-03 09:00:00,PV_STATION_P_01,434.49,636.77,359.4,多云
2025-04-03 10:00:00,PV_STATION_P_01,501.87,837.65,426.2,多云
2025-04-03 11:00:00,PV_STATION_P_01,627.66,977.47,529.6,多云
2025-04-03 12:00:00,PV_STATION_P_01,670.48,1046.04,582.0,多云
2025-04-03 13:00:00,PV_STATION_P_01,715.22,1038.34,614.7,多云
2025-04-03 14:00:00,PV_STATION_P_01,637.01,954.95,556.5,多云
2025-04-03 15:00:00,PV_STATION_P_01,516.45,801.95,445.7,多云
2025-04-03 16:00:00,PV_STATION_P_01,360.8,590.48,310.0,多云
2025-04-03 17:00:00,PV_STATION_P_01,231.9,335.97,197.3,多云
2025-04-03 18:00:00,PV_STATION_P_01,41.92,56.97,30.8,多云
2025-04-03 19:00:00,PV_STATION_P_01,0.0,0.0,0.0,多云
2025-04-03 20:00:00,PV_STATION_P_01,0.0,0.0,0.0,多云
2025-04-03 21:00:00,PV_STATION_P_01,0.0,0.0,0.0,多云
2025-04-03 22:00:00,PV_STATION_P_01,0.0,0.0,0.0,多云
2025-04-03 23:00:00,PV_STATION_P_01,0.0,0.0,0.0,多云
2025-04-04 00:00:00,PV_STATION_P_01,0.0,0.0,0.0,晴
2025-04-04 01:00:00,PV_STATION_P_01,0.0,0.0,0.0,晴
2025-04-04 02:00:00,PV_STATION_P_01,0.0,0.0,0.0,晴
2025-04-04 03:00:00,PV_STATION_P_01,0.0,0.0,0.0,晴
2025-04-04 04:00:00,PV_STATION_P_01,0.0,0.0,0.0,晴
2025-04-04 05:00:00,PV_STATION_P_01,0.0,0.0,0.0,晴
2025-04-04 06:00:00,PV_STATION_P_01,0.0,0.0,0.0,晴
2025-04-04 07:00:00,PV_STATION_P_01,111.73,114.09,95.1,晴
2025-04-04 08:00:00,PV_STATION_P_01,397.43,390.6,317.8,晴
2025-04-04 09:00:00,PV_STATION_P_01,624.17,638.62,518.3,晴
2025-04-04 10:00:00,PV_STATION_P_01,816.26,840.09,700.1,晴
2025-04-04 11:00:00,PV_STATION_P_01,882.93,980.32,764.9,晴
2025-04-04 12:00:00,PV_STATION_P_01,1002.99,1049.08,874.2,晴
2025-04-04 13:00:00,PV_STATION_P_01,934.69,1041.37,832.3,晴
2025-04-04 14:00:00,PV_STATION_P_01,900.41,957.74,798.1,晴
2025-04-04 15:00:00,PV_STATION_P_01,722.51,804.29,626.1,晴
2025-04-04 16:00:00,PV_STATION_P_01,554.11,592.2,479.5,晴
2025-04-04 17:00:00,PV_STATION_P_01,317.16,336.95,270.2,晴
2025-04-04 18:00:00,PV_STATION_P_01,54.74,57.13,46.9,晴
2025-04-04 19:00:00,PV_STATION_P_01,0.0,0.0,0.0,晴
2025-04-04 20:00:00,PV_STATION_P_01,0.0,0.0,0.0,晴
2025-04-04 21:00:00,PV_STATION_P_01,0.0,0.0,0.0,晴
2025-04-04 22:00:00,PV_STATION_P_01,0.0,0.0,0.0,晴
2025-04-04 23:00:00,PV_STATION_P_01,0.0,0.0,0.0,晴
2025-04-05 00:00:00,PV_STATION_P_01,0.0,0.0,0.0,晴
2025-04-05 01:00:00,PV_STATION_P_01,0.0,0.0,0.0,晴
2025-04-05 02:00:00,PV_STATION_P_01,0.0,0.0,0.0,晴
2025-04-05 03:00:00,PV_STATION_P_01,0.0,0.0,0.0,晴
2025-04-05 04:00:00,PV_STATION_P_01,0.0,0.0,0.0,晴
2025-04-05 05:00:00,PV_STATION_P_01,0.0,0.0,0.0,晴
2025-04-05 06:00:00,PV_STATION_P_01,0.0,0.0,0.0,晴
2025-04-05 07:00:00,PV_STATION_P_01,110.82,114.43,95.4,晴
2025-04-05 08:00:00,PV_STATION_P_01,387.96,391.73,326.4,晴
2025-04-05 09:00:00,PV_STATION_P_01,640.01,640.47,531.5,晴
2025-04-05 10:00:00,PV_STATION_P_01,814.0,842.53,702.1,晴
2025-04-05 11:00:00,PV_STATION_P_01,879.24,983.16,773.9,晴
2025-04-05 12:00:00,PV_STATION_P_01,984.32,1052.12,876.8,晴
2025-04-05 13:00:00,PV_STATION_P_01,939.14,1044.38,837.5,晴
2025-04-05 14:00:00,PV_STATION_P_01,908.02,960.51,800.4,晴
2025-04-05 15:00:00,PV_STATION_P_01,734.82,806.62,648.1,晴
2025-04-05 16:00:00,PV_STATION_P_01,572.79,593.92,494.9,晴
2025-04-05 17:00:00,PV_STATION_P_01,305.16,337.92,259.6,晴
2025-04-05 18:00:00,PV_STATION_P_01,56.86,57.3,47.2,晴
2025-04-05 19:00:00,PV_STATION_P_01,0.0,0.0,0.0,晴
2025-04-05 20:00:00,PV_STATION_P_01,0.0,0.0,0.0,晴
2025-04-05 21:00:00,PV_STATION_P_01,0.0,0.0,0.0,晴
2025-04-05 22:00:00,PV_STATION_P_01,0.0,0.0,0.0,晴
2025-04-05 23:00:00,PV_STATION_P_01,0.0,0.0,0.0,晴
2025-04-06 00:00:00,PV_STATION_P_01,0.0,0.0,0.0,多云
2025-04-06 01:00:00,PV_STATION_P_01,0.0,0.0,0.0,多云
2025-04-06 02:00:00,PV_STATION_P_01,0.0,0.0,0.0,多云
2025-04-06 03:00:00,PV_STATION_P_01,0.0,0.0,0.0,多云
2025-04-06 04:00:00,PV_STATION_P_01,0.0,0.0,0.0,多云
2025-04-06 05:00:00,PV_STATION_P_01,0.0,0.0,0.0,多云
2025-04-06 06:00:00,PV_STATION_P_01,0.0,0.0,0.0,多云
2025-04-06 07:00:00,PV_STATION_P_01,75.55,114.75,60.7,多云
2025-04-06 08:00:00,PV_STATION_P_01,252.21,392.85,208.5,多云
2025-04-06 09:00:00,PV_STATION_P_01,403.51,642.31,341.6,多云
2025-04-06 10:00:00,PV_STATION_P_01,525.39,844.95,462.6,多云
2025-04-06 11:00:00,PV_STATION_P_01,606.57,985.98,519.6,多云
2025-04-06 12:00:00,PV_STATION_P_01,680.12,1055.14,587.0,多云
2025-04-06 13:00:00,PV_STATION_P_01,591.48,1047.38,500.9,多云
2025-04-06 14:00:00,PV_STATION_P_01,611.06,963.27,535.8,多云
2025-04-06 15:00:00,PV_STATION_P_01,498.68,808.93,420.7,多云
2025-04-06 16:00:00,PV_STATION_P_01,368.47,595.62,316.6,多云
2025-04-06 17:00:00,PV_STATION_P_01,210.18,338.9,180.4,多云
2025-04-06 18:00:00,PV_STATION_P_01,23.55,57.46,33.1,多云
2025-04-06 19:00:00,PV_STATION_P_01,0.0,0.0,0.0,多云
2025-04-06 20:00:00,PV_STATION_P_01,0.0,0.0,0.0,多云
2025-04-06 21:00:00,PV_STATION_P_01,0.0,0.0,0.0,多云
2025-04-06 22:00:00,PV_STATION_P_01,0.0,0.0,0.0,多云
2025-04-06 23:00:00,PV_STATION_P_01,0.0,0.0,0.0,多云
2025-04-07 00:00:00,PV_STATION_P_01,0.0,0.0,0.0,晴
2025-04-07 01:00:00,PV_STATION_P_01,0.0,0.0,0.0,晴
2025-04-07 02:00:00,PV_STATION_P_01,0.0,0.0,0.0,晴
2025-04-07 03:00:00,PV_STATION_P_01,0.0,0.0,0.0,晴
2025-04-07 04:00:00,PV_STATION_P_01,0.0,0.0,0.0,晴
2025-04-07 05:00:00,PV_STATION_P_01,0.0,0.0,0.0,晴
2025-04-07 06:00:00,PV_STATION_P_01,0.0,0.0,0.0,晴
2025-04-07 07:00:00,PV_STATION_P_01,109.63,115.08,95.9,晴
2025-04-07 08:00:00,PV_STATION_P_01,389.52,393.97,303.1,晴
2025-04-07 09:00:00,PV_STATION_P_01,624.26,644.14,535.9,晴
2025-04-07 10:00:00,PV_STATION_P_01,813.75,847.36,706.1,晴
2025-04-07 11:00:00,PV_STATION_P_01,908.31,988.8,805.5,晴
2025-04-07 12:00:00,PV_STATION_P_01,938.96,1058.15,835.8,晴
2025-04-07 13:00:00,PV_STATION_P_01,980.93,1050.37,875.3,晴
2025-04-07 14:00:00,PV_STATION_P_01,831.92,966.02,751.4,晴
2025-04-07 15:00:00,PV_STATION_P_01,779.62,811.24,676.0,晴
2025-04-07 16:00:00,PV_STATION_P_01,579.54,597.32,497.8,晴
2025-04-07 17:00:00,PV_STATION_P_01,333.36,339.86,283.2,晴
2025-04-07 18:00:00,PV_STATION_P_01,52.4,57.63,48.0,晴
2025-04-07 19:00:00,PV_STATION_P_01,0.0,0.0,0.0,晴
2025-04-07 20:00:00,PV_STATION_P_01,0.0,0.0,0.0,晴
2025-04-07 21:00:00,PV_STATION_P_01,0.0,0.0,0.0,晴
2025-04-07 22:00:00,PV_STATION_P_01,0.0,0.0,0.0,晴
2025-04-07 23:00:00,PV_STATION_P_01,0.0,0.0,0.0,晴
2025-04-08 00:00:00,PV_STATION_P_01,0.0,0.0,0.0,多云
2025-04-08 01:00:00,PV_STATION_P_01,0.0,0.0,0.0,多云
2025-04-08 02:00:00,PV_STATION_P_01,0.0,0.0,0.0,多云
2025-04-08 03:00:00,PV_STATION_P_01,0.0,0.0,0.0,多云
2025-04-08 04:00:00,PV_STATION_P_01,0.0,0.0,0.0,多云
2025-04-08 05:00:00,PV_STATION_P_01,0.0,0.0,0.0,多云
2025-04-08 06:00:00,PV_STATION_P_01,0.0,0.0,0.0,多云
2025-04-08 07:00:00,PV_STATION_P_01,82.17,115.41,66.7,多云
2025-04-08 08:00:00,PV_STATION_P_01,255.27,395.09,204.7,多云
2025-04-08 09:00:00,PV_STATION_P_01,414.81,645.97,336.1,多云
2025-04-08 10:00:00,PV_STATION_P_01,515.96,849.75,443.6,多云
2025-04-08 11:00:00,PV_STATION_P_01,670.56,991.59,559.6,多云
2025-04-08 12:00:00,PV_STATION_P_01,695.74,1061.15,599.3,多云
2025-04-08 13:00:00,PV_STATION_P_01,636.67,1053.34,551.8,多云
2025-04-08 14:00:00,PV_STATION_P_01,663.34,968.75,583.8,多云
2025-04-08 15:00:00,PV_STATION_P_01,525.24,813.54,453.9,多云
2025-04-08 16:00:00,PV_STATION_P_01,399.15,599.01,331.5,多云
2025-04-08 17:00:00,PV_STATION_P_01,225.79,340.82,185.5,多云
2025-04-08 18:00:00,PV_STATION_P_01,39.51,57.79,33.3,多云
2025-04-08 19:00:00,PV_STATION_P_01,0.0,0.0,0.0,多云
2025-04-08 20:00:00,PV_STATION_P_01,0.0,0.0,0.0,多云
2025-04-08 21:00:00,PV_STATION_P_01,0.0,0.0,0.0,多云
2025-04-08 22:00:00,PV_STATION_P_01,0.0,0.0,0.0,多云
2025-04-08 23:00:00,PV_STATION_P_01,0.0,0.0,0.0,多云
2025-04-09 00:00:00,PV_STATION_P_01,0.0,0.0,0.0,晴
2025-04-09 01:00:00,PV_STATION_P_01,0.0,0.0,0.0,晴
2025-04-09 02:00:00,PV_STATION_P_01,0.0,0.0,0.0,晴
2025-04-09 03:00:00,PV_STATION_P_01,0.0,0.0,0.0,晴
2025-04-09 04:00:00,PV_STATION_P_01,0.0,0.0,0.0,晴
2025-04-09 05:00:00,PV_STATION_P_01,0.0,0.0,0.0,晴
2025-04-09 06:00:00,PV_STATION_P_01,0.0,0.0,14.3,晴
2025-04-09 07:00:00,PV_STATION_P_01,117.26,115.73,96.4,晴
2025-04-09 08:00:00,PV_STATION_P_01,388.37,396.2,320.8,晴
2025-04-09 09:00:00,PV_STATION_P_01,632.64,647.78,539.8,晴
2025-04-09 10:00:00,PV_STATION_P_01,811.01,852.14,710.1,晴
2025-04-09 11:00:00,PV_STATION_P_01,950.85,994.38,828.6,晴
2025-04-09 12:00:00,PV_STATION_P_01,998.98,1064.13,886.8,晴
2025-04-09 13:00:00,PV_STATION_P_01,986.4,1056.3,880.3,晴
2025-04-09 14:00:00,PV_STATION_P_01,933.12,971.47,809.6,晴
2025-04-09 15:00:00,PV_STATION_P_01,760.46,815.82,679.8,晴
2025-04-09 16:00:00,PV_STATION_P_01,545.56,600.7,468.8,晴
2025-04-09 17:00:00,PV_STATION_P_01,339.58,341.78,284.2,晴
2025-04-09 18:00:00,PV_STATION_P_01,66.32,57.95,45.6,晴
2025-04-09 19:00:00,PV_STATION_P_01,0.0,0.0,0.0,晴
2025-04-09 20:00:00,PV_STATION_P_01,0.0,0.0,0.0,晴
2025-04-09 21:00:00,PV_STATION_P_01,0.0,0.0,0.0,晴
2025-04-09 22:00:00,PV_STATION_P_01,0.0,0.0,0.0,晴
2025-04-09 23:00:00,PV_STATION_P_01,0.0,0.0,0.0,晴
2025-04-10 00:00:00,PV_STATION_P_01,0.0,0.0,0.0,晴
2025-04-10 01:00:00,PV_STATION_P_01,0.0,0.0,0.0,晴
2025-04-10 02:00:00,PV_STATION_P_01,0.0,0.0,0.0,晴
2025-04-10 03:00:00,PV_STATION_P_01,0.0,0.0,0.0,晴
2025-04-10 04:00:00,PV_STATION_P_01,0.0,0.0,0.0,晴
2025-04-10 05:00:00,PV_STATION_P_01,0.0,0.0,0.0,晴
2025-04-10 06:00:00,PV_STATION_P_01,0.0,0.0,0.0,晴
2025-04-10 07:00:00,PV_STATION_P_01,126.52,116.05,93.5,晴
2025-04-10 08:00:00,PV_STATION_P_01,395.83,397.3,331.1,晴
2025-04-10 09:00:00,PV_STATION_P_01,637.89,649.58,541.3,晴
2025-04-10 10:00:00,PV_STATION_P_01,739.01,854.51,631.2,晴
2025-04-10 11:00:00,PV_STATION_P_01,941.26,997.15,831.0,晴
2025-04-10 12:00:00,PV_STATION_P_01,914.78,1067.09,808.9,晴
2025-04-10 13:00:00,PV_STATION_P_01,926.04,1059.24,844.7,晴
2025-04-10 14:00:00,PV_STATION_P_01,874.03,974.17,780.2,晴
2025-04-10 15:00:00,PV_STATION_P_01,766.3,818.09,679.5,晴
2025-04-10 16:00:00,PV_STATION_P_01,574.63,602.37,502.0,晴
2025-04-10 17:00:00,PV_STATION_P_01,338.4,342.73,285.6,晴
2025-04-10 18:00:00,PV_STATION_P_01,66.16,58.11,48.4,晴
2025-04-10 19:00:00,PV_STATION_P_01,0.0,0.0,0.0,晴
2025-04-10 20:00:00,PV_STATION_P_01,0.0,0.0,0.0,晴
2025-04-10 21:00:00,PV_STATION_P_01,0.0,0.0,0.0,晴
2025-04-10 22:00:00,PV_STATION_P_01,0.0,0.0,0.0,晴
2025-04-10 23:00:00,PV_STATION_P_01,0.0,0.0,0.0,晴
2025-04-11 00:00:00,PV_STATION_P_01,0.0,0.0,0.0,晴
2025-04-11 01:00:00,PV_STATION_P_01,0.0,0.0,0.0,晴
2025-04-11 02:00:00,PV_STATION_P_01,0.0,0.0,0.0,晴
2025-04-11 03:00:00,PV_STATION_P_01,0.0,0.0,0.0,晴
2025-04-11 04:00:00,PV_STATION_P_01,0.0,0.0,0.0,晴
2025-04-11 05:00:00,PV_STATION_P_01,0.0,0.0,0.0,晴
2025-04-11 06:00:00,PV_STATION_P_01,0.0,0.0,0.0,晴
2025-04-11 07:00:00,PV_STATION_P_01,106.64,116.37,91.3,晴
2025-04-11 08:00:00,PV_STATION_P_01,404.07,398.4,332.0,晴
2025-04-11 09:00:00,PV_STATION_P_01,633.75,651.38,542.8,晴
2025-04-11 10:00:00,PV_STATION_P_01,809.92,856.87,689.4,晴
2025-04-11 11:00:00,PV_STATION_P_01,941.06,999.9,830.4,晴
2025-04-11 12:00:00,PV_STATION_P_01,957.56,1070.03,833.1,晴
2025-04-11 13:00:00,PV_STATION_P_01,968.83,1062.16,867.6,晴
2025-04-11 14:00:00,PV_STATION_P_01,912.66,976.86,814.1,晴
2025-04-11 15:00:00,PV_STATION_P_01,761.5,820.35,683.6,晴
2025-04-11 16:00:00,PV_STATION_P_01,581.37,604.03,503.4,晴
2025-04-11 17:00:00,PV_STATION_P_01,345.41,343.68,286.4,晴
2025-04-11 18:00:00,PV_STATION_P_01,60.1,58.27,48.6,晴
2025-04-11 19:00:00,PV_STATION_P_01,0.0,0.0,0.0,晴
2025-04-11 20:00:00,PV_STATION_P_01,0.0,0.0,0.0,晴
2025-04-11 21:00:00,PV_STATION_P_01,0.0,0.0,0.0,晴
2025-04-11 22:00:00,PV_STATION_P_01,0.0,0.0,0.0,晴
2025-04-11 23:00:00,PV_STATION_P_01,0.0,0.0,0.0,晴
2025-04-12 00:00:00,PV_STATION_P_01,0.0,0.0,0.0,晴
2025-04-12 01:00:00,PV_STATION_P_01,0.0,0.0,0.0,晴
2025-04-12 02:00:00,PV_STATION_P_01,0.0,0.0,0.0,晴
2025-04-12 03:00:00,PV_STATION_P_01,0.0,0.0,0.0,晴
2025-04-12 04:00:00,PV_STATION_P_01,0.0,0.0,0.0,晴
2025-04-12 05:00:00,PV_STATION_P_01,0.0,0.0,0.0,晴
2025-04-12 06:00:00,PV_STATION_P_01,0.0,0.0,0.0,晴
2025-04-12 07:00:00,PV_STATION_P_01,122.64,116.69,97.2,晴
2025-04-12 08:00:00,PV_STATION_P_01,407.36,399.49,329.8,晴
2025-04-12 09:00:00,PV_STATION_P_01,615.84,653.16,523.0,晴
2025-04-12 10:00:00,PV_STATION_P_01,787.41,859.21,694.9,晴
2025-04-12 11:00:00,PV_STATION_P_01,937.08,1002.63,835.5,晴
2025-04-12 12:00:00,PV_STATION_P_01,932.77,1072.96,831.1,晴
2025-04-12 13:00:00,PV_STATION_P_01,900.86,1065.07,813.6,晴
2025-04-12 14:00:00,PV_STATION_P_01,909.85,979.53,816.3,晴
2025-04-12 15:00:00,PV_STATION_P_01,746.14,822.59,664.4,晴
2025-04-12 16:00:00,PV_STATION_P_01,571.18,605.68,504.7,晴
2025-04-12 17:00:00,PV_STATION_P_01,321.93,344.62,285.0,晴
2025-04-12 18:00:00,PV_STATION_P_01,55.82,58.43,48.4,晴
2025-04-12 19:00:00,PV_STATION_P_01,0.0,0.0,0.0,晴
2025-04-12 20:00:00,PV_STATION_P_01,0.0,0.0,0.0,晴
2025-04-12 21:00:00,PV_STATION_P_01,0.0,0.0,0.0,晴
2025-04-12 22:00:00,PV_STATION_P_01,0.0,0.0,0.0,晴
2025-04-12 23:00:00,PV_STATION_P_01,0.0,0.0,0.0,晴
2025-04-13 00:00:00,PV_STATION_P_01,0.0,0.0,0.0,多云
2025-04-13 01:00:00,PV_STATION_P_01,0.0,0.0,0.0,多云
2025-04-13 02:00:00,PV_STATION_P_01,0.0,0.0,0.0,多云
2025-04-13 03:00:00,PV_STATION_P_01,0.0,0.0,0.0,多云
2025-04-13 04:00:00,PV_STATION_P_01,0.0,0.0,0.0,多云
2025-04-13 05:00:00,PV_STATION_P_01,0.0,0.0,0.0,多云
2025-04-13 06:00:00,PV_STATION_P_01,0.0,0.0,0.0,多云
2025-04-13 07:00:00,PV_STATION_P_01,77.21,117.01,63.4,多云
2025-04-13 08:00:00,PV_STATION_P_01,282.1,400.57,224.7,多云
2025-04-13 09:00:00,PV_STATION_P_01,471.83,654.93,401.4,多云
2025-04-13 10:00:00,PV_STATION_P_01,557.94,861.54,483.1,多云
2025-04-13 11:00:00,PV_STATION_P_01,583.1,1005.35,485.6,多云
2025-04-13 12:00:00,PV_STATION_P_01,656.15,1075.87,572.0,多云
2025-04-13 13:00:00,PV_STATION_P_01,646.38,1067.95,552.0,多云
2025-04-13 14:00:00,PV_STATION_P_01,649.9,982.19,565.1,多云
2025-04-13 15:00:00,PV_STATION_P_01,524.38,824.82,451.5,多云
2025-04-13 16:00:00,PV_STATION_P_01,409.93,607.32,351.8,多云
2025-04-13 17:00:00,PV_STATION_P_01,228.68,345.55,195.9,多云
2025-04-13 18:00:00,PV_STATION_P_01,42.72,58.59,33.2,多云
2025-04-13 19:00:00,PV_STATION_P_01,0.0,0.0,0.0,多云
2025-04-13 20:00:00,PV_STATION_P_01,0.0,0.0,0.0,多云
2025-04-13 21:00:00,PV_STATION_P_01,0.0,0.0,0.0,多云
2025-04-13 22:00:00,PV_STATION_P_01,0.0,0.0,0.0,多云
2025-04-13 23:00:00,PV_STATION_P_01,0.0,0.0,0.0,多云
2025-04-14 00:00:00,PV_STATION_P_01,0.0,0.0,0.0,晴
2025-04-14 01:00:00,PV_STATION_P_01,0.0,0.0,0.0,晴
2025-04-14 02:00:00,PV_STATION_P_01,0.0,0.0,0.0,晴
2025-04-14 03:00:00,PV_STATION_P_01,0.0,0.0,0.0,晴
2025-04-14 04:00:00,PV_STATION_P_01,0.0,0.0,0.0,晴
2025-04-14 05:00:00,PV_STATION_P_01,0.0,0.0,0.0,晴
2025-04-14 06:00:00,PV_STATION_P_01,0.0,0.0,0.0,晴
2025-04-14 07:00:00,PV_STATION_P_01,133.96,117.32,97.8,晴
2025-04-14 08:00:00,PV_STATION_P_01,403.47,401.64,328.8,晴
2025-04-14 09:00:00,PV_STATION_P_01,648.47,656.68,547.2,晴
2025-04-14 10:00:00,PV_STATION_P_01,799.71,863.85,693.1,晴
2025-04-14 11:00:00,PV_STATION_P_01,938.64,1008.05,837.0,晴
2025-04-14 12:00:00,PV_STATION_P_01,971.74,1078.75,847.0,晴
2025-04-14 13:00:00,PV_STATION_P_01,980.01,1070.82,892.4,晴
2025-04-14 14:00:00,PV_STATION_P_01,915.54,984.82,820.7,晴
2025-04-14 15:00:00,PV_STATION_P_01,737.95,827.03,657.0,晴
2025-04-14 16:00:00,PV_STATION_P_01,575.75,608.95,503.6,晴
2025-04-14 17:00:00,PV_STATION_P_01,338.65,346.48,281.8,晴
2025-04-14 18:00:00,PV_STATION_P_01,73.96,58.75,49.0,晴
2025-04-14 19:00:00,PV_STATION_P_01,0.0,0.0,0.0,晴
2025-04-14 20:00:00,PV_STATION_P_01,0.0,0.0,0.0,晴
2025-04-14 21:00:00,PV_STATION_P_01,0.0,0.0,0.0,晴
2025-04-14 22:00:00,PV_STATION_P_01,0.0,0.0,0.0,晴
2025-04-14 23:00:00,PV_STATION_P_01,0.0,0.0,0.0,晴
2025-04-15 00:00:00,PV_STATION_P_01,0.0,0.0,0.0,多云
2025-04-15 01:00:00,PV_STATION_P_01,0.0,0.0,0.0,多云
2025-04-15 02:00:00,PV_STATION_P_01,0.0,0.0,0.0,多云
2025-04-15 03:00:00,PV_STATION_P_01,0.0,0.0,0.0,多云
2025-04-15 04:00:00,PV_STATION_P_01,0.0,0.0,0.0,多云
2025-04-15 05:00:00,PV_STATION_P_01,0.0,0.0,0.0,多云
2025-04-15 06:00:00,PV_STATION_P_01,0.0,0.0,0.0,多云
2025-04-15 07:00:00,PV_STATION_P_01,84.02,117.63,70.0,多云
2025-04-15 08:00:00,PV_STATION_P_01,280.4,402.71,226.0,多云
2025-04-15 09:00:00,PV_STATION_P_01,425.18,658.43,359.5,多云
2025-04-15 10:00:00,PV_STATION_P_01,577.2,866.15,497.5,多云
2025-04-15 11:00:00,PV_STATION_P_01,624.5,1010.73,528.9,多云
2025-04-15 12:00:00,PV_STATION_P_01,736.46,1081.62,637.1,多云
2025-04-15 13:00:00,PV_STATION_P_01,698.44,1073.67,596.8,多云
2025-04-15 14:00:00,PV_STATION_P_01,620.53,987.44,536.9,多云
2025-04-15 15:00:00,PV_STATION_P_01,497.37,829.23,434.0,多云
2025-04-15 16:00:00,PV_STATION_P_01,399.92,610.57,346.3,多云
2025-04-15 17:00:00,PV_STATION_P_01,231.29,347.4,188.4,多云
2025-04-15 18:00:00,PV_STATION_P_01,33.21,58.9,32.2,多云
2025-04-15 19:00:00,PV_STATION_P_01,0.0,0.0,0.0,多云
2025-04-15 20:00:00,PV_STATION_P_01,0.0,0.0,0.0,多云
2025-04-15 21:00:00,PV_STATION_P_01,0.0,0.0,0.0,多云
2025-04-15 22:00:00,PV_STATION_P_01,0.0,0.0,0.0,多云
2025-04-15 23:00:00,PV_STATION_P_01,0.0,0.0,0.0,多云
2025-04-16 00:00:00,PV_STATION_P_01,0.0,0.0,0.0,雨
2025-04-16 01:00:00,PV_STATION_P_01,0.0,0.0,0.0,雨
2025-04-16 02:00:00,PV_STATION_P_01,0.0,0.0,0.0,雨
2025-04-16 03:00:00,PV_STATION_P_01,0.0,0.0,0.0,雨
2025-04-16 04:00:00,PV_STATION_P_01,0.0,0.0,0.0,雨
2025-04-16 05:00:00,PV_STATION_P_01,0.0,0.0,0.0,雨
2025-04-16 06:00:00,PV_STATION_P_01,0.0,0.0,0.0,雨
2025-04-16 07:00:00,PV_STATION_P_01,11.15,117.94,13.4,雨
2025-04-16 08:00:00,PV_STATION_P_01,46.98,403.77,45.5,雨
2025-04-16 09:00:00,PV_STATION_P_01,82.78,660.16,73.2,雨
2025-04-16 10:00:00,PV_STATION_P_01,131.91,868.43,102.9,雨
2025-04-16 11:00:00,PV_STATION_P_01,159.98,1013.38,120.8,雨
2025-04-16 12:00:00,PV_STATION_P_01,146.12,1084.46,115.6,雨
2025-04-16 13:00:00,PV_STATION_P_01,155.44,1076.49,132.8,雨
2025-04-16 14:00:00,PV_STATION_P_01,137.25,990.04,108.7,雨
2025-04-16 15:00:00,PV_STATION_P_01,115.93,831.41,98.9,雨
2025-04-16 16:00:00,PV_STATION_P_01,75.65,612.18,67.2,雨
2025-04-16 17:00:00,PV_STATION_P_01,46.03,348.31,39.7,雨
2025-04-16 18:00:00,PV_STATION_P_01,3.8,59.06,6.4,雨
2025-04-16 19:00:00,PV_STATION_P_01,0.0,0.0,0.0,雨
2025-04-16 20:00:00,PV_STATION_P_01,0.0,0.0,0.0,雨
2025-04-16 21:00:00,PV_STATION_P_01,0.0,0.0,0.0,雨
2025-04-16 22:00:00,PV_STATION_P_01,0.0,0.0,0.0,雨
2025-04-16 23:00:00,PV_STATION_P_01,0.0,0.0,0.0,雨
2025-04-17 00:00:00,PV_STATION_P_01,0.0,0.0,0.0,多云
2025-04-17 01:00:00,PV_STATION_P_01,0.0,0.0,0.0,多云
2025-04-17 02:00:00,PV_STATION_P_01,0.0,0.0,0.0,多云
2025-04-17 03:00:00,PV_STATION_P_01,0.0,0.0,0.0,多云
2025-04-17 04:00:00,PV_STATION_P_01,0.0,0.0,0.0,多云
2025-04-17 05:00:00,PV_STATION_P_01,0.0,0.0,0.0,多云
2025-04-17 06:00:00,PV_STATION_P_01,0.0,0.0,0.0,多云
2025-04-17 07:00:00,PV_STATION_P_01,87.85,118.25,73.1,多云
2025-04-17 08:00:00,PV_STATION_P_01,249.55,404.82,215.0,多云
2025-04-17 09:00:00,PV_STATION_P_01,425.75,661.88,353.4,多云
2025-04-17 10:00:00,PV_STATION_P_01,583.15,870.69,491.9,多云
2025-04-17 11:00:00,PV_STATION_P_01,652.7,1016.02,553.3,多云
2025-04-17 12:00:00,PV_STATION_P_01,672.07,1087.29,592.9,多云
2025-04-17 13:00:00,PV_STATION_P_01,702.99,1079.29,612.5,多云
2025-04-17 14:00:00,PV_STATION_P_01,707.6,992.61,620.1,多云
2025-04-17 15:00:00,PV_STATION_P_01,559.71,833.57,488.4,多云
2025-04-17 16:00:00,PV_STATION_P_01,439.82,613.77,369.1,多云
2025-04-17 17:00:00,PV_STATION_P_01,209.76,349.22,174.4,多云
2025-04-17 18:00:00,PV_STATION_P_01,39.7,59.21,34.3,多云
2025-04-17 19:00:00,PV_STATION_P_01,0.0,0.0,0.0,多云
2025-04-17 20:00:00,PV_STATION_P_01,0.0,0.0,0.0,多云
2025-04-17 21:00:00,PV_STATION_P_01,0.0,0.0,0.0,多云
2025-04-17 22:00:00,PV_STATION_P_01,0.0,0.0,0.0,多云
2025-04-17 23:00:00,PV_STATION_P_01,0.0,0.0,0.0,多云
2025-04-18 00:00:00,PV_STATION_P_01,0.0,0.0,0.0,晴
2025-04-18 01:00:00,PV_STATION_P_01,0.0,0.0,0.0,晴
2025-04-18 02:00:00,PV_STATION_P_01,0.0,0.0,0.0,晴
2025-04-18 03:00:00,PV_STATION_P_01,0.0,0.0,0.0,晴
2025-04-18 04:00:00,PV_STATION_P_01,0.0,0.0,0.0,晴
2025-04-18 05:00:00,PV_STATION_P_01,0.0,0.0,0.0,晴
2025-04-18 06:00:00,PV_STATION_P_01,0.0,0.0,0.0,晴
2025-04-18 07:00:00,PV_STATION_P_01,120.85,118.55,98.8,晴
2025-04-18 08:00:00,PV_STATION_P_01,416.4,405.86,338.2,晴
2025-04-18 09:00:00,PV_STATION_P_01,638.49,663.58,550.4,晴
2025-04-18 10:00:00,PV_STATION_P_01,835.02,872.93,727.4,晴
2025-04-18 11:00:00,PV_STATION_P_01,960.4,1018.63,848.9,晴
2025-04-18 12:00:00,PV_STATION_P_01,984.9,1090.08,882.3,晴
2025-04-18 13:00:00,PV_STATION_P_01,992.4,1082.07,895.3,晴
2025-04-18 14:00:00,PV_STATION_P_01,905.88,995.17,814.8,晴
2025-04-18 15:00:00,PV_STATION_P_01,757.02,835.72,671.1,晴
2025-04-18 16:00:00,PV_STATION_P_01,594.33,615.35,510.6,晴
2025-04-18 17:00:00,PV_STATION_P_01,328.5,350.12,272.8,晴
2025-04-18 18:00:00,PV_STATION_P_01,52.77,59.36,49.5,晴
2025-04-18 19:00:00,PV_STATION_P_01,0.0,0.0,0.0,晴
2025-04-18 20:00:00,PV_STATION_P_01,0.0,0.0,0.0,晴
2025-04-18 21:00:00,PV_STATION_P_01,0.0,0.0,0.0,晴
2025-04-18 22:00:00,PV_STATION_P_01,0.0,0.0,0.0,晴
2025-04-18 23:00:00,PV_STATION_P_01,0.0,0.0,0.0,晴
2025-04-19 00:00:00,PV_STATION_P_01,0.0,0.0,0.0,多云
2025-04-19 01:00:00,PV_STATION_P_01,0.0,0.0,0.0,多云
2025-04-19 02:00:00,PV_STATION_P_01,0.0,0.0,0.0,多云
2025-04-19 03:00:00,PV_STATION_P_01,0.0,0.0,0.0,多云
2025-04-19 04:00:00,PV_STATION_P_01,0.0,0.0,0.0,多云
2025-04-19 05:00:00,PV_STATION_P_01,0.0,0.0,0.0,多云
2025-04-19 06:00:00,PV_STATION_P_01,0.0,0.0,0.0,多云
2025-04-19 07:00:00,PV_STATION_P_01,77.15,118.86,65.5,多云
2025-04-19 08:00:00,PV_STATION_P_01,260.96,406.89,215.3,多云
2025-04-19 09:00:00,PV_STATION_P_01,401.4,665.27,334.6,多云
2025-04-19 10:00:00,PV_STATION_P_01,596.48,875.15,508.0,多云
2025-04-19 11:00:00,PV_STATION_P_01,615.06,1021.23,538.2,多云
2025-04-19 12:00:00,PV_STATION_P_01,662.23,1092.86,588.5,多云
2025-04-19 13:00:00,PV_STATION_P_01,715.66,1084.82,633.3,多云
2025-04-19 14:00:00,PV_STATION_P_01,668.83,997.7,577.6,多云
2025-04-19 15:00:00,PV_STATION_P_01,514.48,837.85,446.8,多云
2025-04-19 16:00:00,PV_STATION_P_01,382.96,616.91,331.6,多云
2025-04-19 17:00:00,PV_STATION_P_01,209.11,351.01,176.1,多云
2025-04-19 18:00:00,PV_STATION_P_01,31.85,59.52,29.4,多云
2025-04-19 19:00:00,PV_STATION_P_01,0.0,0.0,0.0,多云
2025-04-19 20:00:00,PV_STATION_P_01,0.0,0.0,0.0,多云
2025-04-19 21:00:00,PV_STATION_P_01,0.0,0.0,0.0,多云
2025-04-19 22:00:00,PV_STATION_P_01,0.0,0.0,0.0,多云
2025-04-19 23:00:00,PV_STATION_P_01,0.0,0.0,0.0,多云
2025-04-20 00:00:00,PV_STATION_P_01,0.0,0.0,0.0,晴
2025-04-20 01:00:00,PV_STATION_P_01,0.0,0.0,0.0,晴
2025-04-20 02:00:00,PV_STATION_P_01,0.0,0.0,0.0,晴
2025-04-20 03:00:00,PV_STATION_P_01,0.0,0.0,0.0,晴
2025-04-20 04:00:00,PV_STATION_P_01,0.0,0.0,0.0,晴
2025-04-20 05:00:00,PV_STATION_P_01,0.0,0.0,0.0,晴
2025-04-20 06:00:00,PV_STATION_P_01,0.0,0.0,0.0,晴
2025-04-20 07:00:00,PV_STATION_P_01,128.05,119.15,99.3,晴
2025-04-20 08:00:00,PV_STATION_P_01,375.11,407.92,319.3,晴
2025-04-20 09:00:00,PV_STATION_P_01,649.25,666.94,551.8,晴
2025-04-20 10:00:00,PV_STATION_P_01,835.19,877.35,731.1,晴
2025-04-20 11:00:00,PV_STATION_P_01,922.94,1023.79,839.0,晴
2025-04-20 12:00:00,PV_STATION_P_01,1015.03,1095.61,913.0,晴
2025-04-20 13:00:00,PV_STATION_P_01,1022.27,1087.55,906.3,晴
2025-04-20 14:00:00,PV_STATION_P_01,854.3,1000.21,760.1,晴
2025-04-20 15:00:00,PV_STATION_P_01,720.17,839.95,641.6,晴
2025-04-20 16:00:00,PV_STATION_P_01,594.64,618.47,515.4,晴
2025-04-20 17:00:00,PV_STATION_P_01,333.68,351.89,284.3,晴
2025-04-20 18:00:00,PV_STATION_P_01,54.01,59.66,48.4,晴
2025-04-20 19:00:00,PV_STATION_P_01,0.0,0.0,0.0,晴
2025-04-20 20:00:00,PV_STATION_P_01,0.0,0.0,0.0,晴
2025-04-20 21:00:00,PV_STATION_P_01,0.0,0.0,0.0,晴
2025-04-20 22:00:00,PV_STATION_P_01,0.0,0.0,0.0,晴
2025-04-20 23:00:00,PV_STATION_P_01,0.0,0.0,0.0,晴
2025-04-21 00:00:00,PV_STATION_P_01,0.0,0.0,0.0,晴
2025-04-21 01:00:00,PV_STATION_P_01,0.0,0.0,0.0,晴
2025-04-21 02:00:00,PV_STATION_P_01,0.0,0.0,0.0,晴
2025-04-21 03:00:00,PV_STATION_P_01,0.0,0.0,0.0,晴
2025-04-21 04:00:00,PV_STATION_P_01,0.0,0.0,0.0,晴
2025-04-21 05:00:00,PV_STATION_P_01,0.0,0.0,0.0,晴
2025-04-21 06:00:00,PV_STATION_P_01,0.0,0.0,0.0,晴
2025-04-21 07:00:00,PV_STATION_P_01,128.59,119.45,99.5,晴
2025-04-21 08:00:00,PV_STATION_P_01,400.3,408.93,336.4,晴
2025-04-21 09:00:00,PV_STATION_P_01,650.53,668.6,557.2,晴
2025-04-21 10:00:00,PV_STATION_P_01,825.16,879.53,732.9,晴
2025-04-21 11:00:00,PV_STATION_P_01,836.33,1026.34,746.3,晴
2025-04-21 12:00:00,PV_STATION_P_01,909.11,1098.33,832.3,晴
2025-04-21 13:00:00,PV_STATION_P_01,1000.97,1090.25,908.5,晴
2025-04-21 14:00:00,PV_STATION_P_01,918.29,1002.69,820.6,晴
2025-04-21 15:00:00,PV_STATION_P_01,768.81,842.04,701.7,晴
2025-04-21 16:00:00,PV_STATION_P_01,605.5,620.0,516.7,晴
2025-04-21 17:00:00,PV_STATION_P_01,341.04,352.77,294.0,晴
2025-04-21 18:00:00,PV_STATION_P_01,43.95,59.81,45.1,晴
2025-04-21 19:00:00,PV_STATION_P_01,0.0,0.0,0.0,晴
2025-04-21 20:00:00,PV_STATION_P_01,0.0,0.0,0.0,晴
2025-04-21 21:00:00,PV_STATION_P_01,0.0,0.0,0.0,晴
2025-04-21 22:00:00,PV_STATION_P_01,0.0,0.0,0.0,晴
2025-04-21 23:00:00,PV_STATION_P_01,0.0,0.0,0.0,晴
2025-04-22 00:00:00,PV_STATION_P_01,0.0,0.0,0.0,阴
2025-04-22 01:00:00,PV_STATION_P_01,0.0,0.0,0.0,阴
2025-04-22 02:00:00,PV_STATION_P_01,0.0,0.0,0.0,阴
2025-04-22 03:00:00,PV_STATION_P_01,0.0,0.0,0.0,阴
2025-04-22 04:00:00,PV_STATION_P_01,0.0,0.0,0.0,阴
2025-04-22 05:00:00,PV_STATION_P_01,0.0,0.0,0.0,阴
2025-04-22 06:00:00,PV_STATION_P_01,0.0,0.0,0.0,阴
2025-04-22 07:00:00,PV_STATION_P_01,41.15,119.74,29.9,阴
2025-04-22 08:00:00,PV_STATION_P_01,140.96,409.93,105.3,阴
2025-04-22 09:00:00,PV_STATION_P_01,199.84,670.24,165.3,阴
2025-04-22 10:00:00,PV_STATION_P_01,276.08,881.69,232.0,阴
2025-04-22 11:00:00,PV_STATION_P_01,312.01,1028.86,258.6,阴
2025-04-22 12:00:00,PV_STATION_P_01,323.04,1101.03,274.1,阴
2025-04-22 13:00:00,PV_STATION_P_01,325.64,1092.93,289.7,阴
2025-04-22 14:00:00,PV_STATION_P_01,273.68,1005.16,229.6,阴
2025-04-22 15:00:00,PV_STATION_P_01,252.1,844.11,208.1,阴
2025-04-22 16:00:00,PV_STATION_P_01,189.46,621.52,150.6,阴
2025-04-22 17:00:00,PV_STATION_P_01,100.96,353.63,90.1,阴
2025-04-22 18:00:00,PV_STATION_P_01,22.79,59.96,15.2,阴
2025-04-22 19:00:00,PV_STATION_P_01,0.0,0.0,0.0,阴
2025-04-22 20:00:00,PV_STATION_P_01,0.0,0.0,0.0,阴
2025-04-22 21:00:00,PV_STATION_P_01,0.0,0.0,0.0,阴
2025-04-22 22:00:00,PV_STATION_P_01,0.0,0.0,0.0,阴
2025-04-22 23:00:00,PV_STATION_P_01,0.0,0.0,0.0,阴
2025-04-23 00:00:00,PV_STATION_P_01,0.0,0.0,0.0,多云
2025-04-23 01:00:00,PV_STATION_P_01,0.0,0.0,0.0,多云
2025-04-23 02:00:00,PV_STATION_P_01,0.0,0.0,0.0,多云
2025-04-23 03:00:00,PV_STATION_P_01,0.0,0.0,0.0,多云
2025-04-23 04:00:00,PV_STATION_P_01,0.0,0.0,0.0,多云
2025-04-23 05:00:00,PV_STATION_P_01,0.0,0.0,0.0,多云
2025-04-23 06:00:00,PV_STATION_P_01,0.0,0.0,0.0,多云
2025-04-23 07:00:00,PV_STATION_P_01,81.73,120.03,67.0,多云
2025-04-23 08:00:00,PV_STATION_P_01,268.12,410.93,223.5,多云
2025-04-23 09:00:00,PV_STATION_P_01,453.03,671.87,373.8,多云
2025-04-23 10:00:00,PV_STATION_P_01,616.4,883.82,520.2,多云
2025-04-23 11:00:00,PV_STATION_P_01,676.25,1031.35,589.6,多云
2025-04-23 12:00:00,PV_STATION_P_01,645.79,1103.69,567.7,多云
2025-04-23 13:00:00,PV_STATION_P_01,629.12,1095.58,552.6,多云
2025-04-23 14:00:00,PV_STATION_P_01,661.13,1007.59,566.4,多云
2025-04-23 15:00:00,PV_STATION_P_01,568.5,846.15,492.6,多云
2025-04-23 16:00:00,PV_STATION_P_01,375.43,623.03,314.2,多云
2025-04-23 17:00:00,PV_STATION_P_01,233.24,354.49,192.9,多云
2025-04-23 18:00:00,PV_STATION_P_01,46.25,60.11,37.0,多云
2025-04-23 19:00:00,PV_STATION_P_01,0.0,0.0,0.0,多云
2025-04-23 20:00:00,PV_STATION_P_01,0.0,0.0,0.0,多云
2025-04-23 21:00:00,PV_STATION_P_01,0.0,0.0,0.0,多云
2025-04-23 22:00:00,PV_STATION_P_01,0.0,0.0,0.0,多云
2025-04-23 23:00:00,PV_STATION_P_01,0.0,0.0,0.0,多云
2025-04-24 00:00:00,PV_STATION_P_01,0.0,0.0,0.0,多云
2025-04-24 01:00:00,PV_STATION_P_01,0.0,0.0,0.0,多云
2025-04-24 02:00:00,PV_STATION_P_01,0.0,0.0,0.0,多云
2025-04-24 03:00:00,PV_STATION_P_01,0.0,0.0,0.0,多云
2025-04-24 04:00:00,PV_STATION_P_01,0.0,0.0,0.0,多云
2025-04-24 05:00:00,PV_STATION_P_01,0.0,0.0,0.0,多云
2025-04-24 06:00:00,PV_STATION_P_01,0.0,0.0,0.0,多云
2025-04-24 07:00:00,PV_STATION_P_01,89.01,120.32,69.4,多云
2025-04-24 08:00:00,PV_STATION_P_01,274.18,411.91,223.6,多云
2025-04-24 09:00:00,PV_STATION_P_01,446.23,673.47,378.4,多云
2025-04-24 10:00:00,PV_STATION_P_01,525.15,885.94,447.4,多云
2025-04-24 11:00:00,PV_STATION_P_01,667.41,1033.82,576.3,多云
2025-04-24 12:00:00,PV_STATION_P_01,682.92,1106.33,606.6,多云
2025-04-24 13:00:00,PV_STATION_P_01,672.21,1098.2,592.7,多云
2025-04-24 14:00:00,PV_STATION_P_01,632.1,1010.0,556.4,多云
2025-04-24 15:00:00,PV_STATION_P_01,534.19,848.18,463.5,多云
2025-04-24 16:00:00,PV_STATION_P_01,379.96,624.52,320.9,多云
2025-04-24 17:00:00,PV_STATION_P_01,264.75,355.34,211.8,多云
2025-04-24 18:00:00,PV_STATION_P_01,35.37,60.25,34.7,多云
2025-04-24 19:00:00,PV_STATION_P_01,0.0,0.0,0.0,多云
2025-04-24 20:00:00,PV_STATION_P_01,0.0,0.0,0.0,多云
2025-04-24 21:00:00,PV_STATION_P_01,0.0,0.0,0.0,多云
2025-04-24 22:00:00,PV_STATION_P_01,0.0,0.0,0.0,多云
2025-04-24 23:00:00,PV_STATION_P_01,0.0,0.0,0.0,多云
2025-04-25 00:00:00,PV_STATION_P_01,0.0,0.0,0.0,晴
2025-04-25 01:00:00,PV_STATION_P_01,0.0,0.0,0.0,晴
2025-04-25 02:00:00,PV_STATION_P_01,0.0,0.0,0.0,晴
2025-04-25 03:00:00,PV_STATION_P_01,0.0,0.0,0.0,晴
2025-04-25 04:00:00,PV_STATION_P_01,0.0,0.0,0.0,晴
2025-04-25 05:00:00,PV_STATION_P_01,0.0,0.0,0.0,晴
2025-04-25 06:00:00,PV_STATION_P_01,0.0,0.0,0.0,晴
2025-04-25 07:00:00,PV_STATION_P_01,125.14,120.61,95.8,晴
2025-04-25 08:00:00,PV_STATION_P_01,408.82,412.88,342.7,晴
2025-04-25 09:00:00,PV_STATION_P_01,587.94,675.06,513.2,晴
2025-04-25 10:00:00,PV_STATION_P_01,799.76,888.03,709.6,晴
2025-04-25 11:00:00,PV_STATION_P_01,956.29,1036.26,856.9,晴
2025-04-25 12:00:00,PV_STATION_P_01,992.43,1108.95,924.1,晴
2025-04-25 13:00:00,PV_STATION_P_01,1024.7,1100.79,917.3,晴
2025-04-25 14:00:00,PV_STATION_P_01,914.99,1012.39,823.6,晴
2025-04-25 15:00:00,PV_STATION_P_01,801.23,850.18,708.5,晴
2025-04-25 16:00:00,PV_STATION_P_01,544.92,626.0,473.0,晴
2025-04-25 17:00:00,PV_STATION_P_01,341.65,356.18,296.8,晴
2025-04-25 18:00:00,PV_STATION_P_01,51.02,60.39,48.0,晴
2025-04-25 19:00:00,PV_STATION_P_01,0.0,0.0,0.0,晴
2025-04-25 20:00:00,PV_STATION_P_01,0.0,0.0,0.0,晴
2025-04-25 21:00:00,PV_STATION_P_01,0.0,0.0,0.0,晴
2025-04-25 22:00:00,PV_STATION_P_01,0.0,0.0,0.0,晴
2025-04-25 23:00:00,PV_STATION_P_01,0.0,0.0,0.0,晴
2025-04-26 00:00:00,PV_STATION_P_01,0.0,0.0,0.0,多云
2025-04-26 01:00:00,PV_STATION_P_01,0.0,0.0,0.0,多云
2025-04-26 02:00:00,PV_STATION_P_01,0.0,0.0,0.0,多云
2025-04-26 03:00:00,PV_STATION_P_01,0.0,0.0,0.0,多云
2025-04-26 04:00:00,PV_STATION_P_01,0.0,0.0,0.0,多云
2025-04-26 05:00:00,PV_STATION_P_01,0.0,0.0,0.0,多云
2025-04-26 06:00:00,PV_STATION_P_01,0.0,0.0,0.0,多云
2025-04-26 07:00:00,PV_STATION_P_01,100.88,120.89,70.8,多云
2025-04-26 08:00:00,PV_STATION_P_01,285.65,413.84,244.0,多云
2025-04-26 09:00:00,PV_STATION_P_01,478.67,676.63,390.3,多云
2025-04-26 10:00:00,PV_STATION_P_01,554.0,890.1,479.2,多云
2025-04-26 11:00:00,PV_STATION_P_01,676.64,1038.67,586.8,多云
2025-04-26 12:00:00,PV_STATION_P_01,664.88,1111.53,594.5,多云
2025-04-26 13:00:00,PV_STATION_P_01,696.04,1103.35,607.3,多云
2025-04-26 14:00:00,PV_STATION_P_01,637.07,1014.74,555.5,多云
2025-04-26 15:00:00,PV_STATION_P_01,484.39,852.16,421.9,多云
2025-04-26 16:00:00,PV_STATION_P_01,387.12,627.45,331.1,多云
2025-04-26 17:00:00,PV_STATION_P_01,266.56,357.0,218.6,多云
2025-04-26 18:00:00,PV_STATION_P_01,37.18,60.53,33.1,多云
2025-04-26 19:00:00,PV_STATION_P_01,0.0,0.0,0.0,多云
2025-04-26 20:00:00,PV_STATION_P_01,0.0,0.0,0.0,多云
2025-04-26 21:00:00,PV_STATION_P_01,0.0,0.0,0.0,多云
2025-04-26 22:00:00,PV_STATION_P_01,0.0,0.0,0.0,多云
2025-04-26 23:00:00,PV_STATION_P_01,0.0,0.0,0.0,多云
2025-04-27 00:00:00,PV_STATION_P_01,0.0,0.0,0.0,多云
2025-04-27 01:00:00,PV_STATION_P_01,0.0,0.0,0.0,多云
2025-04-27 02:00:00,PV_STATION_P_01,0.0,0.0,0.0,多云
2025-04-27 03:00:00,PV_STATION_P_01,0.0,0.0,0.0,多云
2025-04-27 04:00:00,PV_STATION_P_01,0.0,0.0,0.0,多云
2025-04-27 05:00:00,PV_STATION_P_01,0.0,0.0,0.0,多云
2025-04-27 06:00:00,PV_STATION_P_01,0.0,0.0,0.0,多云
2025-04-27 07:00:00,PV_STATION_P_01,75.95,121.16,67.9,多云
2025-04-27 08:00:00,PV_STATION_P_01,332.28,414.79,277.5,多云
2025-04-27 09:00:00,PV_STATION_P_01,434.42,678.19,384.8,多云
2025-04-27 10:00:00,PV_STATION_P_01,570.27,892.14,492.4,多云
2025-04-27 11:00:00,PV_STATION_P_01,687.47,1041.05,597.8,多云
2025-04-27 12:00:00,PV_STATION_P_01,720.58,1114.08,636.5,多云
2025-04-27 13:00:00,PV_STATION_P_01,671.24,1105.88,588.1,多云
2025-04-27 14:00:00,PV_STATION_P_01,568.92,1017.07,510.8,多云
2025-04-27 15:00:00,PV_STATION_P_01,546.5,854.11,483.7,多云
2025-04-27 16:00:00,PV_STATION_P_01,415.73,628.89,358.8,多云
2025-04-27 17:00:00,PV_STATION_P_01,223.06,357.82,193.9,多云
2025-04-27 18:00:00,PV_STATION_P_01,37.51,60.67,36.1,多云
2025-04-27 19:00:00,PV_STATION_P_01,0.0,0.0,0.0,多云
2025-04-27 20:00:00,PV_STATION_P_01,0.0,0.0,0.0,多云
2025-04-27 21:00:00,PV_STATION_P_01,0.0,0.0,0.0,多云
2025-04-27 22:00:00,PV_STATION_P_01,0.0,0.0,0.0,多云
2025-04-27 23:00:00,PV_STATION_P_01,,0.0,0.0,多云
2025-04-28 00:00:00,PV_STATION_P_01,0.0,0.0,0.0,多云
2025-04-28 01:00:00,PV_STATION_P_01,0.0,0.0,0.0,多云
2025-04-28 02:00:00,PV_STATION_P_01,0.0,0.0,0.0,多云
2025-04-28 03:00:00,PV_STATION_P_01,0.0,0.0,0.0,多云
2025-04-28 04:00:00,PV_STATION_P_01,0.0,0.0,0.0,多云
2025-04-28 05:00:00,PV_STATION_P_01,0.0,0.0,0.0,多云
2025-04-28 06:00:00,PV_STATION_P_01,0.0,0.0,0.0,多云
2025-04-28 07:00:00,PV_STATION_P_01,76.18,121.44,65.8,多云
2025-04-28 08:00:00,PV_STATION_P_01,256.94,415.73,212.9,多云
2025-04-28 09:00:00,PV_STATION_P_01,475.66,679.72,398.7,多云
2025-04-28 10:00:00,PV_STATION_P_01,538.18,894.16,458.6,多云
2025-04-28 11:00:00,PV_STATION_P_01,603.09,1043.41,517.9,多云
2025-04-28 12:00:00,PV_STATION_P_01,656.11,1116.6,571.9,多云
2025-04-28 13:00:00,PV_STATION_P_01,711.82,1108.38,624.3,多云
2025-04-28 14:00:00,PV_STATION_P_01,637.67,1019.37,553.2,多云
2025-04-28 15:00:00,PV_STATION_P_01,517.4,856.05,452.7,多云
2025-04-28 16:00:00,PV_STATION_P_01,414.96,630.31,355.8,多云
2025-04-28 17:00:00,PV_STATION_P_01,240.13,358.63,200.5,多云
2025-04-28 18:00:00,PV_STATION_P_01,44.26,60.81,29.6,多云
2025-04-28 19:00:00,PV_STATION_P_01,0.0,0.0,0.0,多云
2025-04-28 20:00:00,PV_STATION_P_01,0.0,0.0,0.0,多云
2025-04-28 21:00:00,PV_STATION_P_01,0.0,0.0,0.0,多云
2025-04-28 22:00:00,PV_STATION_P_01,0.0,0.0,0.0,多云
2025-04-28 23:00:00,PV_STATION_P_01,0.0,0.0,0.0,多云
2025-04-29 00:00:00,PV_STATION_P_01,0.0,0.0,0.0,多云
2025-04-29 01:00:00,PV_STATION_P_01,0.0,0.0,0.0,多云
2025-04-29 02:00:00,PV_STATION_P_01,0.0,0.0,0.0,多云
2025-04-29 03:00:00,PV_STATION_P_01,0.0,0.0,0.0,多云
2025-04-29 04:00:00,PV_STATION_P_01,0.0,0.0,0.0,多云
2025-04-29 05:00:00,PV_STATION_P_01,0.0,0.0,0.0,多云
2025-04-29 06:00:00,PV_STATION_P_01,0.0,0.0,0.0,多云
2025-04-29 07:00:00,PV_STATION_P_01,74.74,121.71,69.6,多云
2025-04-29 08:00:00,PV_STATION_P_01,268.98,416.66,228.3,多云
2025-04-29 09:00:00,PV_STATION_P_01,400.08,681.23,358.5,多云
2025-04-29 10:00:00,PV_STATION_P_01,556.64,896.15,474.9,多云
2025-04-29 11:00:00,PV_STATION_P_01,684.81,1045.73,602.5,多云
2025-04-29 12:00:00,PV_STATION_P_01,655.46,1119.08,566.5,多云
2025-04-29 13:00:00,PV_STATION_P_01,779.14,1110.85,684.4,多云
2025-04-29 14:00:00,PV_STATION_P_01,637.74,1021.64,561.0,多云
2025-04-29 15:00:00,PV_STATION_P_01,509.61,857.95,439.3,多云
2025-04-29 16:00:00,PV_STATION_P_01,400.34,631.72,350.6,多云
2025-04-29 17:00:00,PV_STATION_P_01,216.41,359.43,189.8,多云
2025-04-29 18:00:00,PV_STATION_P_01,38.2,60.94,32.8,多云
2025-04-29 19:00:00,PV_STATION_P_01,0.0,0.0,0.0,多云
2025-04-29 20:00:00,PV_STATION_P_01,0.0,0.0,0.0,多云
2025-04-29 21:00:00,PV_STATION_P_01,0.0,0.0,0.0,多云
2025-04-29 22:00:00,PV_STATION_P_01,0.0,0.0,0.0,多云
2025-04-29 23:00:00,PV_STATION_P_01,0.0,0.0,0.0,多云
2025-04-30 00:00:00,PV_STATION_P_01,0.0,0.0,0.0,晴
2025-04-30 01:00:00,PV_STATION_P_01,0.0,0.0,0.0,晴
2025-04-30 02:00:00,PV_STATION_P_01,0.0,0.0,0.0,晴
2025-04-30 03:00:00,PV_STATION_P_01,0.0,0.0,0.0,晴
2025-04-30 04:00:00,PV_STATION_P_01,0.0,0.0,0.0,晴
2025-04-30 05:00:00,PV_STATION_P_01,0.0,0.0,0.0,晴
2025-04-30 06:00:00,PV_STATION_P_01,0.0,0.0,0.0,晴
2025-04-30 07:00:00,PV_STATION_P_01,125.39,121.97,101.6,晴
2025-04-30 08:00:00,PV_STATION_P_01,422.4,417.57,348.0,晴
2025-04-30 09:00:00,PV_STATION_P_01,657.83,682.73,568.9,晴
2025-04-30 10:00:00,PV_STATION_P_01,805.91,898.11,721.1,晴
2025-04-30 11:00:00,PV_STATION_P_01,955.49,1048.03,873.4,晴
2025-04-30 12:00:00,PV_STATION_P_01,996.56,1121.54,894.6,晴
2025-04-30 13:00:00,PV_STATION_P_01,986.32,1113.29,901.3,晴
2025-04-30 14:00:00,PV_STATION_P_01,920.68,1023.88,837.9,晴
2025-04-30 15:00:00,PV_STATION_P_01,783.75,859.83,716.5,晴
2025-04-30 16:00:00,PV_STATION_P_01,589.0,633.1,498.9,晴
2025-04-30 17:00:00,PV_STATION_P_01,347.78,360.22,286.0,晴
2025-04-30 18:00:00,PV_STATION_P_01,60.11,61.08,49.3,晴
2025-04-30 19:00:00,PV_STATION_P_01,0.0,0.0,0.0,晴
2025-04-30 20:00:00,PV_STATION_P_01,0.0,0.0,0.0,晴
2025-04-30 21:00:00,PV_STATION_P_01,0.0,0.0,0.0,晴
2025-04-30 22:00:00,PV_STATION_P_01,0.0,0.0,0.0,晴
2025-04-30 23:00:00,PV_STATION_P_01,0.0,0.0,0.0,晴
2025-05-01 00:00:00,PV_STATION_P_01,0.0,0.0,0.0,晴
2025-05-01 01:00:00,PV_STATION_P_01,0.0,0.0,0.0,晴
2025-05-01 02:00:00,PV_STATION_P_01,0.0,0.0,0.0,晴
2025-05-01 03:00:00,PV_STATION_P_01,0.0,0.0,0.0,晴
2025-05-01 04:00:00,PV_STATION_P_01,0.0,0.0,0.0,晴
2025-05-01 05:00:00,PV_STATION_P_01,0.0,0.0,0.0,晴
2025-05-01 06:00:00,PV_STATION_P_01,0.0,0.0,0.0,晴
2025-05-01 07:00:00,PV_STATION_P_01,114.15,122.24,101.9,晴
2025-05-01 08:00:00,PV_STATION_P_01,407.75,418.47,343.3,晴
2025-05-01 09:00:00,PV_STATION_P_01,636.14,684.2,551.8,晴
2025-05-01 10:00:00,PV_STATION_P_01,843.0,900.05,750.0,晴
2025-05-01 11:00:00,PV_STATION_P_01,922.17,1050.29,835.6,晴
2025-05-01 12:00:00,PV_STATION_P_01,1032.08,1123.96,936.6,晴
2025-05-01 13:00:00,PV_STATION_P_01,1009.3,1115.69,929.7,晴
2025-05-01 14:00:00,PV_STATION_P_01,934.79,1026.09,855.1,晴
2025-05-01 15:00:00,PV_STATION_P_01,796.03,861.69,718.1,晴
2025-05-01 16:00:00,PV_STATION_P_01,570.61,634.47,515.5,晴
2025-05-01 17:00:00,PV_STATION_P_01,325.92,361.0,278.2,晴
2025-05-01 18:00:00,PV_STATION_P_01,63.93,61.21,50.2,晴
2025-05-01 19:00:00,PV_STATION_P_01,0.0,0.0,0.0,晴
2025-05-01 20:00:00,PV_STATION_P_01,0.0,0.0,0.0,晴
2025-05-01 21:00:00,PV_STATION_P_01,0.0,0.0,0.0,晴
2025-05-01 22:00:00,PV_STATION_P_01,0.0,0.0,0.0,晴
2025-05-01 23:00:00,PV_STATION_P_01,0.0,0.0,0.0,晴
2025-05-02 00:00:00,PV_STATION_P_01,0.0,0.0,0.0,多云
2025-05-02 01:00:00,PV_STATION_P_01,0.0,0.0,0.0,多云
2025-05-02 02:00:00,PV_STATION_P_01,0.0,0.0,0.0,多云
2025-05-02 03:00:00,PV_STATION_P_01,0.0,0.0,0.0,多云
2025-05-02 04:00:00,PV_STATION_P_01,0.0,0.0,0.0,多云
2025-05-02 05:00:00,PV_STATION_P_01,0.0,0.0,0.0,多云
2025-05-02 06:00:00,PV_STATION_P_01,0.0,0.0,0.0,多云
2025-05-02 07:00:00,PV_STATION_P_01,64.49,122.5,63.2,多云
2025-05-02 08:00:00,PV_STATION_P_01,275.23,419.36,229.9,多云
2025-05-02 09:00:00,PV_STATION_P_01,415.41,685.65,357.8,多云
2025-05-02 10:00:00,PV_STATION_P_01,610.68,901.96,526.9,多云
2025-05-02 11:00:00,PV_STATION_P_01,657.35,1052.52,591.0,多云
2025-05-02 12:00:00,PV_STATION_P_01,736.19,1126.34,656.2,多云
2025-05-02 13:00:00,PV_STATION_P_01,644.07,1118.06,571.8,多云
2025-05-02 14:00:00,PV_STATION_P_01,607.64,1028.27,548.5,多云
2025-05-02 15:00:00,PV_STATION_P_01,486.17,863.52,432.6,多云
2025-05-02 16:00:00,PV_STATION_P_01,416.7,635.82,356.0,多云
2025-05-02 17:00:00,PV_STATION_P_01,223.7,361.76,194.7,多云
2025-05-02 18:00:00,PV_STATION_P_01,43.03,61.34,35.0,多云
2025-05-02 19:00:00,PV_STATION_P_01,0.0,0.0,0.0,多云
2025-05-02 20:00:00,PV_STATION_P_01,0.0,0.0,0.0,多云
2025-05-02 21:00:00,PV_STATION_P_01,0.0,0.0,0.0,多云
2025-05-02 22:00:00,PV_STATION_P_01,0.0,0.0,0.0,多云
2025-05-02 23:00:00,PV_STATION_P_01,0.0,0.0,0.0,多云
2025-05-03 00:00:00,PV_STATION_P_01,0.0,0.0,0.0,阴
2025-05-03 01:00:00,PV_STATION_P_01,0.0,0.0,0.0,阴
2025-05-03 02:00:00,PV_STATION_P_01,0.0,0.0,0.0,阴
2025-05-03 03:00:00,PV_STATION_P_01,0.0,0.0,0.0,阴
2025-05-03 04:00:00,PV_STATION_P_01,0.0,0.0,0.0,阴
2025-05-03 05:00:00,PV_STATION_P_01,0.0,0.0,0.0,阴
2025-05-03 06:00:00,PV_STATION_P_01,0.0,0.0,0.0,阴
2025-05-03 07:00:00,PV_STATION_P_01,44.08,122.75,27.6,阴
2025-05-03 08:00:00,PV_STATION_P_01,126.64,420.24,105.7,阴
2025-05-03 09:00:00,PV_STATION_P_01,213.73,687.08,168.8,阴
2025-05-03 10:00:00,PV_STATION_P_01,253.86,903.84,215.4,阴
2025-05-03 11:00:00,PV_STATION_P_01,305.98,1054.71,259.6,阴
2025-05-03 12:00:00,PV_STATION_P_01,332.88,1128.69,277.3,阴
2025-05-03 13:00:00,PV_STATION_P_01,332.91,1120.39,280.7,阴
2025-05-03 14:00:00,PV_STATION_P_01,297.78,1030.42,254.4,阴
2025-05-03 15:00:00,PV_STATION_P_01,254.58,865.32,218.1,阴
2025-05-03 16:00:00,PV_STATION_P_01,176.34,637.14,158.9,阴
2025-05-03 17:00:00,PV_STATION_P_01,103.42,362.52,94.3,阴
2025-05-03 18:00:00,PV_STATION_P_01,29.22,61.47,16.6,阴
2025-05-03 19:00:00,PV_STATION_P_01,0.0,0.0,0.0,阴
2025-05-03 20:00:00,PV_STATION_P_01,0.0,0.0,0.0,阴
2025-05-03 21:00:00,PV_STATION_P_01,0.0,0.0,0.0,阴
2025-05-03 22:00:00,PV_STATION_P_01,0.0,0.0,0.0,阴
2025-05-03 23:00:00,PV_STATION_P_01,0.0,0.0,0.0,阴
2025-05-04 00:00:00,PV_STATION_P_01,0.0,0.0,0.0,阴
2025-05-04 01:00:00,PV_STATION_P_01,0.0,0.0,0.0,阴
2025-05-04 02:00:00,PV_STATION_P_01,0.0,0.0,0.0,阴
2025-05-04 03:00:00,PV_STATION_P_01,0.0,0.0,0.0,阴
2025-05-04 04:00:00,PV_STATION_P_01,0.0,0.0,0.0,阴
2025-05-04 05:00:00,PV_STATION_P_01,0.0,0.0,0.0,阴
2025-05-04 06:00:00,PV_STATION_P_01,0.0,0.0,0.0,阴
2025-05-04 07:00:00,PV_STATION_P_01,47.1,123.0,33.7,阴
2025-05-04 08:00:00,PV_STATION_P_01,123.72,421.1,95.5,阴
2025-05-04 09:00:00,PV_STATION_P_01,183.7,688.49,159.6,阴
2025-05-04 10:00:00,PV_STATION_P_01,276.92,905.7,229.9,阴
2025-05-04 11:00:00,PV_STATION_P_01,,1056.88,277.7,阴
2025-05-04 12:00:00,PV_STATION_P_01,333.76,1131.01,281.8,阴
2025-05-04 13:00:00,PV_STATION_P_01,337.3,1122.69,287.0,阴
2025-05-04 14:00:00,PV_STATION_P_01,332.96,1032.53,272.4,阴
2025-05-04 15:00:00,PV_STATION_P_01,262.06,867.1,230.0,阴
2025-05-04 16:00:00,PV_STATION_P_01,178.14,638.45,154.6,阴
2025-05-04 17:00:00,PV_STATION_P_01,98.04,363.26,86.9,阴
2025-05-04 18:00:00,PV_STATION_P_01,17.31,61.59,16.2,阴
2025-05-04 19:00:00,PV_STATION_P_01,0.0,0.0,0.0,阴
2025-05-04 20:00:00,PV_STATION_P_01,0.0,0.0,0.0,阴
2025-05-04 21:00:00,PV_STATION_P_01,0.0,0.0,0.0,阴
2025-05-04 22:00:00,PV_STATION_P_01,0.0,0.0,0.0,阴
2025-05-04 23:00:00,PV_STATION_P_01,0.0,0.0,0.0,阴
2025-05-05 00:00:00,PV_STATION_P_01,0.0,0.0,0.0,阴
2025-05-05 01:00:00,PV_STATION_P_01,0.0,0.0,0.0,阴
2025-05-05 02:00:00,PV_STATION_P_01,0.0,0.0,0.0,阴
2025-05-05 03:00:00,PV_STATION_P_01,0.0,0.0,0.0,阴
2025-05-05 04:00:00,PV_STATION_P_01,0.0,0.0,0.0,阴
2025-05-05 05:00:00,PV_STATION_P_01,0.0,0.0,35.6,阴
2025-05-05 06:00:00,PV_STATION_P_01,0.0,0.0,0.0,阴
2025-05-05 07:00:00,PV_STATION_P_01,49.66,123.25,29.6,阴
2025-05-05 08:00:00,PV_STATION_P_01,126.01,421.95,98.5,阴
2025-05-05 09:00:00,PV_STATION_P_01,233.25,689.88,188.8,阴
2025-05-05 10:00:00,PV_STATION_P_01,262.85,907.52,226.1,阴
2025-05-05 11:00:00,PV_STATION_P_01,321.29,1059.01,260.1,阴
2025-05-05 12:00:00,PV_STATION_P_01,329.18,1133.29,267.1,阴
2025-05-05 13:00:00,PV_STATION_P_01,344.31,1124.95,296.5,阴
2025-05-05 14:00:00,PV_STATION_P_01,321.58,1034.61,271.7,阴
2025-05-05 15:00:00,PV_STATION_P_01,276.57,868.84,226.1,阴
2025-05-05 16:00:00,PV_STATION_P_01,173.37,639.74,159.4,阴
2025-05-05 17:00:00,PV_STATION_P_01,120.32,363.99,94.4,阴
2025-05-05 18:00:00,PV_STATION_P_01,25.14,61.72,14.8,阴
2025-05-05 19:00:00,PV_STATION_P_01,0.0,0.0,0.0,阴
2025-05-05 20:00:00,PV_STATION_P_01,0.0,0.0,0.0,阴
2025-05-05 21:00:00,PV_STATION_P_01,0.0,0.0,0.0,阴
2025-05-05 22:00:00,PV_STATION_P_01,0.0,0.0,0.0,阴
2025-05-05 23:00:00,PV_STATION_P_01,0.0,0.0,0.0,阴
2025-05-06 00:00:00,PV_STATION_P_01,0.0,0.0,0.0,多云
2025-05-06 01:00:00,PV_STATION_P_01,0.0,0.0,0.0,多云
2025-05-06 02:00:00,PV_STATION_P_01,0.0,0.0,0.0,多云
2025-05-06 03:00:00,PV_STATION_P_01,0.0,0.0,0.0,多云
2025-05-06 04:00:00,PV_STATION_P_01,0.0,0.0,0.0,多云
2025-05-06 05:00:00,PV_STATION_P_01,0.0,0.0,0.0,多云
2025-05-06 06:00:00,PV_STATION_P_01,0.0,0.0,0.0,多云
2025-05-06 07:00:00,PV_STATION_P_01,87.73,123.5,66.3,多云
2025-05-06 08:00:00,PV_STATION_P_01,291.55,422.78,246.0,多云
2025-05-06 09:00:00,PV_STATION_P_01,486.29,691.25,411.9,多云
2025-05-06 10:00:00,PV_STATION_P_01,621.51,909.32,542.4,多云
2025-05-06 11:00:00,PV_STATION_P_01,699.9,1061.1,617.4,多云
2025-05-06 12:00:00,PV_STATION_P_01,704.91,1135.53,627.1,多云
2025-05-06 13:00:00,PV_STATION_P_01,709.01,1127.18,632.0,多云
2025-05-06 14:00:00,PV_STATION_P_01,662.7,1036.66,581.1,多云
2025-05-06 15:00:00,PV_STATION_P_01,502.21,870.56,450.6,多云
2025-05-06 16:00:00,PV_STATION_P_01,428.34,641.0,372.8,多云
2025-05-06 17:00:00,PV_STATION_P_01,241.17,364.71,207.5,多云
2025-05-06 18:00:00,PV_STATION_P_01,50.65,61.84,35.3,多云
2025-05-06 19:00:00,PV_STATION_P_01,0.0,0.0,0.0,多云
2025-05-06 20:00:00,PV_STATION_P_01,0.0,0.0,0.0,多云
2025-05-06 21:00:00,PV_STATION_P_01,0.0,0.0,0.0,多云
2025-05-06 22:00:00,PV_STATION_P_01,0.0,0.0,0.0,多云
2025-05-06 23:00:00,PV_STATION_P_01,0.0,0.0,0.0,多云
2025-05-07 00:00:00,PV_STATION_P_01,0.0,0.0,0.0,多云
2025-05-07 01:00:00,PV_STATION_P_01,0.0,0.0,0.0,多云
2025-05-07 02:00:00,PV_STATION_P_01,0.0,0.0,0.0,多云
2025-05-07 03:00:00,PV_STATION_P_01,0.0,0.0,0.0,多云
2025-05-07 04:00:00,PV_STATION_P_01,0.0,0.0,0.0,多云
2025-05-07 05:00:00,PV_STATION_P_01,0.0,0.0,0.0,多云
2025-05-07 06:00:00,PV_STATION_P_01,0.0,0.0,0.0,多云
2025-05-07 07:00:00,PV_STATION_P_01,74.55,123.74,66.9,多云
2025-05-07 08:00:00,PV_STATION_P_01,311.1,423.6,252.7,多云
2025-05-07 09:00:00,PV_STATION_P_01,441.98,692.59,375.0,多云
2025-05-07 10:00:00,PV_STATION_P_01,576.02,911.08,502.8,多云
2025-05-07 11:00:00,PV_STATION_P_01,657.17,1063.16,579.6,多云
2025-05-07 12:00:00,PV_STATION_P_01,722.65,1137.73,647.8,多云
2025-05-07 13:00:00,PV_STATION_P_01,623.44,1129.37,557.3,多云
2025-05-07 14:00:00,PV_STATION_P_01,643.21,1038.67,565.5,多云
2025-05-07 15:00:00,PV_STATION_P_01,549.64,872.25,481.0,多云
2025-05-07 16:00:00,PV_STATION_P_01,395.53,642.25,335.6,多云
2025-05-07 17:00:00,PV_STATION_P_01,230.11,365.42,204.4,多云
2025-05-07 18:00:00,PV_STATION_P_01,32.33,61.96,35.4,多云
2025-05-07 19:00:00,PV_STATION_P_01,0.0,0.0,0.0,多云
2025-05-07 20:00:00,PV_STATION_P_01,0.0,0.0,0.0,多云
2025-05-07 21:00:00,PV_STATION_P_01,0.0,0.0,0.0,多云
2025-05-07 22:00:00,PV_STATION_P_01,0.0,0.0,0.0,多云
2025-05-07 23:00:00,PV_STATION_P_01,0.0,0.0,0.0,多云
2025-05-08 00:00:00,PV_STATION_P_01,0.0,0.0,0.0,多云
2025-05-08 01:00:00,PV_STATION_P_01,0.0,0.0,0.0,多云
2025-05-08 02:00:00,PV_STATION_P_01,0.0,0.0,0.0,多云
2025-05-08 03:00:00,PV_STATION_P_01,0.0,0.0,0.0,多云
2025-05-08 04:00:00,PV_STATION_P_01,0.0,0.0,0.0,多云
2025-05-08 05:00:00,PV_STATION_P_01,0.0,0.0,0.0,多云
2025-05-08 06:00:00,PV_STATION_P_01,0.0,0.0,0.0,多云
2025-05-08 07:00:00,PV_STATION_P_01,97.46,123.97,67.3,多云
2025-05-08 08:00:00,PV_STATION_P_01,287.55,424.41,242.0,多云
2025-05-08 09:00:00,PV_STATION_P_01,462.86,693.91,402.2,多云
2025-05-08 10:00:00,PV_STATION_P_01,573.25,912.82,498.0,多云
2025-05-08 11:00:00,PV_STATION_P_01,659.54,1065.18,579.5,多云
2025-05-08 12:00:00,PV_STATION_P_01,631.84,1139.9,562.8,多云
2025-05-08 13:00:00,PV_STATION_P_01,697.5,1131.52,600.2,多云
2025-05-08 14:00:00,PV_STATION_P_01,611.86,1040.64,545.3,多云
2025-05-08 15:00:00,PV_STATION_P_01,545.64,873.91,488.1,多云
2025-05-08 16:00:00,PV_STATION_P_01,396.44,643.47,352.0,多云
2025-05-08 17:00:00,PV_STATION_P_01,226.2,366.12,192.2,多云
2025-05-08 18:00:00,PV_STATION_P_01,44.72,62.08,34.4,多云
2025-05-08 19:00:00,PV_STATION_P_01,0.0,0.0,0.0,多云
2025-05-08 20:00:00,PV_STATION_P_01,0.0,0.0,0.0,多云
2025-05-08 21:00:00,PV_STATION_P_01,0.0,0.0,0.0,多云
2025-05-08 22:00:00,PV_STATION_P_01,0.0,0.0,0.0,多云
2025-05-08 23:00:00,PV_STATION_P_01,0.0,0.0,0.0,多云
2025-05-09 00:00:00,PV_STATION_P_01,0.0,0.0,0.0,晴
2025-05-09 01:00:00,PV_STATION_P_01,0.0,0.0,0.0,晴
2025-05-09 02:00:00,PV_STATION_P_01,0.0,0.0,0.0,晴
2025-05-09 03:00:00,PV_STATION_P_01,0.0,0.0,0.0,晴
2025-05-09 04:00:00,PV_STATION_P_01,0.0,0.0,0.0,晴
2025-05-09 05:00:00,PV_STATION_P_01,0.0,0.0,0.0,晴
2025-05-09 06:00:00,PV_STATION_P_01,0.0,0.0,0.0,晴
2025-05-09 07:00:00,PV_STATION_P_01,127.08,124.2,103.5,晴
2025-05-09 08:00:00,PV_STATION_P_01,401.29,425.2,330.1,晴
2025-05-09 09:00:00,PV_STATION_P_01,660.19,695.2,572.2,晴
2025-05-09 10:00:00,PV_STATION_P_01,838.31,914.52,762.1,晴
2025-05-09 11:00:00,PV_STATION_P_01,935.89,1067.17,861.4,晴
2025-05-09 12:00:00,PV_STATION_P_01,1031.66,1142.03,951.7,晴
2025-05-09 13:00:00,PV_STATION_P_01,1027.29,1133.63,944.7,晴
2025-05-09 14:00:00,PV_STATION_P_01,936.13,1042.59,868.8,晴
2025-05-09 15:00:00,PV_STATION_P_01,798.36,875.54,703.3,晴
2025-05-09 16:00:00,PV_STATION_P_01,604.06,644.67,537.2,晴
2025-05-09 17:00:00,PV_STATION_P_01,348.89,366.8,305.7,晴
2025-05-09 18:00:00,PV_STATION_P_01,52.99,62.19,51.8,晴
2025-05-09 19:00:00,PV_STATION_P_01,0.0,0.0,0.0,晴
2025-05-09 20:00:00,PV_STATION_P_01,0.0,0.0,0.0,晴
2025-05-09 21:00:00,PV_STATION_P_01,0.0,0.0,0.0,晴
2025-05-09 22:00:00,PV_STATION_P_01,0.0,0.0,0.0,晴
2025-05-09 23:00:00,PV_STATION_P_01,0.0,0.0,0.0,晴
2025-05-10 00:00:00,PV_STATION_P_01,0.0,0.0,0.0,晴
2025-05-10 01:00:00,PV_STATION_P_01,0.0,0.0,0.0,晴
2025-05-10 02:00:00,PV_STATION_P_01,0.0,0.0,0.0,晴
2025-05-10 03:00:00,PV_STATION_P_01,0.0,0.0,0.0,晴
2025-05-10 04:00:00,PV_STATION_P_01,0.0,0.0,0.0,晴
2025-05-10 05:00:00,PV_STATION_P_01,0.0,0.0,0.0,晴
2025-05-10 06:00:00,PV_STATION_P_01,0.0,0.0,0.0,晴
2025-05-10 07:00:00,PV_STATION_P_01,129.35,124.43,103.7,晴
2025-05-10 08:00:00,PV_STATION_P_01,423.84,425.98,351.9,晴
2025-05-10 09:00:00,PV_STATION_P_01,652.78,696.47,578.8,晴
2025-05-10 10:00:00,PV_STATION_P_01,872.84,916.19,763.5,晴
2025-05-10 11:00:00,PV_STATION_P_01,924.17,1069.12,850.1,晴
2025-05-10 12:00:00,PV_STATION_P_01,1028.83,1144.11,953.4,晴
2025-05-10 13:00:00,PV_STATION_P_01,1025.6,1135.7,946.4,晴
2025-05-10 14:00:00,PV_STATION_P_01,939.93,1044.49,870.4,晴
2025-05-10 15:00:00,PV_STATION_P_01,813.17,877.14,731.0,晴
2025-05-10 16:00:00,PV_STATION_P_01,618.88,645.85,535.7,晴
2025-05-10 17:00:00,PV_STATION_P_01,360.85,367.47,306.2,晴
2025-05-10 18:00:00,PV_STATION_P_01,61.07,62.31,51.9,晴
2025-05-10 19:00:00,PV_STATION_P_01,0.0,0.0,0.0,晴
2025-05-10 20:00:00,PV_STATION_P_01,0.0,0.0,0.0,晴
2025-05-10 21:00:00,PV_STATION_P_01,0.0,0.0,0.0,晴
2025-05-10 22:00:00,PV_STATION_P_01,0.0,0.0,0.0,晴
2025-05-10 23:00:00,PV_STATION_P_01,0.0,0.0,0.0,晴
2025-05-11 00:00:00,PV_STATION_P_01,0.0,0.0,0.0,晴
2025-05-11 01:00:00,PV_STATION_P_01,0.0,0.0,0.0,晴
2025-05-11 02:00:00,PV_STATION_P_01,0.0,0.0,0.0,晴
2025-05-11 03:00:00,PV_STATION_P_01,0.0,0.0,0.0,晴
2025-05-11 04:00:00,PV_STATION_P_01,0.0,0.0,0.0,晴
2025-05-11 05:00:00,PV_STATION_P_01,0.0,0.0,0.0,晴
2025-05-11 06:00:00,PV_STATION_P_01,0.0,0.0,0.0,晴
2025-05-11 07:00:00,PV_STATION_P_01,124.69,124.65,103.9,晴
2025-05-11 08:00:00,PV_STATION_P_01,419.44,426.74,355.6,晴
2025-05-11 09:00:00,PV_STATION_P_01,662.21,697.72,581.4,晴
2025-05-11 10:00:00,PV_STATION_P_01,868.28,917.83,764.9,晴
2025-05-11 11:00:00,PV_STATION_P_01,977.17,1071.03,892.5,晴
2025-05-11 12:00:00,PV_STATION_P_01,1035.17,1146.16,946.7,晴
2025-05-11 13:00:00,PV_STATION_P_01,956.71,1137.73,874.0,晴
2025-05-11 14:00:00,PV_STATION_P_01,903.73,1046.36,820.5,晴
2025-05-11 15:00:00,PV_STATION_P_01,793.43,878.71,725.1,晴
2025-05-11 16:00:00,PV_STATION_P_01,609.18,647.0,539.2,晴
2025-05-11 17:00:00,PV_STATION_P_01,367.5,368.13,303.8,晴
2025-05-11 18:00:00,PV_STATION_P_01,59.03,62.42,52.0,晴
2025-05-11 19:00:00,PV_STATION_P_01,0.0,0.0,0.0,晴
2025-05-11 20:00:00,PV_STATION_P_01,0.0,0.0,0.0,晴
2025-05-11 21:00:00,PV_STATION_P_01,0.0,0.0,0.0,晴
2025-05-11 22:00:00,PV_STATION_P_01,0.0,0.0,0.0,晴
2025-05-11 23:00:00,PV_STATION_P_01,0.0,0.0,0.0,晴
2025-05-12 00:00:00,PV_STATION_P_01,0.0,0.0,0.0,晴
2025-05-12 01:00:00,PV_STATION_P_01,0.0,0.0,0.0,晴
2025-05-12 02:00:00,PV_STATION_P_01,0.0,0.0,0.0,晴
2025-05-12 03:00:00,PV_STATION_P_01,0.0,0.0,0.0,晴
2025-05-12 04:00:00,PV_STATION_P_01,0.0,0.0,0.0,晴
2025-05-12 05:00:00,PV_STATION_P_01,0.0,0.0,0.0,晴
2025-05-12 06:00:00,PV_STATION_P_01,0.0,0.0,0.0,晴
2025-05-12 07:00:00,PV_STATION_P_01,106.52,124.87,96.9,晴
2025-05-12 08:00:00,PV_STATION_P_01,415.39,427.49,343.2,晴
2025-05-12 09:00:00,PV_STATION_P_01,628.0,698.94,562.1,晴
2025-05-12 10:00:00,PV_STATION_P_01,839.02,919.43,736.8,晴
2025-05-12 11:00:00,PV_STATION_P_01,975.23,1072.91,886.2,晴
2025-05-12 12:00:00,PV_STATION_P_01,978.67,1148.16,903.5,晴
2025-05-12 13:00:00,PV_STATION_P_01,1035.59,1139.72,949.8,晴
2025-05-12 14:00:00,PV_STATION_P_01,947.6,1048.19,866.8,晴
2025-05-12 15:00:00,PV_STATION_P_01,796.11,880.25,733.5,晴
2025-05-12 16:00:00,PV_STATION_P_01,608.83,648.13,540.1,晴
2025-05-12 17:00:00,PV_STATION_P_01,360.95,368.77,307.3,晴
2025-05-12 18:00:00,PV_STATION_P_01,63.99,62.53,52.1,晴
2025-05-12 19:00:00,PV_STATION_P_01,0.0,0.0,0.0,晴
2025-05-12 20:00:00,PV_STATION_P_01,0.0,0.0,0.0,晴
2025-05-12 21:00:00,PV_STATION_P_01,0.0,0.0,0.0,晴
2025-05-12 22:00:00,PV_STATION_P_01,0.0,0.0,0.0,晴
2025-05-12 23:00:00,PV_STATION_P_01,0.0,0.0,0.0,晴
2025-05-13 00:00:00,PV_STATION_P_01,0.0,0.0,0.0,多云
2025-05-13 01:00:00,PV_STATION_P_01,0.0,0.0,0.0,多云
2025-05-13 02:00:00,PV_STATION_P_01,0.0,0.0,0.0,多云
2025-05-13 03:00:00,PV_STATION_P_01,0.0,0.0,0.0,多云
2025-05-13 04:00:00,PV_STATION_P_01,0.0,0.0,0.0,多云
2025-05-13 05:00:00,PV_STATION_P_01,0.0,0.0,0.0,多云
2025-05-13 06:00:00,PV_STATION_P_01,0.0,0.0,0.0,多云
2025-05-13 07:00:00,PV_STATION_P_01,98.48,125.08,72.8,多云
2025-05-13 08:00:00,PV_STATION_P_01,276.09,428.22,229.6,多云
2025-05-13 09:00:00,PV_STATION_P_01,463.08,700.13,393.6,多云
2025-05-13 10:00:00,PV_STATION_P_01,586.54,921.01,507.6,多云
2025-05-13 11:00:00,PV_STATION_P_01,618.42,1074.74,531.2,多云
2025-05-13 12:00:00,PV_STATION_P_01,720.77,1150.13,626.6,多云
2025-05-13 13:00:00,PV_STATION_P_01,661.07,1141.67,595.6,多云
2025-05-13 14:00:00,PV_STATION_P_01,658.22,1049.98,581.4,多云
2025-05-13 15:00:00,PV_STATION_P_01,578.18,881.75,501.5,多云
2025-05-13 16:00:00,PV_STATION_P_01,398.71,649.24,353.2,多云
2025-05-13 17:00:00,PV_STATION_P_01,233.31,369.4,194.0,多云
2025-05-13 18:00:00,PV_STATION_P_01,29.67,62.63,34.9,多云
2025-05-13 19:00:00,PV_STATION_P_01,0.0,0.0,0.0,多云
2025-05-13 20:00:00,PV_STATION_P_01,0.0,0.0,0.0,多云
2025-05-13 21:00:00,PV_STATION_P_01,0.0,0.0,0.0,多云
2025-05-13 22:00:00,PV_STATION_P_01,0.0,0.0,0.0,多云
2025-05-13 23:00:00,PV_STATION_P_01,0.0,0.0,0.0,多云
2025-05-14 00:00:00,PV_STATION_P_01,0.0,0.0,0.0,多云
2025-05-14 01:00:00,PV_STATION_P_01,0.0,0.0,0.0,多云
2025-05-14 02:00:00,PV_STATION_P_01,0.0,0.0,0.0,多云
2025-05-14 03:00:00,PV_STATION_P_01,0.0,0.0,0.0,多云
2025-05-14 04:00:00,PV_STATION_P_01,0.0,0.0,0.0,多云
2025-05-14 05:00:00,PV_STATION_P_01,0.0,0.0,0.0,多云
2025-05-14 06:00:00,PV_STATION_P_01,0.0,0.0,0.0,多云
2025-05-14 07:00:00,PV_STATION_P_01,91.51,125.29,66.8,多云
2025-05-14 08:00:00,PV_STATION_P_01,284.17,428.93,236.5,多云
2025-05-14 09:00:00,PV_STATION_P_01,473.33,701.3,409.2,多云
2025-05-14 10:00:00,PV_STATION_P_01,609.88,922.55,533.6,多云
2025-05-14 11:00:00,PV_STATION_P_01,693.25,1076.54,632.3,多云
2025-05-14 12:00:00,PV_STATION_P_01,718.79,1152.05,645.5,多云
2025-05-14 13:00:00,PV_STATION_P_01,723.44,1143.58,653.2,多云
2025-05-14 14:00:00,PV_STATION_P_01,695.0,1051.74,619.2,多云
2025-05-14 15:00:00,PV_STATION_P_01,535.92,883.23,477.4,多云
2025-05-14 16:00:00,PV_STATION_P_01,412.14,650.33,365.6,多云
2025-05-14 17:00:00,PV_STATION_P_01,211.4,370.02,181.7,多云
2025-05-14 18:00:00,PV_STATION_P_01,35.62,62.74,31.8,多云
2025-05-14 19:00:00,PV_STATION_P_01,0.0,0.0,0.0,多云
2025-05-14 20:00:00,PV_STATION_P_01,0.0,0.0,0.0,多云
2025-05-14 21:00:00,PV_STATION_P_01,0.0,0.0,0.0,多云
2025-05-14 22:00:00,PV_STATION_P_01,0.0,0.0,0.0,多云
2025-05-14 23:00:00,PV_STATION_P_01,0.0,0.0,0.0,多云
2025-05-15 00:00:00,PV_STATION_P_01,0.0,0.0,0.0,阴
2025-05-15 01:00:00,PV_STATION_P_01,0.0,0.0,0.0,阴
2025-05-15 02:00:00,PV_STATION_P_01,0.0,0.0,0.0,阴
2025-05-15 03:00:00,PV_STATION_P_01,0.0,0.0,0.0,阴
2025-05-15 04:00:00,PV_STATION_P_01,0.0,0.0,0.0,阴
2025-05-15 05:00:00,PV_STATION_P_01,0.0,0.0,0.0,阴
2025-05-15 06:00:00,PV_STATION_P_01,0.0,0.0,0.0,阴
2025-05-15 07:00:00,PV_STATION_P_01,37.22,125.5,29.7,阴
2025-05-15 08:00:00,PV_STATION_P_01,131.18,429.63,115.6,阴
2025-05-15 09:00:00,PV_STATION_P_01,199.17,702.45,170.0,阴
2025-05-15 10:00:00,PV_STATION_P_01,285.35,924.05,240.3,阴
2025-05-15 11:00:00,PV_STATION_P_01,303.42,1078.29,255.0,阴
2025-05-15 12:00:00,PV_STATION_P_01,339.23,1153.93,288.3,阴
2025-05-15 13:00:00,PV_STATION_P_01,310.59,1145.44,280.1,阴
2025-05-15 14:00:00,PV_STATION_P_01,296.48,1053.45,259.6,阴
2025-05-15 15:00:00,PV_STATION_P_01,251.84,884.67,217.4,阴
2025-05-15 16:00:00,PV_STATION_P_01,215.21,651.39,174.6,阴
2025-05-15 17:00:00,PV_STATION_P_01,107.14,370.62,101.6,阴
2025-05-15 18:00:00,PV_STATION_P_01,11.81,62.84,15.9,阴
2025-05-15 19:00:00,PV_STATION_P_01,0.0,0.0,0.0,阴
2025-05-15 20:00:00,PV_STATION_P_01,0.0,0.0,0.0,阴
2025-05-15 21:00:00,PV_STATION_P_01,0.0,0.0,0.0,阴
2025-05-15 22:00:00,PV_STATION_P_01,0.0,0.0,0.0,阴
2025-05-15 23:00:00,PV_STATION_P_01,0.0,0.0,0.0,阴
2025-05-16 00:00:00,PV_STATION_P_01,0.0,0.0,0.0,雨
2025-05-16 01:00:00,PV_STATION_P_01,0.0,0.0,0.0,雨
2025-05-16 02:00:00,PV_STATION_P_01,0.0,0.0,0.0,雨
2025-05-16 03:00:00,PV_STATION_P_01,0.0,0.0,0.0,雨
2025-05-16 04:00:00,PV_STATION_P_01,0.0,0.0,0.0,雨
2025-05-16 05:00:00,PV_STATION_P_01,0.0,0.0,0.0,雨
2025-05-16 06:00:00,PV_STATION_P_01,0.0,0.0,0.0,雨
2025-05-16 07:00:00,PV_STATION_P_01,17.79,125.7,15.4,雨
2025-05-16 08:00:00,PV_STATION_P_01,60.49,430.32,48.5,雨
2025-05-16 09:00:00,PV_STATION_P_01,111.8,703.56,80.2,雨
2025-05-16 10:00:00,PV_STATION_P_01,131.65,925.52,107.3,雨
2025-05-16 11:00:00,PV_STATION_P_01,138.09,1080.01,120.9,雨
2025-05-16 12:00:00,PV_STATION_P_01,160.34,1155.76,137.7,雨
2025-05-16 13:00:00,PV_STATION_P_01,167.37,1147.26,136.9,雨
2025-05-16 14:00:00,PV_STATION_P_01,132.5,1055.13,106.3,雨
2025-05-16 15:00:00,PV_STATION_P_01,126.77,886.07,106.7,雨
2025-05-16 16:00:00,PV_STATION_P_01,79.56,652.42,76.6,雨
2025-05-16 17:00:00,PV_STATION_P_01,45.51,371.21,43.9,雨
2025-05-16 18:00:00,PV_STATION_P_01,10.6,62.94,7.8,雨
2025-05-16 19:00:00,PV_STATION_P_01,0.0,0.0,0.0,雨
2025-05-16 20:00:00,PV_STATION_P_01,0.0,0.0,0.0,雨
2025-05-16 21:00:00,PV_STATION_P_01,0.0,0.0,0.0,雨
2025-05-16 22:00:00,PV_STATION_P_01,0.0,0.0,0.0,雨
2025-05-16 23:00:00,PV_STATION_P_01,0.0,0.0,0.0,雨
2025-05-17 00:00:00,PV_STATION_P_01,0.0,0.0,0.0,雨
2025-05-17 01:00:00,PV_STATION_P_01,0.0,0.0,0.0,雨
2025-05-17 02:00:00,PV_STATION_P_01,0.0,0.0,0.0,雨
2025-05-17 03:00:00,PV_STATION_P_01,0.0,0.0,0.0,雨
2025-05-17 04:00:00,PV_STATION_P_01,0.0,0.0,0.0,雨
2025-05-17 05:00:00,PV_STATION_P_01,0.0,0.0,0.0,雨
2025-05-17 06:00:00,PV_STATION_P_01,0.0,0.0,0.0,雨
2025-05-17 07:00:00,PV_STATION_P_01,14.05,125.89,13.5,雨
2025-05-17 08:00:00,PV_STATION_P_01,67.14,430.98,54.0,雨
2025-05-17 09:00:00,PV_STATION_P_01,86.75,704.65,79.2,雨
2025-05-17 10:00:00,PV_STATION_P_01,125.03,926.96,111.2,雨
2025-05-17 11:00:00,PV_STATION_P_01,155.71,1081.68,126.7,雨
2025-05-17 12:00:00,PV_STATION_P_01,158.39,1157.56,127.3,雨
2025-05-17 13:00:00,PV_STATION_P_01,171.88,1149.04,142.7,雨
2025-05-17 14:00:00,PV_STATION_P_01,161.77,1056.76,130.0,雨
2025-05-17 15:00:00,PV_STATION_P_01,115.34,887.45,95.4,雨
2025-05-17 16:00:00,PV_STATION_P_01,103.28,653.44,76.0,雨
2025-05-17 17:00:00,PV_STATION_P_01,52.59,371.79,43.8,雨
2025-05-17 18:00:00,PV_STATION_P_01,9.73,63.04,6.6,雨
2025-05-17 19:00:00,PV_STATION_P_01,0.0,0.0,0.0,雨
2025-05-17 20:00:00,PV_STATION_P_01,0.0,0.0,0.0,雨
2025-05-17 21:00:00,PV_STATION_P_01,0.0,0.0,0.0,雨
2025-05-17 22:00:00,PV_STATION_P_01,0.0,0.0,0.0,雨
2025-05-17 23:00:00,PV_STATION_P_01,0.0,0.0,0.0,雨
2025-05-18 00:00:00,PV_STATION_P_01,0.0,0.0,0.0,雨
2025-05-18 01:00:00,PV_STATION_P_01,0.0,0.0,0.0,雨
2025-05-18 02:00:00,PV_STATION_P_01,0.0,0.0,0.0,雨
2025-05-18 03:00:00,PV_STATION_P_01,0.0,0.0,0.0,雨
2025-05-18 04:00:00,PV_STATION_P_01,0.0,0.0,0.0,雨
2025-05-18 05:00:00,PV_STATION_P_01,0.0,0.0,0.0,雨
2025-05-18 06:00:00,PV_STATION_P_01,0.0,0.0,0.0,雨
2025-05-18 07:00:00,PV_STATION_P_01,15.25,126.08,14.8,雨
2025-05-18 08:00:00,PV_STATION_P_01,58.09,431.63,51.5,雨
2025-05-18 09:00:00,PV_STATION_P_01,97.93,705.72,79.7,雨
2025-05-18 10:00:00,PV_STATION_P_01,131.28,928.36,105.6,雨
2025-05-18 11:00:00,PV_STATION_P_01,140.24,1083.32,123.9,雨
2025-05-18 12:00:00,PV_STATION_P_01,169.06,1159.3,133.2,雨
2025-05-18 13:00:00,PV_STATION_P_01,177.53,1150.78,148.8,雨
2025-05-18 14:00:00,PV_STATION_P_01,152.35,1058.36,125.4,雨
2025-05-18 15:00:00,PV_STATION_P_01,118.88,888.79,103.9,雨
2025-05-18 16:00:00,PV_STATION_P_01,88.66,654.42,71.5,雨
2025-05-18 17:00:00,PV_STATION_P_01,50.89,372.35,40.8,雨
2025-05-18 18:00:00,PV_STATION_P_01,19.01,63.13,7.3,雨
2025-05-18 19:00:00,PV_STATION_P_01,0.0,0.0,0.0,雨
2025-05-18 20:00:00,PV_STATION_P_01,0.0,0.0,0.0,雨
2025-05-18 21:00:00,PV_STATION_P_01,0.0,0.0,0.0,雨
2025-05-18 22:00:00,PV_STATION_P_01,0.0,0.0,0.0,雨
2025-05-18 23:00:00,PV_STATION_P_01,0.0,0.0,0.0,雨
2025-05-19 00:00:00,PV_STATION_P_01,0.0,0.0,0.0,雨
2025-05-19 01:00:00,PV_STATION_P_01,0.0,0.0,0.0,雨
2025-05-19 02:00:00,PV_STATION_P_01,0.0,0.0,0.0,雨
2025-05-19 03:00:00,PV_STATION_P_01,0.0,0.0,0.0,雨
2025-05-19 04:00:00,PV_STATION_P_01,0.0,0.0,0.0,雨
2025-05-19 05:00:00,PV_STATION_P_01,0.0,0.0,0.0,雨
2025-05-19 06:00:00,PV_STATION_P_01,0.0,0.0,0.0,雨
2025-05-19 07:00:00,PV_STATION_P_01,25.05,126.27,14.9,雨
2025-05-19 08:00:00,PV_STATION_P_01,74.56,432.27,50.3,雨
2025-05-19 09:00:00,PV_STATION_P_01,108.71,706.75,88.8,雨
2025-05-19 10:00:00,PV_STATION_P_01,121.56,929.72,103.8,雨
2025-05-19 11:00:00,PV_STATION_P_01,143.64,1084.91,118.2,雨
2025-05-19 12:00:00,PV_STATION_P_01,150.71,1161.01,132.7,雨
2025-05-19 13:00:00,PV_STATION_P_01,163.13,1152.47,138.5,雨
2025-05-19 14:00:00,PV_STATION_P_01,142.01,1059.92,106.4,雨
2025-05-19 15:00:00,PV_STATION_P_01,126.93,890.09,108.4,雨
2025-05-19 16:00:00,PV_STATION_P_01,93.16,655.38,75.7,雨
2025-05-19 17:00:00,PV_STATION_P_01,48.24,372.9,41.0,雨
2025-05-19 18:00:00,PV_STATION_P_01,5.8,63.23,7.2,雨
2025-05-19 19:00:00,PV_STATION_P_01,0.0,0.0,0.0,雨
2025-05-19 20:00:00,PV_STATION_P_01,0.0,0.0,0.0,雨
2025-05-19 21:00:00,PV_STATION_P_01,0.0,0.0,0.0,雨
2025-05-19 22:00:00,PV_STATION_P_01,0.0,0.0,0.0,雨
2025-05-19 23:00:00,PV_STATION_P_01,0.0,0.0,0.0,雨
2025-05-20 00:00:00,PV_STATION_P_01,0.0,0.0,0.0,多云
2025-05-20 01:00:00,PV_STATION_P_01,0.0,0.0,0.0,多云
2025-05-20 02:00:00,PV_STATION_P_01,0.0,0.0,0.0,多云
2025-05-20 03:00:00,PV_STATION_P_01,0.0,0.0,0.0,多云
2025-05-20 04:00:00,PV_STATION_P_01,0.0,0.0,0.0,多云
2025-05-20 05:00:00,PV_STATION_P_01,0.0,0.0,0.0,多云
2025-05-20 06:00:00,PV_STATION_P_01,0.0,0.0,0.0,多云
2025-05-20 07:00:00,PV_STATION_P_01,85.14,126.45,66.5,多云
2025-05-20 08:00:00,PV_STATION_P_01,259.47,432.88,220.6,多云
2025-05-20 09:00:00,PV_STATION_P_01,425.05,707.76,371.7,多云
2025-05-20 10:00:00,PV_STATION_P_01,581.35,931.05,514.7,多云
2025-05-20 11:00:00,PV_STATION_P_01,721.7,1086.46,640.2,多云
2025-05-20 12:00:00,PV_STATION_P_01,684.59,1162.67,615.2,多云
2025-05-20 13:00:00,PV_STATION_P_01,677.39,1154.11,614.2,多云
2025-05-20 14:00:00,PV_STATION_P_01,699.87,1061.43,613.6,多云
2025-05-20 15:00:00,PV_STATION_P_01,545.79,891.36,479.6,多云
2025-05-20 16:00:00,PV_STATION_P_01,448.85,656.32,391.9,多云
2025-05-20 17:00:00,PV_STATION_P_01,228.85,373.43,203.9,多云
2025-05-20 18:00:00,PV_STATION_P_01,53.06,63.32,36.9,多云
2025-05-20 19:00:00,PV_STATION_P_01,0.0,0.0,0.0,多云
2025-05-20 20:00:00,PV_STATION_P_01,0.0,0.0,0.0,多云
2025-05-20 21:00:00,PV_STATION_P_01,0.0,0.0,0.0,多云
2025-05-20 22:00:00,PV_STATION_P_01,0.0,0.0,0.0,多云
2025-05-20 23:00:00,PV_STATION_P_01,0.0,0.0,0.0,多云
2025-05-21 00:00:00,PV_STATION_P_01,0.0,0.0,0.0,阴
2025-05-21 01:00:00,PV_STATION_P_01,0.0,0.0,0.0,阴
2025-05-21 02:00:00,PV_STATION_P_01,0.0,0.0,0.0,阴
2025-05-21 03:00:00,PV_STATION_P_01,0.0,0.0,0.0,阴
2025-05-21 04:00:00,PV_STATION_P_01,0.0,0.0,0.0,阴
2025-05-21 05:00:00,PV_STATION_P_01,0.0,0.0,0.0,阴
2025-05-21 06:00:00,PV_STATION_P_01,0.0,0.0,0.0,阴
2025-05-21 07:00:00,PV_STATION_P_01,50.55,126.62,34.3,阴
2025-05-21 08:00:00,PV_STATION_P_01,138.46,433.48,107.1,阴
2025-05-21 09:00:00,PV_STATION_P_01,234.55,708.75,194.7,阴
2025-05-21 10:00:00,PV_STATION_P_01,260.88,932.34,220.3,阴
2025-05-21 11:00:00,PV_STATION_P_01,338.4,1087.96,288.7,阴
2025-05-21 12:00:00,PV_STATION_P_01,337.13,1164.28,297.3,阴
2025-05-21 13:00:00,PV_STATION_P_01,344.71,1155.71,291.9,阴
2025-05-21 14:00:00,PV_STATION_P_01,339.17,1062.9,284.1,阴
2025-05-21 15:00:00,PV_STATION_P_01,259.37,892.6,216.0,阴
2025-05-21 16:00:00,PV_STATION_P_01,208.18,657.23,174.8,阴
2025-05-21 17:00:00,PV_STATION_P_01,108.85,373.95,92.5,阴
2025-05-21 18:00:00,PV_STATION_P_01,15.75,63.4,15.3,阴
2025-05-21 19:00:00,PV_STATION_P_01,0.0,0.0,0.0,阴
2025-05-21 20:00:00,PV_STATION_P_01,0.0,0.0,0.0,阴
2025-05-21 21:00:00,PV_STATION_P_01,0.0,0.0,0.0,阴
2025-05-21 22:00:00,PV_STATION_P_01,0.0,0.0,0.0,阴
2025-05-21 23:00:00,PV_STATION_P_01,0.0,0.0,0.0,阴
2025-05-22 00:00:00,PV_STATION_P_01,0.0,0.0,0.0,阴
2025-05-22 01:00:00,PV_STATION_P_01,0.0,0.0,0.0,阴
2025-05-22 02:00:00,PV_STATION_P_01,0.0,0.0,0.0,阴
2025-05-22 03:00:00,PV_STATION_P_01,0.0,0.0,0.0,阴
2025-05-22 04:00:00,PV_STATION_P_01,0.0,0.0,0.0,阴
2025-05-22 05:00:00,PV_STATION_P_01,0.0,0.0,0.0,阴
2025-05-22 06:00:00,PV_STATION_P_01,0.0,0.0,0.0,阴
2025-05-22 07:00:00,PV_STATION_P_01,51.52,126.79,30.8,阴
2025-05-22 08:00:00,PV_STATION_P_01,120.33,434.07,103.7,阴
2025-05-22 09:00:00,PV_STATION_P_01,199.68,709.7,163.6,阴
2025-05-22 10:00:00,PV_STATION_P_01,269.49,933.59,229.2,阴
2025-05-22 11:00:00,PV_STATION_P_01,300.03,1089.43,260.4,阴
2025-05-22 12:00:00,PV_STATION_P_01,360.31,1165.84,305.5,阴
2025-05-22 13:00:00,PV_STATION_P_01,349.65,1157.27,296.8,阴
2025-05-22 14:00:00,PV_STATION_P_01,295.45,1064.33,259.6,阴
2025-05-22 15:00:00,PV_STATION_P_01,265.86,893.8,229.3,阴
2025-05-22 16:00:00,PV_STATION_P_01,186.18,658.11,163.6,阴
2025-05-22 17:00:00,PV_STATION_P_01,110.5,374.45,92.4,阴
2025-05-22 18:00:00,PV_STATION_P_01,11.06,63.49,15.8,阴
2025-05-22 19:00:00,PV_STATION_P_01,0.0,0.0,0.0,阴
2025-05-22 20:00:00,PV_STATION_P_01,0.0,0.0,28.5,阴
2025-05-22 21:00:00,PV_STATION_P_01,0.0,0.0,0.0,阴
2025-05-22 22:00:00,PV_STATION_P_01,0.0,0.0,0.0,阴
2025-05-22 23:00:00,PV_STATION_P_01,0.0,0.0,0.0,阴
2025-05-23 00:00:00,PV_STATION_P_01,0.0,0.0,0.0,雨
2025-05-23 01:00:00,PV_STATION_P_01,0.0,0.0,0.0,雨
2025-05-23 02:00:00,PV_STATION_P_01,0.0,0.0,0.0,雨
2025-05-23 03:00:00,PV_STATION_P_01,0.0,0.0,0.0,雨
2025-05-23 04:00:00,PV_STATION_P_01,0.0,0.0,0.0,雨
2025-05-23 05:00:00,PV_STATION_P_01,0.0,0.0,0.0,雨
2025-05-23 06:00:00,PV_STATION_P_01,0.0,0.0,0.0,雨
2025-05-23 07:00:00,PV_STATION_P_01,5.39,126.96,15.3,雨
2025-05-23 08:00:00,PV_STATION_P_01,59.42,434.63,55.0,雨
2025-05-23 09:00:00,PV_STATION_P_01,101.81,710.62,84.5,雨
2025-05-23 10:00:00,PV_STATION_P_01,131.48,934.81,108.5,雨
2025-05-23 11:00:00,PV_STATION_P_01,146.1,1090.85,127.1,雨
2025-05-23 12:00:00,PV_STATION_P_01,165.95,1167.36,143.9,雨
2025-05-23 13:00:00,PV_STATION_P_01,155.68,1158.78,137.8,雨
2025-05-23 14:00:00,PV_STATION_P_01,146.74,1065.72,125.5,雨
2025-05-23 15:00:00,PV_STATION_P_01,123.26,894.97,105.8,雨
2025-05-23 16:00:00,PV_STATION_P_01,76.49,658.97,71.4,雨
2025-05-23 17:00:00,PV_STATION_P_01,54.48,374.94,44.6,雨
2025-05-23 18:00:00,PV_STATION_P_01,10.2,63.57,7.1,雨
2025-05-23 19:00:00,PV_STATION_P_01,0.0,0.0,0.0,雨
2025-05-23 20:00:00,PV_STATION_P_01,0.0,0.0,0.0,雨
2025-05-23 21:00:00,PV_STATION_P_01,0.0,0.0,0.0,雨
2025-05-23 22:00:00,PV_STATION_P_01,0.0,0.0,0.0,雨
2025-05-23 23:00:00,PV_STATION_P_01,0.0,0.0,0.0,雨
2025-05-24 00:00:00,PV_STATION_P_01,0.0,0.0,0.0,阴
2025-05-24 01:00:00,PV_STATION_P_01,0.0,0.0,0.0,阴
2025-05-24 02:00:00,PV_STATION_P_01,0.0,0.0,0.0,阴
2025-05-24 03:00:00,PV_STATION_P_01,0.0,0.0,0.0,阴
2025-05-24 04:00:00,PV_STATION_P_01,0.0,0.0,0.0,阴
2025-05-24 05:00:00,PV_STATION_P_01,0.0,0.0,0.0,阴
2025-05-24 06:00:00,PV_STATION_P_01,0.0,0.0,0.0,阴
2025-05-24 07:00:00,PV_STATION_P_01,39.0,127.12,32.1,阴
2025-05-24 08:00:00,PV_STATION_P_01,121.71,435.18,113.8,阴
2025-05-24 09:00:00,PV_STATION_P_01,217.38,711.52,180.1,阴
2025-05-24 10:00:00,PV_STATION_P_01,282.56,935.99,234.1,阴
2025-05-24 11:00:00,PV_STATION_P_01,299.2,1092.22,264.9,阴
2025-05-24 12:00:00,PV_STATION_P_01,338.6,1168.83,286.9,阴
2025-05-24 13:00:00,PV_STATION_P_01,325.13,1160.24,283.3,阴
2025-05-24 14:00:00,PV_STATION_P_01,310.11,1067.06,266.9,阴
2025-05-24 15:00:00,PV_STATION_P_01,236.04,896.09,202.8,阴
2025-05-24 16:00:00,PV_STATION_P_01,201.38,659.8,173.4,阴
2025-05-24 17:00:00,PV_STATION_P_01,115.75,375.41,103.0,阴
2025-05-24 18:00:00,PV_STATION_P_01,10.96,63.65,15.6,阴
2025-05-24 19:00:00,PV_STATION_P_01,0.0,0.0,0.0,阴
2025-05-24 20:00:00,PV_STATION_P_01,0.0,0.0,0.0,阴
2025-05-24 21:00:00,PV_STATION_P_01,0.0,0.0,0.0,阴
2025-05-24 22:00:00,PV_STATION_P_01,0.0,0.0,0.0,阴
2025-05-24 23:00:00,PV_STATION_P_01,0.0,0.0,0.0,阴
2025-05-25 00:00:00,PV_STATION_P_01,0.0,0.0,0.0,多云
2025-05-25 01:00:00,PV_STATION_P_01,0.0,0.0,0.0,多云
2025-05-25 02:00:00,PV_STATION_P_01,0.0,0.0,0.0,多云
2025-05-25 03:00:00,PV_STATION_P_01,0.0,0.0,0.0,多云
2025-05-25 04:00:00,PV_STATION_P_01,0.0,0.0,0.0,多云
2025-05-25 05:00:00,PV_STATION_P_01,0.0,0.0,0.0,多云
2025-05-25 06:00:00,PV_STATION_P_01,0.0,0.0,0.0,多云
2025-05-25 07:00:00,PV_STATION_P_01,83.62,127.27,69.8,多云
2025-05-25 08:00:00,PV_STATION_P_01,265.97,435.71,223.6,多云
2025-05-25 09:00:00,PV_STATION_P_01,471.83,712.39,420.4,多云
2025-05-25 10:00:00,PV_STATION_P_01,620.43,937.13,536.4,多云
2025-05-25 11:00:00,PV_STATION_P_01,657.63,1093.55,582.5,多云
2025-05-25 12:00:00,PV_STATION_P_01,719.64,1170.26,643.0,多云
2025-05-25 13:00:00,PV_STATION_P_01,723.51,1161.65,659.2,多云
2025-05-25 14:00:00,PV_STATION_P_01,674.3,1068.36,593.7,多云
2025-05-25 15:00:00,PV_STATION_P_01,593.16,897.19,539.8,多云
2025-05-25 16:00:00,PV_STATION_P_01,407.84,660.61,359.0,多云
2025-05-25 17:00:00,PV_STATION_P_01,246.02,375.87,219.0,多云
2025-05-25 18:00:00,PV_STATION_P_01,35.62,63.73,32.7,多云
2025-05-25 19:00:00,PV_STATION_P_01,0.0,0.0,0.0,多云
2025-05-25 20:00:00,PV_STATION_P_01,0.0,0.0,0.0,多云
2025-05-25 21:00:00,PV_STATION_P_01,0.0,0.0,0.0,多云
2025-05-25 22:00:00,PV_STATION_P_01,0.0,0.0,0.0,多云
2025-05-25 23:00:00,PV_STATION_P_01,0.0,0.0,0.0,多云
2025-05-26 00:00:00,PV_STATION_P_01,0.0,0.0,0.0,阴
2025-05-26 01:00:00,PV_STATION_P_01,0.0,0.0,0.0,阴
2025-05-26 02:00:00,PV_STATION_P_01,0.0,0.0,0.0,阴
2025-05-26 03:00:00,PV_STATION_P_01,0.0,0.0,0.0,阴
2025-05-26 04:00:00,PV_STATION_P_01,0.0,0.0,0.0,阴
2025-05-26 05:00:00,PV_STATION_P_01,0.0,0.0,0.0,阴
2025-05-26 06:00:00,PV_STATION_P_01,0.0,0.0,0.0,阴
2025-05-26 07:00:00,PV_STATION_P_01,27.55,127.42,29.8,阴
2025-05-26 08:00:00,PV_STATION_P_01,120.31,436.22,104.8,阴
2025-05-26 09:00:00,PV_STATION_P_01,194.24,713.22,172.9,阴
2025-05-26 10:00:00,PV_STATION_P_01,291.84,938.23,243.5,阴
2025-05-26 11:00:00,PV_STATION_P_01,319.65,1094.84,278.9,阴
2025-05-26 12:00:00,PV_STATION_P_01,357.32,1171.63,301.3,阴
2025-05-26 13:00:00,PV_STATION_P_01,337.36,1163.02,291.2,阴
2025-05-26 14:00:00,PV_STATION_P_01,295.23,1069.62,259.1,阴
2025-05-26 15:00:00,PV_STATION_P_01,248.6,898.24,215.8,阴
2025-05-26 16:00:00,PV_STATION_P_01,209.48,661.38,168.9,阴
2025-05-26 17:00:00,PV_STATION_P_01,118.23,376.31,101.6,阴
2025-05-26 18:00:00,PV_STATION_P_01,14.56,63.8,15.2,阴
2025-05-26 19:00:00,PV_STATION_P_01,0.0,0.0,0.0,阴
2025-05-26 20:00:00,PV_STATION_P_01,0.0,0.0,0.0,阴
2025-05-26 21:00:00,PV_STATION_P_01,0.0,0.0,0.0,阴
2025-05-26 22:00:00,PV_STATION_P_01,0.0,0.0,0.0,阴
2025-05-26 23:00:00,PV_STATION_P_01,0.0,0.0,0.0,阴
2025-05-27 00:00:00,PV_STATION_P_01,0.0,0.0,0.0,阴
2025-05-27 01:00:00,PV_STATION_P_01,0.0,0.0,0.0,阴
2025-05-27 02:00:00,PV_STATION_P_01,0.0,0.0,0.0,阴
2025-05-27 03:00:00,PV_STATION_P_01,0.0,0.0,0.0,阴
2025-05-27 04:00:00,PV_STATION_P_01,0.0,0.0,0.0,阴
2025-05-27 05:00:00,PV_STATION_P_01,0.0,0.0,0.0,阴
2025-05-27 06:00:00,PV_STATION_P_01,0.0,0.0,0.0,阴
2025-05-27 07:00:00,PV_STATION_P_01,39.94,127.57,32.3,阴
2025-05-27 08:00:00,PV_STATION_P_01,116.24,436.72,101.3,阴
2025-05-27 09:00:00,PV_STATION_P_01,223.31,714.03,182.4,阴
2025-05-27 10:00:00,PV_STATION_P_01,267.95,939.29,227.8,阴
2025-05-27 11:00:00,PV_STATION_P_01,316.75,1096.08,271.9,阴
2025-05-27 12:00:00,PV_STATION_P_01,366.89,1172.96,309.9,阴
2025-05-27 13:00:00,PV_STATION_P_01,342.59,1164.33,300.4,阴
2025-05-27 14:00:00,PV_STATION_P_01,297.56,1070.83,265.3,阴
2025-05-27 15:00:00,PV_STATION_P_01,261.51,899.26,223.7,阴
2025-05-27 16:00:00,PV_STATION_P_01,178.02,662.13,144.3,阴
2025-05-27 17:00:00,PV_STATION_P_01,120.32,376.74,90.3,阴
2025-05-27 18:00:00,PV_STATION_P_01,10.54,63.88,16.1,阴
2025-05-27 19:00:00,PV_STATION_P_01,0.0,0.0,0.0,阴
2025-05-27 20:00:00,PV_STATION_P_01,0.0,0.0,0.0,阴
2025-05-27 21:00:00,PV_STATION_P_01,0.0,0.0,0.0,阴
2025-05-27 22:00:00,PV_STATION_P_01,0.0,0.0,0.0,阴
2025-05-27 23:00:00,PV_STATION_P_01,0.0,0.0,0.0,阴
2025-05-28 00:00:00,PV_STATION_P_01,0.0,0.0,0.0,晴
2025-05-28 01:00:00,PV_STATION_P_01,0.0,0.0,0.0,晴
2025-05-28 02:00:00,PV_STATION_P_01,0.0,0.0,0.0,晴
2025-05-28 03:00:00,PV_STATION_P_01,0.0,0.0,0.0,晴
2025-05-28 04:00:00,PV_STATION_P_01,0.0,0.0,0.0,晴
2025-05-28 05:00:00,PV_STATION_P_01,0.0,0.0,0.0,晴
2025-05-28 06:00:00,PV_STATION_P_01,0.0,0.0,0.0,晴
2025-05-28 07:00:00,PV_STATION_P_01,132.09,127.71,106.4,晴
2025-05-28 08:00:00,PV_STATION_P_01,409.6,437.19,354.0,晴
2025-05-28 09:00:00,PV_STATION_P_01,685.96,714.81,595.7,晴
2025-05-28 10:00:00,PV_STATION_P_01,812.38,940.32,743.6,晴
2025-05-28 11:00:00,PV_STATION_P_01,977.89,1097.27,914.4,晴
2025-05-28 12:00:00,PV_STATION_P_01,1063.73,1174.24,978.5,晴
2025-05-28 13:00:00,PV_STATION_P_01,1007.59,1165.6,948.6,晴
2025-05-28 14:00:00,PV_STATION_P_01,954.66,1072.0,893.3,晴
2025-05-28 15:00:00,PV_STATION_P_01,832.21,900.24,750.2,晴
2025-05-28 16:00:00,PV_STATION_P_01,587.85,662.85,527.5,晴
2025-05-28 17:00:00,PV_STATION_P_01,361.8,377.15,314.3,晴
2025-05-28 18:00:00,PV_STATION_P_01,61.01,63.95,53.3,晴
2025-05-28 19:00:00,PV_STATION_P_01,0.0,0.0,0.0,晴
2025-05-28 20:00:00,PV_STATION_P_01,0.0,0.0,0.0,晴
2025-05-28 21:00:00,PV_STATION_P_01,0.0,0.0,0.0,晴
2025-05-28 22:00:00,PV_STATION_P_01,0.0,0.0,0.0,晴
2025-05-28 23:00:00,PV_STATION_P_01,0.0,0.0,0.0,晴
2025-05-29 00:00:00,PV_STATION_P_01,0.0,0.0,0.0,晴
2025-05-29 01:00:00,PV_STATION_P_01,0.0,0.0,0.0,晴
2025-05-29 02:00:00,PV_STATION_P_01,0.0,0.0,0.0,晴
2025-05-29 03:00:00,PV_STATION_P_01,0.0,0.0,0.0,晴
2025-05-29 04:00:00,PV_STATION_P_01,0.0,0.0,0.0,晴
2025-05-29 05:00:00,PV_STATION_P_01,0.0,0.0,0.0,晴
2025-05-29 06:00:00,PV_STATION_P_01,0.0,0.0,0.0,晴
2025-05-29 07:00:00,PV_STATION_P_01,130.95,127.84,106.5,晴
2025-05-29 08:00:00,PV_STATION_P_01,411.44,437.65,352.3,晴
2025-05-29 09:00:00,PV_STATION_P_01,617.96,715.56,561.1,晴
2025-05-29 10:00:00,PV_STATION_P_01,858.3,941.3,784.4,晴
2025-05-29 11:00:00,PV_STATION_P_01,994.67,1098.42,915.4,晴
2025-05-29 12:00:00,PV_STATION_P_01,1018.63,1175.47,961.8,晴
2025-05-29 13:00:00,PV_STATION_P_01,1020.46,1166.82,972.4,晴
2025-05-29 14:00:00,PV_STATION_P_01,954.89,1073.12,894.3,晴
2025-05-29 15:00:00,PV_STATION_P_01,794.78,901.18,751.0,晴
2025-05-29 16:00:00,PV_STATION_P_01,602.42,663.55,553.0,晴
2025-05-29 17:00:00,PV_STATION_P_01,334.87,377.54,292.8,晴
2025-05-29 18:00:00,PV_STATION_P_01,68.86,64.01,51.6,晴
2025-05-29 19:00:00,PV_STATION_P_01,0.0,0.0,0.0,晴
2025-05-29 20:00:00,PV_STATION_P_01,0.0,0.0,0.0,晴
2025-05-29 21:00:00,PV_STATION_P_01,0.0,0.0,0.0,晴
2025-05-29 22:00:00,PV_STATION_P_01,0.0,0.0,0.0,晴
2025-05-29 23:00:00,PV_STATION_P_01,0.0,0.0,0.0,晴
2025-05-30 00:00:00,PV_STATION_P_01,0.0,0.0,0.0,晴
2025-05-30 01:00:00,PV_STATION_P_01,0.0,0.0,0.0,晴
2025-05-30 02:00:00,PV_STATION_P_01,0.0,0.0,0.0,晴
2025-05-30 03:00:00,PV_STATION_P_01,0.0,0.0,0.0,晴
2025-05-30 04:00:00,PV_STATION_P_01,0.0,0.0,0.0,晴
2025-05-30 05:00:00,PV_STATION_P_01,0.0,0.0,0.0,晴
2025-05-30 06:00:00,PV_STATION_P_01,0.0,0.0,0.0,晴
2025-05-30 07:00:00,PV_STATION_P_01,134.9,127.97,106.6,晴
2025-05-30 08:00:00,PV_STATION_P_01,,438.09,359.1,晴
2025-05-30 09:00:00,PV_STATION_P_01,652.24,716.28,585.9,晴
2025-05-30 10:00:00,PV_STATION_P_01,783.78,942.25,707.9,晴
2025-05-30 11:00:00,PV_STATION_P_01,985.06,1099.52,916.3,晴
2025-05-30 12:00:00,PV_STATION_P_01,943.92,1176.65,878.3,晴
2025-05-30 13:00:00,PV_STATION_P_01,1030.35,1167.99,973.3,晴
2025-05-30 14:00:00,PV_STATION_P_01,965.75,1074.19,895.2,晴
2025-05-30 15:00:00,PV_STATION_P_01,804.53,902.09,741.8,晴
2025-05-30 16:00:00,PV_STATION_P_01,624.75,664.21,553.3,晴
2025-05-30 17:00:00,PV_STATION_P_01,335.5,377.92,304.5,晴
2025-05-30 18:00:00,PV_STATION_P_01,52.28,64.08,53.4,晴
2025-05-30 19:00:00,PV_STATION_P_01,0.0,0.0,0.0,晴
2025-05-30 20:00:00,PV_STATION_P_01,,0.0,0.0,晴
2025-05-30 21:00:00,PV_STATION_P_01,,0.0,0.0,晴
2025-05-30 22:00:00,PV_STATION_P_01,,0.0,0.0,晴
2025-05-30 23:00:00,PV_STATION_P_01,,0.0,0.0,晴
2025-05-31 00:00:00,PV_STATION_P_01,,0.0,0.0,多云
2025-05-31 01:00:00,PV_STATION_P_01,,0.0,0.0,多云
2025-05-31 02:00:00,PV_STATION_P_01,,0.0,0.0,多云
2025-05-31 03:00:00,PV_STATION_P_01,,0.0,0.0,多云
2025-05-31 04:00:00,PV_STATION_P_01,,0.0,0.0,多云
2025-05-31 05:00:00,PV_STATION_P_01,,0.0,0.0,多云
2025-05-31 06:00:00,PV_STATION_P_01,,0.0,0.0,多云
2025-05-31 07:00:00,PV_STATION_P_01,102.94,128.09,77.6,多云
2025-05-31 08:00:00,PV_STATION_P_01,-15.4,438.51,224.1,多云
2025-05-31 09:00:00,PV_STATION_P_01,469.65,716.96,415.5,多云
2025-05-31 10:00:00,PV_STATION_P_01,627.75,943.15,558.8,多云
2025-05-31 11:00:00,PV_STATION_P_01,713.4,1100.58,618.4,多云
2025-05-31 12:00:00,PV_STATION_P_01,770.91,1177.78,709.4,多云
2025-05-31 13:00:00,PV_STATION_P_01,754.53,1169.12,700.0,多云
2025-05-31 14:00:00,PV_STATION_P_01,639.23,1075.23,581.4,多云
2025-05-31 15:00:00,PV_STATION_P_01,536.3,902.95,490.2,多云
2025-05-31 16:00:00,PV_STATION_P_01,419.89,664.85,375.4,多云
2025-05-31 17:00:00,PV_STATION_P_01,231.4,378.28,201.6,多云
2025-05-31 18:00:00,PV_STATION_P_01,50.72,64.14,40.1,多云
2025-05-31 19:00:00,PV_STATION_P_01,0.0,0.0,0.0,多云
2025-05-31 20:00:00,PV_STATION_P_01,0.0,0.0,0.0,多云
2025-05-31 21:00:00,PV_STATION_P_01,0.0,0.0,0.0,多云
2025-05-31 22:00:00,PV_STATION_P_01,0.0,0.0,0.0,多云
2025-05-31 23:00:00,PV_STATION_P_01,0.0,0.0,0.0,多云
2025-06-01 00:00:00,PV_STATION_P_01,0.0,0.0,0.0,雨
2025-06-01 01:00:00,PV_STATION_P_01,0.0,0.0,0.0,雨
2025-06-01 02:00:00,PV_STATION_P_01,0.0,0.0,0.0,雨
2025-06-01 03:00:00,PV_STATION_P_01,0.0,0.0,0.0,雨
2025-06-01 04:00:00,PV_STATION_P_01,0.0,0.0,0.0,雨
2025-06-01 05:00:00,PV_STATION_P_01,0.0,0.0,0.0,雨
2025-06-01 06:00:00,PV_STATION_P_01,0.0,0.0,0.0,雨
2025-06-01 07:00:00,PV_STATION_P_01,13.37,128.21,14.9,雨
2025-06-01 08:00:00,PV_STATION_P_01,66.02,438.91,54.7,雨
2025-06-01 09:00:00,PV_STATION_P_01,107.9,717.62,85.3,雨
2025-06-01 10:00:00,PV_STATION_P_01,137.09,944.01,114.5,雨
2025-06-01 11:00:00,PV_STATION_P_01,148.67,1101.59,126.9,雨
2025-06-01 12:00:00,PV_STATION_P_01,162.62,1178.86,140.5,雨
2025-06-01 13:00:00,PV_STATION_P_01,153.3,1170.19,127.6,雨
2025-06-01 14:00:00,PV_STATION_P_01,151.39,1076.21,127.2,雨
2025-06-01 15:00:00,PV_STATION_P_01,106.46,903.78,101.4,雨
2025-06-01 16:00:00,PV_STATION_P_01,85.29,665.46,82.8,雨
2025-06-01 17:00:00,PV_STATION_P_01,49.93,378.63,44.3,雨
2025-06-01 18:00:00,PV_STATION_P_01,16.04,64.2,7.7,雨
2025-06-01 19:00:00,PV_STATION_P_01,0.0,0.0,0.0,雨
2025-06-01 20:00:00,PV_STATION_P_01,0.0,0.0,0.0,雨
2025-06-01 21:00:00,PV_STATION_P_01,0.0,0.0,0.0,雨
2025-06-01 22:00:00,PV_STATION_P_01,0.0,0.0,0.0,雨
2025-06-01 23:00:00,PV_STATION_P_01,0.0,0.0,0.0,雨
2025-06-02 00:00:00,PV_STATION_P_01,0.0,0.0,0.0,阴
2025-06-02 01:00:00,PV_STATION_P_01,0.0,0.0,0.0,阴
2025-06-02 02:00:00,PV_STATION_P_01,0.0,0.0,0.0,阴
2025-06-02 03:00:00,PV_STATION_P_01,0.0,0.0,0.0,阴
2025-06-02 04:00:00,PV_STATION_P_01,0.0,0.0,0.0,阴
2025-06-02 05:00:00,PV_STATION_P_01,0.0,0.0,0.0,阴
2025-06-02 06:00:00,PV_STATION_P_01,0.0,0.0,0.0,阴
2025-06-02 07:00:00,PV_STATION_P_01,43.17,128.32,33.1,阴
2025-06-02 08:00:00,PV_STATION_P_01,128.23,439.3,111.6,阴
2025-06-02 09:00:00,PV_STATION_P_01,200.5,718.25,184.4,阴
2025-06-02 10:00:00,PV_STATION_P_01,264.9,944.84,230.9,阴
2025-06-02 11:00:00,PV_STATION_P_01,341.56,1102.55,290.1,阴
2025-06-02 12:00:00,PV_STATION_P_01,322.64,1179.89,277.1,阴
2025-06-02 13:00:00,PV_STATION_P_01,329.78,1171.21,291.5,阴
2025-06-02 14:00:00,PV_STATION_P_01,331.38,1077.15,284.1,阴
2025-06-02 15:00:00,PV_STATION_P_01,249.84,904.57,224.4,阴
2025-06-02 16:00:00,PV_STATION_P_01,181.96,666.04,162.9,阴
2025-06-02 17:00:00,PV_STATION_P_01,127.69,378.96,105.6,阴
2025-06-02 18:00:00,PV_STATION_P_01,16.05,64.25,17.2,阴
2025-06-02 19:00:00,PV_STATION_P_01,0.0,0.0,0.0,阴
2025-06-02 20:00:00,PV_STATION_P_01,0.0,0.0,0.0,阴
2025-06-02 21:00:00,PV_STATION_P_01,0.0,0.0,0.0,阴
2025-06-02 22:00:00,PV_STATION_P_01,0.0,0.0,0.0,阴
2025-06-02 23:00:00,PV_STATION_P_01,0.0,0.0,0.0,阴
2025-06-03 00:00:00,PV_STATION_P_01,0.0,0.0,0.0,雨
2025-06-03 01:00:00,PV_STATION_P_01,0.0,0.0,0.0,雨
2025-06-03 02:00:00,PV_STATION_P_01,0.0,0.0,0.0,雨
2025-06-03 03:00:00,PV_STATION_P_01,0.0,0.0,0.0,雨
2025-06-03 04:00:00,PV_STATION_P_01,0.0,0.0,0.0,雨
2025-06-03 05:00:00,PV_STATION_P_01,0.0,0.0,0.0,雨
2025-06-03 06:00:00,PV_STATION_P_01,0.0,0.0,0.0,雨
2025-06-03 07:00:00,PV_STATION_P_01,18.14,128.43,15.4,雨
2025-06-03 08:00:00,PV_STATION_P_01,57.5,439.66,51.2,雨
2025-06-03 09:00:00,PV_STATION_P_01,92.94,718.84,85.6,雨
2025-06-03 10:00:00,PV_STATION_P_01,128.54,945.62,106.3,雨
2025-06-03 11:00:00,PV_STATION_P_01,158.95,1103.46,132.3,雨
2025-06-03 12:00:00,PV_STATION_P_01,163.89,1180.86,136.4,雨
2025-06-03 13:00:00,PV_STATION_P_01,146.04,1172.18,131.1,雨
2025-06-03 14:00:00,PV_STATION_P_01,153.17,1078.04,130.9,雨
2025-06-03 15:00:00,PV_STATION_P_01,105.86,905.32,93.8,雨
2025-06-03 16:00:00,PV_STATION_P_01,89.25,666.59,75.7,雨
2025-06-03 17:00:00,PV_STATION_P_01,74.32,379.28,45.6,雨
2025-06-03 18:00:00,PV_STATION_P_01,15.58,64.31,8.0,雨
2025-06-03 19:00:00,PV_STATION_P_01,0.0,0.0,0.0,雨
2025-06-03 20:00:00,PV_STATION_P_01,0.0,0.0,0.0,雨
2025-06-03 21:00:00,PV_STATION_P_01,0.0,0.0,0.0,雨
2025-06-03 22:00:00,PV_STATION_P_01,0.0,0.0,0.0,雨
2025-06-03 23:00:00,PV_STATION_P_01,0.0,0.0,0.0,雨
2025-06-04 00:00:00,PV_STATION_P_01,0.0,0.0,0.0,多云
2025-06-04 01:00:00,PV_STATION_P_01,0.0,0.0,0.0,多云
2025-06-04 02:00:00,PV_STATION_P_01,0.0,0.0,0.0,多云
2025-06-04 03:00:00,PV_STATION_P_01,0.0,0.0,0.0,多云
2025-06-04 04:00:00,PV_STATION_P_01,0.0,0.0,0.0,多云
2025-06-04 05:00:00,PV_STATION_P_01,0.0,0.0,0.0,多云
2025-06-04 06:00:00,PV_STATION_P_01,0.0,0.0,0.0,多云
2025-06-04 07:00:00,PV_STATION_P_01,68.62,128.53,68.9,多云
2025-06-04 08:00:00,PV_STATION_P_01,283.6,440.01,248.9,多云
2025-06-04 09:00:00,PV_STATION_P_01,450.65,719.41,380.0,多云
2025-06-04 10:00:00,PV_STATION_P_01,559.52,946.36,503.8,多云
2025-06-04 11:00:00,PV_STATION_P_01,738.0,1104.33,650.1,多云
2025-06-04 12:00:00,PV_STATION_P_01,745.31,1181.79,674.9,多云
2025-06-04 13:00:00,PV_STATION_P_01,703.34,1173.1,635.3,多云
2025-06-04 14:00:00,PV_STATION_P_01,621.44,1078.89,568.7,多云
2025-06-04 15:00:00,PV_STATION_P_01,574.12,906.03,522.0,多云
2025-06-04 16:00:00,PV_STATION_P_01,442.79,667.12,383.0,多云
2025-06-04 17:00:00,PV_STATION_P_01,256.44,379.57,215.4,多云
2025-06-04 18:00:00,PV_STATION_P_01,42.6,64.36,35.1,多云
2025-06-04 19:00:00,PV_STATION_P_01,0.0,0.0,0.0,多云
2025-06-04 20:00:00,PV_STATION_P_01,0.0,0.0,0.0,多云
2025-06-04 21:00:00,PV_STATION_P_01,0.0,0.0,0.0,多云
2025-06-04 22:00:00,PV_STATION_P_01,0.0,0.0,0.0,多云
2025-06-04 23:00:00,PV_STATION_P_01,0.0,0.0,0.0,多云
2025-06-05 00:00:00,PV_STATION_P_01,0.0,0.0,0.0,晴
2025-06-05 01:00:00,PV_STATION_P_01,0.0,0.0,0.0,晴
2025-06-05 02:00:00,PV_STATION_P_01,0.0,0.0,0.0,晴
2025-06-05 03:00:00,PV_STATION_P_01,0.0,0.0,0.0,晴
2025-06-05 04:00:00,PV_STATION_P_01,0.0,0.0,0.0,晴
2025-06-05 05:00:00,PV_STATION_P_01,0.0,0.0,0.0,晴
2025-06-05 06:00:00,PV_STATION_P_01,0.0,0.0,0.0,晴
2025-06-05 07:00:00,PV_STATION_P_01,116.27,128.62,102.1,晴
2025-06-05 08:00:00,PV_STATION_P_01,429.89,440.33,366.9,晴
2025-06-05 09:00:00,PV_STATION_P_01,621.68,719.94,552.6,晴
2025-06-05 10:00:00,PV_STATION_P_01,809.26,947.06,734.5,晴
2025-06-05 11:00:00,PV_STATION_P_01,986.1,1105.15,921.0,晴
2025-06-05 12:00:00,PV_STATION_P_01,1045.45,1182.67,982.0,晴
2025-06-05 13:00:00,PV_STATION_P_01,975.15,1173.97,933.6,晴
2025-06-05 14:00:00,PV_STATION_P_01,957.46,1079.69,885.3,晴
2025-06-05 15:00:00,PV_STATION_P_01,830.26,906.7,755.6,晴
2025-06-05 16:00:00,PV_STATION_P_01,621.98,667.61,556.3,晴
2025-06-05 17:00:00,PV_STATION_P_01,352.96,379.85,314.8,晴
2025-06-05 18:00:00,PV_STATION_P_01,66.71,64.41,53.7,晴
2025-06-05 19:00:00,PV_STATION_P_01,0.0,0.0,0.0,晴
2025-06-05 20:00:00,PV_STATION_P_01,0.0,0.0,0.0,晴
2025-06-05 21:00:00,PV_STATION_P_01,0.0,0.0,0.0,晴
2025-06-05 22:00:00,PV_STATION_P_01,0.0,0.0,0.0,晴
2025-06-05 23:00:00,PV_STATION_P_01,0.0,0.0,0.0,晴
2025-06-06 00:00:00,PV_STATION_P_01,0.0,0.0,0.0,晴
2025-06-06 01:00:00,PV_STATION_P_01,0.0,0.0,0.0,晴
2025-06-06 02:00:00,PV_STATION_P_01,0.0,0.0,0.0,晴
2025-06-06 03:00:00,PV_STATION_P_01,0.0,0.0,0.0,晴
2025-06-06 04:00:00,PV_STATION_P_01,0.0,0.0,0.0,晴
2025-06-06 05:00:00,PV_STATION_P_01,0.0,0.0,0.0,晴
2025-06-06 06:00:00,PV_STATION_P_01,0.0,0.0,0.0,晴
2025-06-06 07:00:00,PV_STATION_P_01,131.71,128.71,102.1,晴
2025-06-06 08:00:00,PV_STATION_P_01,426.16,440.64,367.2,晴
2025-06-06 09:00:00,PV_STATION_P_01,670.9,720.44,600.4,晴
2025-06-06 10:00:00,PV_STATION_P_01,871.96,947.72,789.8,晴
2025-06-06 11:00:00,PV_STATION_P_01,967.77,1105.92,913.4,晴
2025-06-06 12:00:00,PV_STATION_P_01,1036.6,1183.49,986.2,晴
2025-06-06 13:00:00,PV_STATION_P_01,961.32,1174.79,903.9,晴
2025-06-06 14:00:00,PV_STATION_P_01,881.16,1080.44,821.2,晴
2025-06-06 15:00:00,PV_STATION_P_01,830.68,907.33,756.1,晴
2025-06-06 16:00:00,PV_STATION_P_01,613.45,668.08,556.7,晴
2025-06-06 17:00:00,PV_STATION_P_01,342.1,380.12,297.3,晴
2025-06-06 18:00:00,PV_STATION_P_01,72.1,64.45,53.7,晴
2025-06-06 19:00:00,PV_STATION_P_01,0.0,0.0,0.0,晴
2025-06-06 20:00:00,PV_STATION_P_01,0.0,0.0,0.0,晴
2025-06-06 21:00:00,PV_STATION_P_01,0.0,0.0,0.0,晴
2025-06-06 22:00:00,PV_STATION_P_01,0.0,0.0,0.0,晴
2025-06-06 23:00:00,PV_STATION_P_01,0.0,0.0,0.0,晴
2025-06-07 00:00:00,PV_STATION_P_01,0.0,0.0,0.0,晴
2025-06-07 01:00:00,PV_STATION_P_01,0.0,0.0,0.0,晴
2025-06-07 02:00:00,PV_STATION_P_01,0.0,0.0,0.0,晴
2025-06-07 03:00:00,PV_STATION_P_01,0.0,0.0,0.0,晴
2025-06-07 04:00:00,PV_STATION_P_01,0.0,0.0,0.0,晴
2025-06-07 05:00:00,PV_STATION_P_01,0.0,0.0,0.0,晴
2025-06-07 06:00:00,PV_STATION_P_01,0.0,0.0,0.0,晴
2025-06-07 07:00:00,PV_STATION_P_01,112.96,128.8,102.7,晴
2025-06-07 08:00:00,PV_STATION_P_01,429.35,440.93,367.4,晴
2025-06-07 09:00:00,PV_STATION_P_01,681.1,720.91,589.8,晴
2025-06-07 10:00:00,PV_STATION_P_01,820.82,948.34,753.5,晴
2025-06-07 11:00:00,PV_STATION_P_01,910.83,1106.64,832.3,晴
2025-06-07 12:00:00,PV_STATION_P_01,1055.4,1184.26,986.9,晴
2025-06-07 13:00:00,PV_STATION_P_01,1047.68,1175.55,979.6,晴
2025-06-07 14:00:00,PV_STATION_P_01,932.56,1081.14,864.7,晴
2025-06-07 15:00:00,PV_STATION_P_01,807.94,907.92,756.6,晴
2025-06-07 16:00:00,PV_STATION_P_01,,668.51,528.5,晴
2025-06-07 17:00:00,PV_STATION_P_01,363.7,380.37,312.1,晴
2025-06-07 18:00:00,PV_STATION_P_01,56.05,64.49,52.3,晴
2025-06-07 19:00:00,PV_STATION_P_01,0.0,0.0,0.0,晴
2025-06-07 20:00:00,PV_STATION_P_01,0.0,0.0,0.0,晴
2025-06-07 21:00:00,PV_STATION_P_01,0.0,0.0,0.0,晴
2025-06-07 22:00:00,PV_STATION_P_01,0.0,0.0,0.0,晴
2025-06-07 23:00:00,PV_STATION_P_01,0.0,0.0,0.0,晴
2025-06-08 00:00:00,PV_STATION_P_01,0.0,0.0,0.0,多云
2025-06-08 01:00:00,PV_STATION_P_01,0.0,0.0,0.0,多云
2025-06-08 02:00:00,PV_STATION_P_01,0.0,0.0,0.0,多云
2025-06-08 03:00:00,PV_STATION_P_01,0.0,0.0,0.0,多云
2025-06-08 04:00:00,PV_STATION_P_01,0.0,0.0,0.0,多云
2025-06-08 05:00:00,PV_STATION_P_01,0.0,0.0,0.0,多云
2025-06-08 06:00:00,PV_STATION_P_01,0.0,0.0,0.0,多云
2025-06-08 07:00:00,PV_STATION_P_01,84.82,128.87,74.4,多云
2025-06-08 08:00:00,PV_STATION_P_01,275.37,441.19,239.2,多云
2025-06-08 09:00:00,PV_STATION_P_01,404.61,721.35,353.1,多云
2025-06-08 10:00:00,PV_STATION_P_01,569.96,948.92,502.9,多云
2025-06-08 11:00:00,PV_STATION_P_01,677.88,1107.31,595.7,多云
2025-06-08 12:00:00,PV_STATION_P_01,703.67,1184.98,641.6,多云
2025-06-08 13:00:00,PV_STATION_P_01,734.19,1176.27,671.7,多云
2025-06-08 14:00:00,PV_STATION_P_01,627.87,1081.8,567.3,多云
2025-06-08 15:00:00,PV_STATION_P_01,582.6,908.47,523.0,多云
2025-06-08 16:00:00,PV_STATION_P_01,426.53,668.92,373.1,多云
2025-06-08 17:00:00,PV_STATION_P_01,221.51,380.6,195.9,多云
2025-06-08 18:00:00,PV_STATION_P_01,39.48,64.53,34.9,多云
2025-06-08 19:00:00,PV_STATION_P_01,0.0,0.0,0.0,多云
2025-06-08 20:00:00,PV_STATION_P_01,0.0,0.0,0.0,多云
2025-06-08 21:00:00,PV_STATION_P_01,0.0,0.0,0.0,多云
2025-06-08 22:00:00,PV_STATION_P_01,0.0,0.0,0.0,多云
2025-06-08 23:00:00,PV_STATION_P_01,0.0,0.0,0.0,多云
2025-06-09 00:00:00,PV_STATION_P_01,0.0,0.0,0.0,多云
2025-06-09 01:00:00,PV_STATION_P_01,0.0,0.0,0.0,多云
2025-06-09 02:00:00,PV_STATION_P_01,0.0,0.0,0.0,多云
2025-06-09 03:00:00,PV_STATION_P_01,0.0,0.0,0.0,多云
2025-06-09 04:00:00,PV_STATION_P_01,0.0,0.0,0.0,多云
2025-06-09 05:00:00,PV_STATION_P_01,0.0,0.0,0.0,多云
2025-06-09 06:00:00,PV_STATION_P_01,0.0,0.0,0.0,多云
2025-06-09 07:00:00,PV_STATION_P_01,88.73,128.95,67.7,多云
2025-06-09 08:00:00,PV_STATION_P_01,288.36,441.44,250.1,多云
2025-06-09 09:00:00,PV_STATION_P_01,455.48,721.75,387.1,多云
2025-06-09 10:00:00,PV_STATION_P_01,611.45,949.45,529.4,多云
2025-06-09 11:00:00,PV_STATION_P_01,695.41,1107.93,613.9,多云
2025-06-09 12:00:00,PV_STATION_P_01,714.34,1185.65,640.7,多云
2025-06-09 13:00:00,PV_STATION_P_01,702.84,1176.93,633.3,多云
2025-06-09 14:00:00,PV_STATION_P_01,663.35,1082.41,605.5,多云
2025-06-09 15:00:00,PV_STATION_P_01,531.17,908.98,477.3,多云
2025-06-09 16:00:00,PV_STATION_P_01,381.75,669.29,352.2,多云
2025-06-09 17:00:00,PV_STATION_P_01,253.71,380.81,219.4,多云
2025-06-09 18:00:00,PV_STATION_P_01,41.19,64.57,36.3,多云
2025-06-09 19:00:00,PV_STATION_P_01,0.0,0.0,0.0,多云
2025-06-09 20:00:00,PV_STATION_P_01,0.0,0.0,0.0,多云
2025-06-09 21:00:00,PV_STATION_P_01,0.0,0.0,0.0,多云
2025-06-09 22:00:00,PV_STATION_P_01,0.0,0.0,0.0,多云
2025-06-09 23:00:00,PV_STATION_P_01,0.0,0.0,0.0,多云
2025-06-10 00:00:00,PV_STATION_P_01,0.0,0.0,0.0,多云
2025-06-10 01:00:00,PV_STATION_P_01,0.0,0.0,0.0,多云
2025-06-10 02:00:00,PV_STATION_P_01,0.0,0.0,0.0,多云
2025-06-10 03:00:00,PV_STATION_P_01,0.0,0.0,0.0,多云
2025-06-10 04:00:00,PV_STATION_P_01,0.0,0.0,0.0,多云
2025-06-10 05:00:00,PV_STATION_P_01,0.0,0.0,0.0,多云
2025-06-10 06:00:00,PV_STATION_P_01,0.0,0.0,0.0,多云
2025-06-10 07:00:00,PV_STATION_P_01,83.44,129.01,70.6,多云
2025-06-10 08:00:00,PV_STATION_P_01,283.69,441.67,238.1,多云
2025-06-10 09:00:00,PV_STATION_P_01,449.9,722.13,401.7,多云
2025-06-10 10:00:00,PV_STATION_P_01,560.91,949.94,507.9,多云
2025-06-10 11:00:00,PV_STATION_P_01,668.25,1108.51,597.4,多云
2025-06-10 12:00:00,PV_STATION_P_01,728.54,1186.26,661.4,多云
2025-06-10 13:00:00,PV_STATION_P_01,686.95,1177.54,627.9,多云
2025-06-10 14:00:00,PV_STATION_P_01,652.78,1082.97,581.7,多云
2025-06-10 15:00:00,PV_STATION_P_01,563.84,909.46,496.3,多云
2025-06-10 16:00:00,PV_STATION_P_01,419.29,669.64,370.0,多云
2025-06-10 17:00:00,PV_STATION_P_01,257.48,381.01,215.9,多云
2025-06-10 18:00:00,PV_STATION_P_01,46.6,64.6,36.6,多云
2025-06-10 19:00:00,PV_STATION_P_01,0.0,0.0,0.0,多云
2025-06-10 20:00:00,PV_STATION_P_01,0.0,0.0,0.0,多云
2025-06-10 21:00:00,PV_STATION_P_01,0.0,0.0,0.0,多云
2025-06-10 22:00:00,PV_STATION_P_01,0.0,0.0,0.0,多云
2025-06-10 23:00:00,PV_STATION_P_01,0.0,0.0,0.0,多云
2025-06-11 00:00:00,PV_STATION_P_01,0.0,0.0,0.0,多云
2025-06-11 01:00:00,PV_STATION_P_01,0.0,0.0,0.0,多云
2025-06-11 02:00:00,PV_STATION_P_01,0.0,0.0,0.0,多云
2025-06-11 03:00:00,PV_STATION_P_01,0.0,0.0,0.0,多云
2025-06-11 04:00:00,PV_STATION_P_01,0.0,0.0,0.0,多云
2025-06-11 05:00:00,PV_STATION_P_01,0.0,0.0,0.0,多云
2025-06-11 06:00:00,PV_STATION_P_01,0.0,0.0,0.0,多云
2025-06-11 07:00:00,PV_STATION_P_01,74.07,129.07,72.9,多云
2025-06-11 08:00:00,PV_STATION_P_01,283.11,441.88,245.8,多云
2025-06-11 09:00:00,PV_STATION_P_01,483.91,722.47,435.5,多云
2025-06-11 10:00:00,PV_STATION_P_01,636.63,950.39,560.3,多云
2025-06-11 11:00:00,PV_STATION_P_01,668.45,1109.03,605.8,多云
2025-06-11 12:00:00,PV_STATION_P_01,773.27,1186.82,702.5,多云
2025-06-11 13:00:00,PV_STATION_P_01,705.98,1178.1,647.8,多云
2025-06-11 14:00:00,PV_STATION_P_01,653.5,1083.48,579.7,多云
2025-06-11 15:00:00,PV_STATION_P_01,562.34,909.89,493.3,多云
2025-06-11 16:00:00,PV_STATION_P_01,430.68,669.96,371.2,多云
2025-06-11 17:00:00,PV_STATION_P_01,236.11,381.19,201.4,多云
2025-06-11 18:00:00,PV_STATION_P_01,50.41,64.63,34.6,多云
2025-06-11 19:00:00,PV_STATION_P_01,0.0,0.0,0.0,多云
2025-06-11 20:00:00,PV_STATION_P_01,0.0,0.0,0.0,多云
2025-06-11 21:00:00,PV_STATION_P_01,0.0,0.0,0.0,多云
2025-06-11 22:00:00,PV_STATION_P_01,0.0,0.0,0.0,多云
2025-06-11 23:00:00,PV_STATION_P_01,0.0,0.0,0.0,多云
2025-06-12 00:00:00,PV_STATION_P_01,0.0,0.0,0.0,雨
2025-06-12 01:00:00,PV_STATION_P_01,0.0,0.0,0.0,雨
2025-06-12 02:00:00,PV_STATION_P_01,0.0,0.0,0.0,雨
2025-06-12 03:00:00,PV_STATION_P_01,0.0,0.0,0.0,雨
2025-06-12 04:00:00,PV_STATION_P_01,0.0,0.0,0.0,雨
2025-06-12 05:00:00,PV_STATION_P_01,0.0,0.0,0.0,雨
2025-06-12 06:00:00,PV_STATION_P_01,0.0,0.0,0.0,雨
2025-06-12 07:00:00,PV_STATION_P_01,20.94,129.13,16.2,雨
2025-06-12 08:00:00,PV_STATION_P_01,64.26,442.07,49.7,雨
2025-06-12 09:00:00,PV_STATION_P_01,105.06,722.78,79.6,雨
2025-06-12 10:00:00,PV_STATION_P_01,135.37,950.8,112.2,雨
2025-06-12 11:00:00,PV_STATION_P_01,152.95,1109.51,129.1,雨
2025-06-12 12:00:00,PV_STATION_P_01,170.86,1187.33,135.1,雨
2025-06-12 13:00:00,PV_STATION_P_01,145.16,1178.6,137.5,雨
2025-06-12 14:00:00,PV_STATION_P_01,138.36,1083.95,120.6,雨
2025-06-12 15:00:00,PV_STATION_P_01,116.33,910.28,103.5,雨
2025-06-12 16:00:00,PV_STATION_P_01,89.1,670.24,78.1,雨
2025-06-12 17:00:00,PV_STATION_P_01,51.25,381.35,40.0,雨
2025-06-12 18:00:00,PV_STATION_P_01,16.27,64.66,7.9,雨
2025-06-12 19:00:00,PV_STATION_P_01,0.0,0.0,0.0,雨
2025-06-12 20:00:00,PV_STATION_P_01,0.0,0.0,0.0,雨
2025-06-12 21:00:00,PV_STATION_P_01,0.0,0.0,0.0,雨
2025-06-12 22:00:00,PV_STATION_P_01,0.0,0.0,0.0,雨
2025-06-12 23:00:00,PV_STATION_P_01,0.0,0.0,0.0,雨
2025-06-13 00:00:00,PV_STATION_P_01,0.0,0.0,0.0,晴
2025-06-13 01:00:00,PV_STATION_P_01,0.0,0.0,0.0,晴
2025-06-13 02:00:00,PV_STATION_P_01,0.0,0.0,0.0,晴
2025-06-13 03:00:00,PV_STATION_P_01,0.0,0.0,0.0,晴
2025-06-13 04:00:00,PV_STATION_P_01,0.0,0.0,0.0,晴
2025-06-13 05:00:00,PV_STATION_P_01,0.0,0.0,0.0,晴
2025-06-13 06:00:00,PV_STATION_P_01,0.0,0.0,0.0,晴
2025-06-13 07:00:00,PV_STATION_P_01,126.57,129.18,104.8,晴
2025-06-13 08:00:00,PV_STATION_P_01,426.58,442.24,368.5,晴
2025-06-13 09:00:00,PV_STATION_P_01,654.8,723.06,584.8,晴
2025-06-13 10:00:00,PV_STATION_P_01,770.04,951.17,688.7,晴
2025-06-13 11:00:00,PV_STATION_P_01,926.92,1109.93,867.2,晴
2025-06-13 12:00:00,PV_STATION_P_01,946.39,1187.79,872.4,晴
2025-06-13 13:00:00,PV_STATION_P_01,1005.79,1179.05,963.7,晴
2025-06-13 14:00:00,PV_STATION_P_01,961.32,1084.36,895.6,晴
2025-06-13 15:00:00,PV_STATION_P_01,761.01,910.63,698.4,晴
2025-06-13 16:00:00,PV_STATION_P_01,585.04,670.5,534.9,晴
2025-06-13 17:00:00,PV_STATION_P_01,336.9,381.5,295.2,晴
2025-06-13 18:00:00,PV_STATION_P_01,59.03,64.68,53.6,晴
2025-06-13 19:00:00,PV_STATION_P_01,0.0,0.0,0.0,晴
2025-06-13 20:00:00,PV_STATION_P_01,0.0,0.0,0.0,晴
2025-06-13 21:00:00,PV_STATION_P_01,0.0,0.0,0.0,晴
2025-06-13 22:00:00,PV_STATION_P_01,0.0,0.0,0.0,晴
2025-06-13 23:00:00,PV_STATION_P_01,0.0,0.0,0.0,晴
2025-06-14 00:00:00,PV_STATION_P_01,0.0,0.0,0.0,晴
2025-06-14 01:00:00,PV_STATION_P_01,0.0,0.0,0.0,晴
2025-06-14 02:00:00,PV_STATION_P_01,0.0,0.0,0.0,晴
2025-06-14 03:00:00,PV_STATION_P_01,0.0,0.0,0.0,晴
2025-06-14 04:00:00,PV_STATION_P_01,0.0,0.0,0.0,晴
2025-06-14 05:00:00,PV_STATION_P_01,0.0,0.0,0.0,晴
2025-06-14 06:00:00,PV_STATION_P_01,0.0,0.0,0.0,晴
2025-06-14 07:00:00,PV_STATION_P_01,115.5,129.22,97.8,晴
2025-06-14 08:00:00,PV_STATION_P_01,371.44,442.39,330.6,晴
2025-06-14 09:00:00,PV_STATION_P_01,680.75,723.3,602.8,晴
2025-06-14 10:00:00,PV_STATION_P_01,818.19,951.49,740.2,晴
2025-06-14 11:00:00,PV_STATION_P_01,968.51,1110.31,913.5,晴
2025-06-14 12:00:00,PV_STATION_P_01,1034.26,1188.19,990.2,晴
2025-06-14 13:00:00,PV_STATION_P_01,1027.8,1179.45,982.9,晴
2025-06-14 14:00:00,PV_STATION_P_01,954.06,1084.73,903.9,晴
2025-06-14 15:00:00,PV_STATION_P_01,805.66,910.93,759.1,晴
2025-06-14 16:00:00,PV_STATION_P_01,613.44,670.73,558.9,晴
2025-06-14 17:00:00,PV_STATION_P_01,342.55,381.63,298.1,晴
2025-06-14 18:00:00,PV_STATION_P_01,71.72,64.71,53.9,晴
2025-06-14 19:00:00,PV_STATION_P_01,0.0,0.0,0.0,晴
2025-06-14 20:00:00,PV_STATION_P_01,0.0,0.0,0.0,晴
2025-06-14 21:00:00,PV_STATION_P_01,0.0,0.0,0.0,晴
2025-06-14 22:00:00,PV_STATION_P_01,0.0,0.0,0.0,晴
2025-06-14 23:00:00,PV_STATION_P_01,0.0,0.0,0.0,晴
2025-06-15 00:00:00,PV_STATION_P_01,0.0,0.0,0.0,多云
2025-06-15 01:00:00,PV_STATION_P_01,0.0,0.0,0.0,多云
2025-06-15 02:00:00,PV_STATION_P_01,0.0,0.0,0.0,多云
2025-06-15 03:00:00,PV_STATION_P_01,0.0,0.0,0.0,多云
2025-06-15 04:00:00,PV_STATION_P_01,0.0,0.0,0.0,多云
2025-06-15 05:00:00,PV_STATION_P_01,0.0,0.0,0.0,多云
2025-06-15 06:00:00,PV_STATION_P_01,0.0,0.0,0.0,多云
2025-06-15 07:00:00,PV_STATION_P_01,79.85,129.26,70.7,多云
2025-06-15 08:00:00,PV_STATION_P_01,281.57,442.52,238.1,多云
2025-06-15 09:00:00,PV_STATION_P_01,448.27,723.51,394.8,多云
2025-06-15 10:00:00,PV_STATION_P_01,606.61,951.77,545.7,多云
2025-06-15 11:00:00,PV_STATION_P_01,650.0,1110.64,575.6,多云
2025-06-15 12:00:00,PV_STATION_P_01,744.47,1188.54,677.5,多云
2025-06-15 13:00:00,PV_STATION_P_01,667.88,1179.8,616.3,多云
2025-06-15 14:00:00,PV_STATION_P_01,671.89,1085.05,614.7,多云
2025-06-15 15:00:00,PV_STATION_P_01,504.38,911.2,462.5,多云
2025-06-15 16:00:00,PV_STATION_P_01,417.74,670.93,379.0,多云
2025-06-15 17:00:00,PV_STATION_P_01,231.13,381.74,208.9,多云
2025-06-15 18:00:00,PV_STATION_P_01,49.31,64.73,35.8,多云
2025-06-15 19:00:00,PV_STATION_P_01,0.0,0.0,0.0,多云
2025-06-15 20:00:00,PV_STATION_P_01,0.0,0.0,0.0,多云
2025-06-15 21:00:00,PV_STATION_P_01,0.0,0.0,0.0,多云
2025-06-15 22:00:00,PV_STATION_P_01,0.0,0.0,0.0,多云
2025-06-15 23:00:00,PV_STATION_P_01,0.0,0.0,0.0,多云
2025-06-16 00:00:00,PV_STATION_P_01,0.0,0.0,0.0,阴
2025-06-16 01:00:00,PV_STATION_P_01,0.0,0.0,0.0,阴
2025-06-16 02:00:00,PV_STATION_P_01,0.0,0.0,0.0,阴
2025-06-16 03:00:00,PV_STATION_P_01,0.0,0.0,0.0,阴
2025-06-16 04:00:00,PV_STATION_P_01,0.0,0.0,0.0,阴
2025-06-16 05:00:00,PV_STATION_P_01,0.0,0.0,0.0,阴
2025-06-16 06:00:00,PV_STATION_P_01,0.0,0.0,0.0,阴
2025-06-16 07:00:00,PV_STATION_P_01,39.67,129.29,32.0,阴
2025-06-16 08:00:00,PV_STATION_P_01,121.25,442.63,113.1,阴
2025-06-16 09:00:00,PV_STATION_P_01,191.41,723.69,160.9,阴
2025-06-16 10:00:00,PV_STATION_P_01,250.27,952.0,228.5,阴
2025-06-16 11:00:00,PV_STATION_P_01,320.57,1110.91,269.7,阴
2025-06-16 12:00:00,PV_STATION_P_01,317.6,1188.83,275.8,阴
2025-06-16 13:00:00,PV_STATION_P_01,315.96,1180.09,280.0,阴
2025-06-16 14:00:00,PV_STATION_P_01,311.88,1085.32,273.2,阴
2025-06-16 15:00:00,PV_STATION_P_01,256.86,911.43,222.3,阴
2025-06-16 16:00:00,PV_STATION_P_01,192.11,671.09,164.3,阴
2025-06-16 17:00:00,PV_STATION_P_01,103.5,381.83,88.9,阴
2025-06-16 18:00:00,PV_STATION_P_01,25.79,64.74,16.0,阴
2025-06-16 19:00:00,PV_STATION_P_01,0.0,0.0,0.0,阴
2025-06-16 20:00:00,PV_STATION_P_01,0.0,0.0,0.0,阴
2025-06-16 21:00:00,PV_STATION_P_01,0.0,0.0,0.0,阴
2025-06-16 22:00:00,PV_STATION_P_01,0.0,0.0,0.0,阴
2025-06-16 23:00:00,PV_STATION_P_01,0.0,0.0,0.0,阴
2025-06-17 00:00:00,PV_STATION_P_01,0.0,0.0,0.0,多云
2025-06-17 01:00:00,PV_STATION_P_01,0.0,0.0,0.0,多云
2025-06-17 02:00:00,PV_STATION_P_01,0.0,0.0,0.0,多云
2025-06-17 03:00:00,PV_STATION_P_01,0.0,0.0,0.0,多云
2025-06-17 04:00:00,PV_STATION_P_01,0.0,0.0,0.0,多云
2025-06-17 05:00:00,PV_STATION_P_01,0.0,0.0,0.0,多云
2025-06-17 06:00:00,PV_STATION_P_01,0.0,0.0,0.0,多云
2025-06-17 07:00:00,PV_STATION_P_01,94.51,129.32,73.1,多云
2025-06-17 08:00:00,PV_STATION_P_01,308.78,442.72,253.0,多云
2025-06-17 09:00:00,PV_STATION_P_01,477.08,723.84,412.8,多云
2025-06-17 10:00:00,PV_STATION_P_01,617.3,952.2,549.9,多云
2025-06-17 11:00:00,PV_STATION_P_01,644.35,1111.14,594.0,多云
2025-06-17 12:00:00,PV_STATION_P_01,685.81,1189.08,622.8,多云
2025-06-17 13:00:00,PV_STATION_P_01,746.72,1180.33,687.7,多云
2025-06-17 14:00:00,PV_STATION_P_01,626.02,1085.54,571.0,多云
2025-06-17 15:00:00,PV_STATION_P_01,599.52,911.61,548.1,多云
2025-06-17 16:00:00,PV_STATION_P_01,410.46,671.23,355.1,多云
2025-06-17 17:00:00,PV_STATION_P_01,232.72,381.91,206.1,多云
2025-06-17 18:00:00,PV_STATION_P_01,44.65,64.75,35.3,多云
2025-06-17 19:00:00,PV_STATION_P_01,0.0,0.0,0.0,多云
2025-06-17 20:00:00,PV_STATION_P_01,0.0,0.0,0.0,多云
2025-06-17 21:00:00,PV_STATION_P_01,0.0,0.0,0.0,多云
2025-06-17 22:00:00,PV_STATION_P_01,0.0,0.0,0.0,多云
2025-06-17 23:00:00,PV_STATION_P_01,0.0,0.0,0.0,多云
2025-06-18 00:00:00,PV_STATION_P_01,0.0,0.0,0.0,晴
2025-06-18 01:00:00,PV_STATION_P_01,0.0,0.0,0.0,晴
2025-06-18 02:00:00,PV_STATION_P_01,0.0,0.0,0.0,晴
2025-06-18 03:00:00,PV_STATION_P_01,0.0,0.0,0.0,晴
2025-06-18 04:00:00,PV_STATION_P_01,0.0,0.0,0.0,晴
2025-06-18 05:00:00,PV_STATION_P_01,0.0,0.0,0.0,晴
2025-06-18 06:00:00,PV_STATION_P_01,0.0,0.0,0.0,晴
2025-06-18 07:00:00,PV_STATION_P_01,115.1,129.34,104.4,晴
2025-06-18 08:00:00,PV_STATION_P_01,418.87,442.79,369.0,晴
2025-06-18 09:00:00,PV_STATION_P_01,673.55,723.96,603.3,晴
2025-06-18 10:00:00,PV_STATION_P_01,850.81,952.35,793.6,晴
2025-06-18 11:00:00,PV_STATION_P_01,946.76,1111.31,889.7,晴
2025-06-18 12:00:00,PV_STATION_P_01,985.77,1189.26,925.5,晴
2025-06-18 13:00:00,PV_STATION_P_01,1028.07,1180.52,971.9,晴
2025-06-18 14:00:00,PV_STATION_P_01,856.74,1085.71,793.6,晴
2025-06-18 15:00:00,PV_STATION_P_01,765.74,911.76,718.1,晴
2025-06-18 16:00:00,PV_STATION_P_01,579.87,671.33,524.4,晴
2025-06-18 17:00:00,PV_STATION_P_01,332.36,381.97,285.9,晴
2025-06-18 18:00:00,PV_STATION_P_01,54.14,64.77,54.0,晴
2025-06-18 19:00:00,PV_STATION_P_01,0.0,0.0,0.0,晴
2025-06-18 20:00:00,PV_STATION_P_01,0.0,0.0,0.0,晴
2025-06-18 21:00:00,PV_STATION_P_01,0.0,0.0,0.0,晴
2025-06-18 22:00:00,PV_STATION_P_01,0.0,0.0,0.0,晴
2025-06-18 23:00:00,PV_STATION_P_01,0.0,0.0,0.0,晴
2025-06-19 00:00:00,PV_STATION_P_01,0.0,0.0,0.0,晴
2025-06-19 01:00:00,PV_STATION_P_01,0.0,0.0,0.0,晴
2025-06-19 02:00:00,PV_STATION_P_01,0.0,0.0,0.0,晴
2025-06-19 03:00:00,PV_STATION_P_01,0.0,0.0,0.0,晴
2025-06-19 04:00:00,PV_STATION_P_01,0.0,0.0,0.0,晴
2025-06-19 05:00:00,PV_STATION_P_01,0.0,0.0,0.0,晴
2025-06-19 06:00:00,PV_STATION_P_01,0.0,0.0,0.0,晴
2025-06-19 07:00:00,PV_STATION_P_01,120.51,129.35,107.8,晴
2025-06-19 08:00:00,PV_STATION_P_01,417.94,442.84,369.0,晴
2025-06-19 09:00:00,PV_STATION_P_01,660.02,724.04,603.4,晴
2025-06-19 10:00:00,PV_STATION_P_01,808.35,952.46,757.4,晴
2025-06-19 11:00:00,PV_STATION_P_01,970.64,1111.44,926.2,晴
2025-06-19 12:00:00,PV_STATION_P_01,1018.12,1189.4,957.9,晴
2025-06-19 13:00:00,PV_STATION_P_01,1035.21,1180.65,983.9,晴
2025-06-19 14:00:00,PV_STATION_P_01,963.63,1085.83,904.9,晴
2025-06-19 15:00:00,PV_STATION_P_01,795.98,911.86,739.7,晴
2025-06-19 16:00:00,PV_STATION_P_01,596.57,671.41,531.1,晴
2025-06-19 17:00:00,PV_STATION_P_01,336.57,382.02,318.3,晴
2025-06-19 18:00:00,PV_STATION_P_01,65.42,64.77,53.6,晴
2025-06-19 19:00:00,PV_STATION_P_01,0.0,0.0,0.0,晴
2025-06-19 20:00:00,PV_STATION_P_01,0.0,0.0,0.0,晴
2025-06-19 21:00:00,PV_STATION_P_01,0.0,0.0,0.0,晴
2025-06-19 22:00:00,PV_STATION_P_01,0.0,0.0,0.0,晴
2025-06-19 23:00:00,PV_STATION_P_01,0.0,0.0,0.0,晴
2025-06-20 00:00:00,PV_STATION_P_01,0.0,0.0,0.0,晴
2025-06-20 01:00:00,PV_STATION_P_01,0.0,0.0,0.0,晴
2025-06-20 02:00:00,PV_STATION_P_01,0.0,0.0,0.0,晴
2025-06-20 03:00:00,PV_STATION_P_01,0.0,0.0,0.0,晴
2025-06-20 04:00:00,PV_STATION_P_01,0.0,0.0,0.0,晴
2025-06-20 05:00:00,PV_STATION_P_01,0.0,0.0,0.0,晴
2025-06-20 06:00:00,PV_STATION_P_01,0.0,0.0,0.0,晴
2025-06-20 07:00:00,PV_STATION_P_01,130.43,129.36,107.8,晴
2025-06-20 08:00:00,PV_STATION_P_01,426.04,442.87,369.1,晴
2025-06-20 09:00:00,PV_STATION_P_01,655.54,724.09,588.8,晴
2025-06-20 10:00:00,PV_STATION_P_01,867.52,952.52,793.8,晴
2025-06-20 11:00:00,PV_STATION_P_01,932.91,1111.51,868.2,晴
2025-06-20 12:00:00,PV_STATION_P_01,1012.86,1189.48,956.4,晴
2025-06-20 13:00:00,PV_STATION_P_01,1048.11,1180.73,983.9,晴
2025-06-20 14:00:00,PV_STATION_P_01,964.54,1085.91,904.9,晴
2025-06-20 15:00:00,PV_STATION_P_01,795.5,911.92,738.0,晴
2025-06-20 16:00:00,PV_STATION_P_01,587.46,671.46,544.2,晴
2025-06-20 17:00:00,PV_STATION_P_01,354.04,382.04,313.7,晴
2025-06-20 18:00:00,PV_STATION_P_01,53.44,64.78,54.0,晴
2025-06-20 19:00:00,PV_STATION_P_01,0.0,0.0,0.0,晴
2025-06-20 20:00:00,PV_STATION_P_01,0.0,0.0,0.0,晴
2025-06-20 21:00:00,PV_STATION_P_01,0.0,0.0,0.0,晴
2025-06-20 22:00:00,PV_STATION_P_01,0.0,0.0,0.0,晴
2025-06-20 23:00:00,PV_STATION_P_01,0.0,0.0,0.0,晴
2025-06-21 00:00:00,PV_STATION_P_01,0.0,0.0,0.0,晴
2025-06-21 01:00:00,PV_STATION_P_01,0.0,0.0,0.0,晴
2025-06-21 02:00:00,PV_STATION_P_01,0.0,0.0,0.0,晴
2025-06-21 03:00:00,PV_STATION_P_01,0.0,0.0,0.0,晴
2025-06-21 04:00:00,PV_STATION_P_01,0.0,0.0,0.0,晴
2025-06-21 05:00:00,PV_STATION_P_01,0.0,0.0,0.0,晴
2025-06-21 06:00:00,PV_STATION_P_01,0.0,0.0,0.0,晴
2025-06-21 07:00:00,PV_STATION_P_01,125.65,129.37,103.5,晴
2025-06-21 08:00:00,PV_STATION_P_01,411.44,442.88,363.6,晴
2025-06-21 09:00:00,PV_STATION_P_01,663.46,724.1,603.4,晴
2025-06-21 10:00:00,PV_STATION_P_01,875.85,952.54,793.8,晴
2025-06-21 11:00:00,PV_STATION_P_01,995.07,1111.54,926.3,晴
2025-06-21 12:00:00,PV_STATION_P_01,1050.49,1189.51,991.3,晴
2025-06-21 13:00:00,PV_STATION_P_01,999.71,1180.76,935.1,晴
2025-06-21 14:00:00,PV_STATION_P_01,923.44,1085.93,872.9,晴
2025-06-21 15:00:00,PV_STATION_P_01,823.93,911.94,760.0,晴
2025-06-21 16:00:00,PV_STATION_P_01,591.43,671.47,537.8,晴
2025-06-21 17:00:00,PV_STATION_P_01,328.55,382.05,294.1,晴
2025-06-21 18:00:00,PV_STATION_P_01,63.01,64.78,51.1,晴
2025-06-21 19:00:00,PV_STATION_P_01,0.0,0.0,0.0,晴
2025-06-21 20:00:00,PV_STATION_P_01,0.0,0.0,0.0,晴
2025-06-21 21:00:00,PV_STATION_P_01,0.0,0.0,0.0,晴
2025-06-21 22:00:00,PV_STATION_P_01,0.0,0.0,0.0,晴
2025-06-21 23:00:00,PV_STATION_P_01,0.0,0.0,0.0,晴
2025-06-22 00:00:00,PV_STATION_P_01,0.0,0.0,0.0,晴
2025-06-22 01:00:00,PV_STATION_P_01,0.0,0.0,0.0,晴
2025-06-22 02:00:00,PV_STATION_P_01,0.0,0.0,0.0,晴
2025-06-22 03:00:00,PV_STATION_P_01,0.0,0.0,0.0,晴
2025-06-22 04:00:00,PV_STATION_P_01,0.0,0.0,0.0,晴
2025-06-22 05:00:00,PV_STATION_P_01,0.0,0.0,0.0,晴
2025-06-22 06:00:00,PV_STATION_P_01,0.0,0.0,0.0,晴
2025-06-22 07:00:00,PV_STATION_P_01,122.68,129.36,107.8,晴
2025-06-22 08:00:00,PV_STATION_P_01,426.43,442.87,369.1,晴
2025-06-22 09:00:00,PV_STATION_P_01,,724.09,588.5,晴
2025-06-22 10:00:00,PV_STATION_P_01,873.3,952.52,789.0,晴
2025-06-22 11:00:00,PV_STATION_P_01,986.25,1111.51,926.3,晴
2025-06-22 12:00:00,PV_STATION_P_01,1029.41,1189.48,991.2,晴
2025-06-22 13:00:00,PV_STATION_P_01,1013.81,1180.73,980.2,晴
2025-06-22 14:00:00,PV_STATION_P_01,912.28,1085.91,864.8,晴
2025-06-22 15:00:00,PV_STATION_P_01,814.1,911.92,759.9,晴
2025-06-22 16:00:00,PV_STATION_P_01,622.31,671.46,559.5,晴
2025-06-22 17:00:00,PV_STATION_P_01,339.71,382.04,297.1,晴
2025-06-22 18:00:00,PV_STATION_P_01,60.41,64.78,50.4,晴
2025-06-22 19:00:00,PV_STATION_P_01,0.0,0.0,0.0,晴
2025-06-22 20:00:00,PV_STATION_P_01,0.0,0.0,0.0,晴
2025-06-22 21:00:00,PV_STATION_P_01,0.0,0.0,0.0,晴
2025-06-22 22:00:00,PV_STATION_P_01,0.0,0.0,0.0,晴
2025-06-22 23:00:00,PV_STATION_P_01,0.0,0.0,0.0,晴
2025-06-23 00:00:00,PV_STATION_P_01,0.0,0.0,0.0,晴
2025-06-23 01:00:00,PV_STATION_P_01,0.0,0.0,0.0,晴
2025-06-23 02:00:00,PV_STATION_P_01,0.0,0.0,0.0,晴
2025-06-23 03:00:00,PV_STATION_P_01,0.0,0.0,0.0,晴
2025-06-23 04:00:00,PV_STATION_P_01,0.0,0.0,0.0,晴
2025-06-23 05:00:00,PV_STATION_P_01,0.0,0.0,0.0,晴
2025-06-23 06:00:00,PV_STATION_P_01,0.0,0.0,0.0,晴
2025-06-23 07:00:00,PV_STATION_P_01,117.31,129.35,102.2,晴
2025-06-23 08:00:00,PV_STATION_P_01,424.44,442.84,369.0,晴
2025-06-23 09:00:00,PV_STATION_P_01,652.81,724.04,583.4,晴
2025-06-23 10:00:00,PV_STATION_P_01,851.22,952.46,786.1,晴
2025-06-23 11:00:00,PV_STATION_P_01,975.5,1111.44,926.2,晴
2025-06-23 12:00:00,PV_STATION_P_01,1042.39,1189.4,987.7,晴
2025-06-23 13:00:00,PV_STATION_P_01,1027.89,1180.65,983.9,晴
2025-06-23 14:00:00,PV_STATION_P_01,969.55,1085.83,904.9,晴
2025-06-23 15:00:00,PV_STATION_P_01,794.91,911.86,742.3,晴
2025-06-23 16:00:00,PV_STATION_P_01,610.13,671.41,559.5,晴
2025-06-23 17:00:00,PV_STATION_P_01,365.99,382.02,318.3,晴
2025-06-23 18:00:00,PV_STATION_P_01,73.09,64.77,54.0,晴
2025-06-23 19:00:00,PV_STATION_P_01,0.0,0.0,0.0,晴
2025-06-23 20:00:00,PV_STATION_P_01,0.0,0.0,0.0,晴
2025-06-23 21:00:00,PV_STATION_P_01,0.0,0.0,0.0,晴
2025-06-23 22:00:00,PV_STATION_P_01,0.0,0.0,0.0,晴
2025-06-23 23:00:00,PV_STATION_P_01,0.0,0.0,0.0,晴
2025-06-24 00:00:00,PV_STATION_P_01,0.0,0.0,0.0,晴
2025-06-24 01:00:00,PV_STATION_P_01,0.0,0.0,0.0,晴
2025-06-24 02:00:00,PV_STATION_P_01,0.0,0.0,0.0,晴
2025-06-24 03:00:00,PV_STATION_P_01,0.0,0.0,0.0,晴
2025-06-24 04:00:00,PV_STATION_P_01,0.0,0.0,0.0,晴
2025-06-24 05:00:00,PV_STATION_P_01,0.0,0.0,0.0,晴
2025-06-24 06:00:00,PV_STATION_P_01,0.0,0.0,0.0,晴
2025-06-24 07:00:00,PV_STATION_P_01,125.16,129.34,107.8,晴
2025-06-24 08:00:00,PV_STATION_P_01,430.6,442.79,369.0,晴
2025-06-24 09:00:00,PV_STATION_P_01,649.71,723.96,573.5,晴
2025-06-24 10:00:00,PV_STATION_P_01,819.82,952.35,779.8,晴
2025-06-24 11:00:00,PV_STATION_P_01,974.71,1111.31,923.3,晴
2025-06-24 12:00:00,PV_STATION_P_01,1031.34,1189.26,965.7,晴
2025-06-24 13:00:00,PV_STATION_P_01,1040.91,1180.52,983.8,晴
2025-06-24 14:00:00,PV_STATION_P_01,949.3,1085.71,904.8,晴
2025-06-24 15:00:00,PV_STATION_P_01,769.1,911.76,694.0,晴
2025-06-24 16:00:00,PV_STATION_P_01,612.81,671.33,555.4,晴
2025-06-24 17:00:00,PV_STATION_P_01,305.85,381.97,272.1,晴
2025-06-24 18:00:00,PV_STATION_P_01,59.85,64.77,53.7,晴
2025-06-24 19:00:00,PV_STATION_P_01,0.0,0.0,0.0,晴
2025-06-24 20:00:00,PV_STATION_P_01,0.0,0.0,0.0,晴
2025-06-24 21:00:00,PV_STATION_P_01,0.0,0.0,0.0,晴
2025-06-24 22:00:00,PV_STATION_P_01,0.0,0.0,0.0,晴
2025-06-24 23:00:00,PV_STATION_P_01,0.0,0.0,0.0,晴
2025-06-25 00:00:00,PV_STATION_P_01,0.0,0.0,0.0,多云
2025-06-25 01:00:00,PV_STATION_P_01,0.0,0.0,0.0,多云
2025-06-25 02:00:00,PV_STATION_P_01,0.0,0.0,0.0,多云
2025-06-25 03:00:00,PV_STATION_P_01,0.0,0.0,0.0,多云
2025-06-25 04:00:00,PV_STATION_P_01,0.0,0.0,0.0,多云
2025-06-25 05:00:00,PV_STATION_P_01,0.0,0.0,0.0,多云
2025-06-25 06:00:00,PV_STATION_P_01,0.0,0.0,0.0,多云
2025-06-25 07:00:00,PV_STATION_P_01,92.45,129.32,72.3,多云
2025-06-25 08:00:00,PV_STATION_P_01,287.79,442.72,245.4,多云
2025-06-25 09:00:00,PV_STATION_P_01,399.8,723.84,353.8,多云
2025-06-25 10:00:00,PV_STATION_P_01,553.01,952.2,489.6,多云
2025-06-25 11:00:00,PV_STATION_P_01,678.8,1111.14,618.9,多云
2025-06-25 12:00:00,PV_STATION_P_01,712.91,1189.08,651.6,多云
2025-06-25 13:00:00,PV_STATION_P_01,708.46,1180.33,636.2,多云
2025-06-25 14:00:00,PV_STATION_P_01,653.56,1085.54,615.1,多云
2025-06-25 15:00:00,PV_STATION_P_01,522.84,911.61,465.2,多云
2025-06-25 16:00:00,PV_STATION_P_01,395.11,671.23,358.2,多云
2025-06-25 17:00:00,PV_STATION_P_01,257.16,381.91,215.5,多云
2025-06-25 18:00:00,PV_STATION_P_01,50.51,64.75,34.5,多云
2025-06-25 19:00:00,PV_STATION_P_01,0.0,0.0,0.0,多云
2025-06-25 20:00:00,PV_STATION_P_01,0.0,0.0,0.0,多云
2025-06-25 21:00:00,PV_STATION_P_01,0.0,0.0,0.0,多云
2025-06-25 22:00:00,PV_STATION_P_01,0.0,0.0,0.0,多云
2025-06-25 23:00:00,PV_STATION_P_01,0.0,0.0,0.0,多云
2025-06-26 00:00:00,PV_STATION_P_01,0.0,0.0,0.0,晴
2025-06-26 01:00:00,PV_STATION_P_01,0.0,0.0,0.0,晴
2025-06-26 02:00:00,PV_STATION_P_01,0.0,0.0,0.0,晴
2025-06-26 03:00:00,PV_STATION_P_01,0.0,0.0,0.0,晴
2025-06-26 04:00:00,PV_STATION_P_01,0.0,0.0,0.0,晴
2025-06-26 05:00:00,PV_STATION_P_01,0.0,0.0,0.0,晴
2025-06-26 06:00:00,PV_STATION_P_01,0.0,0.0,0.0,晴
2025-06-26 07:00:00,PV_STATION_P_01,120.7,129.29,101.9,晴
2025-06-26 08:00:00,PV_STATION_P_01,414.57,442.63,368.9,晴
2025-06-26 09:00:00,PV_STATION_P_01,588.62,723.69,534.2,晴
2025-06-26 10:00:00,PV_STATION_P_01,847.5,952.0,782.4,晴
2025-06-26 11:00:00,PV_STATION_P_01,989.5,1110.91,925.8,晴
2025-06-26 12:00:00,PV_STATION_P_01,1025.39,1188.83,990.7,晴
2025-06-26 13:00:00,PV_STATION_P_01,1023.39,1180.09,971.1,晴
2025-06-26 14:00:00,PV_STATION_P_01,937.23,1085.32,902.1,晴
2025-06-26 15:00:00,PV_STATION_P_01,792.45,911.43,740.6,晴
2025-06-26 16:00:00,PV_STATION_P_01,603.54,671.09,550.9,晴
2025-06-26 17:00:00,PV_STATION_P_01,361.76,381.83,318.2,晴
2025-06-26 18:00:00,PV_STATION_P_01,55.62,64.74,51.9,晴
2025-06-26 19:00:00,PV_STATION_P_01,0.0,0.0,0.0,晴
2025-06-26 20:00:00,PV_STATION_P_01,0.0,0.0,0.0,晴
2025-06-26 21:00:00,PV_STATION_P_01,0.0,0.0,0.0,晴
2025-06-26 22:00:00,PV_STATION_P_01,0.0,0.0,0.0,晴
2025-06-26 23:00:00,PV_STATION_P_01,0.0,0.0,0.0,晴
2025-06-27 00:00:00,PV_STATION_P_01,0.0,0.0,0.0,晴
2025-06-27 01:00:00,PV_STATION_P_01,0.0,0.0,0.0,晴
2025-06-27 02:00:00,PV_STATION_P_01,0.0,0.0,0.0,晴
2025-06-27 03:00:00,PV_STATION_P_01,0.0,0.0,0.0,晴
2025-06-27 04:00:00,PV_STATION_P_01,0.0,0.0,0.0,晴
2025-06-27 05:00:00,PV_STATION_P_01,0.0,0.0,0.0,晴
2025-06-27 06:00:00,PV_STATION_P_01,0.0,0.0,0.0,晴
2025-06-27 07:00:00,PV_STATION_P_01,119.66,129.26,102.9,晴
2025-06-27 08:00:00,PV_STATION_P_01,418.52,442.52,368.8,晴
2025-06-27 09:00:00,PV_STATION_P_01,642.8,723.51,587.9,晴
2025-06-27 10:00:00,PV_STATION_P_01,772.01,951.77,711.1,晴
2025-06-27 11:00:00,PV_STATION_P_01,966.82,1110.64,925.5,晴
2025-06-27 12:00:00,PV_STATION_P_01,1021.79,1188.54,985.0,晴
2025-06-27 13:00:00,PV_STATION_P_01,1046.17,1179.8,983.2,晴
2025-06-27 14:00:00,PV_STATION_P_01,966.68,1085.05,904.2,晴
2025-06-27 15:00:00,PV_STATION_P_01,770.93,911.2,705.6,晴
2025-06-27 16:00:00,PV_STATION_P_01,543.88,670.93,497.0,晴
2025-06-27 17:00:00,PV_STATION_P_01,355.64,381.74,318.1,晴
2025-06-27 18:00:00,PV_STATION_P_01,69.15,64.73,49.6,晴
2025-06-27 19:00:00,PV_STATION_P_01,0.0,0.0,0.0,晴
2025-06-27 20:00:00,PV_STATION_P_01,0.0,0.0,0.0,晴
2025-06-27 21:00:00,PV_STATION_P_01,0.0,0.0,0.0,晴
2025-06-27 22:00:00,PV_STATION_P_01,0.0,0.0,0.0,晴
2025-06-27 23:00:00,PV_STATION_P_01,0.0,0.0,0.0,晴
2025-06-28 00:00:00,PV_STATION_P_01,0.0,0.0,0.0,晴
2025-06-28 01:00:00,PV_STATION_P_01,0.0,0.0,0.0,晴
2025-06-28 02:00:00,PV_STATION_P_01,0.0,0.0,0.0,晴
2025-06-28 03:00:00,PV_STATION_P_01,0.0,0.0,0.0,晴
2025-06-28 04:00:00,PV_STATION_P_01,0.0,0.0,0.0,晴
2025-06-28 05:00:00,PV_STATION_P_01,0.0,0.0,0.0,晴
2025-06-28 06:00:00,PV_STATION_P_01,0.0,0.0,32.8,晴
2025-06-28 07:00:00,PV_STATION_P_01,123.69,129.22,107.7,晴
2025-06-28 08:00:00,PV_STATION_P_01,427.63,442.39,368.7,晴
2025-06-28 09:00:00,PV_STATION_P_01,606.41,723.3,547.2,晴
2025-06-28 10:00:00,PV_STATION_P_01,854.32,951.49,792.9,晴
2025-06-28 11:00:00,PV_STATION_P_01,937.11,1110.31,877.3,晴
2025-06-28 12:00:00,PV_STATION_P_01,994.48,1188.19,941.3,晴
2025-06-28 13:00:00,PV_STATION_P_01,1015.49,1179.45,953.8,晴
2025-06-28 14:00:00,PV_STATION_P_01,935.04,1084.73,874.3,晴
2025-06-28 15:00:00,PV_STATION_P_01,776.83,910.93,716.5,晴
2025-06-28 16:00:00,PV_STATION_P_01,551.37,670.73,492.5,晴
2025-06-28 17:00:00,PV_STATION_P_01,362.65,381.63,318.0,晴
2025-06-28 18:00:00,PV_STATION_P_01,69.26,64.71,53.9,晴
2025-06-28 19:00:00,PV_STATION_P_01,0.0,0.0,0.0,晴
2025-06-28 20:00:00,PV_STATION_P_01,0.0,0.0,0.0,晴
2025-06-28 21:00:00,PV_STATION_P_01,0.0,0.0,0.0,晴
2025-06-28 22:00:00,PV_STATION_P_01,0.0,0.0,0.0,晴
2025-06-28 23:00:00,PV_STATION_P_01,0.0,0.0,0.0,晴
2025-06-29 00:00:00,PV_STATION_P_01,0.0,0.0,0.0,晴
2025-06-29 01:00:00,PV_STATION_P_01,0.0,0.0,0.0,晴
2025-06-29 02:00:00,PV_STATION_P_01,0.0,0.0,0.0,晴
2025-06-29 03:00:00,PV_STATION_P_01,0.0,0.0,0.0,晴
2025-06-29 04:00:00,PV_STATION_P_01,0.0,0.0,0.0,晴
2025-06-29 05:00:00,PV_STATION_P_01,0.0,0.0,0.0,晴
2025-06-29 06:00:00,PV_STATION_P_01,0.0,0.0,0.0,晴
2025-06-29 07:00:00,PV_STATION_P_01,121.08,129.18,105.7,晴
2025-06-29 08:00:00,PV_STATION_P_01,425.73,442.24,368.5,晴
2025-06-29 09:00:00,PV_STATION_P_01,670.25,723.06,602.5,晴
2025-06-29 10:00:00,PV_STATION_P_01,886.98,951.17,792.6,晴
2025-06-29 11:00:00,PV_STATION_P_01,942.09,1109.93,870.8,晴
2025-06-29 12:00:00,PV_STATION_P_01,,1187.79,989.8,晴
2025-06-29 13:00:00,PV_STATION_P_01,949.18,1179.05,902.1,晴
2025-06-29 14:00:00,PV_STATION_P_01,965.53,1084.36,903.6,晴
2025-06-29 15:00:00,PV_STATION_P_01,789.39,910.63,734.5,晴
2025-06-29 16:00:00,PV_STATION_P_01,609.8,670.5,558.8,晴
2025-06-29 17:00:00,PV_STATION_P_01,354.2,381.5,317.9,晴
2025-06-29 18:00:00,PV_STATION_P_01,50.23,64.68,53.9,晴
2025-06-29 19:00:00,PV_STATION_P_01,0.0,0.0,0.0,晴
2025-06-29 20:00:00,PV_STATION_P_01,0.0,0.0,0.0,晴
2025-06-29 21:00:00,PV_STATION_P_01,0.0,0.0,0.0,晴
2025-06-29 22:00:00,PV_STATION_P_01,0.0,0.0,0.0,晴
2025-06-29 23:00:00,PV_STATION_P_01,0.0,0.0,0.0,晴
2025-06-30 00:00:00,PV_STATION_P_01,0.0,0.0,0.0,多云
2025-06-30 01:00:00,PV_STATION_P_01,0.0,0.0,0.0,多云
2025-06-30 02:00:00,PV_STATION_P_01,0.0,0.0,0.0,多云
2025-06-30 03:00:00,PV_STATION_P_01,0.0,0.0,0.0,多云
2025-06-30 04:00:00,PV_STATION_P_01,0.0,0.0,0.0,多云
2025-06-30 05:00:00,PV_STATION_P_01,0.0,0.0,0.0,多云
2025-06-30 06:00:00,PV_STATION_P_01,0.0,0.0,0.0,多云
2025-06-30 07:00:00,PV_STATION_P_01,76.4,129.13,71.7,多云
2025-06-30 08:00:00,PV_STATION_P_01,257.42,442.07,220.7,多云
2025-06-30 09:00:00,PV_STATION_P_01,439.69,722.78,406.0,多云
2025-06-30 10:00:00,PV_STATION_P_01,585.38,950.8,524.8,多云
2025-06-30 11:00:00,PV_STATION_P_01,719.96,1109.51,649.5,多云
2025-06-30 12:00:00,PV_STATION_P_01,731.79,1187.33,675.9,多云
2025-06-30 13:00:00,PV_STATION_P_01,673.94,1178.6,624.8,多云
2025-06-30 14:00:00,PV_STATION_P_01,606.29,1083.95,545.8,多云
2025-06-30 15:00:00,PV_STATION_P_01,544.92,910.28,480.1,多云
2025-06-30 16:00:00,PV_STATION_P_01,447.4,670.24,394.1,多云
2025-06-30 17:00:00,PV_STATION_P_01,248.79,381.35,212.8,多云
2025-06-30 18:00:00,PV_STATION_P_01,42.22,64.66,36.6,多云
2025-06-30 19:00:00,PV_STATION_P_01,0.0,0.0,0.0,多云
2025-06-30 20:00:00,PV_STATION_P_01,0.0,0.0,0.0,多云
2025-06-30 21:00:00,PV_STATION_P_01,0.0,0.0,0.0,多云
2025-06-30 22:00:00,PV_STATION_P_01,0.0,0.0,0.0,多云
2025-06-30 23:00:00,PV_STATION_P_01,0.0,0.0,0.0,多云
2025-07-01 00:00:00,PV_STATION_P_01,0.0,0.0,0.0,晴
2025-07-01 01:00:00,PV_STATION_P_01,0.0,0.0,0.0,晴
2025-07-01 02:00:00,PV_STATION_P_01,0.0,0.0,0.0,晴
2025-07-01 03:00:00,PV_STATION_P_01,0.0,0.0,0.0,晴
2025-07-01 04:00:00,PV_STATION_P_01,0.0,0.0,0.0,晴
2025-07-01 05:00:00,PV_STATION_P_01,0.0,0.0,0.0,晴
2025-07-01 06:00:00,PV_STATION_P_01,0.0,0.0,0.0,晴
2025-07-01 07:00:00,PV_STATION_P_01,123.16,129.07,106.5,晴
2025-07-01 08:00:00,PV_STATION_P_01,417.68,441.88,368.2,晴
2025-07-01 09:00:00,PV_STATION_P_01,668.2,722.47,602.1,晴
2025-07-01 10:00:00,PV_STATION_P_01,857.33,950.39,792.0,晴
2025-07-01 11:00:00,PV_STATION_P_01,870.7,1109.03,824.1,晴
2025-07-01 12:00:00,PV_STATION_P_01,1004.6,1186.82,932.1,晴
2025-07-01 13:00:00,PV_STATION_P_01,1023.79,1178.1,981.7,晴
2025-07-01 14:00:00,PV_STATION_P_01,945.01,1083.48,902.9,晴
2025-07-01 15:00:00,PV_STATION_P_01,798.54,909.89,758.2,晴
2025-07-01 16:00:00,PV_STATION_P_01,585.46,669.96,535.1,晴
2025-07-01 17:00:00,PV_STATION_P_01,347.87,381.19,307.5,晴
2025-07-01 18:00:00,PV_STATION_P_01,58.3,64.63,53.9,晴
2025-07-01 19:00:00,PV_STATION_P_01,0.0,0.0,0.0,晴
2025-07-01 20:00:00,PV_STATION_P_01,0.0,0.0,0.0,晴
2025-07-01 21:00:00,PV_STATION_P_01,0.0,0.0,0.0,晴
2025-07-01 22:00:00,PV_STATION_P_01,0.0,0.0,0.0,晴
2025-07-01 23:00:00,PV_STATION_P_01,0.0,0.0,0.0,晴
2025-07-02 00:00:00,PV_STATION_P_01,0.0,0.0,0.0,阴
2025-07-02 01:00:00,PV_STATION_P_01,0.0,0.0,0.0,阴
2025-07-02 02:00:00,PV_STATION_P_01,0.0,0.0,0.0,阴
2025-07-02 03:00:00,PV_STATION_P_01,,0.0,0.0,阴
2025-07-02 04:00:00,PV_STATION_P_01,,0.0,0.0,阴
2025-07-02 05:00:00,PV_STATION_P_01,0.0,0.0,0.0,阴
2025-07-02 06:00:00,PV_STATION_P_01,0.0,0.0,0.0,阴
2025-07-02 07:00:00,PV_STATION_P_01,37.66,129.01,32.8,阴
2025-07-02 08:00:00,PV_STATION_P_01,152.82,441.67,114.3,阴
2025-07-02 09:00:00,PV_STATION_P_01,210.16,722.13,173.6,阴
2025-07-02 10:00:00,PV_STATION_P_01,282.66,949.94,251.5,阴
2025-07-02 11:00:00,PV_STATION_P_01,308.94,1108.51,266.9,阴
2025-07-02 12:00:00,PV_STATION_P_01,331.97,1186.26,300.1,阴
2025-07-02 13:00:00,PV_STATION_P_01,313.63,1177.54,277.0,阴
2025-07-02 14:00:00,PV_STATION_P_01,320.3,1082.97,268.5,阴
2025-07-02 15:00:00,PV_STATION_P_01,257.35,909.46,219.9,阴
2025-07-02 16:00:00,PV_STATION_P_01,183.09,669.64,167.6,阴
2025-07-02 17:00:00,PV_STATION_P_01,108.22,381.01,98.8,阴
2025-07-02 18:00:00,PV_STATION_P_01,19.19,64.6,16.2,阴
2025-07-02 19:00:00,PV_STATION_P_01,0.0,0.0,0.0,阴
2025-07-02 20:00:00,PV_STATION_P_01,0.0,0.0,0.0,阴
2025-07-02 21:00:00,PV_STATION_P_01,0.0,0.0,0.0,阴
2025-07-02 22:00:00,PV_STATION_P_01,0.0,0.0,0.0,阴
2025-07-02 23:00:00,PV_STATION_P_01,0.0,0.0,0.0,阴
2025-07-03 00:00:00,PV_STATION_P_01,0.0,0.0,0.0,阴
2025-07-03 01:00:00,PV_STATION_P_01,0.0,0.0,0.0,阴
2025-07-03 02:00:00,PV_STATION_P_01,0.0,0.0,0.0,阴
2025-07-03 03:00:00,PV_STATION_P_01,0.0,0.0,0.0,阴
2025-07-03 04:00:00,PV_STATION_P_01,0.0,0.0,0.0,阴
2025-07-03 05:00:00,PV_STATION_P_01,0.0,0.0,0.0,阴
2025-07-03 06:00:00,PV_STATION_P_01,0.0,0.0,0.0,阴
2025-07-03 07:00:00,PV_STATION_P_01,32.36,128.95,28.5,阴
2025-07-03 08:00:00,PV_STATION_P_01,130.31,441.44,100.5,阴
2025-07-03 09:00:00,PV_STATION_P_01,227.09,721.75,185.5,阴
2025-07-03 10:00:00,PV_STATION_P_01,229.64,949.45,208.2,阴
2025-07-03 11:00:00,PV_STATION_P_01,338.0,1107.93,285.4,阴
2025-07-03 12:00:00,PV_STATION_P_01,369.2,1185.65,311.0,阴
2025-07-03 13:00:00,PV_STATION_P_01,353.79,1176.93,310.9,阴
2025-07-03 14:00:00,PV_STATION_P_01,297.89,1082.41,267.3,阴
2025-07-03 15:00:00,PV_STATION_P_01,257.46,908.98,232.2,阴
2025-07-03 16:00:00,PV_STATION_P_01,208.09,669.29,169.1,阴
2025-07-03 17:00:00,PV_STATION_P_01,107.82,380.81,88.2,阴
2025-07-03 18:00:00,PV_STATION_P_01,23.61,64.57,16.7,阴
2025-07-03 19:00:00,PV_STATION_P_01,0.0,0.0,0.0,阴
2025-07-03 20:00:00,PV_STATION_P_01,0.0,0.0,0.0,阴
2025-07-03 21:00:00,PV_STATION_P_01,0.0,0.0,0.0,阴
2025-07-03 22:00:00,PV_STATION_P_01,0.0,0.0,0.0,阴
2025-07-03 23:00:00,PV_STATION_P_01,0.0,0.0,0.0,阴
2025-07-04 00:00:00,PV_STATION_P_01,0.0,0.0,0.0,多云
2025-07-04 01:00:00,PV_STATION_P_01,0.0,0.0,0.0,多云
2025-07-04 02:00:00,PV_STATION_P_01,0.0,0.0,0.0,多云
2025-07-04 03:00:00,PV_STATION_P_01,0.0,0.0,0.0,多云
2025-07-04 04:00:00,PV_STATION_P_01,0.0,0.0,0.0,多云
2025-07-04 05:00:00,PV_STATION_P_01,0.0,0.0,0.0,多云
2025-07-04 06:00:00,PV_STATION_P_01,0.0,0.0,0.0,多云
2025-07-04 07:00:00,PV_STATION_P_01,98.41,128.87,76.4,多云
2025-07-04 08:00:00,PV_STATION_P_01,265.44,441.19,220.5,多云
2025-07-04 09:00:00,PV_STATION_P_01,465.96,721.35,407.8,多云
2025-07-04 10:00:00,PV_STATION_P_01,592.58,948.92,534.4,多云
2025-07-04 11:00:00,PV_STATION_P_01,703.53,1107.31,636.5,多云
2025-07-04 12:00:00,PV_STATION_P_01,757.82,1184.98,702.0,多云
2025-07-04 13:00:00,PV_STATION_P_01,678.55,1176.27,618.2,多云
2025-07-04 14:00:00,PV_STATION_P_01,693.37,1081.8,639.9,多云
2025-07-04 15:00:00,PV_STATION_P_01,588.31,908.47,520.0,多云
2025-07-04 16:00:00,PV_STATION_P_01,417.29,668.92,364.5,多云
2025-07-04 17:00:00,PV_STATION_P_01,228.14,380.6,199.8,多云
2025-07-04 18:00:00,PV_STATION_P_01,46.65,64.53,35.8,多云
2025-07-04 19:00:00,PV_STATION_P_01,0.0,0.0,0.0,多云
2025-07-04 20:00:00,PV_STATION_P_01,0.0,0.0,0.0,多云
2025-07-04 21:00:00,PV_STATION_P_01,0.0,0.0,0.0,多云
2025-07-04 22:00:00,PV_STATION_P_01,0.0,0.0,0.0,多云
2025-07-04 23:00:00,PV_STATION_P_01,0.0,0.0,0.0,多云
2025-07-05 00:00:00,PV_STATION_P_01,0.0,0.0,0.0,雨
2025-07-05 01:00:00,PV_STATION_P_01,0.0,0.0,0.0,雨
2025-07-05 02:00:00,PV_STATION_P_01,0.0,0.0,0.0,雨
2025-07-05 03:00:00,PV_STATION_P_01,0.0,0.0,0.0,雨
2025-07-05 04:00:00,PV_STATION_P_01,0.0,0.0,0.0,雨
2025-07-05 05:00:00,PV_STATION_P_01,0.0,0.0,0.0,雨
2025-07-05 06:00:00,PV_STATION_P_01,0.0,0.0,0.0,雨
2025-07-05 07:00:00,PV_STATION_P_01,25.52,128.8,15.7,雨
2025-07-05 08:00:00,PV_STATION_P_01,70.77,440.93,49.9,雨
2025-07-05 09:00:00,PV_STATION_P_01,97.84,720.91,84.9,雨
2025-07-05 10:00:00,PV_STATION_P_01,124.33,948.34,105.1,雨
2025-07-05 11:00:00,PV_STATION_P_01,143.89,1106.64,134.2,雨
2025-07-05 12:00:00,PV_STATION_P_01,144.58,1184.26,135.3,雨
2025-07-05 13:00:00,PV_STATION_P_01,164.03,1175.55,143.3,雨
2025-07-05 14:00:00,PV_STATION_P_01,133.9,1081.14,124.8,雨
2025-07-05 15:00:00,PV_STATION_P_01,113.64,907.92,103.4,雨
2025-07-05 16:00:00,PV_STATION_P_01,93.83,668.51,79.6,雨
2025-07-05 17:00:00,PV_STATION_P_01,57.74,380.37,42.0,雨
2025-07-05 18:00:00,PV_STATION_P_01,9.66,64.49,8.2,雨
2025-07-05 19:00:00,PV_STATION_P_01,0.0,0.0,0.0,雨
2025-07-05 20:00:00,PV_STATION_P_01,0.0,0.0,0.0,雨
2025-07-05 21:00:00,PV_STATION_P_01,0.0,0.0,0.0,雨
2025-07-05 22:00:00,PV_STATION_P_01,0.0,0.0,0.0,雨
2025-07-05 23:00:00,PV_STATION_P_01,0.0,0.0,0.0,雨
2025-07-06 00:00:00,PV_STATION_P_01,0.0,0.0,0.0,多云
2025-07-06 01:00:00,PV_STATION_P_01,0.0,0.0,0.0,多云
2025-07-06 02:00:00,PV_STATION_P_01,0.0,0.0,0.0,多云
2025-07-06 03:00:00,PV_STATION_P_01,0.0,0.0,0.0,多云
2025-07-06 04:00:00,PV_STATION_P_01,0.0,0.0,0.0,多云
2025-07-06 05:00:00,PV_STATION_P_01,0.0,0.0,0.0,多云
2025-07-06 06:00:00,PV_STATION_P_01,0.0,0.0,0.0,多云
2025-07-06 07:00:00,PV_STATION_P_01,95.82,128.71,75.9,多云
2025-07-06 08:00:00,PV_STATION_P_01,309.94,440.64,257.7,多云
2025-07-06 09:00:00,PV_STATION_P_01,449.93,720.44,410.0,多云
2025-07-06 10:00:00,PV_STATION_P_01,618.22,947.72,541.5,多云
2025-07-06 11:00:00,PV_STATION_P_01,656.9,1105.92,590.2,多云
2025-07-06 12:00:00,PV_STATION_P_01,779.23,1183.49,710.4,多云
2025-07-06 13:00:00,PV_STATION_P_01,714.19,1174.79,638.2,多云
2025-07-06 14:00:00,PV_STATION_P_01,657.05,1080.44,610.9,多云
2025-07-06 15:00:00,PV_STATION_P_01,567.81,907.33,515.9,多云
2025-07-06 16:00:00,PV_STATION_P_01,380.08,668.08,342.2,多云
2025-07-06 17:00:00,PV_STATION_P_01,242.29,380.12,208.5,多云
2025-07-06 18:00:00,PV_STATION_P_01,38.05,64.45,35.8,多云
2025-07-06 19:00:00,PV_STATION_P_01,0.0,0.0,0.0,多云
2025-07-06 20:00:00,PV_STATION_P_01,0.0,0.0,0.0,多云
2025-07-06 21:00:00,PV_STATION_P_01,0.0,0.0,0.0,多云
2025-07-06 22:00:00,PV_STATION_P_01,0.0,0.0,0.0,多云
2025-07-06 23:00:00,PV_STATION_P_01,0.0,0.0,0.0,多云
2025-07-07 00:00:00,PV_STATION_P_01,0.0,0.0,0.0,晴
2025-07-07 01:00:00,PV_STATION_P_01,0.0,0.0,0.0,晴
2025-07-07 02:00:00,PV_STATION_P_01,0.0,0.0,0.0,晴
2025-07-07 03:00:00,PV_STATION_P_01,0.0,0.0,0.0,晴
2025-07-07 04:00:00,PV_STATION_P_01,0.0,0.0,0.0,晴
2025-07-07 05:00:00,PV_STATION_P_01,0.0,0.0,0.0,晴
2025-07-07 06:00:00,PV_STATION_P_01,0.0,0.0,0.0,晴
2025-07-07 07:00:00,PV_STATION_P_01,126.56,128.62,102.1,晴
2025-07-07 08:00:00,PV_STATION_P_01,403.94,440.33,343.8,晴
2025-07-07 09:00:00,PV_STATION_P_01,660.78,719.94,593.1,晴
2025-07-07 10:00:00,PV_STATION_P_01,864.62,947.06,789.2,晴
2025-07-07 11:00:00,PV_STATION_P_01,964.15,1105.15,921.0,晴
2025-07-07 12:00:00,PV_STATION_P_01,1034.57,1182.67,985.6,晴
2025-07-07 13:00:00,PV_STATION_P_01,979.28,1173.97,926.7,晴
2025-07-07 14:00:00,PV_STATION_P_01,933.82,1079.69,899.7,晴
2025-07-07 15:00:00,PV_STATION_P_01,783.9,906.7,724.4,晴
2025-07-07 16:00:00,PV_STATION_P_01,618.81,667.61,556.3,晴
2025-07-07 17:00:00,PV_STATION_P_01,358.38,379.85,316.5,晴
2025-07-07 18:00:00,PV_STATION_P_01,64.02,64.41,53.7,晴
2025-07-07 19:00:00,PV_STATION_P_01,0.0,0.0,0.0,晴
2025-07-07 20:00:00,PV_STATION_P_01,0.0,0.0,0.0,晴
2025-07-07 21:00:00,PV_STATION_P_01,0.0,0.0,0.0,晴
2025-07-07 22:00:00,PV_STATION_P_01,0.0,0.0,0.0,晴
2025-07-07 23:00:00,PV_STATION_P_01,0.0,0.0,0.0,晴
2025-07-08 00:00:00,PV_STATION_P_01,0.0,0.0,0.0,晴
2025-07-08 01:00:00,PV_STATION_P_01,0.0,0.0,0.0,晴
2025-07-08 02:00:00,PV_STATION_P_01,0.0,0.0,0.0,晴
2025-07-08 03:00:00,PV_STATION_P_01,0.0,0.0,0.0,晴
2025-07-08 04:00:00,PV_STATION_P_01,0.0,0.0,0.0,晴
2025-07-08 05:00:00,PV_STATION_P_01,0.0,0.0,0.0,晴
2025-07-08 06:00:00,PV_STATION_P_01,0.0,0.0,0.0,晴
2025-07-08 07:00:00,PV_STATION_P_01,130.31,128.53,107.1,晴
2025-07-08 08:00:00,PV_STATION_P_01,425.54,440.01,366.7,晴
2025-07-08 09:00:00,PV_STATION_P_01,654.82,719.41,586.3,晴
2025-07-08 10:00:00,PV_STATION_P_01,848.11,946.36,788.6,晴
2025-07-08 11:00:00,PV_STATION_P_01,958.97,1104.33,901.9,晴
2025-07-08 12:00:00,PV_STATION_P_01,1010.34,1181.79,950.2,晴
2025-07-08 13:00:00,PV_STATION_P_01,1017.86,1173.1,973.7,晴
2025-07-08 14:00:00,PV_STATION_P_01,935.42,1078.89,895.3,晴
2025-07-08 15:00:00,PV_STATION_P_01,811.4,906.03,755.0,晴
2025-07-08 16:00:00,PV_STATION_P_01,537.82,667.12,491.3,晴
2025-07-08 17:00:00,PV_STATION_P_01,361.89,379.57,316.3,晴
2025-07-08 18:00:00,PV_STATION_P_01,62.81,64.36,52.0,晴
2025-07-08 19:00:00,PV_STATION_P_01,0.0,0.0,0.0,晴
2025-07-08 20:00:00,PV_STATION_P_01,0.0,0.0,0.0,晴
2025-07-08 21:00:00,PV_STATION_P_01,0.0,0.0,0.0,晴
2025-07-08 22:00:00,PV_STATION_P_01,0.0,0.0,0.0,晴
2025-07-08 23:00:00,PV_STATION_P_01,0.0,0.0,0.0,晴
2025-07-09 00:00:00,PV_STATION_P_01,0.0,0.0,0.0,晴
2025-07-09 01:00:00,PV_STATION_P_01,0.0,0.0,0.0,晴
2025-07-09 02:00:00,PV_STATION_P_01,0.0,0.0,0.0,晴
2025-07-09 03:00:00,PV_STATION_P_01,0.0,0.0,37.1,晴
2025-07-09 04:00:00,PV_STATION_P_01,0.0,0.0,0.0,晴
2025-07-09 05:00:00,PV_STATION_P_01,0.0,0.0,0.0,晴
2025-07-09 06:00:00,PV_STATION_P_01,0.0,0.0,0.0,晴
2025-07-09 07:00:00,PV_STATION_P_01,114.01,128.43,104.0,晴
2025-07-09 08:00:00,PV_STATION_P_01,392.49,439.66,339.8,晴
2025-07-09 09:00:00,PV_STATION_P_01,642.78,718.84,572.4,晴
2025-07-09 10:00:00,PV_STATION_P_01,783.24,945.62,720.0,晴
2025-07-09 11:00:00,PV_STATION_P_01,972.53,1103.46,919.6,晴
2025-07-09 12:00:00,PV_STATION_P_01,1026.63,1180.86,984.1,晴
2025-07-09 13:00:00,PV_STATION_P_01,1030.0,1172.18,976.8,晴
2025-07-09 14:00:00,PV_STATION_P_01,927.47,1078.04,871.9,晴
2025-07-09 15:00:00,PV_STATION_P_01,817.16,905.32,754.4,晴
2025-07-09 16:00:00,PV_STATION_P_01,608.03,666.59,555.5,晴
2025-07-09 17:00:00,PV_STATION_P_01,334.53,379.28,303.1,晴
2025-07-09 18:00:00,PV_STATION_P_01,45.61,64.31,51.9,晴
2025-07-09 19:00:00,PV_STATION_P_01,0.0,0.0,0.0,晴
2025-07-09 20:00:00,PV_STATION_P_01,0.0,0.0,0.0,晴
2025-07-09 21:00:00,PV_STATION_P_01,0.0,0.0,0.0,晴
2025-07-09 22:00:00,PV_STATION_P_01,0.0,0.0,0.0,晴
2025-07-09 23:00:00,PV_STATION_P_01,0.0,0.0,0.0,晴
2025-07-10 00:00:00,PV_STATION_P_01,0.0,0.0,0.0,多云
2025-07-10 01:00:00,PV_STATION_P_01,0.0,0.0,0.0,多云
2025-07-10 02:00:00,PV_STATION_P_01,0.0,0.0,0.0,多云
2025-07-10 03:00:00,PV_STATION_P_01,0.0,0.0,0.0,多云
2025-07-10 04:00:00,PV_STATION_P_01,0.0,0.0,0.0,多云
2025-07-10 05:00:00,PV_STATION_P_01,0.0,0.0,0.0,多云
2025-07-10 06:00:00,PV_STATION_P_01,0.0,0.0,0.0,多云
2025-07-10 07:00:00,PV_STATION_P_01,101.33,128.32,79.2,多云
2025-07-10 08:00:00,PV_STATION_P_01,263.35,439.3,221.7,多云
2025-07-10 09:00:00,PV_STATION_P_01,453.22,718.25,400.4,多云
2025-07-10 10:00:00,PV_STATION_P_01,603.96,944.84,528.6,多云
2025-07-10 11:00:00,PV_STATION_P_01,694.64,1102.55,637.1,多云
2025-07-10 12:00:00,PV_STATION_P_01,734.53,1179.89,660.8,多云
2025-07-10 13:00:00,PV_STATION_P_01,749.77,1171.21,705.1,多云
2025-07-10 14:00:00,PV_STATION_P_01,657.58,1077.15,599.5,多云
2025-07-10 15:00:00,PV_STATION_P_01,583.97,904.57,531.0,多云
2025-07-10 16:00:00,PV_STATION_P_01,435.77,666.04,385.4,多云
2025-07-10 17:00:00,PV_STATION_P_01,254.74,378.96,224.5,多云
2025-07-10 18:00:00,PV_STATION_P_01,29.54,64.25,35.4,多云
2025-07-10 19:00:00,PV_STATION_P_01,0.0,0.0,0.0,多云
2025-07-10 20:00:00,PV_STATION_P_01,0.0,0.0,0.0,多云
2025-07-10 21:00:00,PV_STATION_P_01,0.0,0.0,0.0,多云
2025-07-10 22:00:00,PV_STATION_P_01,0.0,0.0,0.0,多云
2025-07-10 23:00:00,PV_STATION_P_01,0.0,0.0,0.0,多云
2025-07-11 00:00:00,PV_STATION_P_01,0.0,0.0,0.0,多云
2025-07-11 01:00:00,PV_STATION_P_01,0.0,0.0,0.0,多云
2025-07-11 02:00:00,PV_STATION_P_01,0.0,0.0,0.0,多云
2025-07-11 03:00:00,PV_STATION_P_01,0.0,0.0,0.0,多云
2025-07-11 04:00:00,PV_STATION_P_01,0.0,0.0,0.0,多云
2025-07-11 05:00:00,PV_STATION_P_01,0.0,0.0,0.0,多云
2025-07-11 06:00:00,PV_STATION_P_01,0.0,0.0,0.0,多云
2025-07-11 07:00:00,PV_STATION_P_01,78.31,128.21,71.1,多云
2025-07-11 08:00:00,PV_STATION_P_01,277.32,438.91,240.5,多云
2025-07-11 09:00:00,PV_STATION_P_01,480.32,717.62,417.9,多云
2025-07-11 10:00:00,PV_STATION_P_01,560.82,944.01,505.4,多云
2025-07-11 11:00:00,PV_STATION_P_01,655.03,1101.59,594.4,多云
2025-07-11 12:00:00,PV_STATION_P_01,760.1,1178.86,691.8,多云
2025-07-11 13:00:00,PV_STATION_P_01,657.7,1170.19,611.3,多云
2025-07-11 14:00:00,PV_STATION_P_01,635.52,1076.21,577.2,多云
2025-07-11 15:00:00,PV_STATION_P_01,549.69,903.78,500.4,多云
2025-07-11 16:00:00,PV_STATION_P_01,429.4,665.46,393.9,多云
2025-07-11 17:00:00,PV_STATION_P_01,234.51,378.63,195.8,多云
2025-07-11 18:00:00,PV_STATION_P_01,39.04,64.2,34.1,多云
2025-07-11 19:00:00,PV_STATION_P_01,0.0,0.0,0.0,多云
2025-07-11 20:00:00,PV_STATION_P_01,0.0,0.0,0.0,多云
2025-07-11 21:00:00,PV_STATION_P_01,0.0,0.0,0.0,多云
2025-07-11 22:00:00,PV_STATION_P_01,0.0,0.0,0.0,多云
2025-07-11 23:00:00,PV_STATION_P_01,0.0,0.0,0.0,多云
2025-07-12 00:00:00,PV_STATION_P_01,0.0,0.0,0.0,雨
2025-07-12 01:00:00,PV_STATION_P_01,0.0,0.0,0.0,雨
2025-07-12 02:00:00,PV_STATION_P_01,0.0,0.0,0.0,雨
2025-07-12 03:00:00,PV_STATION_P_01,0.0,0.0,0.0,雨
2025-07-12 04:00:00,PV_STATION_P_01,0.0,0.0,0.0,雨
2025-07-12 05:00:00,PV_STATION_P_01,0.0,0.0,0.0,雨
2025-07-12 06:00:00,PV_STATION_P_01,0.0,0.0,0.0,雨
2025-07-12 07:00:00,PV_STATION_P_01,19.2,128.09,16.3,雨
2025-07-12 08:00:00,PV_STATION_P_01,54.51,438.51,48.8,雨
2025-07-12 09:00:00,PV_STATION_P_01,85.5,716.96,78.9,雨
2025-07-12 10:00:00,PV_STATION_P_01,122.34,943.15,114.3,雨
2025-07-12 11:00:00,PV_STATION_P_01,154.41,1100.58,124.2,雨
2025-07-12 12:00:00,PV_STATION_P_01,169.71,1177.78,142.8,雨
2025-07-12 13:00:00,PV_STATION_P_01,154.86,1169.12,135.1,雨
2025-07-12 14:00:00,PV_STATION_P_01,144.71,1075.23,128.3,雨
2025-07-12 15:00:00,PV_STATION_P_01,115.03,902.95,97.1,雨
2025-07-12 16:00:00,PV_STATION_P_01,93.32,664.85,79.3,雨
2025-07-12 17:00:00,PV_STATION_P_01,49.06,378.28,44.6,雨
2025-07-12 18:00:00,PV_STATION_P_01,11.52,64.14,7.4,雨
2025-07-12 19:00:00,PV_STATION_P_01,0.0,0.0,0.0,雨
2025-07-12 20:00:00,PV_STATION_P_01,0.0,0.0,0.0,雨
2025-07-12 21:00:00,PV_STATION_P_01,0.0,0.0,0.0,雨
2025-07-12 22:00:00,PV_STATION_P_01,0.0,0.0,0.0,雨
2025-07-12 23:00:00,PV_STATION_P_01,0.0,0.0,0.0,雨
2025-07-13 00:00:00,PV_STATION_P_01,0.0,0.0,0.0,雨
2025-07-13 01:00:00,PV_STATION_P_01,0.0,0.0,0.0,雨
2025-07-13 02:00:00,PV_STATION_P_01,0.0,0.0,0.0,雨
2025-07-13 03:00:00,PV_STATION_P_01,0.0,0.0,0.0,雨
2025-07-13 04:00:00,PV_STATION_P_01,0.0,0.0,0.0,雨
2025-07-13 05:00:00,PV_STATION_P_01,0.0,0.0,0.0,雨
2025-07-13 06:00:00,PV_STATION_P_01,0.0,0.0,0.0,雨
2025-07-13 07:00:00,PV_STATION_P_01,23.69,127.97,14.8,雨
2025-07-13 08:00:00,PV_STATION_P_01,64.88,438.09,54.0,雨
2025-07-13 09:00:00,PV_STATION_P_01,100.92,716.28,83.7,雨
2025-07-13 10:00:00,PV_STATION_P_01,137.42,942.25,106.5,雨
2025-07-13 11:00:00,PV_STATION_P_01,138.8,1099.52,123.7,雨
2025-07-13 12:00:00,PV_STATION_P_01,156.93,1176.65,137.1,雨
2025-07-13 13:00:00,PV_STATION_P_01,143.07,1167.99,127.9,雨
2025-07-13 14:00:00,PV_STATION_P_01,130.58,1074.19,119.6,雨
2025-07-13 15:00:00,PV_STATION_P_01,116.35,902.09,113.3,雨
2025-07-13 16:00:00,PV_STATION_P_01,93.45,664.21,73.5,雨
2025-07-13 17:00:00,PV_STATION_P_01,44.28,377.92,42.3,雨
2025-07-13 18:00:00,PV_STATION_P_01,7.18,64.08,7.6,雨
2025-07-13 19:00:00,PV_STATION_P_01,0.0,0.0,0.0,雨
2025-07-13 20:00:00,PV_STATION_P_01,0.0,0.0,0.0,雨
2025-07-13 21:00:00,PV_STATION_P_01,0.0,0.0,0.0,雨
2025-07-13 22:00:00,PV_STATION_P_01,0.0,0.0,0.0,雨
2025-07-13 23:00:00,PV_STATION_P_01,0.0,0.0,0.0,雨
2025-07-14 00:00:00,PV_STATION_P_01,0.0,0.0,0.0,晴
2025-07-14 01:00:00,PV_STATION_P_01,0.0,0.0,0.0,晴
2025-07-14 02:00:00,PV_STATION_P_01,0.0,0.0,0.0,晴
2025-07-14 03:00:00,PV_STATION_P_01,0.0,0.0,0.0,晴
2025-07-14 04:00:00,PV_STATION_P_01,0.0,0.0,0.0,晴
2025-07-14 05:00:00,PV_STATION_P_01,0.0,0.0,0.0,晴
2025-07-14 06:00:00,PV_STATION_P_01,0.0,0.0,0.0,晴
2025-07-14 07:00:00,PV_STATION_P_01,115.31,127.84,103.0,晴
2025-07-14 08:00:00,PV_STATION_P_01,423.25,437.65,358.0,晴
2025-07-14 09:00:00,PV_STATION_P_01,643.28,715.56,575.7,晴
2025-07-14 10:00:00,PV_STATION_P_01,848.28,941.3,784.4,晴
2025-07-14 11:00:00,PV_STATION_P_01,968.35,1098.42,915.4,晴
2025-07-14 12:00:00,PV_STATION_P_01,999.3,1175.47,961.8,晴
2025-07-14 13:00:00,PV_STATION_P_01,1017.0,1166.82,972.4,晴
2025-07-14 14:00:00,PV_STATION_P_01,940.15,1073.12,894.3,晴
2025-07-14 15:00:00,PV_STATION_P_01,793.94,901.18,751.0,晴
2025-07-14 16:00:00,PV_STATION_P_01,613.04,663.55,553.0,晴
2025-07-14 17:00:00,PV_STATION_P_01,328.91,377.54,305.3,晴
2025-07-14 18:00:00,PV_STATION_P_01,48.88,64.01,46.3,晴
2025-07-14 19:00:00,PV_STATION_P_01,0.0,0.0,0.0,晴
2025-07-14 20:00:00,PV_STATION_P_01,0.0,0.0,0.0,晴
2025-07-14 21:00:00,PV_STATION_P_01,0.0,0.0,0.0,晴
2025-07-14 22:00:00,PV_STATION_P_01,0.0,0.0,0.0,晴
2025-07-14 23:00:00,PV_STATION_P_01,0.0,0.0,0.0,晴
2025-07-15 00:00:00,PV_STATION_P_01,0.0,0.0,0.0,阴
2025-07-15 01:00:00,PV_STATION_P_01,0.0,0.0,0.0,阴
2025-07-15 02:00:00,PV_STATION_P_01,0.0,0.0,0.0,阴
2025-07-15 03:00:00,PV_STATION_P_01,0.0,0.0,0.0,阴
2025-07-15 04:00:00,PV_STATION_P_01,0.0,0.0,0.0,阴
2025-07-15 05:00:00,PV_STATION_P_01,0.0,0.0,0.0,阴
2025-07-15 06:00:00,PV_STATION_P_01,0.0,0.0,0.0,阴
2025-07-15 07:00:00,PV_STATION_P_01,27.77,127.71,30.9,阴
2025-07-15 08:00:00,PV_STATION_P_01,113.75,437.19,103.2,阴
2025-07-15 09:00:00,PV_STATION_P_01,199.97,714.81,176.2,阴
2025-07-15 10:00:00,PV_STATION_P_01,295.92,940.32,255.7,阴
2025-07-15 11:00:00,PV_STATION_P_01,306.48,1097.27,266.9,阴
2025-07-15 12:00:00,PV_STATION_P_01,309.52,1174.24,267.8,阴
2025-07-15 13:00:00,PV_STATION_P_01,297.17,1165.6,270.4,阴
2025-07-15 14:00:00,PV_STATION_P_01,318.45,1072.0,274.4,阴
2025-07-15 15:00:00,PV_STATION_P_01,242.1,900.24,216.5,阴
2025-07-15 16:00:00,PV_STATION_P_01,185.94,662.85,148.8,阴
2025-07-15 17:00:00,PV_STATION_P_01,100.92,377.15,87.7,阴
2025-07-15 18:00:00,PV_STATION_P_01,15.14,63.95,16.1,阴
2025-07-15 19:00:00,PV_STATION_P_01,0.0,0.0,0.0,阴
2025-07-15 20:00:00,PV_STATION_P_01,0.0,0.0,0.0,阴
2025-07-15 21:00:00,PV_STATION_P_01,0.0,0.0,0.0,阴
2025-07-15 22:00:00,PV_STATION_P_01,0.0,0.0,0.0,阴
2025-07-15 23:00:00,PV_STATION_P_01,0.0,0.0,0.0,阴
2025-07-16 00:00:00,PV_STATION_P_01,0.0,0.0,0.0,晴
2025-07-16 01:00:00,PV_STATION_P_01,0.0,0.0,0.0,晴
2025-07-16 02:00:00,PV_STATION_P_01,0.0,0.0,0.0,晴
2025-07-16 03:00:00,PV_STATION_P_01,0.0,0.0,0.0,晴
2025-07-16 04:00:00,PV_STATION_P_01,0.0,0.0,0.0,晴
2025-07-16 05:00:00,PV_STATION_P_01,0.0,0.0,0.0,晴
2025-07-16 06:00:00,PV_STATION_P_01,0.0,0.0,0.0,晴
2025-07-16 07:00:00,PV_STATION_P_01,122.09,127.57,106.3,晴
2025-07-16 08:00:00,PV_STATION_P_01,412.64,436.72,363.9,晴
2025-07-16 09:00:00,PV_STATION_P_01,649.13,714.03,595.0,晴
2025-07-16 10:00:00,PV_STATION_P_01,858.99,939.29,782.7,晴
2025-07-16 11:00:00,PV_STATION_P_01,956.81,1096.08,886.1,晴
2025-07-16 12:00:00,PV_STATION_P_01,977.86,1172.96,935.0,晴
2025-07-16 13:00:00,PV_STATION_P_01,948.0,1164.33,893.3,晴
2025-07-16 14:00:00,PV_STATION_P_01,939.37,1070.83,892.4,晴
2025-07-16 15:00:00,PV_STATION_P_01,796.89,899.26,737.0,晴
2025-07-16 16:00:00,PV_STATION_P_01,567.49,662.13,504.7,晴
2025-07-16 17:00:00,PV_STATION_P_01,365.82,376.74,313.9,晴
2025-07-16 18:00:00,PV_STATION_P_01,60.58,63.88,53.2,晴
2025-07-16 19:00:00,PV_STATION_P_01,0.0,0.0,0.0,晴
2025-07-16 20:00:00,PV_STATION_P_01,0.0,0.0,0.0,晴
2025-07-16 21:00:00,PV_STATION_P_01,0.0,0.0,0.0,晴
2025-07-16 22:00:00,PV_STATION_P_01,0.0,0.0,0.0,晴
2025-07-16 23:00:00,PV_STATION_P_01,0.0,0.0,0.0,晴
2025-07-17 00:00:00,PV_STATION_P_01,0.0,0.0,0.0,阴
2025-07-17 01:00:00,PV_STATION_P_01,0.0,0.0,0.0,阴
2025-07-17 02:00:00,PV_STATION_P_01,0.0,0.0,0.0,阴
2025-07-17 03:00:00,PV_STATION_P_01,0.0,0.0,0.0,阴
2025-07-17 04:00:00,PV_STATION_P_01,0.0,0.0,0.0,阴
2025-07-17 05:00:00,PV_STATION_P_01,0.0,0.0,0.0,阴
2025-07-17 06:00:00,PV_STATION_P_01,0.0,0.0,0.0,阴
2025-07-17 07:00:00,PV_STATION_P_01,29.67,127.42,28.4,阴
2025-07-17 08:00:00,PV_STATION_P_01,132.35,436.22,108.6,阴
2025-07-17 09:00:00,PV_STATION_P_01,218.77,713.22,179.6,阴
2025-07-17 10:00:00,PV_STATION_P_01,272.83,938.23,228.8,阴
2025-07-17 11:00:00,PV_STATION_P_01,323.31,1094.84,273.2,阴
2025-07-17 12:00:00,PV_STATION_P_01,335.32,1171.63,299.1,阴
2025-07-17 13:00:00,PV_STATION_P_01,321.02,1163.02,282.2,阴
2025-07-17 14:00:00,PV_STATION_P_01,318.65,1069.62,279.2,阴
2025-07-17 15:00:00,PV_STATION_P_01,263.4,898.24,231.1,阴
2025-07-17 16:00:00,PV_STATION_P_01,182.87,661.38,163.9,阴
2025-07-17 17:00:00,PV_STATION_P_01,106.55,376.31,90.2,阴
2025-07-17 18:00:00,PV_STATION_P_01,9.06,63.8,15.9,阴
2025-07-17 19:00:00,PV_STATION_P_01,0.0,0.0,0.0,阴
2025-07-17 20:00:00,PV_STATION_P_01,0.0,0.0,0.0,阴
2025-07-17 21:00:00,PV_STATION_P_01,0.0,0.0,0.0,阴
2025-07-17 22:00:00,PV_STATION_P_01,0.0,0.0,0.0,阴
2025-07-17 23:00:00,PV_STATION_P_01,0.0,0.0,0.0,阴
2025-07-18 00:00:00,PV_STATION_P_01,0.0,0.0,0.0,多云
2025-07-18 01:00:00,PV_STATION_P_01,0.0,0.0,0.0,多云
2025-07-18 02:00:00,PV_STATION_P_01,0.0,0.0,0.0,多云
2025-07-18 03:00:00,PV_STATION_P_01,0.0,0.0,0.0,多云
2025-07-18 04:00:00,PV_STATION_P_01,0.0,0.0,0.0,多云
2025-07-18 05:00:00,PV_STATION_P_01,0.0,0.0,0.0,多云
2025-07-18 06:00:00,PV_STATION_P_01,0.0,0.0,0.0,多云
2025-07-18 07:00:00,PV_STATION_P_01,91.31,127.27,77.1,多云
2025-07-18 08:00:00,PV_STATION_P_01,269.86,435.71,226.2,多云
2025-07-18 09:00:00,PV_STATION_P_01,422.45,712.39,381.9,多云
2025-07-18 10:00:00,PV_STATION_P_01,556.26,937.13,490.2,多云
2025-07-18 11:00:00,PV_STATION_P_01,679.37,1093.55,618.7,多云
2025-07-18 12:00:00,PV_STATION_P_01,670.37,1170.26,606.9,多云
2025-07-18 13:00:00,PV_STATION_P_01,752.03,1161.65,697.1,多云
2025-07-18 14:00:00,PV_STATION_P_01,632.63,1068.36,590.0,多云
2025-07-18 15:00:00,PV_STATION_P_01,538.16,897.19,503.6,多云
2025-07-18 16:00:00,PV_STATION_P_01,403.4,660.61,371.7,多云
2025-07-18 17:00:00,PV_STATION_P_01,240.45,375.87,206.5,多云
2025-07-18 18:00:00,PV_STATION_P_01,36.58,63.73,35.3,多云
2025-07-18 19:00:00,PV_STATION_P_01,0.0,0.0,0.0,多云
2025-07-18 20:00:00,PV_STATION_P_01,0.0,0.0,0.0,多云
2025-07-18 21:00:00,PV_STATION_P_01,0.0,0.0,0.0,多云
2025-07-18 22:00:00,PV_STATION_P_01,0.0,0.0,0.0,多云
2025-07-18 23:00:00,PV_STATION_P_01,0.0,0.0,0.0,多云
2025-07-19 00:00:00,PV_STATION_P_01,0.0,0.0,0.0,晴
2025-07-19 01:00:00,PV_STATION_P_01,0.0,0.0,0.0,晴
2025-07-19 02:00:00,PV_STATION_P_01,0.0,0.0,0.0,晴
2025-07-19 03:00:00,PV_STATION_P_01,0.0,0.0,0.0,晴
2025-07-19 04:00:00,PV_STATION_P_01,0.0,0.0,0.0,晴
2025-07-19 05:00:00,PV_STATION_P_01,0.0,0.0,0.0,晴
2025-07-19 06:00:00,PV_STATION_P_01,0.0,0.0,0.0,晴
2025-07-19 07:00:00,PV_STATION_P_01,118.92,127.12,102.9,晴
2025-07-19 08:00:00,PV_STATION_P_01,382.18,435.18,341.5,晴
2025-07-19 09:00:00,PV_STATION_P_01,657.49,711.52,592.9,晴
2025-07-19 10:00:00,PV_STATION_P_01,852.12,935.99,780.0,晴
2025-07-19 11:00:00,PV_STATION_P_01,950.9,1092.22,893.6,晴
2025-07-19 12:00:00,PV_STATION_P_01,991.9,1168.83,936.9,晴
2025-07-19 13:00:00,PV_STATION_P_01,1002.06,1160.24,966.9,晴
2025-07-19 14:00:00,PV_STATION_P_01,910.7,1067.06,857.9,晴
2025-07-19 15:00:00,PV_STATION_P_01,774.41,896.09,720.5,晴
2025-07-19 16:00:00,PV_STATION_P_01,598.84,659.8,543.2,晴
2025-07-19 17:00:00,PV_STATION_P_01,356.0,375.41,311.2,晴
2025-07-19 18:00:00,PV_STATION_P_01,48.45,63.65,53.0,晴
2025-07-19 19:00:00,PV_STATION_P_01,0.0,0.0,0.0,晴
2025-07-19 20:00:00,PV_STATION_P_01,0.0,0.0,0.0,晴
2025-07-19 21:00:00,PV_STATION_P_01,0.0,0.0,0.0,晴
2025-07-19 22:00:00,PV_STATION_P_01,0.0,0.0,0.0,晴
2025-07-19 23:00:00,PV_STATION_P_01,0.0,0.0,0.0,晴
2025-07-20 00:00:00,PV_STATION_P_01,0.0,0.0,0.0,晴
2025-07-20 01:00:00,PV_STATION_P_01,0.0,0.0,0.0,晴
2025-07-20 02:00:00,PV_STATION_P_01,0.0,0.0,0.0,晴
2025-07-20 03:00:00,PV_STATION_P_01,0.0,0.0,0.0,晴
2025-07-20 04:00:00,PV_STATION_P_01,0.0,0.0,0.0,晴
2025-07-20 05:00:00,PV_STATION_P_01,0.0,0.0,0.0,晴
2025-07-20 06:00:00,PV_STATION_P_01,0.0,0.0,0.0,晴
2025-07-20 07:00:00,PV_STATION_P_01,128.8,126.96,102.0,晴
2025-07-20 08:00:00,PV_STATION_P_01,416.78,434.63,362.2,晴
2025-07-20 09:00:00,PV_STATION_P_01,639.5,710.62,584.2,晴
2025-07-20 10:00:00,PV_STATION_P_01,816.56,934.81,752.9,晴
2025-07-20 11:00:00,PV_STATION_P_01,962.4,1090.85,909.0,晴
2025-07-20 12:00:00,PV_STATION_P_01,1027.31,1167.36,972.8,晴
2025-07-20 13:00:00,PV_STATION_P_01,1003.72,1158.78,965.6,晴
2025-07-20 14:00:00,PV_STATION_P_01,948.88,1065.72,888.1,晴
2025-07-20 15:00:00,PV_STATION_P_01,774.2,894.97,745.8,晴
2025-07-20 16:00:00,PV_STATION_P_01,568.05,658.97,516.0,晴
2025-07-20 17:00:00,PV_STATION_P_01,354.16,374.94,312.4,晴
2025-07-20 18:00:00,PV_STATION_P_01,76.05,63.57,50.9,晴
2025-07-20 19:00:00,PV_STATION_P_01,0.0,0.0,0.0,晴
2025-07-20 20:00:00,PV_STATION_P_01,0.0,0.0,0.0,晴
2025-07-20 21:00:00,PV_STATION_P_01,0.0,0.0,0.0,晴
2025-07-20 22:00:00,PV_STATION_P_01,0.0,0.0,0.0,晴
2025-07-20 23:00:00,PV_STATION_P_01,0.0,0.0,0.0,晴
2025-07-21 00:00:00,PV_STATION_P_01,0.0,0.0,0.0,晴
2025-07-21 01:00:00,PV_STATION_P_01,0.0,0.0,0.0,晴
2025-07-21 02:00:00,PV_STATION_P_01,0.0,0.0,0.0,晴
2025-07-21 03:00:00,PV_STATION_P_01,0.0,0.0,0.0,晴
2025-07-21 04:00:00,PV_STATION_P_01,0.0,0.0,0.0,晴
2025-07-21 05:00:00,PV_STATION_P_01,0.0,0.0,0.0,晴
2025-07-21 06:00:00,PV_STATION_P_01,0.0,0.0,0.0,晴
2025-07-21 07:00:00,PV_STATION_P_01,129.72,126.79,105.7,晴
2025-07-21 08:00:00,PV_STATION_P_01,413.93,434.07,361.7,晴
2025-07-21 09:00:00,PV_STATION_P_01,622.77,709.7,553.7,晴
2025-07-21 10:00:00,PV_STATION_P_01,826.56,933.59,778.0,晴
2025-07-21 11:00:00,PV_STATION_P_01,972.77,1089.43,907.9,晴
2025-07-21 12:00:00,PV_STATION_P_01,993.52,1165.84,937.6,晴
2025-07-21 13:00:00,PV_STATION_P_01,1002.75,1157.27,964.4,晴
2025-07-21 14:00:00,PV_STATION_P_01,915.11,1064.33,862.7,晴
2025-07-21 15:00:00,PV_STATION_P_01,790.72,893.8,733.7,晴
2025-07-21 16:00:00,PV_STATION_P_01,583.67,658.11,533.9,晴
2025-07-21 17:00:00,PV_STATION_P_01,344.13,374.45,307.2,晴
2025-07-21 18:00:00,PV_STATION_P_01,49.14,63.49,52.9,晴
2025-07-21 19:00:00,PV_STATION_P_01,0.0,0.0,0.0,晴
2025-07-21 20:00:00,PV_STATION_P_01,0.0,0.0,0.0,晴
2025-07-21 21:00:00,PV_STATION_P_01,0.0,0.0,0.0,晴
2025-07-21 22:00:00,PV_STATION_P_01,0.0,0.0,0.0,晴
2025-07-21 23:00:00,PV_STATION_P_01,0.0,0.0,0.0,晴
2025-07-22 00:00:00,PV_STATION_P_01,0.0,0.0,0.0,多云
2025-07-22 01:00:00,PV_STATION_P_01,0.0,0.0,0.0,多云
2025-07-22 02:00:00,PV_STATION_P_01,0.0,0.0,0.0,多云
2025-07-22 03:00:00,PV_STATION_P_01,0.0,0.0,0.0,多云
2025-07-22 04:00:00,PV_STATION_P_01,0.0,0.0,0.0,多云
2025-07-22 05:00:00,PV_STATION_P_01,0.0,0.0,0.0,多云
2025-07-22 06:00:00,PV_STATION_P_01,0.0,0.0,0.0,多云
2025-07-22 07:00:00,PV_STATION_P_01,53.69,126.62,65.2,多云
2025-07-22 08:00:00,PV_STATION_P_01,277.56,433.48,237.9,多云
2025-07-22 09:00:00,PV_STATION_P_01,465.54,708.75,411.6,多云
2025-07-22 10:00:00,PV_STATION_P_01,601.71,932.34,534.6,多云
2025-07-22 11:00:00,PV_STATION_P_01,656.29,1087.96,589.6,多云
2025-07-22 12:00:00,PV_STATION_P_01,694.08,1164.28,631.0,多云
2025-07-22 13:00:00,PV_STATION_P_01,702.57,1155.71,641.4,多云
2025-07-22 14:00:00,PV_STATION_P_01,695.13,1062.9,646.3,多云
2025-07-22 15:00:00,PV_STATION_P_01,552.24,892.6,501.1,多云
2025-07-22 16:00:00,PV_STATION_P_01,415.89,657.23,373.6,多云
2025-07-22 17:00:00,PV_STATION_P_01,262.25,373.95,229.0,多云
2025-07-22 18:00:00,PV_STATION_P_01,39.86,63.4,35.4,多云
2025-07-22 19:00:00,PV_STATION_P_01,0.0,0.0,0.0,多云
2025-07-22 20:00:00,PV_STATION_P_01,0.0,0.0,0.0,多云
2025-07-22 21:00:00,PV_STATION_P_01,0.0,0.0,0.0,多云
2025-07-22 22:00:00,PV_STATION_P_01,0.0,0.0,0.0,多云
2025-07-22 23:00:00,PV_STATION_P_01,0.0,0.0,0.0,多云
2025-07-23 00:00:00,PV_STATION_P_01,0.0,0.0,0.0,晴
2025-07-23 01:00:00,PV_STATION_P_01,0.0,0.0,0.0,晴
2025-07-23 02:00:00,PV_STATION_P_01,0.0,0.0,0.0,晴
2025-07-23 03:00:00,PV_STATION_P_01,0.0,0.0,0.0,晴
2025-07-23 04:00:00,PV_STATION_P_01,0.0,0.0,0.0,晴
2025-07-23 05:00:00,PV_STATION_P_01,0.0,0.0,0.0,晴
2025-07-23 06:00:00,PV_STATION_P_01,0.0,0.0,0.0,晴
2025-07-23 07:00:00,PV_STATION_P_01,118.96,126.45,104.8,晴
2025-07-23 08:00:00,PV_STATION_P_01,411.1,432.88,354.9,晴
2025-07-23 09:00:00,PV_STATION_P_01,621.13,707.76,546.0,晴
2025-07-23 10:00:00,PV_STATION_P_01,818.48,931.05,770.0,晴
2025-07-23 11:00:00,PV_STATION_P_01,946.76,1086.46,900.7,晴
2025-07-23 12:00:00,PV_STATION_P_01,993.27,1162.67,968.9,晴
2025-07-23 13:00:00,PV_STATION_P_01,1010.28,1154.11,961.8,晴
2025-07-23 14:00:00,PV_STATION_P_01,928.73,1061.43,884.5,晴
2025-07-23 15:00:00,PV_STATION_P_01,797.06,891.36,742.8,晴
2025-07-23 16:00:00,PV_STATION_P_01,593.28,656.32,546.9,晴
2025-07-23 17:00:00,PV_STATION_P_01,354.68,373.43,311.2,晴
2025-07-23 18:00:00,PV_STATION_P_01,66.8,63.32,52.5,晴
2025-07-23 19:00:00,PV_STATION_P_01,0.0,0.0,0.0,晴
2025-07-23 20:00:00,PV_STATION_P_01,0.0,0.0,0.0,晴
2025-07-23 21:00:00,PV_STATION_P_01,0.0,0.0,0.0,晴
2025-07-23 22:00:00,PV_STATION_P_01,0.0,0.0,0.0,晴
2025-07-23 23:00:00,PV_STATION_P_01,0.0,0.0,0.0,晴
2025-07-24 00:00:00,PV_STATION_P_01,0.0,0.0,0.0,晴
2025-07-24 01:00:00,PV_STATION_P_01,0.0,0.0,0.0,晴
2025-07-24 02:00:00,PV_STATION_P_01,0.0,0.0,0.0,晴
2025-07-24 03:00:00,PV_STATION_P_01,0.0,0.0,0.0,晴
2025-07-24 04:00:00,PV_STATION_P_01,0.0,0.0,0.0,晴
2025-07-24 05:00:00,PV_STATION_P_01,0.0,0.0,0.0,晴
2025-07-24 06:00:00,PV_STATION_P_01,0.0,0.0,0.0,晴
2025-07-24 07:00:00,PV_STATION_P_01,129.96,126.27,105.2,晴
2025-07-24 08:00:00,PV_STATION_P_01,402.64,432.27,344.4,晴
2025-07-24 09:00:00,PV_STATION_P_01,650.52,706.75,576.9,晴
2025-07-24 10:00:00,PV_STATION_P_01,847.83,929.72,774.8,晴
2025-07-24 11:00:00,PV_STATION_P_01,964.92,1084.91,904.1,晴
2025-07-24 12:00:00,PV_STATION_P_01,941.11,1161.01,880.8,晴
2025-07-24 13:00:00,PV_STATION_P_01,988.22,1152.47,939.4,晴
2025-07-24 14:00:00,PV_STATION_P_01,911.63,1059.92,850.7,晴
2025-07-24 15:00:00,PV_STATION_P_01,785.6,890.09,741.7,晴
2025-07-24 16:00:00,PV_STATION_P_01,584.69,655.38,527.1,晴
2025-07-24 17:00:00,PV_STATION_P_01,340.9,372.9,303.6,晴
2025-07-24 18:00:00,PV_STATION_P_01,61.06,63.23,51.4,晴
2025-07-24 19:00:00,PV_STATION_P_01,0.0,0.0,0.0,晴
2025-07-24 20:00:00,PV_STATION_P_01,0.0,0.0,0.0,晴
2025-07-24 21:00:00,PV_STATION_P_01,0.0,0.0,0.0,晴
2025-07-24 22:00:00,PV_STATION_P_01,0.0,0.0,0.0,晴
2025-07-24 23:00:00,PV_STATION_P_01,0.0,0.0,0.0,晴
2025-07-25 00:00:00,PV_STATION_P_01,0.0,0.0,0.0,阴
2025-07-25 01:00:00,PV_STATION_P_01,0.0,0.0,0.0,阴
2025-07-25 02:00:00,PV_STATION_P_01,0.0,0.0,0.0,阴
2025-07-25 03:00:00,PV_STATION_P_01,0.0,0.0,0.0,阴
2025-07-25 04:00:00,PV_STATION_P_01,0.0,0.0,0.0,阴
2025-07-25 05:00:00,PV_STATION_P_01,0.0,0.0,0.0,阴
2025-07-25 06:00:00,PV_STATION_P_01,0.0,0.0,0.0,阴
2025-07-25 07:00:00,PV_STATION_P_01,32.18,126.08,29.4,阴
2025-07-25 08:00:00,PV_STATION_P_01,124.46,431.63,111.2,阴
2025-07-25 09:00:00,PV_STATION_P_01,228.31,705.72,193.8,阴
2025-07-25 10:00:00,PV_STATION_P_01,286.15,928.36,253.3,阴
2025-07-25 11:00:00,PV_STATION_P_01,262.53,1083.32,224.1,阴
2025-07-25 12:00:00,PV_STATION_P_01,367.29,1159.3,321.4,阴
2025-07-25 13:00:00,PV_STATION_P_01,344.72,1150.78,301.5,阴
2025-07-25 14:00:00,PV_STATION_P_01,250.83,1058.36,234.1,阴
2025-07-25 15:00:00,PV_STATION_P_01,232.54,888.79,213.7,阴
2025-07-25 16:00:00,PV_STATION_P_01,198.11,654.42,173.9,阴
2025-07-25 17:00:00,PV_STATION_P_01,110.32,372.35,94.8,阴
2025-07-25 18:00:00,PV_STATION_P_01,24.26,63.13,15.3,阴
2025-07-25 19:00:00,PV_STATION_P_01,0.0,0.0,0.0,阴
2025-07-25 20:00:00,PV_STATION_P_01,0.0,0.0,0.0,阴
2025-07-25 21:00:00,PV_STATION_P_01,0.0,0.0,0.0,阴
2025-07-25 22:00:00,PV_STATION_P_01,0.0,0.0,0.0,阴
2025-07-25 23:00:00,PV_STATION_P_01,0.0,0.0,0.0,阴
2025-07-26 00:00:00,PV_STATION_P_01,0.0,0.0,0.0,阴
2025-07-26 01:00:00,PV_STATION_P_01,0.0,0.0,0.0,阴
2025-07-26 02:00:00,PV_STATION_P_01,0.0,0.0,0.0,阴
2025-07-26 03:00:00,PV_STATION_P_01,0.0,0.0,0.0,阴
2025-07-26 04:00:00,PV_STATION_P_01,0.0,0.0,0.0,阴
2025-07-26 05:00:00,PV_STATION_P_01,0.0,0.0,0.0,阴
2025-07-26 06:00:00,PV_STATION_P_01,0.0,0.0,0.0,阴
2025-07-26 07:00:00,PV_STATION_P_01,35.65,125.89,32.8,阴
2025-07-26 08:00:00,PV_STATION_P_01,119.02,430.98,103.4,阴
2025-07-26 09:00:00,PV_STATION_P_01,213.6,704.65,170.4,阴
2025-07-26 10:00:00,PV_STATION_P_01,265.8,926.96,229.6,阴
2025-07-26 11:00:00,PV_STATION_P_01,304.66,1081.68,258.1,阴
2025-07-26 12:00:00,PV_STATION_P_01,347.58,1157.56,303.6,阴
2025-07-26 13:00:00,PV_STATION_P_01,307.22,1149.04,274.5,阴
2025-07-26 14:00:00,PV_STATION_P_01,291.9,1056.76,257.2,阴
2025-07-26 15:00:00,PV_STATION_P_01,250.45,887.45,213.4,阴
2025-07-26 16:00:00,PV_STATION_P_01,196.7,653.44,171.6,阴
2025-07-26 17:00:00,PV_STATION_P_01,104.28,371.79,91.9,阴
2025-07-26 18:00:00,PV_STATION_P_01,14.63,63.04,17.3,阴
2025-07-26 19:00:00,PV_STATION_P_01,0.0,0.0,0.0,阴
2025-07-26 20:00:00,PV_STATION_P_01,0.0,0.0,0.0,阴
2025-07-26 21:00:00,PV_STATION_P_01,0.0,0.0,0.0,阴
2025-07-26 22:00:00,PV_STATION_P_01,0.0,0.0,0.0,阴
2025-07-26 23:00:00,PV_STATION_P_01,0.0,0.0,0.0,阴
2025-07-27 00:00:00,PV_STATION_P_01,0.0,0.0,0.0,阴
2025-07-27 01:00:00,PV_STATION_P_01,0.0,0.0,0.0,阴
2025-07-27 02:00:00,PV_STATION_P_01,0.0,0.0,0.0,阴
2025-07-27 03:00:00,PV_STATION_P_01,0.0,0.0,0.0,阴
2025-07-27 04:00:00,PV_STATION_P_01,0.0,0.0,0.0,阴
2025-07-27 05:00:00,PV_STATION_P_01,0.0,0.0,0.0,阴
2025-07-27 06:00:00,PV_STATION_P_01,0.0,0.0,0.0,阴
2025-07-27 07:00:00,PV_STATION_P_01,46.1,125.7,33.6,阴
2025-07-27 08:00:00,PV_STATION_P_01,122.6,430.32,109.9,阴
2025-07-27 09:00:00,PV_STATION_P_01,214.45,703.56,174.5,阴
2025-07-27 10:00:00,PV_STATION_P_01,269.96,925.52,239.4,阴
2025-07-27 11:00:00,PV_STATION_P_01,316.48,1080.01,269.5,阴
2025-07-27 12:00:00,PV_STATION_P_01,337.32,1155.76,291.6,阴
2025-07-27 13:00:00,PV_STATION_P_01,352.62,1147.26,304.4,阴
2025-07-27 14:00:00,PV_STATION_P_01,299.48,1055.13,248.4,阴
2025-07-27 15:00:00,PV_STATION_P_01,246.73,886.07,212.0,阴
2025-07-27 16:00:00,PV_STATION_P_01,172.68,652.42,159.7,阴
2025-07-27 17:00:00,PV_STATION_P_01,111.23,371.21,91.5,阴
2025-07-27 18:00:00,PV_STATION_P_01,6.25,62.94,16.6,阴
2025-07-27 19:00:00,PV_STATION_P_01,0.0,0.0,0.0,阴
2025-07-27 20:00:00,PV_STATION_P_01,0.0,0.0,0.0,阴
2025-07-27 21:00:00,PV_STATION_P_01,0.0,0.0,0.0,阴
2025-07-27 22:00:00,PV_STATION_P_01,0.0,0.0,0.0,阴
2025-07-27 23:00:00,PV_STATION_P_01,0.0,0.0,0.0,阴
2025-07-28 00:00:00,PV_STATION_P_01,0.0,0.0,0.0,雨
2025-07-28 01:00:00,PV_STATION_P_01,0.0,0.0,0.0,雨
2025-07-28 02:00:00,PV_STATION_P_01,0.0,0.0,0.0,雨
2025-07-28 03:00:00,PV_STATION_P_01,0.0,0.0,0.0,雨
2025-07-28 04:00:00,PV_STATION_P_01,0.0,0.0,0.0,雨
2025-07-28 05:00:00,PV_STATION_P_01,0.0,0.0,0.0,雨
2025-07-28 06:00:00,PV_STATION_P_01,0.0,0.0,0.0,雨
2025-07-28 07:00:00,PV_STATION_P_01,15.24,125.5,14.8,雨
2025-07-28 08:00:00,PV_STATION_P_01,72.49,429.63,53.2,雨
2025-07-28 09:00:00,PV_STATION_P_01,95.44,702.45,86.0,雨
2025-07-28 10:00:00,PV_STATION_P_01,114.19,924.05,108.4,雨
2025-07-28 11:00:00,PV_STATION_P_01,143.85,1078.29,123.1,雨
2025-07-28 12:00:00,PV_STATION_P_01,156.33,1153.93,135.5,雨
2025-07-28 13:00:00,PV_STATION_P_01,160.16,1145.44,132.9,雨
2025-07-28 14:00:00,PV_STATION_P_01,135.68,1053.45,125.1,雨
2025-07-28 15:00:00,PV_STATION_P_01,129.27,884.67,108.5,雨
2025-07-28 16:00:00,PV_STATION_P_01,93.31,651.39,77.8,雨
2025-07-28 17:00:00,PV_STATION_P_01,53.36,370.62,43.6,雨
2025-07-28 18:00:00,PV_STATION_P_01,15.57,62.84,7.1,雨
2025-07-28 19:00:00,PV_STATION_P_01,0.0,0.0,0.0,雨
2025-07-28 20:00:00,PV_STATION_P_01,0.0,0.0,0.0,雨
2025-07-28 21:00:00,PV_STATION_P_01,0.0,0.0,0.0,雨
2025-07-28 22:00:00,PV_STATION_P_01,0.0,0.0,0.0,雨
2025-07-28 23:00:00,PV_STATION_P_01,0.0,0.0,0.0,雨
2025-07-29 00:00:00,PV_STATION_P_01,0.0,0.0,0.0,晴
2025-07-29 01:00:00,PV_STATION_P_01,0.0,0.0,0.0,晴
2025-07-29 02:00:00,PV_STATION_P_01,0.0,0.0,0.0,晴
2025-07-29 03:00:00,PV_STATION_P_01,0.0,0.0,0.0,晴
2025-07-29 04:00:00,PV_STATION_P_01,0.0,0.0,0.0,晴
2025-07-29 05:00:00,PV_STATION_P_01,0.0,0.0,0.0,晴
2025-07-29 06:00:00,PV_STATION_P_01,0.0,0.0,0.0,晴
2025-07-29 07:00:00,PV_STATION_P_01,130.07,125.29,104.4,晴
2025-07-29 08:00:00,PV_STATION_P_01,374.87,428.93,341.0,晴
2025-07-29 09:00:00,PV_STATION_P_01,632.3,701.3,580.7,晴
2025-07-29 10:00:00,PV_STATION_P_01,808.07,922.55,753.9,晴
2025-07-29 11:00:00,PV_STATION_P_01,956.38,1076.54,897.1,晴
2025-07-29 12:00:00,PV_STATION_P_01,968.66,1152.05,913.9,晴
2025-07-29 13:00:00,PV_STATION_P_01,995.33,1143.58,945.3,晴
2025-07-29 14:00:00,PV_STATION_P_01,923.37,1051.74,860.5,晴
2025-07-29 15:00:00,PV_STATION_P_01,756.53,883.23,689.9,晴
2025-07-29 16:00:00,PV_STATION_P_01,559.03,650.33,506.5,晴
2025-07-29 17:00:00,PV_STATION_P_01,348.84,370.02,308.4,晴
2025-07-29 18:00:00,PV_STATION_P_01,57.63,62.74,52.3,晴
2025-07-29 19:00:00,PV_STATION_P_01,0.0,0.0,0.0,晴
2025-07-29 20:00:00,PV_STATION_P_01,0.0,0.0,0.0,晴
2025-07-29 21:00:00,PV_STATION_P_01,0.0,0.0,0.0,晴
2025-07-29 22:00:00,PV_STATION_P_01,0.0,0.0,0.0,晴
2025-07-29 23:00:00,PV_STATION_P_01,0.0,0.0,0.0,晴
2025-07-30 00:00:00,PV_STATION_P_01,0.0,0.0,0.0,晴
2025-07-30 01:00:00,PV_STATION_P_01,0.0,0.0,0.0,晴
2025-07-30 02:00:00,PV_STATION_P_01,0.0,0.0,0.0,晴
2025-07-30 03:00:00,PV_STATION_P_01,0.0,0.0,0.0,晴
2025-07-30 04:00:00,PV_STATION_P_01,0.0,0.0,0.0,晴
2025-07-30 05:00:00,PV_STATION_P_01,0.0,0.0,0.0,晴
2025-07-30 06:00:00,PV_STATION_P_01,0.0,0.0,0.0,晴
2025-07-30 07:00:00,PV_STATION_P_01,120.62,125.08,103.8,晴
2025-07-30 08:00:00,PV_STATION_P_01,420.2,428.22,356.8,晴
2025-07-30 09:00:00,PV_STATION_P_01,665.56,700.13,583.4,晴
2025-07-30 10:00:00,PV_STATION_P_01,833.37,921.01,767.5,晴
2025-07-30 11:00:00,PV_STATION_P_01,930.76,1074.74,873.7,晴
2025-07-30 12:00:00,PV_STATION_P_01,997.45,1150.13,958.4,晴
2025-07-30 13:00:00,PV_STATION_P_01,991.85,1141.67,951.4,晴
2025-07-30 14:00:00,PV_STATION_P_01,906.79,1049.98,850.7,晴
2025-07-30 15:00:00,PV_STATION_P_01,767.25,881.75,734.8,晴
2025-07-30 16:00:00,PV_STATION_P_01,585.11,649.24,541.0,晴
2025-07-30 17:00:00,PV_STATION_P_01,355.86,369.4,307.8,晴
2025-07-30 18:00:00,PV_STATION_P_01,59.5,62.63,49.6,晴
2025-07-30 19:00:00,PV_STATION_P_01,0.0,0.0,0.0,晴
2025-07-30 20:00:00,PV_STATION_P_01,0.0,0.0,0.0,晴
2025-07-30 21:00:00,PV_STATION_P_01,0.0,0.0,0.0,晴
2025-07-30 22:00:00,PV_STATION_P_01,0.0,0.0,0.0,晴
2025-07-30 23:00:00,PV_STATION_P_01,0.0,0.0,0.0,晴
2025-07-31 00:00:00,PV_STATION_P_01,0.0,0.0,0.0,晴
2025-07-31 01:00:00,PV_STATION_P_01,0.0,0.0,0.0,晴
2025-07-31 02:00:00,PV_STATION_P_01,0.0,0.0,0.0,晴
2025-07-31 03:00:00,PV_STATION_P_01,0.0,0.0,0.0,晴
2025-07-31 04:00:00,PV_STATION_P_01,0.0,0.0,0.0,晴
2025-07-31 05:00:00,PV_STATION_P_01,0.0,0.0,0.0,晴
2025-07-31 06:00:00,PV_STATION_P_01,0.0,0.0,0.0,晴
2025-07-31 07:00:00,PV_STATION_P_01,118.34,124.87,104.1,晴
2025-07-31 08:00:00,PV_STATION_P_01,405.24,427.49,356.2,晴
2025-07-31 09:00:00,PV_STATION_P_01,658.45,698.94,582.4,晴
2025-07-31 10:00:00,PV_STATION_P_01,847.45,919.43,766.2,晴
2025-07-31 11:00:00,PV_STATION_P_01,942.68,1072.91,894.1,晴
2025-07-31 12:00:00,PV_STATION_P_01,1009.39,1148.16,952.7,晴
2025-07-31 13:00:00,PV_STATION_P_01,981.56,1139.72,949.8,晴
2025-07-31 14:00:00,PV_STATION_P_01,916.88,1048.19,864.3,晴
2025-07-31 15:00:00,PV_STATION_P_01,784.24,880.25,733.5,晴
2025-07-31 16:00:00,PV_STATION_P_01,573.92,648.13,530.9,晴
2025-07-31 17:00:00,PV_STATION_P_01,335.8,368.77,299.6,晴
2025-07-31 18:00:00,PV_STATION_P_01,41.38,62.53,49.7,晴
2025-07-31 19:00:00,PV_STATION_P_01,0.0,0.0,0.0,晴
2025-07-31 20:00:00,PV_STATION_P_01,0.0,0.0,0.0,晴
2025-07-31 21:00:00,PV_STATION_P_01,0.0,0.0,0.0,晴
2025-07-31 22:00:00,PV_STATION_P_01,0.0,0.0,0.0,晴
2025-07-31 23:00:00,PV_STATION_P_01,0.0,0.0,0.0,晴
2025-08-01 00:00:00,PV_STATION_P_01,0.0,0.0,0.0,晴
2025-08-01 01:00:00,PV_STATION_P_01,0.0,0.0,0.0,晴
2025-08-01 02:00:00,PV_STATION_P_01,0.0,0.0,0.0,晴
2025-08-01 03:00:00,PV_STATION_P_01,0.0,0.0,0.0,晴
2025-08-01 04:00:00,PV_STATION_P_01,0.0,0.0,0.0,晴
2025-08-01 05:00:00,PV_STATION_P_01,0.0,0.0,0.0,晴
2025-08-01 06:00:00,PV_STATION_P_01,0.0,0.0,0.0,晴
2025-08-01 07:00:00,PV_STATION_P_01,127.84,124.65,103.9,晴
2025-08-01 08:00:00,PV_STATION_P_01,419.7,426.74,351.2,晴
2025-08-01 09:00:00,PV_STATION_P_01,655.33,697.72,581.4,晴
2025-08-01 10:00:00,PV_STATION_P_01,836.64,917.83,764.9,晴
2025-08-01 11:00:00,PV_STATION_P_01,909.2,1071.03,858.4,晴
2025-08-01 12:00:00,PV_STATION_P_01,952.51,1146.16,914.3,晴
2025-08-01 13:00:00,PV_STATION_P_01,1000.66,1137.73,948.1,晴
2025-08-01 14:00:00,PV_STATION_P_01,864.56,1046.36,804.7,晴
2025-08-01 15:00:00,PV_STATION_P_01,753.5,878.71,684.0,晴
2025-08-01 16:00:00,PV_STATION_P_01,612.76,647.0,539.2,晴
2025-08-01 17:00:00,PV_STATION_P_01,359.09,368.13,306.8,晴
2025-08-01 18:00:00,PV_STATION_P_01,59.91,62.42,52.0,晴
2025-08-01 19:00:00,PV_STATION_P_01,0.0,0.0,0.0,晴
2025-08-01 20:00:00,PV_STATION_P_01,0.0,0.0,0.0,晴
2025-08-01 21:00:00,PV_STATION_P_01,0.0,0.0,0.0,晴
2025-08-01 22:00:00,PV_STATION_P_01,0.0,0.0,0.0,晴
2025-08-01 23:00:00,PV_STATION_P_01,0.0,0.0,0.0,晴
2025-08-02 00:00:00,PV_STATION_P_01,0.0,0.0,0.0,晴
2025-08-02 01:00:00,PV_STATION_P_01,0.0,0.0,0.0,晴
2025-08-02 02:00:00,PV_STATION_P_01,0.0,0.0,0.0,晴
2025-08-02 03:00:00,PV_STATION_P_01,0.0,0.0,0.0,晴
2025-08-02 04:00:00,PV_STATION_P_01,0.0,0.0,0.0,晴
2025-08-02 05:00:00,PV_STATION_P_01,0.0,0.0,0.0,晴
2025-08-02 06:00:00,PV_STATION_P_01,0.0,0.0,0.0,晴
2025-08-02 07:00:00,PV_STATION_P_01,120.05,124.43,101.4,晴
2025-08-02 08:00:00,PV_STATION_P_01,412.01,425.98,355.0,晴
2025-08-02 09:00:00,PV_STATION_P_01,604.36,696.47,533.7,晴
2025-08-02 10:00:00,PV_STATION_P_01,842.41,916.19,763.5,晴
2025-08-02 11:00:00,PV_STATION_P_01,947.27,1069.12,890.9,晴
2025-08-02 12:00:00,PV_STATION_P_01,978.41,1144.11,924.5,晴
2025-08-02 13:00:00,PV_STATION_P_01,979.06,1135.7,946.4,晴
2025-08-02 14:00:00,PV_STATION_P_01,917.06,1044.49,859.7,晴
2025-08-02 15:00:00,PV_STATION_P_01,783.85,877.14,722.5,晴
2025-08-02 16:00:00,PV_STATION_P_01,569.76,645.85,510.5,晴
2025-08-02 17:00:00,PV_STATION_P_01,335.32,367.47,306.2,晴
2025-08-02 18:00:00,PV_STATION_P_01,53.53,62.31,51.9,晴
2025-08-02 19:00:00,PV_STATION_P_01,0.0,0.0,0.0,晴
2025-08-02 20:00:00,PV_STATION_P_01,0.0,0.0,0.0,晴
2025-08-02 21:00:00,PV_STATION_P_01,0.0,0.0,0.0,晴
2025-08-02 22:00:00,PV_STATION_P_01,0.0,0.0,0.0,晴
2025-08-02 23:00:00,PV_STATION_P_01,0.0,0.0,0.0,晴
2025-08-03 00:00:00,PV_STATION_P_01,0.0,0.0,0.0,多云
2025-08-03 01:00:00,PV_STATION_P_01,0.0,0.0,0.0,多云
2025-08-03 02:00:00,PV_STATION_P_01,0.0,0.0,0.0,多云
2025-08-03 03:00:00,PV_STATION_P_01,0.0,0.0,0.0,多云
2025-08-03 04:00:00,PV_STATION_P_01,0.0,0.0,0.0,多云
2025-08-03 05:00:00,PV_STATION_P_01,0.0,0.0,0.0,多云
2025-08-03 06:00:00,PV_STATION_P_01,0.0,0.0,0.0,多云
2025-08-03 07:00:00,PV_STATION_P_01,80.26,124.2,67.2,多云
2025-08-03 08:00:00,PV_STATION_P_01,294.55,425.2,259.0,多云
2025-08-03 09:00:00,PV_STATION_P_01,449.74,695.2,389.1,多云
2025-08-03 10:00:00,PV_STATION_P_01,568.21,914.52,502.3,多云
2025-08-03 11:00:00,PV_STATION_P_01,609.45,1067.17,562.3,多云
2025-08-03 12:00:00,PV_STATION_P_01,687.64,1142.03,621.6,多云
2025-08-03 13:00:00,PV_STATION_P_01,690.52,1133.63,636.0,多云
2025-08-03 14:00:00,PV_STATION_P_01,640.2,1042.59,576.2,多云
2025-08-03 15:00:00,PV_STATION_P_01,591.91,875.54,525.5,多云
2025-08-03 16:00:00,PV_STATION_P_01,393.24,644.67,347.7,多云
2025-08-03 17:00:00,PV_STATION_P_01,234.47,366.8,208.6,多云
2025-08-03 18:00:00,PV_STATION_P_01,47.52,62.19,32.3,多云
2025-08-03 19:00:00,PV_STATION_P_01,0.0,0.0,0.0,多云
2025-08-03 20:00:00,PV_STATION_P_01,0.0,0.0,0.0,多云
2025-08-03 21:00:00,PV_STATION_P_01,0.0,0.0,0.0,多云
2025-08-03 22:00:00,PV_STATION_P_01,0.0,0.0,0.0,多云
2025-08-03 23:00:00,PV_STATION_P_01,0.0,0.0,0.0,多云
2025-08-04 00:00:00,PV_STATION_P_01,0.0,0.0,0.0,晴
2025-08-04 01:00:00,PV_STATION_P_01,0.0,0.0,0.0,晴
2025-08-04 02:00:00,PV_STATION_P_01,0.0,0.0,0.0,晴
2025-08-04 03:00:00,PV_STATION_P_01,0.0,0.0,0.0,晴
2025-08-04 04:00:00,PV_STATION_P_01,0.0,0.0,0.0,晴
2025-08-04 05:00:00,PV_STATION_P_01,0.0,0.0,0.0,晴
2025-08-04 06:00:00,PV_STATION_P_01,0.0,0.0,0.0,晴
2025-08-04 07:00:00,PV_STATION_P_01,122.33,123.97,103.3,晴
2025-08-04 08:00:00,PV_STATION_P_01,408.86,424.41,353.7,晴
2025-08-04 09:00:00,PV_STATION_P_01,629.35,693.91,563.2,晴
2025-08-04 10:00:00,PV_STATION_P_01,821.02,912.82,760.7,晴
2025-08-04 11:00:00,PV_STATION_P_01,926.74,1065.18,864.7,晴
2025-08-04 12:00:00,PV_STATION_P_01,938.67,1139.9,896.5,晴
2025-08-04 13:00:00,PV_STATION_P_01,986.0,1131.52,933.2,晴
2025-08-04 14:00:00,PV_STATION_P_01,911.96,1040.64,855.2,晴
2025-08-04 15:00:00,PV_STATION_P_01,778.04,873.91,728.3,晴
2025-08-04 16:00:00,PV_STATION_P_01,544.1,643.47,497.3,晴
2025-08-04 17:00:00,PV_STATION_P_01,339.72,366.12,305.1,晴
2025-08-04 18:00:00,PV_STATION_P_01,54.93,62.08,50.1,晴
2025-08-04 19:00:00,PV_STATION_P_01,0.0,0.0,0.0,晴
2025-08-04 20:00:00,PV_STATION_P_01,0.0,0.0,0.0,晴
2025-08-04 21:00:00,PV_STATION_P_01,0.0,0.0,0.0,晴
2025-08-04 22:00:00,PV_STATION_P_01,0.0,0.0,0.0,晴
2025-08-04 23:00:00,PV_STATION_P_01,0.0,0.0,0.0,晴
2025-08-05 00:00:00,PV_STATION_P_01,0.0,0.0,0.0,多云
2025-08-05 01:00:00,PV_STATION_P_01,0.0,0.0,0.0,多云
2025-08-05 02:00:00,PV_STATION_P_01,0.0,0.0,0.0,多云
2025-08-05 03:00:00,PV_STATION_P_01,0.0,0.0,0.0,多云
2025-08-05 04:00:00,PV_STATION_P_01,0.0,0.0,0.0,多云
2025-08-05 05:00:00,PV_STATION_P_01,0.0,0.0,0.0,多云
2025-08-05 06:00:00,PV_STATION_P_01,0.0,0.0,0.0,多云
2025-08-05 07:00:00,PV_STATION_P_01,78.48,123.74,66.2,多云
2025-08-05 08:00:00,PV_STATION_P_01,291.23,423.6,256.6,多云
2025-08-05 09:00:00,PV_STATION_P_01,429.61,692.59,393.1,多云
2025-08-05 10:00:00,PV_STATION_P_01,550.72,911.08,493.7,多云
2025-08-05 11:00:00,PV_STATION_P_01,626.12,1063.16,555.9,多云
2025-08-05 12:00:00,PV_STATION_P_01,725.82,1137.73,660.4,多云
2025-08-05 13:00:00,PV_STATION_P_01,716.98,1129.37,668.8,多云
2025-08-05 14:00:00,PV_STATION_P_01,598.01,1038.67,538.5,多云
2025-08-05 15:00:00,PV_STATION_P_01,509.89,872.25,454.5,多云
2025-08-05 16:00:00,PV_STATION_P_01,402.43,642.25,358.2,多云
2025-08-05 17:00:00,PV_STATION_P_01,233.78,365.42,204.7,多云
2025-08-05 18:00:00,PV_STATION_P_01,40.25,61.96,34.9,多云
2025-08-05 19:00:00,PV_STATION_P_01,0.0,0.0,0.0,多云
2025-08-05 20:00:00,PV_STATION_P_01,0.0,0.0,0.0,多云
2025-08-05 21:00:00,PV_STATION_P_01,0.0,0.0,0.0,多云
2025-08-05 22:00:00,PV_STATION_P_01,0.0,0.0,0.0,多云
2025-08-05 23:00:00,PV_STATION_P_01,0.0,0.0,0.0,多云
2025-08-06 00:00:00,PV_STATION_P_01,0.0,0.0,0.0,阴
2025-08-06 01:00:00,PV_STATION_P_01,0.0,0.0,0.0,阴
2025-08-06 02:00:00,PV_STATION_P_01,0.0,0.0,0.0,阴
2025-08-06 03:00:00,PV_STATION_P_01,0.0,0.0,0.0,阴
2025-08-06 04:00:00,PV_STATION_P_01,0.0,0.0,0.0,阴
2025-08-06 05:00:00,PV_STATION_P_01,0.0,0.0,0.0,阴
2025-08-06 06:00:00,PV_STATION_P_01,0.0,0.0,0.0,阴
2025-08-06 07:00:00,PV_STATION_P_01,53.17,123.5,29.2,阴
2025-08-06 08:00:00,PV_STATION_P_01,131.07,422.78,107.1,阴
2025-08-06 09:00:00,PV_STATION_P_01,177.47,691.25,156.4,阴
2025-08-06 10:00:00,PV_STATION_P_01,260.72,909.32,229.5,阴
2025-08-06 11:00:00,PV_STATION_P_01,300.79,1061.1,266.0,阴
2025-08-06 12:00:00,PV_STATION_P_01,330.58,1135.53,286.2,阴
2025-08-06 13:00:00,PV_STATION_P_01,311.82,1127.18,269.6,阴
2025-08-06 14:00:00,PV_STATION_P_01,311.58,1036.66,262.1,阴
2025-08-06 15:00:00,PV_STATION_P_01,248.9,870.56,217.2,阴
2025-08-06 16:00:00,PV_STATION_P_01,196.62,641.0,170.7,阴
2025-08-06 17:00:00,PV_STATION_P_01,117.73,364.71,94.1,阴
2025-08-06 18:00:00,PV_STATION_P_01,27.69,61.84,14.3,阴
2025-08-06 19:00:00,PV_STATION_P_01,0.0,0.0,0.0,阴
2025-08-06 20:00:00,PV_STATION_P_01,0.0,0.0,0.0,阴
2025-08-06 21:00:00,PV_STATION_P_01,0.0,0.0,0.0,阴
2025-08-06 22:00:00,PV_STATION_P_01,0.0,0.0,0.0,阴
2025-08-06 23:00:00,PV_STATION_P_01,0.0,0.0,0.0,阴
2025-08-07 00:00:00,PV_STATION_P_01,0.0,0.0,0.0,多云
2025-08-07 01:00:00,PV_STATION_P_01,0.0,0.0,0.0,多云
2025-08-07 02:00:00,PV_STATION_P_01,0.0,0.0,0.0,多云
2025-08-07 03:00:00,PV_STATION_P_01,0.0,0.0,0.0,多云
2025-08-07 04:00:00,PV_STATION_P_01,0.0,0.0,0.0,多云
2025-08-07 05:00:00,PV_STATION_P_01,0.0,0.0,0.0,多云
2025-08-07 06:00:00,PV_STATION_P_01,0.0,0.0,0.0,多云
2025-08-07 07:00:00,PV_STATION_P_01,102.54,123.25,69.9,多云
2025-08-07 08:00:00,PV_STATION_P_01,270.33,421.95,235.0,多云
2025-08-07 09:00:00,PV_STATION_P_01,423.33,689.88,379.9,多云
2025-08-07 10:00:00,PV_STATION_P_01,549.83,907.52,486.8,多云
2025-08-07 11:00:00,PV_STATION_P_01,661.73,1059.01,608.6,多云
2025-08-07 12:00:00,PV_STATION_P_01,667.43,1133.29,609.8,多云
2025-08-07 13:00:00,PV_STATION_P_01,660.89,1124.95,598.9,多云
2025-08-07 14:00:00,PV_STATION_P_01,623.67,1034.61,580.7,多云
2025-08-07 15:00:00,PV_STATION_P_01,520.66,868.84,470.7,多云
2025-08-07 16:00:00,PV_STATION_P_01,427.58,639.74,374.4,多云
2025-08-07 17:00:00,PV_STATION_P_01,235.45,363.99,204.9,多云
2025-08-07 18:00:00,PV_STATION_P_01,42.58,61.72,32.6,多云
2025-08-07 19:00:00,PV_STATION_P_01,0.0,0.0,0.0,多云
2025-08-07 20:00:00,PV_STATION_P_01,0.0,0.0,0.0,多云
2025-08-07 21:00:00,PV_STATION_P_01,0.0,0.0,0.0,多云
2025-08-07 22:00:00,PV_STATION_P_01,0.0,0.0,0.0,多云
2025-08-07 23:00:00,PV_STATION_P_01,0.0,0.0,0.0,多云
2025-08-08 00:00:00,PV_STATION_P_01,0.0,0.0,0.0,多云
2025-08-08 01:00:00,PV_STATION_P_01,0.0,0.0,0.0,多云
2025-08-08 02:00:00,PV_STATION_P_01,0.0,0.0,0.0,多云
2025-08-08 03:00:00,PV_STATION_P_01,0.0,0.0,0.0,多云
2025-08-08 04:00:00,PV_STATION_P_01,0.0,0.0,0.0,多云
2025-08-08 05:00:00,PV_STATION_P_01,0.0,0.0,0.0,多云
2025-08-08 06:00:00,PV_STATION_P_01,0.0,0.0,0.0,多云
2025-08-08 07:00:00,PV_STATION_P_01,84.55,123.0,73.0,多云
2025-08-08 08:00:00,PV_STATION_P_01,263.41,421.1,236.7,多云
2025-08-08 09:00:00,PV_STATION_P_01,436.64,688.49,391.5,多云
2025-08-08 10:00:00,PV_STATION_P_01,543.39,905.7,475.8,多云
2025-08-08 11:00:00,PV_STATION_P_01,594.04,1056.88,542.8,多云
2025-08-08 12:00:00,PV_STATION_P_01,640.97,1131.01,586.4,多云
2025-08-08 13:00:00,PV_STATION_P_01,655.61,1122.69,590.5,多云
2025-08-08 14:00:00,PV_STATION_P_01,619.96,1032.53,574.3,多云
2025-08-08 15:00:00,PV_STATION_P_01,502.69,867.1,447.8,多云
2025-08-08 16:00:00,PV_STATION_P_01,402.75,638.45,355.5,多云
2025-08-08 17:00:00,PV_STATION_P_01,228.52,363.26,196.6,多云
2025-08-08 18:00:00,PV_STATION_P_01,34.15,61.59,32.9,多云
2025-08-08 19:00:00,PV_STATION_P_01,0.0,0.0,0.0,多云
2025-08-08 20:00:00,PV_STATION_P_01,0.0,0.0,0.0,多云
2025-08-08 21:00:00,PV_STATION_P_01,0.0,0.0,0.0,多云
2025-08-08 22:00:00,PV_STATION_P_01,0.0,0.0,0.0,多云
2025-08-08 23:00:00,PV_STATION_P_01,0.0,0.0,0.0,多云
2025-08-09 00:00:00,PV_STATION_P_01,0.0,0.0,0.0,晴
2025-08-09 01:00:00,PV_STATION_P_01,0.0,0.0,0.0,晴
2025-08-09 02:00:00,PV_STATION_P_01,0.0,0.0,0.0,晴
2025-08-09 03:00:00,PV_STATION_P_01,0.0,0.0,0.0,晴
2025-08-09 04:00:00,PV_STATION_P_01,0.0,0.0,0.0,晴
2025-08-09 05:00:00,PV_STATION_P_01,0.0,0.0,0.0,晴
2025-08-09 06:00:00,PV_STATION_P_01,0.0,0.0,0.0,晴
2025-08-09 07:00:00,PV_STATION_P_01,114.28,122.75,102.3,晴
2025-08-09 08:00:00,PV_STATION_P_01,400.58,420.24,347.2,晴
2025-08-09 09:00:00,PV_STATION_P_01,637.95,687.08,567.0,晴
2025-08-09 10:00:00,PV_STATION_P_01,819.52,903.84,753.2,晴
2025-08-09 11:00:00,PV_STATION_P_01,848.82,1054.71,791.3,晴
2025-08-09 12:00:00,PV_STATION_P_01,1000.61,1128.69,940.6,晴
2025-08-09 13:00:00,PV_STATION_P_01,973.25,1120.39,933.7,晴
2025-08-09 14:00:00,PV_STATION_P_01,901.49,1030.42,858.7,晴
2025-08-09 15:00:00,PV_STATION_P_01,765.35,865.32,705.8,晴
2025-08-09 16:00:00,PV_STATION_P_01,563.0,637.14,507.5,晴
2025-08-09 17:00:00,PV_STATION_P_01,325.05,362.52,285.8,晴
2025-08-09 18:00:00,PV_STATION_P_01,59.66,61.47,48.3,晴
2025-08-09 19:00:00,PV_STATION_P_01,0.0,0.0,0.0,晴
2025-08-09 20:00:00,PV_STATION_P_01,0.0,0.0,0.0,晴
2025-08-09 21:00:00,PV_STATION_P_01,0.0,0.0,0.0,晴
2025-08-09 22:00:00,PV_STATION_P_01,0.0,0.0,0.0,晴
2025-08-09 23:00:00,PV_STATION_P_01,0.0,0.0,0.0,晴
2025-08-10 00:00:00,PV_STATION_P_01,0.0,0.0,0.0,多云
2025-08-10 01:00:00,PV_STATION_P_01,0.0,0.0,0.0,多云
2025-08-10 02:00:00,PV_STATION_P_01,0.0,0.0,0.0,多云
2025-08-10 03:00:00,PV_STATION_P_01,0.0,0.0,0.0,多云
2025-08-10 04:00:00,PV_STATION_P_01,0.0,0.0,0.0,多云
2025-08-10 05:00:00,PV_STATION_P_01,0.0,0.0,0.0,多云
2025-08-10 06:00:00,PV_STATION_P_01,0.0,0.0,0.0,多云
2025-08-10 07:00:00,PV_STATION_P_01,69.85,122.5,72.1,多云
2025-08-10 08:00:00,PV_STATION_P_01,237.1,419.36,202.6,多云
2025-08-10 09:00:00,PV_STATION_P_01,492.78,685.65,421.1,多云
2025-08-10 10:00:00,PV_STATION_P_01,528.77,901.96,476.1,多云
2025-08-10 11:00:00,PV_STATION_P_01,631.15,1052.52,575.3,多云
2025-08-10 12:00:00,PV_STATION_P_01,696.38,1126.34,632.3,多云
2025-08-10 13:00:00,PV_STATION_P_01,688.9,1118.06,625.0,多云
2025-08-10 14:00:00,PV_STATION_P_01,649.57,1028.27,589.4,多云
2025-08-10 15:00:00,PV_STATION_P_01,532.0,863.52,489.4,多云
2025-08-10 16:00:00,PV_STATION_P_01,439.32,635.82,385.3,多云
2025-08-10 17:00:00,PV_STATION_P_01,238.59,361.76,206.2,多云
2025-08-10 18:00:00,PV_STATION_P_01,42.23,61.34,33.5,多云
2025-08-10 19:00:00,PV_STATION_P_01,0.0,0.0,0.0,多云
2025-08-10 20:00:00,PV_STATION_P_01,0.0,0.0,0.0,多云
2025-08-10 21:00:00,PV_STATION_P_01,0.0,0.0,0.0,多云
2025-08-10 22:00:00,PV_STATION_P_01,0.0,0.0,0.0,多云
2025-08-10 23:00:00,PV_STATION_P_01,0.0,0.0,0.0,多云
2025-08-11 00:00:00,PV_STATION_P_01,0.0,0.0,0.0,多云
2025-08-11 01:00:00,PV_STATION_P_01,0.0,0.0,0.0,多云
2025-08-11 02:00:00,PV_STATION_P_01,0.0,0.0,0.0,多云
2025-08-11 03:00:00,PV_STATION_P_01,0.0,0.0,0.0,多云
2025-08-11 04:00:00,PV_STATION_P_01,0.0,0.0,0.0,多云
2025-08-11 05:00:00,PV_STATION_P_01,0.0,0.0,0.0,多云
2025-08-11 06:00:00,PV_STATION_P_01,0.0,0.0,0.0,多云
2025-08-11 07:00:00,PV_STATION_P_01,87.94,122.24,67.8,多云
2025-08-11 08:00:00,PV_STATION_P_01,245.09,418.47,212.6,多云
2025-08-11 09:00:00,PV_STATION_P_01,408.05,684.2,353.2,多云
2025-08-11 10:00:00,PV_STATION_P_01,560.24,900.05,496.7,多云
2025-08-11 11:00:00,PV_STATION_P_01,647.37,1050.29,589.7,多云
2025-08-11 12:00:00,PV_STATION_P_01,654.71,1123.96,580.6,多云
2025-08-11 13:00:00,PV_STATION_P_01,689.15,1115.69,633.9,多云
2025-08-11 14:00:00,PV_STATION_P_01,562.47,1026.09,514.9,多云
2025-08-11 15:00:00,PV_STATION_P_01,454.76,861.69,410.8,多云
2025-08-11 16:00:00,PV_STATION_P_01,380.82,634.47,333.7,多云
2025-08-11 17:00:00,PV_STATION_P_01,249.16,361.0,212.2,多云
2025-08-11 18:00:00,PV_STATION_P_01,43.01,61.21,36.2,多云
2025-08-11 19:00:00,PV_STATION_P_01,0.0,0.0,0.0,多云
2025-08-11 20:00:00,PV_STATION_P_01,0.0,0.0,0.0,多云
2025-08-11 21:00:00,PV_STATION_P_01,0.0,0.0,0.0,多云
2025-08-11 22:00:00,PV_STATION_P_01,0.0,0.0,0.0,多云
2025-08-11 23:00:00,PV_STATION_P_01,0.0,0.0,0.0,多云
2025-08-12 00:00:00,PV_STATION_P_01,0.0,0.0,0.0,阴
2025-08-12 01:00:00,PV_STATION_P_01,0.0,0.0,0.0,阴
2025-08-12 02:00:00,PV_STATION_P_01,0.0,0.0,0.0,阴
2025-08-12 03:00:00,PV_STATION_P_01,0.0,0.0,0.0,阴
2025-08-12 04:00:00,PV_STATION_P_01,0.0,0.0,0.0,阴
2025-08-12 05:00:00,PV_STATION_P_01,0.0,0.0,0.0,阴
2025-08-12 06:00:00,PV_STATION_P_01,0.0,0.0,0.0,阴
2025-08-12 07:00:00,PV_STATION_P_01,30.83,121.97,29.8,阴
2025-08-12 08:00:00,PV_STATION_P_01,107.39,417.57,96.0,阴
2025-08-12 09:00:00,PV_STATION_P_01,198.58,682.73,161.3,阴
2025-08-12 10:00:00,PV_STATION_P_01,241.09,898.11,214.5,阴
2025-08-12 11:00:00,PV_STATION_P_01,271.56,1048.03,240.5,阴
2025-08-12 12:00:00,PV_STATION_P_01,297.55,1121.54,258.7,阴
2025-08-12 13:00:00,PV_STATION_P_01,281.4,1113.29,244.3,阴
2025-08-12 14:00:00,PV_STATION_P_01,274.72,1023.88,246.0,阴
2025-08-12 15:00:00,PV_STATION_P_01,265.03,859.83,222.2,阴
2025-08-12 16:00:00,PV_STATION_P_01,173.76,633.1,155.8,阴
2025-08-12 17:00:00,PV_STATION_P_01,102.3,360.22,88.7,阴
2025-08-12 18:00:00,PV_STATION_P_01,21.96,61.08,15.9,阴
2025-08-12 19:00:00,PV_STATION_P_01,0.0,0.0,0.0,阴
2025-08-12 20:00:00,PV_STATION_P_01,0.0,0.0,0.0,阴
2025-08-12 21:00:00,PV_STATION_P_01,0.0,0.0,0.0,阴
2025-08-12 22:00:00,PV_STATION_P_01,0.0,0.0,0.0,阴
2025-08-12 23:00:00,PV_STATION_P_01,0.0,0.0,0.0,阴
2025-08-13 00:00:00,PV_STATION_P_01,0.0,0.0,0.0,阴
2025-08-13 01:00:00,PV_STATION_P_01,0.0,0.0,0.0,阴
2025-08-13 02:00:00,PV_STATION_P_01,0.0,0.0,0.0,阴
2025-08-13 03:00:00,PV_STATION_P_01,0.0,0.0,0.0,阴
2025-08-13 04:00:00,PV_STATION_P_01,0.0,0.0,0.0,阴
2025-08-13 05:00:00,PV_STATION_P_01,0.0,0.0,0.0,阴
2025-08-13 06:00:00,PV_STATION_P_01,0.0,0.0,0.0,阴
2025-08-13 07:00:00,PV_STATION_P_01,35.89,121.71,32.6,阴
2025-08-13 08:00:00,PV_STATION_P_01,113.66,416.66,111.5,阴
2025-08-13 09:00:00,PV_STATION_P_01,210.72,681.23,178.3,阴
2025-08-13 10:00:00,PV_STATION_P_01,257.68,896.15,218.5,阴
2025-08-13 11:00:00,PV_STATION_P_01,284.5,1045.73,251.1,阴
2025-08-13 12:00:00,PV_STATION_P_01,332.98,1119.08,302.5,阴
2025-08-13 13:00:00,PV_STATION_P_01,303.82,1110.85,262.7,阴
2025-08-13 14:00:00,PV_STATION_P_01,304.4,1021.64,255.9,阴
2025-08-13 15:00:00,PV_STATION_P_01,268.66,857.95,232.6,阴
2025-08-13 16:00:00,PV_STATION_P_01,180.57,631.72,158.9,阴
2025-08-13 17:00:00,PV_STATION_P_01,100.47,359.43,88.5,阴
2025-08-13 18:00:00,PV_STATION_P_01,21.94,60.94,16.1,阴
2025-08-13 19:00:00,PV_STATION_P_01,0.0,0.0,0.0,阴
2025-08-13 20:00:00,PV_STATION_P_01,0.0,0.0,0.0,阴
2025-08-13 21:00:00,PV_STATION_P_01,0.0,0.0,0.0,阴
2025-08-13 22:00:00,PV_STATION_P_01,0.0,0.0,0.0,阴
2025-08-13 23:00:00,PV_STATION_P_01,0.0,0.0,0.0,阴
2025-08-14 00:00:00,PV_STATION_P_01,0.0,0.0,0.0,阴
2025-08-14 01:00:00,PV_STATION_P_01,0.0,0.0,0.0,阴
2025-08-14 02:00:00,PV_STATION_P_01,0.0,0.0,0.0,阴
2025-08-14 03:00:00,PV_STATION_P_01,0.0,0.0,0.0,阴
2025-08-14 04:00:00,PV_STATION_P_01,0.0,0.0,0.0,阴
2025-08-14 05:00:00,PV_STATION_P_01,0.0,0.0,0.0,阴
2025-08-14 06:00:00,PV_STATION_P_01,0.0,0.0,0.0,阴
2025-08-14 07:00:00,PV_STATION_P_01,45.28,121.44,30.5,阴
2025-08-14 08:00:00,PV_STATION_P_01,124.86,415.73,103.3,阴
2025-08-14 09:00:00,PV_STATION_P_01,208.66,679.72,169.1,阴
2025-08-14 10:00:00,PV_STATION_P_01,269.27,894.16,224.4,阴
2025-08-14 11:00:00,PV_STATION_P_01,288.05,1043.41,248.6,阴
2025-08-14 12:00:00,PV_STATION_P_01,332.51,1116.6,296.9,阴
2025-08-14 13:00:00,PV_STATION_P_01,308.9,1108.38,275.8,阴
2025-08-14 14:00:00,PV_STATION_P_01,284.83,1019.37,249.7,阴
2025-08-14 15:00:00,PV_STATION_P_01,242.44,856.05,218.2,阴
2025-08-14 16:00:00,PV_STATION_P_01,170.59,630.31,156.7,阴
2025-08-14 17:00:00,PV_STATION_P_01,107.74,358.63,95.2,阴
2025-08-14 18:00:00,PV_STATION_P_01,25.92,60.81,15.9,阴
2025-08-14 19:00:00,PV_STATION_P_01,0.0,0.0,0.0,阴
2025-08-14 20:00:00,PV_STATION_P_01,0.0,0.0,0.0,阴
2025-08-14 21:00:00,PV_STATION_P_01,0.0,0.0,0.0,阴
2025-08-14 22:00:00,PV_STATION_P_01,0.0,0.0,0.0,阴
2025-08-14 23:00:00,PV_STATION_P_01,0.0,0.0,0.0,阴
2025-08-15 00:00:00,PV_STATION_P_01,0.0,0.0,0.0,多云
2025-08-15 01:00:00,PV_STATION_P_01,0.0,0.0,0.0,多云
2025-08-15 02:00:00,PV_STATION_P_01,0.0,0.0,0.0,多云
2025-08-15 03:00:00,PV_STATION_P_01,0.0,0.0,0.0,多云
2025-08-15 04:00:00,PV_STATION_P_01,0.0,0.0,0.0,多云
2025-08-15 05:00:00,PV_STATION_P_01,0.0,0.0,0.0,多云
2025-08-15 06:00:00,PV_STATION_P_01,0.0,0.0,0.0,多云
2025-08-15 07:00:00,PV_STATION_P_01,63.32,121.16,65.4,多云
2025-08-15 08:00:00,PV_STATION_P_01,279.98,414.79,237.2,多云
2025-08-15 09:00:00,PV_STATION_P_01,411.79,678.19,359.7,多云
2025-08-15 10:00:00,PV_STATION_P_01,549.4,892.14,484.8,多云
2025-08-15 11:00:00,PV_STATION_P_01,635.62,1041.05,579.8,多云
2025-08-15 12:00:00,PV_STATION_P_01,665.53,1114.08,622.9,多云
2025-08-15 13:00:00,PV_STATION_P_01,650.78,1105.88,598.1,多云
2025-08-15 14:00:00,PV_STATION_P_01,602.7,1017.07,545.7,多云
2025-08-15 15:00:00,PV_STATION_P_01,495.2,854.11,443.5,多云
2025-08-15 16:00:00,PV_STATION_P_01,376.49,628.89,332.3,多云
2025-08-15 17:00:00,PV_STATION_P_01,260.72,357.82,214.7,多云
2025-08-15 18:00:00,PV_STATION_P_01,41.72,60.67,32.9,多云
2025-08-15 19:00:00,PV_STATION_P_01,0.0,0.0,0.0,多云
2025-08-15 20:00:00,PV_STATION_P_01,0.0,0.0,0.0,多云
2025-08-15 21:00:00,PV_STATION_P_01,0.0,0.0,0.0,多云
2025-08-15 22:00:00,PV_STATION_P_01,0.0,0.0,0.0,多云
2025-08-15 23:00:00,PV_STATION_P_01,0.0,0.0,0.0,多云
2025-08-16 00:00:00,PV_STATION_P_01,0.0,0.0,0.0,多云
2025-08-16 01:00:00,PV_STATION_P_01,0.0,0.0,0.0,多云
2025-08-16 02:00:00,PV_STATION_P_01,0.0,0.0,0.0,多云
2025-08-16 03:00:00,PV_STATION_P_01,0.0,0.0,0.0,多云
2025-08-16 04:00:00,PV_STATION_P_01,0.0,0.0,0.0,多云
2025-08-16 05:00:00,PV_STATION_P_01,0.0,0.0,0.0,多云
2025-08-16 06:00:00,PV_STATION_P_01,0.0,0.0,0.0,多云
2025-08-16 07:00:00,PV_STATION_P_01,80.87,120.89,61.0,多云
2025-08-16 08:00:00,PV_STATION_P_01,246.23,413.84,218.4,多云
2025-08-16 09:00:00,PV_STATION_P_01,433.26,676.63,373.3,多云
2025-08-16 10:00:00,PV_STATION_P_01,520.04,890.1,459.9,多云
2025-08-16 11:00:00,PV_STATION_P_01,598.49,1038.67,541.3,多云
2025-08-16 12:00:00,PV_STATION_P_01,709.34,1111.53,643.4,多云
2025-08-16 13:00:00,PV_STATION_P_01,686.79,1103.35,611.5,多云
2025-08-16 14:00:00,PV_STATION_P_01,608.76,1014.74,561.5,多云
2025-08-16 15:00:00,PV_STATION_P_01,528.83,852.16,481.0,多云
2025-08-16 16:00:00,PV_STATION_P_01,388.73,627.45,342.3,多云
2025-08-16 17:00:00,PV_STATION_P_01,230.5,357.0,195.8,多云
2025-08-16 18:00:00,PV_STATION_P_01,38.46,60.53,34.1,多云
2025-08-16 19:00:00,PV_STATION_P_01,0.0,0.0,0.0,多云
2025-08-16 20:00:00,PV_STATION_P_01,0.0,0.0,0.0,多云
2025-08-16 21:00:00,PV_STATION_P_01,0.0,0.0,0.0,多云
2025-08-16 22:00:00,PV_STATION_P_01,0.0,0.0,0.0,多云
2025-08-16 23:00:00,PV_STATION_P_01,0.0,0.0,0.0,多云
2025-08-17 00:00:00,PV_STATION_P_01,0.0,0.0,0.0,多云
2025-08-17 01:00:00,PV_STATION_P_01,0.0,0.0,0.0,多云
2025-08-17 02:00:00,PV_STATION_P_01,0.0,0.0,0.0,多云
2025-08-17 03:00:00,PV_STATION_P_01,0.0,0.0,0.0,多云
2025-08-17 04:00:00,PV_STATION_P_01,0.0,0.0,0.0,多云
2025-08-17 05:00:00,PV_STATION_P_01,0.0,0.0,0.0,多云
2025-08-17 06:00:00,PV_STATION_P_01,0.0,0.0,0.0,多云
2025-08-17 07:00:00,PV_STATION_P_01,75.1,120.61,72.5,多云
2025-08-17 08:00:00,PV_STATION_P_01,272.72,412.88,230.8,多云
2025-08-17 09:00:00,PV_STATION_P_01,420.63,675.06,366.5,多云
2025-08-17 10:00:00,PV_STATION_P_01,510.35,888.03,447.7,多云
2025-08-17 11:00:00,PV_STATION_P_01,698.42,1036.26,628.4,多云
2025-08-17 12:00:00,PV_STATION_P_01,666.68,1108.95,594.2,多云
2025-08-17 13:00:00,PV_STATION_P_01,631.89,1100.79,562.8,多云
2025-08-17 14:00:00,PV_STATION_P_01,632.13,1012.39,559.9,多云
2025-08-17 15:00:00,PV_STATION_P_01,553.04,850.18,491.2,多云
2025-08-17 16:00:00,PV_STATION_P_01,413.02,626.0,365.6,多云
2025-08-17 17:00:00,PV_STATION_P_01,210.96,356.18,189.3,多云
2025-08-17 18:00:00,PV_STATION_P_01,29.75,60.39,33.1,多云
2025-08-17 19:00:00,PV_STATION_P_01,0.0,0.0,0.0,多云
2025-08-17 20:00:00,PV_STATION_P_01,0.0,0.0,0.0,多云
2025-08-17 21:00:00,PV_STATION_P_01,0.0,0.0,0.0,多云
2025-08-17 22:00:00,PV_STATION_P_01,0.0,0.0,0.0,多云
2025-08-17 23:00:00,PV_STATION_P_01,0.0,0.0,0.0,多云
2025-08-18 00:00:00,PV_STATION_P_01,0.0,0.0,0.0,多云
2025-08-18 01:00:00,PV_STATION_P_01,0.0,0.0,0.0,多云
2025-08-18 02:00:00,PV_STATION_P_01,0.0,0.0,0.0,多云
2025-08-18 03:00:00,PV_STATION_P_01,0.0,0.0,0.0,多云
2025-08-18 04:00:00,PV_STATION_P_01,0.0,0.0,0.0,多云
2025-08-18 05:00:00,PV_STATION_P_01,0.0,0.0,0.0,多云
2025-08-18 06:00:00,PV_STATION_P_01,0.0,0.0,0.0,多云
2025-08-18 07:00:00,PV_STATION_P_01,83.61,120.32,75.2,多云
2025-08-18 08:00:00,PV_STATION_P_01,275.65,411.91,241.9,多云
2025-08-18 09:00:00,PV_STATION_P_01,454.8,673.47,390.7,多云
2025-08-18 10:00:00,PV_STATION_P_01,527.33,885.94,474.4,多云
2025-08-18 11:00:00,PV_STATION_P_01,603.67,1033.82,541.4,多云
2025-08-18 12:00:00,PV_STATION_P_01,660.59,1106.33,602.0,多云
2025-08-18 13:00:00,PV_STATION_P_01,658.76,1098.2,607.5,多云
2025-08-18 14:00:00,PV_STATION_P_01,573.72,1010.0,515.3,多云
2025-08-18 15:00:00,PV_STATION_P_01,527.06,848.18,477.7,多云
2025-08-18 16:00:00,PV_STATION_P_01,389.1,624.52,362.1,多云
2025-08-18 17:00:00,PV_STATION_P_01,207.8,355.34,173.6,多云
2025-08-18 18:00:00,PV_STATION_P_01,31.48,60.25,31.6,多云
2025-08-18 19:00:00,PV_STATION_P_01,0.0,0.0,0.0,多云
2025-08-18 20:00:00,PV_STATION_P_01,0.0,0.0,0.0,多云
2025-08-18 21:00:00,PV_STATION_P_01,0.0,0.0,0.0,多云
2025-08-18 22:00:00,PV_STATION_P_01,0.0,0.0,0.0,多云
2025-08-18 23:00:00,PV_STATION_P_01,0.0,0.0,0.0,多云
2025-08-19 00:00:00,PV_STATION_P_01,0.0,0.0,0.0,多云
2025-08-19 01:00:00,PV_STATION_P_01,0.0,0.0,0.0,多云
2025-08-19 02:00:00,PV_STATION_P_01,0.0,0.0,0.0,多云
2025-08-19 03:00:00,PV_STATION_P_01,0.0,0.0,0.0,多云
2025-08-19 04:00:00,PV_STATION_P_01,0.0,0.0,0.0,多云
2025-08-19 05:00:00,PV_STATION_P_01,0.0,0.0,0.0,多云
2025-08-19 06:00:00,PV_STATION_P_01,0.0,0.0,0.0,多云
2025-08-19 07:00:00,PV_STATION_P_01,82.47,120.03,69.6,多云
2025-08-19 08:00:00,PV_STATION_P_01,254.49,410.93,220.8,多云
2025-08-19 09:00:00,PV_STATION_P_01,454.36,671.87,398.3,多云
2025-08-19 10:00:00,PV_STATION_P_01,571.53,883.82,502.7,多云
2025-08-19 11:00:00,PV_STATION_P_01,634.12,1031.35,574.2,多云
2025-08-19 12:00:00,PV_STATION_P_01,682.26,1103.69,615.5,多云
2025-08-19 13:00:00,PV_STATION_P_01,626.78,1095.58,588.6,多云
2025-08-19 14:00:00,PV_STATION_P_01,598.21,1007.59,539.5,多云
2025-08-19 15:00:00,PV_STATION_P_01,521.93,846.15,471.5,多云
2025-08-19 16:00:00,PV_STATION_P_01,359.11,623.03,322.1,多云
2025-08-19 17:00:00,PV_STATION_P_01,214.95,354.49,189.1,多云
2025-08-19 18:00:00,PV_STATION_P_01,44.25,60.11,31.5,多云
2025-08-19 19:00:00,PV_STATION_P_01,0.0,0.0,0.0,多云
2025-08-19 20:00:00,PV_STATION_P_01,0.0,0.0,0.0,多云
2025-08-19 21:00:00,PV_STATION_P_01,0.0,0.0,0.0,多云
2025-08-19 22:00:00,PV_STATION_P_01,0.0,0.0,0.0,多云
2025-08-19 23:00:00,PV_STATION_P_01,0.0,0.0,0.0,多云
2025-08-20 00:00:00,PV_STATION_P_01,0.0,0.0,0.0,阴
2025-08-20 01:00:00,PV_STATION_P_01,0.0,0.0,0.0,阴
2025-08-20 02:00:00,PV_STATION_P_01,0.0,0.0,0.0,阴
2025-08-20 03:00:00,PV_STATION_P_01,0.0,0.0,0.0,阴
2025-08-20 04:00:00,PV_STATION_P_01,0.0,0.0,0.0,阴
2025-08-20 05:00:00,PV_STATION_P_01,0.0,0.0,0.0,阴
2025-08-20 06:00:00,PV_STATION_P_01,0.0,0.0,0.0,阴
2025-08-20 07:00:00,PV_STATION_P_01,42.62,119.74,31.4,阴
2025-08-20 08:00:00,PV_STATION_P_01,134.98,409.93,112.3,阴
2025-08-20 09:00:00,PV_STATION_P_01,206.57,670.24,171.7,阴
2025-08-20 10:00:00,PV_STATION_P_01,262.38,881.69,226.6,阴
2025-08-20 11:00:00,PV_STATION_P_01,289.41,1028.86,254.1,阴
2025-08-20 12:00:00,PV_STATION_P_01,314.42,1101.03,273.8,阴
2025-08-20 13:00:00,PV_STATION_P_01,310.1,1092.93,271.6,阴
2025-08-20 14:00:00,PV_STATION_P_01,278.68,1005.16,246.7,阴
2025-08-20 15:00:00,PV_STATION_P_01,253.43,844.11,212.4,阴
2025-08-20 16:00:00,PV_STATION_P_01,193.75,621.52,160.2,阴
2025-08-20 17:00:00,PV_STATION_P_01,98.87,353.63,88.7,阴
2025-08-20 18:00:00,PV_STATION_P_01,9.32,59.96,14.8,阴
2025-08-20 19:00:00,PV_STATION_P_01,0.0,0.0,0.0,阴
2025-08-20 20:00:00,PV_STATION_P_01,0.0,0.0,0.0,阴
2025-08-20 21:00:00,PV_STATION_P_01,0.0,0.0,0.0,阴
2025-08-20 22:00:00,PV_STATION_P_01,0.0,0.0,0.0,阴
2025-08-20 23:00:00,PV_STATION_P_01,0.0,0.0,0.0,阴
2025-08-21 00:00:00,PV_STATION_P_01,0.0,0.0,0.0,晴
2025-08-21 01:00:00,PV_STATION_P_01,0.0,0.0,0.0,晴
2025-08-21 02:00:00,PV_STATION_P_01,0.0,0.0,0.0,晴
2025-08-21 03:00:00,PV_STATION_P_01,0.0,0.0,0.0,晴
2025-08-21 04:00:00,PV_STATION_P_01,0.0,0.0,0.0,晴
2025-08-21 05:00:00,PV_STATION_P_01,0.0,0.0,0.0,晴
2025-08-21 06:00:00,PV_STATION_P_01,0.0,0.0,0.0,晴
2025-08-21 07:00:00,PV_STATION_P_01,112.77,119.45,99.3,晴
2025-08-21 08:00:00,PV_STATION_P_01,387.29,408.93,330.4,晴
2025-08-21 09:00:00,PV_STATION_P_01,629.43,668.6,557.2,晴
2025-08-21 10:00:00,PV_STATION_P_01,796.49,879.53,732.8,晴
2025-08-21 11:00:00,PV_STATION_P_01,919.78,1026.34,855.3,晴
2025-08-21 12:00:00,PV_STATION_P_01,961.81,1098.33,895.4,晴
2025-08-21 13:00:00,PV_STATION_P_01,958.69,1090.25,908.5,晴
2025-08-21 14:00:00,PV_STATION_P_01,862.38,1002.69,825.6,晴
2025-08-21 15:00:00,PV_STATION_P_01,694.68,842.04,637.1,晴
2025-08-21 16:00:00,PV_STATION_P_01,566.54,620.0,516.7,晴
2025-08-21 17:00:00,PV_STATION_P_01,311.82,352.77,268.3,晴
2025-08-21 18:00:00,PV_STATION_P_01,51.76,59.81,49.4,晴
2025-08-21 19:00:00,PV_STATION_P_01,0.0,0.0,0.0,晴
2025-08-21 20:00:00,PV_STATION_P_01,0.0,0.0,0.0,晴
2025-08-21 21:00:00,PV_STATION_P_01,0.0,0.0,0.0,晴
2025-08-21 22:00:00,PV_STATION_P_01,0.0,0.0,0.0,晴
2025-08-21 23:00:00,PV_STATION_P_01,0.0,0.0,0.0,晴
2025-08-22 00:00:00,PV_STATION_P_01,0.0,0.0,0.0,阴
2025-08-22 01:00:00,PV_STATION_P_01,0.0,0.0,0.0,阴
2025-08-22 02:00:00,PV_STATION_P_01,0.0,0.0,0.0,阴
2025-08-22 03:00:00,PV_STATION_P_01,0.0,0.0,0.0,阴
2025-08-22 04:00:00,PV_STATION_P_01,0.0,0.0,0.0,阴
2025-08-22 05:00:00,PV_STATION_P_01,0.0,0.0,0.0,阴
2025-08-22 06:00:00,PV_STATION_P_01,0.0,0.0,0.0,阴
2025-08-22 07:00:00,PV_STATION_P_01,34.75,119.15,28.0,阴
2025-08-22 08:00:00,PV_STATION_P_01,110.03,407.92,95.1,阴
2025-08-22 09:00:00,PV_STATION_P_01,206.22,666.94,170.5,阴
2025-08-22 10:00:00,PV_STATION_P_01,269.52,877.35,233.9,阴
2025-08-22 11:00:00,PV_STATION_P_01,279.6,1023.79,243.9,阴
2025-08-22 12:00:00,PV_STATION_P_01,323.51,1095.61,279.7,阴
2025-08-22 13:00:00,PV_STATION_P_01,271.47,1087.55,236.0,阴
2025-08-22 14:00:00,PV_STATION_P_01,265.37,1000.21,240.7,阴
2025-08-22 15:00:00,PV_STATION_P_01,235.54,839.95,216.3,阴
2025-08-22 16:00:00,PV_STATION_P_01,177.5,618.47,152.2,阴
2025-08-22 17:00:00,PV_STATION_P_01,120.18,351.89,92.3,阴
2025-08-22 18:00:00,PV_STATION_P_01,11.43,59.66,13.3,阴
2025-08-22 19:00:00,PV_STATION_P_01,0.0,0.0,0.0,阴
2025-08-22 20:00:00,PV_STATION_P_01,0.0,0.0,0.0,阴
2025-08-22 21:00:00,PV_STATION_P_01,0.0,0.0,0.0,阴
2025-08-22 22:00:00,PV_STATION_P_01,0.0,0.0,0.0,阴
2025-08-22 23:00:00,PV_STATION_P_01,0.0,0.0,0.0,阴
2025-08-23 00:00:00,PV_STATION_P_01,0.0,0.0,0.0,雨
2025-08-23 01:00:00,PV_STATION_P_01,0.0,0.0,0.0,雨
2025-08-23 02:00:00,PV_STATION_P_01,0.0,0.0,0.0,雨
2025-08-23 03:00:00,PV_STATION_P_01,0.0,0.0,0.0,雨
2025-08-23 04:00:00,PV_STATION_P_01,0.0,0.0,0.0,雨
2025-08-23 05:00:00,PV_STATION_P_01,0.0,0.0,0.0,雨
2025-08-23 06:00:00,PV_STATION_P_01,0.0,0.0,0.0,雨
2025-08-23 07:00:00,PV_STATION_P_01,9.54,118.86,15.1,雨
2025-08-23 08:00:00,PV_STATION_P_01,64.7,406.89,54.0,雨
2025-08-23 09:00:00,PV_STATION_P_01,78.72,665.27,76.7,雨
2025-08-23 10:00:00,PV_STATION_P_01,120.76,875.15,103.7,雨
2025-08-23 11:00:00,PV_STATION_P_01,138.46,1021.23,108.3,雨
2025-08-23 12:00:00,PV_STATION_P_01,147.54,1092.86,134.1,雨
2025-08-23 13:00:00,PV_STATION_P_01,126.87,1084.82,112.4,雨
2025-08-23 14:00:00,PV_STATION_P_01,139.95,997.7,108.6,雨
2025-08-23 15:00:00,PV_STATION_P_01,112.8,837.85,98.3,雨
2025-08-23 16:00:00,PV_STATION_P_01,79.08,616.91,73.9,雨
2025-08-23 17:00:00,PV_STATION_P_01,47.44,351.01,37.9,雨
2025-08-23 18:00:00,PV_STATION_P_01,4.7,59.52,6.8,雨
2025-08-23 19:00:00,PV_STATION_P_01,0.0,0.0,0.0,雨
2025-08-23 20:00:00,PV_STATION_P_01,0.0,0.0,0.0,雨
2025-08-23 21:00:00,PV_STATION_P_01,0.0,0.0,0.0,雨
2025-08-23 22:00:00,PV_STATION_P_01,0.0,0.0,0.0,雨
2025-08-23 23:00:00,PV_STATION_P_01,0.0,0.0,0.0,雨
2025-08-24 00:00:00,PV_STATION_P_01,0.0,0.0,0.0,多云
2025-08-24 01:00:00,PV_STATION_P_01,0.0,0.0,0.0,多云
2025-08-24 02:00:00,PV_STATION_P_01,0.0,0.0,0.0,多云
2025-08-24 03:00:00,PV_STATION_P_01,0.0,0.0,0.0,多云
2025-08-24 04:00:00,PV_STATION_P_01,0.0,0.0,0.0,多云
2025-08-24 05:00:00,PV_STATION_P_01,0.0,0.0,0.0,多云
2025-08-24 06:00:00,PV_STATION_P_01,0.0,0.0,0.0,多云
2025-08-24 07:00:00,PV_STATION_P_01,79.49,118.55,63.8,多云
2025-08-24 08:00:00,PV_STATION_P_01,257.0,405.86,219.5,多云
2025-08-24 09:00:00,PV_STATION_P_01,437.35,663.58,384.5,多云
2025-08-24 10:00:00,PV_STATION_P_01,566.11,872.93,503.5,多云
2025-08-24 11:00:00,PV_STATION_P_01,599.78,1018.63,551.9,多云
2025-08-24 12:00:00,PV_STATION_P_01,678.87,1090.08,625.7,多云
2025-08-24 13:00:00,PV_STATION_P_01,615.98,1082.07,557.1,多云
2025-08-24 14:00:00,PV_STATION_P_01,600.93,995.17,539.4,多云
2025-08-24 15:00:00,PV_STATION_P_01,500.17,835.72,442.4,多云
2025-08-24 16:00:00,PV_STATION_P_01,389.02,615.35,338.4,多云
2025-08-24 17:00:00,PV_STATION_P_01,227.3,350.12,199.6,多云
2025-08-24 18:00:00,PV_STATION_P_01,32.79,59.36,33.6,多云
2025-08-24 19:00:00,PV_STATION_P_01,0.0,0.0,0.0,多云
2025-08-24 20:00:00,PV_STATION_P_01,0.0,0.0,0.0,多云
2025-08-24 21:00:00,PV_STATION_P_01,0.0,0.0,0.0,多云
2025-08-24 22:00:00,PV_STATION_P_01,0.0,0.0,0.0,多云
2025-08-24 23:00:00,PV_STATION_P_01,0.0,0.0,0.0,多云
2025-08-25 00:00:00,PV_STATION_P_01,0.0,0.0,0.0,晴
2025-08-25 01:00:00,PV_STATION_P_01,0.0,0.0,0.0,晴
2025-08-25 02:00:00,PV_STATION_P_01,0.0,0.0,0.0,晴
2025-08-25 03:00:00,PV_STATION_P_01,0.0,0.0,0.0,晴
2025-08-25 04:00:00,PV_STATION_P_01,0.0,0.0,0.0,晴
2025-08-25 05:00:00,PV_STATION_P_01,0.0,0.0,0.0,晴
2025-08-25 06:00:00,PV_STATION_P_01,0.0,0.0,0.0,晴
2025-08-25 07:00:00,PV_STATION_P_01,115.65,118.25,98.5,晴
2025-08-25 08:00:00,PV_STATION_P_01,394.3,404.82,337.3,晴
2025-08-25 09:00:00,PV_STATION_P_01,620.98,661.88,543.5,晴
2025-08-25 10:00:00,PV_STATION_P_01,761.24,870.69,696.6,晴
2025-08-25 11:00:00,PV_STATION_P_01,916.37,1016.02,846.7,晴
2025-08-25 12:00:00,PV_STATION_P_01,897.27,1087.29,832.9,晴
2025-08-25 13:00:00,PV_STATION_P_01,949.59,1079.29,899.4,晴
2025-08-25 14:00:00,PV_STATION_P_01,835.25,992.61,776.3,晴
2025-08-25 15:00:00,PV_STATION_P_01,755.21,833.57,694.6,晴
2025-08-25 16:00:00,PV_STATION_P_01,564.55,613.77,511.5,晴
2025-08-25 17:00:00,PV_STATION_P_01,334.57,349.22,291.0,晴
2025-08-25 18:00:00,PV_STATION_P_01,58.14,59.21,49.3,晴
2025-08-25 19:00:00,PV_STATION_P_01,0.0,0.0,0.0,晴
2025-08-25 20:00:00,PV_STATION_P_01,0.0,0.0,0.0,晴
2025-08-25 21:00:00,PV_STATION_P_01,0.0,0.0,0.0,晴
2025-08-25 22:00:00,PV_STATION_P_01,0.0,0.0,0.0,晴
2025-08-25 23:00:00,PV_STATION_P_01,0.0,0.0,0.0,晴
2025-08-26 00:00:00,PV_STATION_P_01,0.0,0.0,0.0,晴
2025-08-26 01:00:00,PV_STATION_P_01,0.0,0.0,0.0,晴
2025-08-26 02:00:00,PV_STATION_P_01,0.0,0.0,0.0,晴
2025-08-26 03:00:00,PV_STATION_P_01,0.0,0.0,0.0,晴
2025-08-26 04:00:00,PV_STATION_P_01,0.0,0.0,0.0,晴
2025-08-26 05:00:00,PV_STATION_P_01,0.0,0.0,0.0,晴
2025-08-26 06:00:00,PV_STATION_P_01,0.0,0.0,0.0,晴
2025-08-26 07:00:00,PV_STATION_P_01,114.53,117.94,98.3,晴
2025-08-26 08:00:00,PV_STATION_P_01,381.63,403.77,326.0,晴
2025-08-26 09:00:00,PV_STATION_P_01,608.93,660.16,535.4,晴
2025-08-26 10:00:00,PV_STATION_P_01,790.06,868.43,723.7,晴
2025-08-26 11:00:00,PV_STATION_P_01,903.12,1013.38,844.5,晴
2025-08-26 12:00:00,PV_STATION_P_01,971.34,1084.46,903.7,晴
2025-08-26 13:00:00,PV_STATION_P_01,966.78,1076.49,897.1,晴
2025-08-26 14:00:00,PV_STATION_P_01,881.3,990.04,813.1,晴
2025-08-26 15:00:00,PV_STATION_P_01,760.98,831.41,692.8,晴
2025-08-26 16:00:00,PV_STATION_P_01,563.65,612.18,505.3,晴
2025-08-26 17:00:00,PV_STATION_P_01,334.03,348.31,290.3,晴
2025-08-26 18:00:00,PV_STATION_P_01,47.32,59.06,45.2,晴
2025-08-26 19:00:00,PV_STATION_P_01,0.0,0.0,0.0,晴
2025-08-26 20:00:00,PV_STATION_P_01,0.0,0.0,0.0,晴
2025-08-26 21:00:00,PV_STATION_P_01,0.0,0.0,0.0,晴
2025-08-26 22:00:00,PV_STATION_P_01,0.0,0.0,0.0,晴
2025-08-26 23:00:00,PV_STATION_P_01,0.0,0.0,0.0,晴
2025-08-27 00:00:00,PV_STATION_P_01,0.0,0.0,0.0,晴
2025-08-27 01:00:00,PV_STATION_P_01,0.0,0.0,0.0,晴
2025-08-27 02:00:00,PV_STATION_P_01,0.0,0.0,0.0,晴
2025-08-27 03:00:00,PV_STATION_P_01,0.0,0.0,0.0,晴
2025-08-27 04:00:00,PV_STATION_P_01,0.0,0.0,0.0,晴
2025-08-27 05:00:00,PV_STATION_P_01,0.0,0.0,0.0,晴
2025-08-27 06:00:00,PV_STATION_P_01,0.0,0.0,0.0,晴
2025-08-27 07:00:00,PV_STATION_P_01,123.11,117.63,97.4,晴
2025-08-27 08:00:00,PV_STATION_P_01,390.34,402.71,330.2,晴
2025-08-27 09:00:00,PV_STATION_P_01,579.28,658.43,520.1,晴
2025-08-27 10:00:00,PV_STATION_P_01,782.37,866.15,721.8,晴
2025-08-27 11:00:00,PV_STATION_P_01,906.76,1010.73,842.3,晴
2025-08-27 12:00:00,PV_STATION_P_01,963.37,1081.62,894.6,晴
2025-08-27 13:00:00,PV_STATION_P_01,891.3,1073.67,829.4,晴
2025-08-27 14:00:00,PV_STATION_P_01,875.24,987.44,822.9,晴
2025-08-27 15:00:00,PV_STATION_P_01,758.74,829.23,691.0,晴
2025-08-27 16:00:00,PV_STATION_P_01,561.28,610.57,508.8,晴
2025-08-27 17:00:00,PV_STATION_P_01,326.57,347.4,288.9,晴
2025-08-27 18:00:00,PV_STATION_P_01,58.71,58.9,47.2,晴
2025-08-27 19:00:00,PV_STATION_P_01,0.0,0.0,0.0,晴
2025-08-27 20:00:00,PV_STATION_P_01,0.0,0.0,0.0,晴
2025-08-27 21:00:00,PV_STATION_P_01,0.0,0.0,0.0,晴
2025-08-27 22:00:00,PV_STATION_P_01,0.0,0.0,0.0,晴
2025-08-27 23:00:00,PV_STATION_P_01,0.0,0.0,0.0,晴
2025-08-28 00:00:00,PV_STATION_P_01,0.0,0.0,0.0,晴
2025-08-28 01:00:00,PV_STATION_P_01,0.0,0.0,0.0,晴
2025-08-28 02:00:00,PV_STATION_P_01,0.0,0.0,0.0,晴
2025-08-28 03:00:00,PV_STATION_P_01,0.0,0.0,0.0,晴
2025-08-28 04:00:00,PV_STATION_P_01,0.0,0.0,0.0,晴
2025-08-28 05:00:00,PV_STATION_P_01,0.0,0.0,0.0,晴
2025-08-28 06:00:00,PV_STATION_P_01,0.0,0.0,0.0,晴
2025-08-28 07:00:00,PV_STATION_P_01,119.81,117.32,97.2,晴
2025-08-28 08:00:00,PV_STATION_P_01,343.9,401.64,296.1,晴
2025-08-28 09:00:00,PV_STATION_P_01,623.22,656.68,547.2,晴
2025-08-28 10:00:00,PV_STATION_P_01,780.93,863.85,703.6,晴
2025-08-28 11:00:00,PV_STATION_P_01,844.84,1008.05,787.0,晴
2025-08-28 12:00:00,PV_STATION_P_01,929.78,1078.75,866.3,晴
2025-08-28 13:00:00,PV_STATION_P_01,927.6,1070.82,892.4,晴
2025-08-28 14:00:00,PV_STATION_P_01,883.62,984.82,820.7,晴
2025-08-28 15:00:00,PV_STATION_P_01,743.5,827.03,689.2,晴
2025-08-28 16:00:00,PV_STATION_P_01,569.52,608.95,507.5,晴
2025-08-28 17:00:00,PV_STATION_P_01,311.81,346.48,271.8,晴
2025-08-28 18:00:00,PV_STATION_P_01,46.77,58.75,41.7,晴
2025-08-28 19:00:00,PV_STATION_P_01,0.0,0.0,0.0,晴
2025-08-28 20:00:00,PV_STATION_P_01,0.0,0.0,0.0,晴
2025-08-28 21:00:00,PV_STATION_P_01,0.0,0.0,0.0,晴
2025-08-28 22:00:00,PV_STATION_P_01,0.0,0.0,0.0,晴
2025-08-28 23:00:00,PV_STATION_P_01,0.0,0.0,0.0,晴
2025-08-29 00:00:00,PV_STATION_P_01,0.0,0.0,0.0,晴
2025-08-29 01:00:00,PV_STATION_P_01,0.0,0.0,0.0,晴
2025-08-29 02:00:00,PV_STATION_P_01,0.0,0.0,0.0,晴
2025-08-29 03:00:00,PV_STATION_P_01,0.0,0.0,0.0,晴
2025-08-29 04:00:00,PV_STATION_P_01,0.0,0.0,0.0,晴
2025-08-29 05:00:00,PV_STATION_P_01,0.0,0.0,0.0,晴
2025-08-29 06:00:00,PV_STATION_P_01,0.0,0.0,0.0,晴
2025-08-29 07:00:00,PV_STATION_P_01,114.25,117.01,95.1,晴
2025-08-29 08:00:00,PV_STATION_P_01,393.12,400.57,333.8,晴
2025-08-29 09:00:00,PV_STATION_P_01,620.8,654.93,545.8,晴
2025-08-29 10:00:00,PV_STATION_P_01,789.22,861.54,706.3,晴
2025-08-29 11:00:00,PV_STATION_P_01,921.44,1005.35,837.8,晴
2025-08-29 12:00:00,PV_STATION_P_01,963.81,1075.87,896.6,晴
2025-08-29 13:00:00,PV_STATION_P_01,962.01,1067.95,890.0,晴
2025-08-29 14:00:00,PV_STATION_P_01,846.91,982.19,780.8,晴
2025-08-29 15:00:00,PV_STATION_P_01,750.61,824.82,687.4,晴
2025-08-29 16:00:00,PV_STATION_P_01,542.06,607.32,487.2,晴
2025-08-29 17:00:00,PV_STATION_P_01,323.45,345.55,288.0,晴
2025-08-29 18:00:00,PV_STATION_P_01,57.86,58.59,46.9,晴
2025-08-29 19:00:00,PV_STATION_P_01,0.0,0.0,0.0,晴
2025-08-29 20:00:00,PV_STATION_P_01,0.0,0.0,0.0,晴
2025-08-29 21:00:00,PV_STATION_P_01,0.0,0.0,0.0,晴
2025-08-29 22:00:00,PV_STATION_P_01,0.0,0.0,0.0,晴
2025-08-29 23:00:00,PV_STATION_P_01,0.0,0.0,0.0,晴
2025-08-30 00:00:00,PV_STATION_P_01,0.0,0.0,0.0,晴
2025-08-30 01:00:00,PV_STATION_P_01,0.0,0.0,0.0,晴
2025-08-30 02:00:00,PV_STATION_P_01,0.0,0.0,0.0,晴
2025-08-30 03:00:00,PV_STATION_P_01,0.0,0.0,0.0,晴
2025-08-30 04:00:00,PV_STATION_P_01,0.0,0.0,0.0,晴
2025-08-30 05:00:00,PV_STATION_P_01,0.0,0.0,0.0,晴
2025-08-30 06:00:00,PV_STATION_P_01,0.0,0.0,0.0,晴
2025-08-30 07:00:00,PV_STATION_P_01,124.52,116.69,97.2,晴
2025-08-30 08:00:00,PV_STATION_P_01,386.44,399.49,332.9,晴
2025-08-30 09:00:00,PV_STATION_P_01,618.7,653.16,544.3,晴
2025-08-30 10:00:00,PV_STATION_P_01,742.02,859.21,681.7,晴
2025-08-30 11:00:00,PV_STATION_P_01,905.34,1002.63,835.5,晴
2025-08-30 12:00:00,PV_STATION_P_01,953.98,1072.96,894.1,晴
2025-08-30 13:00:00,PV_STATION_P_01,959.53,1065.07,887.6,晴
2025-08-30 14:00:00,PV_STATION_P_01,856.17,979.53,800.2,晴
2025-08-30 15:00:00,PV_STATION_P_01,723.94,822.59,683.8,晴
2025-08-30 16:00:00,PV_STATION_P_01,525.38,605.68,476.0,晴
2025-08-30 17:00:00,PV_STATION_P_01,335.36,344.62,287.2,晴
2025-08-30 18:00:00,PV_STATION_P_01,47.06,58.43,45.2,晴
2025-08-30 19:00:00,PV_STATION_P_01,0.0,0.0,0.0,晴
2025-08-30 20:00:00,PV_STATION_P_01,0.0,0.0,0.0,晴
2025-08-30 21:00:00,PV_STATION_P_01,0.0,0.0,0.0,晴
2025-08-30 22:00:00,PV_STATION_P_01,0.0,0.0,0.0,晴
2025-08-30 23:00:00,PV_STATION_P_01,0.0,0.0,0.0,晴
2025-08-31 00:00:00,PV_STATION_P_01,0.0,0.0,0.0,晴
2025-08-31 01:00:00,PV_STATION_P_01,0.0,0.0,0.0,晴
2025-08-31 02:00:00,PV_STATION_P_01,0.0,0.0,0.0,晴
2025-08-31 03:00:00,PV_STATION_P_01,0.0,0.0,0.0,晴
2025-08-31 04:00:00,PV_STATION_P_01,0.0,0.0,0.0,晴
2025-08-31 05:00:00,PV_STATION_P_01,0.0,0.0,0.0,晴
2025-08-31 06:00:00,PV_STATION_P_01,0.0,0.0,0.0,晴
2025-08-31 07:00:00,PV_STATION_P_01,112.9,116.37,97.0,晴
2025-08-31 08:00:00,PV_STATION_P_01,367.42,398.4,312.7,晴
2025-08-31 09:00:00,PV_STATION_P_01,599.03,651.38,522.2,晴
2025-08-31 10:00:00,PV_STATION_P_01,779.11,856.87,714.1,晴
2025-08-31 11:00:00,PV_STATION_P_01,901.99,999.9,833.2,晴
2025-08-31 12:00:00,PV_STATION_P_01,972.03,1070.03,891.7,晴
2025-08-31 13:00:00,PV_STATION_P_01,943.78,1062.16,872.5,晴
2025-08-31 14:00:00,PV_STATION_P_01,855.2,976.86,788.8,晴
2025-08-31 15:00:00,PV_STATION_P_01,742.07,820.35,683.6,晴
2025-08-31 16:00:00,PV_STATION_P_01,558.7,604.03,495.4,晴
2025-08-31 17:00:00,PV_STATION_P_01,324.68,343.68,286.4,晴
2025-08-31 18:00:00,PV_STATION_P_01,63.29,58.27,48.6,晴
2025-08-31 19:00:00,PV_STATION_P_01,0.0,0.0,0.0,晴
2025-08-31 20:00:00,PV_STATION_P_01,0.0,0.0,0.0,晴
2025-08-31 21:00:00,PV_STATION_P_01,0.0,0.0,0.0,晴
2025-08-31 22:00:00,PV_STATION_P_01,0.0,0.0,0.0,晴
2025-08-31 23:00:00,PV_STATION_P_01,0.0,0.0,0.0,晴
2025-09-01 00:00:00,PV_STATION_P_01,0.0,0.0,0.0,阴
2025-09-01 01:00:00,PV_STATION_P_01,0.0,0.0,0.0,阴
2025-09-01 02:00:00,PV_STATION_P_01,0.0,0.0,0.0,阴
2025-09-01 03:00:00,PV_STATION_P_01,0.0,0.0,0.0,阴
2025-09-01 04:00:00,PV_STATION_P_01,0.0,0.0,0.0,阴
2025-09-01 05:00:00,PV_STATION_P_01,0.0,0.0,0.0,阴
2025-09-01 06:00:00,PV_STATION_P_01,0.0,0.0,0.0,阴
2025-09-01 07:00:00,PV_STATION_P_01,32.69,116.05,30.2,阴
2025-09-01 08:00:00,PV_STATION_P_01,124.71,397.3,99.8,阴
2025-09-01 09:00:00,PV_STATION_P_01,190.03,649.58,158.6,阴
2025-09-01 10:00:00,PV_STATION_P_01,240.81,854.51,210.0,阴
2025-09-01 11:00:00,PV_STATION_P_01,314.7,997.15,267.2,阴
2025-09-01 12:00:00,PV_STATION_P_01,310.67,1067.09,278.5,阴
2025-09-01 13:00:00,PV_STATION_P_01,310.96,1059.24,263.2,阴
2025-09-01 14:00:00,PV_STATION_P_01,253.24,974.17,218.6,阴
2025-09-01 15:00:00,PV_STATION_P_01,246.11,818.09,207.6,阴
2025-09-01 16:00:00,PV_STATION_P_01,161.59,602.37,141.2,阴
2025-09-01 17:00:00,PV_STATION_P_01,105.9,342.73,88.0,阴
2025-09-01 18:00:00,PV_STATION_P_01,22.97,58.11,14.0,阴
2025-09-01 19:00:00,PV_STATION_P_01,0.0,0.0,0.0,阴
2025-09-01 20:00:00,PV_STATION_P_01,0.0,0.0,0.0,阴
2025-09-01 21:00:00,PV_STATION_P_01,0.0,0.0,0.0,阴
2025-09-01 22:00:00,PV_STATION_P_01,0.0,0.0,0.0,阴
2025-09-01 23:00:00,PV_STATION_P_01,0.0,0.0,0.0,阴
2025-09-02 00:00:00,PV_STATION_P_01,0.0,0.0,0.0,多云
2025-09-02 01:00:00,PV_STATION_P_01,0.0,0.0,0.0,多云
2025-09-02 02:00:00,PV_STATION_P_01,0.0,0.0,0.0,多云
2025-09-02 03:00:00,PV_STATION_P_01,0.0,0.0,0.0,多云
2025-09-02 04:00:00,PV_STATION_P_01,0.0,0.0,0.0,多云
2025-09-02 05:00:00,PV_STATION_P_01,0.0,0.0,0.0,多云
2025-09-02 06:00:00,PV_STATION_P_01,0.0,0.0,0.0,多云
2025-09-02 07:00:00,PV_STATION_P_01,74.24,115.73,69.1,多云
2025-09-02 08:00:00,PV_STATION_P_01,227.75,396.2,201.4,多云
2025-09-02 09:00:00,PV_STATION_P_01,407.86,647.78,365.2,多云
2025-09-02 10:00:00,PV_STATION_P_01,531.23,852.14,465.3,多云
2025-09-02 11:00:00,PV_STATION_P_01,614.36,994.38,540.9,多云
2025-09-02 12:00:00,PV_STATION_P_01,613.77,1064.13,540.6,多云
2025-09-02 13:00:00,PV_STATION_P_01,596.11,1056.3,530.0,多云
2025-09-02 14:00:00,PV_STATION_P_01,623.49,971.47,543.4,多云
2025-09-02 15:00:00,PV_STATION_P_01,479.24,815.82,420.2,多云
2025-09-02 16:00:00,PV_STATION_P_01,402.63,600.7,347.2,多云
2025-09-02 17:00:00,PV_STATION_P_01,205.5,341.78,178.4,多云
2025-09-02 18:00:00,PV_STATION_P_01,27.95,57.95,32.8,多云
2025-09-02 19:00:00,PV_STATION_P_01,0.0,0.0,0.0,多云
2025-09-02 20:00:00,PV_STATION_P_01,0.0,0.0,0.0,多云
2025-09-02 21:00:00,PV_STATION_P_01,0.0,0.0,0.0,多云
2025-09-02 22:00:00,PV_STATION_P_01,0.0,0.0,0.0,多云
2025-09-02 23:00:00,PV_STATION_P_01,0.0,0.0,0.0,多云
2025-09-03 00:00:00,PV_STATION_P_01,0.0,0.0,0.0,晴
2025-09-03 01:00:00,PV_STATION_P_01,0.0,0.0,0.0,晴
2025-09-03 02:00:00,PV_STATION_P_01,0.0,0.0,0.0,晴
2025-09-03 03:00:00,PV_STATION_P_01,0.0,0.0,0.0,晴
2025-09-03 04:00:00,PV_STATION_P_01,0.0,0.0,0.0,晴
2025-09-03 05:00:00,PV_STATION_P_01,0.0,0.0,0.0,晴
2025-09-03 06:00:00,PV_STATION_P_01,0.0,0.0,0.0,晴
2025-09-03 07:00:00,PV_STATION_P_01,115.56,115.41,94.3,晴
2025-09-03 08:00:00,PV_STATION_P_01,372.74,395.09,301.4,晴
2025-09-03 09:00:00,PV_STATION_P_01,569.03,645.97,505.2,晴
2025-09-03 10:00:00,PV_STATION_P_01,777.26,849.75,699.3,晴
2025-09-03 11:00:00,PV_STATION_P_01,886.36,991.59,823.2,晴
2025-09-03 12:00:00,PV_STATION_P_01,895.39,1061.15,847.4,晴
2025-09-03 13:00:00,PV_STATION_P_01,930.42,1053.34,877.8,晴
2025-09-03 14:00:00,PV_STATION_P_01,885.15,968.75,802.7,晴
2025-09-03 15:00:00,PV_STATION_P_01,723.46,813.54,663.6,晴
2025-09-03 16:00:00,PV_STATION_P_01,569.52,599.01,499.2,晴
2025-09-03 17:00:00,PV_STATION_P_01,326.2,340.82,284.0,晴
2025-09-03 18:00:00,PV_STATION_P_01,55.13,57.79,43.0,晴
2025-09-03 19:00:00,PV_STATION_P_01,0.0,0.0,0.0,晴
2025-09-03 20:00:00,PV_STATION_P_01,0.0,0.0,0.0,晴
2025-09-03 21:00:00,PV_STATION_P_01,0.0,0.0,0.0,晴
2025-09-03 22:00:00,PV_STATION_P_01,0.0,0.0,0.0,晴
2025-09-03 23:00:00,PV_STATION_P_01,0.0,0.0,0.0,晴
2025-09-04 00:00:00,PV_STATION_P_01,0.0,0.0,0.0,晴
2025-09-04 01:00:00,PV_STATION_P_01,0.0,0.0,0.0,晴
2025-09-04 02:00:00,PV_STATION_P_01,0.0,0.0,0.0,晴
2025-09-04 03:00:00,PV_STATION_P_01,0.0,0.0,0.0,晴
2025-09-04 04:00:00,PV_STATION_P_01,0.0,0.0,0.0,晴
2025-09-04 05:00:00,PV_STATION_P_01,0.0,0.0,0.0,晴
2025-09-04 06:00:00,PV_STATION_P_01,0.0,0.0,0.0,晴
2025-09-04 07:00:00,PV_STATION_P_01,116.9,115.08,95.9,晴
2025-09-04 08:00:00,PV_STATION_P_01,387.56,393.97,328.3,晴
2025-09-04 09:00:00,PV_STATION_P_01,545.43,644.14,493.7,晴
2025-09-04 10:00:00,PV_STATION_P_01,778.73,847.36,706.1,晴
2025-09-04 11:00:00,PV_STATION_P_01,884.17,988.8,796.2,晴
2025-09-04 12:00:00,PV_STATION_P_01,945.26,1058.15,881.8,晴
2025-09-04 13:00:00,PV_STATION_P_01,914.58,1050.37,834.4,晴
2025-09-04 14:00:00,PV_STATION_P_01,859.36,966.02,805.0,晴
2025-09-04 15:00:00,PV_STATION_P_01,733.1,811.24,667.8,晴
2025-09-04 16:00:00,PV_STATION_P_01,539.21,597.32,482.5,晴
2025-09-04 17:00:00,PV_STATION_P_01,314.53,339.86,273.0,晴
2025-09-04 18:00:00,PV_STATION_P_01,59.48,57.63,48.0,晴
2025-09-04 19:00:00,PV_STATION_P_01,0.0,0.0,0.0,晴
2025-09-04 20:00:00,PV_STATION_P_01,0.0,0.0,0.0,晴
2025-09-04 21:00:00,PV_STATION_P_01,0.0,0.0,0.0,晴
2025-09-04 22:00:00,PV_STATION_P_01,0.0,0.0,0.0,晴
2025-09-04 23:00:00,PV_STATION_P_01,0.0,0.0,0.0,晴
2025-09-05 00:00:00,PV_STATION_P_01,0.0,0.0,0.0,阴
2025-09-05 01:00:00,PV_STATION_P_01,0.0,0.0,0.0,阴
2025-09-05 02:00:00,PV_STATION_P_01,0.0,0.0,0.0,阴
2025-09-05 03:00:00,PV_STATION_P_01,0.0,0.0,0.0,阴
2025-09-05 04:00:00,PV_STATION_P_01,0.0,0.0,0.0,阴
2025-09-05 05:00:00,PV_STATION_P_01,0.0,0.0,0.0,阴
2025-09-05 06:00:00,PV_STATION_P_01,0.0,0.0,0.0,阴
2025-09-05 07:00:00,PV_STATION_P_01,34.52,114.75,28.7,阴
2025-09-05 08:00:00,PV_STATION_P_01,119.11,392.85,100.9,阴
2025-09-05 09:00:00,PV_STATION_P_01,186.7,642.31,155.7,阴
2025-09-05 10:00:00,PV_STATION_P_01,269.91,844.95,231.1,阴
2025-09-05 11:00:00,PV_STATION_P_01,277.7,985.98,235.5,阴
2025-09-05 12:00:00,PV_STATION_P_01,331.94,1055.14,288.0,阴
2025-09-05 13:00:00,PV_STATION_P_01,322.53,1047.38,284.2,阴
2025-09-05 14:00:00,PV_STATION_P_01,256.5,963.27,231.4,阴
2025-09-05 15:00:00,PV_STATION_P_01,,808.93,212.7,阴
2025-09-05 16:00:00,PV_STATION_P_01,170.82,595.62,152.3,阴
2025-09-05 17:00:00,PV_STATION_P_01,90.65,338.9,83.0,阴
2025-09-05 18:00:00,PV_STATION_P_01,8.63,57.46,14.3,阴
2025-09-05 19:00:00,PV_STATION_P_01,0.0,0.0,0.0,阴
2025-09-05 20:00:00,PV_STATION_P_01,0.0,0.0,0.0,阴
2025-09-05 21:00:00,PV_STATION_P_01,0.0,0.0,0.0,阴
2025-09-05 22:00:00,PV_STATION_P_01,0.0,0.0,0.0,阴
2025-09-05 23:00:00,PV_STATION_P_01,0.0,0.0,0.0,阴
2025-09-06 00:00:00,PV_STATION_P_01,0.0,0.0,0.0,雨
2025-09-06 01:00:00,PV_STATION_P_01,0.0,0.0,0.0,雨
2025-09-06 02:00:00,PV_STATION_P_01,0.0,0.0,0.0,雨
2025-09-06 03:00:00,PV_STATION_P_01,0.0,0.0,0.0,雨
2025-09-06 04:00:00,PV_STATION_P_01,0.0,0.0,0.0,雨
2025-09-06 05:00:00,PV_STATION_P_01,0.0,0.0,0.0,雨
2025-09-06 06:00:00,PV_STATION_P_01,0.0,0.0,0.0,雨
2025-09-06 07:00:00,PV_STATION_P_01,10.25,114.43,13.1,雨
2025-09-06 08:00:00,PV_STATION_P_01,40.38,391.73,44.1,雨
2025-09-06 09:00:00,PV_STATION_P_01,89.77,640.47,77.8,雨
2025-09-06 10:00:00,PV_STATION_P_01,119.31,842.53,97.3,雨
2025-09-06 11:00:00,PV_STATION_P_01,135.88,983.16,111.8,雨
2025-09-06 12:00:00,PV_STATION_P_01,149.94,1052.12,128.6,雨
2025-09-06 13:00:00,PV_STATION_P_01,148.21,1044.38,129.0,雨
2025-09-06 14:00:00,PV_STATION_P_01,131.91,960.51,106.7,雨
2025-09-06 15:00:00,PV_STATION_P_01,96.83,806.62,87.1,雨
2025-09-06 16:00:00,PV_STATION_P_01,76.43,593.92,69.0,雨
2025-09-06 17:00:00,PV_STATION_P_01,36.78,337.92,37.2,雨
2025-09-06 18:00:00,PV_STATION_P_01,4.48,57.3,6.3,雨
2025-09-06 19:00:00,PV_STATION_P_01,0.0,0.0,0.0,雨
2025-09-06 20:00:00,PV_STATION_P_01,0.0,0.0,0.0,雨
2025-09-06 21:00:00,PV_STATION_P_01,0.0,0.0,0.0,雨
2025-09-06 22:00:00,PV_STATION_P_01,0.0,0.0,0.0,雨
2025-09-06 23:00:00,PV_STATION_P_01,0.0,0.0,0.0,雨
2025-09-07 00:00:00,PV_STATION_P_01,0.0,0.0,0.0,晴
2025-09-07 01:00:00,PV_STATION_P_01,0.0,0.0,0.0,晴
2025-09-07 02:00:00,PV_STATION_P_01,0.0,0.0,0.0,晴
2025-09-07 03:00:00,PV_STATION_P_01,0.0,0.0,0.0,晴
2025-09-07 04:00:00,PV_STATION_P_01,0.0,0.0,0.0,晴
2025-09-07 05:00:00,PV_STATION_P_01,0.0,0.0,0.0,晴
2025-09-07 06:00:00,PV_STATION_P_01,0.0,0.0,0.0,晴
2025-09-07 07:00:00,PV_STATION_P_01,116.08,114.09,93.3,晴
2025-09-07 08:00:00,PV_STATION_P_01,383.29,390.6,325.5,晴
2025-09-07 09:00:00,PV_STATION_P_01,611.31,638.62,532.2,晴
2025-09-07 10:00:00,PV_STATION_P_01,786.05,840.09,700.1,晴
2025-09-07 11:00:00,PV_STATION_P_01,842.63,980.32,769.0,晴
2025-09-07 12:00:00,PV_STATION_P_01,952.24,1049.08,872.1,晴
2025-09-07 13:00:00,PV_STATION_P_01,940.8,1041.37,867.8,晴
2025-09-07 14:00:00,PV_STATION_P_01,810.93,957.74,754.7,晴
2025-09-07 15:00:00,PV_STATION_P_01,697.61,804.29,626.4,晴
2025-09-07 16:00:00,PV_STATION_P_01,556.09,592.2,492.9,晴
2025-09-07 17:00:00,PV_STATION_P_01,318.38,336.95,275.0,晴
2025-09-07 18:00:00,PV_STATION_P_01,51.11,57.13,47.2,晴
2025-09-07 19:00:00,PV_STATION_P_01,0.0,0.0,0.0,晴
2025-09-07 20:00:00,PV_STATION_P_01,0.0,0.0,0.0,晴
2025-09-07 21:00:00,PV_STATION_P_01,0.0,0.0,0.0,晴
2025-09-07 22:00:00,PV_STATION_P_01,0.0,0.0,0.0,晴
2025-09-07 23:00:00,PV_STATION_P_01,0.0,0.0,0.0,晴
2025-09-08 00:00:00,PV_STATION_P_01,0.0,0.0,0.0,多云
2025-09-08 01:00:00,PV_STATION_P_01,0.0,0.0,0.0,多云
2025-09-08 02:00:00,PV_STATION_P_01,0.0,0.0,0.0,多云
2025-09-08 03:00:00,PV_STATION_P_01,0.0,0.0,0.0,多云
2025-09-08 04:00:00,PV_STATION_P_01,0.0,0.0,0.0,多云
2025-09-08 05:00:00,PV_STATION_P_01,0.0,0.0,0.0,多云
2025-09-08 06:00:00,PV_STATION_P_01,0.0,0.0,0.0,多云
2025-09-08 07:00:00,PV_STATION_P_01,65.51,113.76,56.7,多云
2025-09-08 08:00:00,PV_STATION_P_01,266.03,389.46,223.0,多云
2025-09-08 09:00:00,PV_STATION_P_01,412.7,636.77,353.4,多云
2025-09-08 10:00:00,PV_STATION_P_01,522.73,837.65,465.3,多云
2025-09-08 11:00:00,PV_STATION_P_01,583.33,977.47,515.0,多云
2025-09-08 12:00:00,PV_STATION_P_01,638.24,1046.04,569.0,多云
2025-09-08 13:00:00,PV_STATION_P_01,629.39,1038.34,564.0,多云
2025-09-08 14:00:00,PV_STATION_P_01,572.06,954.95,495.3,多云
2025-09-08 15:00:00,PV_STATION_P_01,509.79,801.95,449.0,多云
2025-09-08 16:00:00,PV_STATION_P_01,400.17,590.48,350.3,多云
2025-09-08 17:00:00,PV_STATION_P_01,198.2,335.97,171.7,多云
2025-09-08 18:00:00,PV_STATION_P_01,36.83,56.97,32.1,多云
2025-09-08 19:00:00,PV_STATION_P_01,0.0,0.0,0.0,多云
2025-09-08 20:00:00,PV_STATION_P_01,0.0,0.0,0.0,多云
2025-09-08 21:00:00,PV_STATION_P_01,0.0,0.0,0.0,多云
2025-09-08 22:00:00,PV_STATION_P_01,0.0,0.0,0.0,多云
2025-09-08 23:00:00,PV_STATION_P_01,0.0,0.0,0.0,多云
2025-09-09 00:00:00,PV_STATION_P_01,0.0,0.0,0.0,晴
2025-09-09 01:00:00,PV_STATION_P_01,0.0,0.0,0.0,晴
2025-09-09 02:00:00,PV_STATION_P_01,0.0,0.0,0.0,晴
2025-09-09 03:00:00,PV_STATION_P_01,0.0,0.0,0.0,晴
2025-09-09 04:00:00,PV_STATION_P_01,0.0,0.0,0.0,晴
2025-09-09 05:00:00,PV_STATION_P_01,0.0,0.0,0.0,晴
2025-09-09 06:00:00,PV_STATION_P_01,0.0,0.0,0.0,晴
2025-09-09 07:00:00,PV_STATION_P_01,105.72,113.43,93.7,晴
2025-09-09 08:00:00,PV_STATION_P_01,379.36,388.32,323.6,晴
2025-09-09 09:00:00,PV_STATION_P_01,595.03,634.9,507.9,晴
2025-09-09 10:00:00,PV_STATION_P_01,778.62,835.2,696.0,晴
2025-09-09 11:00:00,PV_STATION_P_01,835.95,974.61,769.3,晴
2025-09-09 12:00:00,PV_STATION_P_01,936.15,1042.98,869.1,晴
2025-09-09 13:00:00,PV_STATION_P_01,921.01,1035.31,862.8,晴
2025-09-09 14:00:00,PV_STATION_P_01,835.79,952.16,787.3,晴
2025-09-09 15:00:00,PV_STATION_P_01,713.09,799.6,632.0,晴
2025-09-09 16:00:00,PV_STATION_P_01,544.65,588.76,481.6,晴
2025-09-09 17:00:00,PV_STATION_P_01,317.57,334.99,279.2,晴
2025-09-09 18:00:00,PV_STATION_P_01,56.61,56.8,47.3,晴
2025-09-09 19:00:00,PV_STATION_P_01,0.0,0.0,0.0,晴
2025-09-09 20:00:00,PV_STATION_P_01,0.0,0.0,0.0,晴
2025-09-09 21:00:00,PV_STATION_P_01,0.0,0.0,0.0,晴
2025-09-09 22:00:00,PV_STATION_P_01,0.0,0.0,0.0,晴
2025-09-09 23:00:00,PV_STATION_P_01,0.0,0.0,0.0,晴
2025-09-10 00:00:00,PV_STATION_P_01,0.0,0.0,0.0,晴
2025-09-10 01:00:00,PV_STATION_P_01,0.0,0.0,0.0,晴
2025-09-10 02:00:00,PV_STATION_P_01,0.0,0.0,0.0,晴
2025-09-10 03:00:00,PV_STATION_P_01,0.0,0.0,0.0,晴
2025-09-10 04:00:00,PV_STATION_P_01,0.0,0.0,0.0,晴
2025-09-10 05:00:00,PV_STATION_P_01,0.0,0.0,0.0,晴
2025-09-10 06:00:00,PV_STATION_P_01,0.0,0.0,0.0,晴
2025-09-10 07:00:00,PV_STATION_P_01,113.27,113.1,93.9,晴
2025-09-10 08:00:00,PV_STATION_P_01,376.55,387.18,315.4,晴
2025-09-10 09:00:00,PV_STATION_P_01,597.66,633.04,527.5,晴
2025-09-10 10:00:00,PV_STATION_P_01,760.55,832.74,694.0,晴
2025-09-10 11:00:00,PV_STATION_P_01,886.97,971.74,809.8,晴
2025-09-10 12:00:00,PV_STATION_P_01,918.14,1039.91,866.6,晴
2025-09-10 13:00:00,PV_STATION_P_01,923.21,1032.26,860.2,晴
2025-09-10 14:00:00,PV_STATION_P_01,699.01,949.36,641.1,晴
2025-09-10 15:00:00,PV_STATION_P_01,704.79,797.25,635.3,晴
2025-09-10 16:00:00,PV_STATION_P_01,545.62,587.02,489.2,晴
2025-09-10 17:00:00,PV_STATION_P_01,308.59,334.0,266.7,晴
2025-09-10 18:00:00,PV_STATION_P_01,58.49,56.63,47.2,晴
2025-09-10 19:00:00,PV_STATION_P_01,0.0,0.0,0.0,晴
2025-09-10 20:00:00,PV_STATION_P_01,0.0,0.0,0.0,晴
2025-09-10 21:00:00,PV_STATION_P_01,0.0,0.0,0.0,晴
2025-09-10 22:00:00,PV_STATION_P_01,0.0,0.0,0.0,晴
2025-09-10 23:00:00,PV_STATION_P_01,0.0,0.0,0.0,晴
2025-09-11 00:00:00,PV_STATION_P_01,0.0,0.0,0.0,晴
2025-09-11 01:00:00,PV_STATION_P_01,0.0,0.0,0.0,晴
2025-09-11 02:00:00,PV_STATION_P_01,0.0,0.0,0.0,晴
2025-09-11 03:00:00,PV_STATION_P_01,0.0,0.0,0.0,晴
2025-09-11 04:00:00,PV_STATION_P_01,0.0,0.0,0.0,晴
2025-09-11 05:00:00,PV_STATION_P_01,0.0,0.0,0.0,晴
2025-09-11 06:00:00,PV_STATION_P_01,0.0,0.0,0.0,晴
2025-09-11 07:00:00,PV_STATION_P_01,119.2,112.76,92.1,晴
2025-09-11 08:00:00,PV_STATION_P_01,366.62,386.03,313.8,晴
2025-09-11 09:00:00,PV_STATION_P_01,601.63,631.16,526.0,晴
2025-09-11 10:00:00,PV_STATION_P_01,740.84,830.28,683.2,晴
2025-09-11 11:00:00,PV_STATION_P_01,791.98,968.87,739.1,晴
2025-09-11 12:00:00,PV_STATION_P_01,937.31,1036.83,864.0,晴
2025-09-11 13:00:00,PV_STATION_P_01,937.1,1029.2,857.7,晴
2025-09-11 14:00:00,PV_STATION_P_01,854.44,946.55,788.8,晴
2025-09-11 15:00:00,PV_STATION_P_01,726.77,794.89,662.4,晴
2025-09-11 16:00:00,PV_STATION_P_01,531.07,585.28,483.0,晴
2025-09-11 17:00:00,PV_STATION_P_01,317.62,333.01,270.7,晴
2025-09-11 18:00:00,PV_STATION_P_01,45.85,56.46,45.7,晴
2025-09-11 19:00:00,PV_STATION_P_01,0.0,0.0,0.0,晴
2025-09-11 20:00:00,PV_STATION_P_01,0.0,0.0,0.0,晴
2025-09-11 21:00:00,PV_STATION_P_01,0.0,0.0,0.0,晴
2025-09-11 22:00:00,PV_STATION_P_01,0.0,0.0,0.0,晴
2025-09-11 23:00:00,PV_STATION_P_01,0.0,0.0,0.0,晴
2025-09-12 00:00:00,PV_STATION_P_01,0.0,0.0,0.0,多云
2025-09-12 01:00:00,PV_STATION_P_01,0.0,0.0,0.0,多云
2025-09-12 02:00:00,PV_STATION_P_01,0.0,0.0,0.0,多云
2025-09-12 03:00:00,PV_STATION_P_01,0.0,0.0,0.0,多云
2025-09-12 04:00:00,PV_STATION_P_01,0.0,0.0,0.0,多云
2025-09-12 05:00:00,PV_STATION_P_01,0.0,0.0,0.0,多云
2025-09-12 06:00:00,PV_STATION_P_01,0.0,0.0,0.0,多云
2025-09-12 07:00:00,PV_STATION_P_01,78.31,112.43,63.5,多云
2025-09-12 08:00:00,PV_STATION_P_01,241.37,384.88,207.5,多云
2025-09-12 09:00:00,PV_STATION_P_01,409.09,629.28,349.3,多云
2025-09-12 10:00:00,PV_STATION_P_01,512.91,827.8,456.1,多云
2025-09-12 11:00:00,PV_STATION_P_01,579.88,965.98,514.1,多云
2025-09-12 12:00:00,PV_STATION_P_01,655.88,1033.74,584.8,多云
2025-09-12 13:00:00,PV_STATION_P_01,676.17,1026.14,607.6,多云
2025-09-12 14:00:00,PV_STATION_P_01,587.22,943.73,529.0,多云
2025-09-12 15:00:00,PV_STATION_P_01,495.45,792.52,438.2,多云
2025-09-12 16:00:00,PV_STATION_P_01,357.5,583.54,307.4,多云
2025-09-12 17:00:00,PV_STATION_P_01,221.84,332.02,191.2,多云
2025-09-12 18:00:00,PV_STATION_P_01,33.64,56.3,30.2,多云
2025-09-12 19:00:00,PV_STATION_P_01,0.0,0.0,0.0,多云
2025-09-12 20:00:00,PV_STATION_P_01,0.0,0.0,0.0,多云
2025-09-12 21:00:00,PV_STATION_P_01,0.0,0.0,0.0,多云
2025-09-12 22:00:00,PV_STATION_P_01,0.0,0.0,0.0,多云
2025-09-12 23:00:00,PV_STATION_P_01,0.0,0.0,0.0,多云
2025-09-13 00:00:00,PV_STATION_P_01,0.0,0.0,0.0,多云
2025-09-13 01:00:00,PV_STATION_P_01,0.0,0.0,0.0,多云
2025-09-13 02:00:00,PV_STATION_P_01,0.0,0.0,0.0,多云
2025-09-13 03:00:00,PV_STATION_P_01,0.0,0.0,0.0,多云
2025-09-13 04:00:00,PV_STATION_P_01,0.0,0.0,0.0,多云
2025-09-13 05:00:00,PV_STATION_P_01,0.0,0.0,0.0,多云
2025-09-13 06:00:00,PV_STATION_P_01,0.0,0.0,0.0,多云
2025-09-13 07:00:00,PV_STATION_P_01,60.41,112.09,61.5,多云
2025-09-13 08:00:00,PV_STATION_P_01,243.63,383.73,203.2,多云
2025-09-13 09:00:00,PV_STATION_P_01,449.77,627.4,384.1,多云
2025-09-13 10:00:00,PV_STATION_P_01,522.5,825.33,447.7,多云
2025-09-13 11:00:00,PV_STATION_P_01,620.15,963.09,541.5,多云
2025-09-13 12:00:00,PV_STATION_P_01,619.59,1030.64,544.7,多云
2025-09-13 13:00:00,PV_STATION_P_01,582.63,1023.06,515.9,多云
2025-09-13 14:00:00,PV_STATION_P_01,570.79,940.9,498.6,多云
2025-09-13 15:00:00,PV_STATION_P_01,496.85,790.15,419.0,多云
2025-09-13 16:00:00,PV_STATION_P_01,370.49,581.79,308.4,多云
2025-09-13 17:00:00,PV_STATION_P_01,192.46,331.03,167.5,多云
2025-09-13 18:00:00,PV_STATION_P_01,43.37,56.13,31.1,多云
2025-09-13 19:00:00,PV_STATION_P_01,0.0,0.0,0.0,多云
2025-09-13 20:00:00,PV_STATION_P_01,0.0,0.0,0.0,多云
2025-09-13 21:00:00,PV_STATION_P_01,0.0,0.0,0.0,多云
2025-09-13 22:00:00,PV_STATION_P_01,0.0,0.0,0.0,多云
2025-09-13 23:00:00,PV_STATION_P_01,0.0,0.0,0.0,多云
2025-09-14 00:00:00,PV_STATION_P_01,0.0,0.0,0.0,多云
2025-09-14 01:00:00,PV_STATION_P_01,0.0,0.0,0.0,多云
2025-09-14 02:00:00,PV_STATION_P_01,0.0,0.0,0.0,多云
2025-09-14 03:00:00,PV_STATION_P_01,0.0,0.0,0.0,多云
2025-09-14 04:00:00,PV_STATION_P_01,0.0,0.0,0.0,多云
2025-09-14 05:00:00,PV_STATION_P_01,0.0,0.0,0.0,多云
2025-09-14 06:00:00,PV_STATION_P_01,0.0,0.0,0.0,多云
2025-09-14 07:00:00,PV_STATION_P_01,72.09,111.75,58.9,多云
2025-09-14 08:00:00,PV_STATION_P_01,258.22,382.57,227.5,多云
2025-09-14 09:00:00,PV_STATION_P_01,373.46,625.51,304.5,多云
2025-09-14 10:00:00,PV_STATION_P_01,497.0,822.84,440.0,多云
2025-09-14 11:00:00,PV_STATION_P_01,563.31,960.19,505.2,多云
2025-09-14 12:00:00,PV_STATION_P_01,596.62,1027.54,516.5,多云
2025-09-14 13:00:00,PV_STATION_P_01,670.12,1019.98,591.9,多云
2025-09-14 14:00:00,PV_STATION_P_01,524.35,938.07,469.4,多云
2025-09-14 15:00:00,PV_STATION_P_01,476.79,787.77,423.3,多云
2025-09-14 16:00:00,PV_STATION_P_01,373.37,580.04,317.8,多云
2025-09-14 17:00:00,PV_STATION_P_01,204.51,330.03,174.7,多云
2025-09-14 18:00:00,PV_STATION_P_01,28.58,55.96,28.1,多云
2025-09-14 19:00:00,PV_STATION_P_01,0.0,0.0,0.0,多云
2025-09-14 20:00:00,PV_STATION_P_01,0.0,0.0,0.0,多云
2025-09-14 21:00:00,PV_STATION_P_01,0.0,0.0,0.0,多云
2025-09-14 22:00:00,PV_STATION_P_01,0.0,0.0,0.0,多云
2025-09-14 23:00:00,PV_STATION_P_01,0.0,0.0,0.0,多云
2025-09-15 00:00:00,PV_STATION_P_01,0.0,0.0,0.0,晴
2025-09-15 01:00:00,PV_STATION_P_01,0.0,0.0,0.0,晴
2025-09-15 02:00:00,PV_STATION_P_01,0.0,0.0,0.0,晴
2025-09-15 03:00:00,PV_STATION_P_01,0.0,0.0,0.0,晴
2025-09-15 04:00:00,PV_STATION_P_01,0.0,0.0,0.0,晴
2025-09-15 05:00:00,PV_STATION_P_01,0.0,0.0,0.0,晴
2025-09-15 06:00:00,PV_STATION_P_01,0.0,0.0,0.0,晴
2025-09-15 07:00:00,PV_STATION_P_01,109.74,111.41,89.9,晴
2025-09-15 08:00:00,PV_STATION_P_01,369.28,381.42,309.9,晴
2025-09-15 09:00:00,PV_STATION_P_01,603.03,623.62,519.7,晴
2025-09-15 10:00:00,PV_STATION_P_01,775.64,820.35,683.6,晴
2025-09-15 11:00:00,PV_STATION_P_01,868.61,957.29,797.7,晴
2025-09-15 12:00:00,PV_STATION_P_01,923.73,1024.43,850.3,晴
2025-09-15 13:00:00,PV_STATION_P_01,914.53,1016.9,847.4,晴
2025-09-15 14:00:00,PV_STATION_P_01,853.0,935.23,779.4,晴
2025-09-15 15:00:00,PV_STATION_P_01,698.99,785.39,618.7,晴
2025-09-15 16:00:00,PV_STATION_P_01,546.14,578.29,481.9,晴
2025-09-15 17:00:00,PV_STATION_P_01,267.08,329.03,234.3,晴
2025-09-15 18:00:00,PV_STATION_P_01,50.3,55.79,46.5,晴
2025-09-15 19:00:00,PV_STATION_P_01,0.0,0.0,0.0,晴
2025-09-15 20:00:00,PV_STATION_P_01,0.0,0.0,0.0,晴
2025-09-15 21:00:00,PV_STATION_P_01,0.0,0.0,0.0,晴
2025-09-15 22:00:00,PV_STATION_P_01,0.0,0.0,0.0,晴
2025-09-15 23:00:00,PV_STATION_P_01,0.0,0.0,0.0,晴
2025-09-16 00:00:00,PV_STATION_P_01,0.0,0.0,0.0,阴
2025-09-16 01:00:00,PV_STATION_P_01,0.0,0.0,0.0,阴
2025-09-16 02:00:00,PV_STATION_P_01,0.0,0.0,0.0,阴
2025-09-16 03:00:00,PV_STATION_P_01,0.0,0.0,0.0,阴
2025-09-16 04:00:00,PV_STATION_P_01,0.0,0.0,0.0,阴
2025-09-16 05:00:00,PV_STATION_P_01,0.0,0.0,0.0,阴
2025-09-16 06:00:00,PV_STATION_P_01,0.0,0.0,0.0,阴
2025-09-16 07:00:00,PV_STATION_P_01,35.52,111.08,27.4,阴
2025-09-16 08:00:00,PV_STATION_P_01,119.41,380.26,97.7,阴
2025-09-16 09:00:00,PV_STATION_P_01,181.27,621.72,148.0,阴
2025-09-16 10:00:00,PV_STATION_P_01,267.48,817.86,224.3,阴
2025-09-16 11:00:00,PV_STATION_P_01,257.86,954.38,218.3,阴
2025-09-16 12:00:00,PV_STATION_P_01,296.21,1021.32,246.3,阴
2025-09-16 13:00:00,PV_STATION_P_01,281.77,1013.81,235.5,阴
2025-09-16 14:00:00,PV_STATION_P_01,290.86,932.39,242.4,阴
2025-09-16 15:00:00,PV_STATION_P_01,228.49,783.0,201.0,阴
2025-09-16 16:00:00,PV_STATION_P_01,161.0,576.53,135.4,阴
2025-09-16 17:00:00,PV_STATION_P_01,91.05,328.03,86.1,阴
2025-09-16 18:00:00,PV_STATION_P_01,12.73,55.62,13.4,阴
2025-09-16 19:00:00,PV_STATION_P_01,0.0,0.0,0.0,阴
2025-09-16 20:00:00,PV_STATION_P_01,0.0,0.0,0.0,阴
2025-09-16 21:00:00,PV_STATION_P_01,0.0,0.0,0.0,阴
2025-09-16 22:00:00,PV_STATION_P_01,0.0,0.0,0.0,阴
2025-09-16 23:00:00,PV_STATION_P_01,0.0,0.0,0.0,阴
2025-09-17 00:00:00,PV_STATION_P_01,0.0,0.0,0.0,雨
2025-09-17 01:00:00,PV_STATION_P_01,0.0,0.0,0.0,雨
2025-09-17 02:00:00,PV_STATION_P_01,0.0,0.0,0.0,雨
2025-09-17 03:00:00,PV_STATION_P_01,0.0,0.0,0.0,雨
2025-09-17 04:00:00,PV_STATION_P_01,0.0,0.0,0.0,雨
2025-09-17 05:00:00,PV_STATION_P_01,0.0,0.0,0.0,雨
2025-09-17 06:00:00,PV_STATION_P_01,0.0,0.0,0.0,雨
2025-09-17 07:00:00,PV_STATION_P_01,18.13,110.74,13.7,雨
2025-09-17 08:00:00,PV_STATION_P_01,45.46,379.1,43.8,雨
2025-09-17 09:00:00,PV_STATION_P_01,89.82,619.82,73.8,雨
2025-09-17 10:00:00,PV_STATION_P_01,85.75,815.36,88.6,雨
2025-09-17 11:00:00,PV_STATION_P_01,131.3,951.46,109.3,雨
2025-09-17 12:00:00,PV_STATION_P_01,129.6,1018.2,114.8,雨
2025-09-17 13:00:00,PV_STATION_P_01,143.79,1010.71,130.3,雨
2025-09-17 14:00:00,PV_STATION_P_01,128.0,929.54,104.7,雨
2025-09-17 15:00:00,PV_STATION_P_01,112.84,780.61,96.3,雨
2025-09-17 16:00:00,PV_STATION_P_01,81.36,574.77,71.0,雨
2025-09-17 17:00:00,PV_STATION_P_01,42.77,327.03,40.3,雨
2025-09-17 18:00:00,PV_STATION_P_01,13.73,55.45,6.3,雨
2025-09-17 19:00:00,PV_STATION_P_01,0.0,0.0,0.0,雨
2025-09-17 20:00:00,PV_STATION_P_01,0.0,0.0,0.0,雨
2025-09-17 21:00:00,PV_STATION_P_01,0.0,0.0,0.0,雨
2025-09-17 22:00:00,PV_STATION_P_01,0.0,0.0,0.0,雨
2025-09-17 23:00:00,PV_STATION_P_01,0.0,0.0,0.0,雨
2025-09-18 00:00:00,PV_STATION_P_01,0.0,0.0,0.0,多云
2025-09-18 01:00:00,PV_STATION_P_01,0.0,0.0,0.0,多云
2025-09-18 02:00:00,PV_STATION_P_01,0.0,0.0,0.0,多云
2025-09-18 03:00:00,PV_STATION_P_01,0.0,0.0,0.0,多云
2025-09-18 04:00:00,PV_STATION_P_01,0.0,0.0,0.0,多云
2025-09-18 05:00:00,PV_STATION_P_01,0.0,0.0,0.0,多云
2025-09-18 06:00:00,PV_STATION_P_01,0.0,0.0,0.0,多云
2025-09-18 07:00:00,PV_STATION_P_01,70.12,110.4,59.5,多云
2025-09-18 08:00:00,PV_STATION_P_01,240.8,377.94,206.7,多云
2025-09-18 09:00:00,PV_STATION_P_01,362.97,617.92,314.9,多云
2025-09-18 10:00:00,PV_STATION_P_01,503.24,812.86,432.2,多云
2025-09-18 11:00:00,PV_STATION_P_01,590.99,948.55,512.8,多云
2025-09-18 12:00:00,PV_STATION_P_01,656.05,1015.08,576.0,多云
2025-09-18 13:00:00,PV_STATION_P_01,605.46,1007.62,534.6,多云
2025-09-18 14:00:00,PV_STATION_P_01,525.67,926.7,483.3,多云
2025-09-18 15:00:00,PV_STATION_P_01,499.03,778.22,444.2,多云
2025-09-18 16:00:00,PV_STATION_P_01,351.15,573.01,308.5,多云
2025-09-18 17:00:00,PV_STATION_P_01,204.58,326.03,171.8,多云
2025-09-18 18:00:00,PV_STATION_P_01,30.76,55.28,31.6,多云
2025-09-18 19:00:00,PV_STATION_P_01,0.0,0.0,0.0,多云
2025-09-18 20:00:00,PV_STATION_P_01,0.0,0.0,0.0,多云
2025-09-18 21:00:00,PV_STATION_P_01,0.0,0.0,0.0,多云
2025-09-18 22:00:00,PV_STATION_P_01,0.0,0.0,0.0,多云
2025-09-18 23:00:00,PV_STATION_P_01,0.0,0.0,0.0,多云
2025-09-19 00:00:00,PV_STATION_P_01,0.0,0.0,0.0,多云
2025-09-19 01:00:00,PV_STATION_P_01,0.0,0.0,0.0,多云
2025-09-19 02:00:00,PV_STATION_P_01,0.0,0.0,0.0,多云
2025-09-19 03:00:00,PV_STATION_P_01,0.0,0.0,0.0,多云
2025-09-19 04:00:00,PV_STATION_P_01,0.0,0.0,0.0,多云
2025-09-19 05:00:00,PV_STATION_P_01,0.0,0.0,0.0,多云
2025-09-19 06:00:00,PV_STATION_P_01,0.0,0.0,0.0,多云
2025-09-19 07:00:00,PV_STATION_P_01,78.62,110.06,60.3,多云
2025-09-19 08:00:00,PV_STATION_P_01,248.52,376.77,217.5,多云
2025-09-19 09:00:00,PV_STATION_P_01,346.1,616.02,303.7,多云
2025-09-19 10:00:00,PV_STATION_P_01,512.77,810.36,437.0,多云
2025-09-19 11:00:00,PV_STATION_P_01,598.97,945.63,527.2,多云
2025-09-19 12:00:00,PV_STATION_P_01,659.63,1011.96,586.4,多云
2025-09-19 13:00:00,PV_STATION_P_01,688.12,1004.52,602.2,多云
2025-09-19 14:00:00,PV_STATION_P_01,552.46,923.85,501.6,多云
2025-09-19 15:00:00,PV_STATION_P_01,529.5,775.83,468.8,多云
2025-09-19 16:00:00,PV_STATION_P_01,374.35,571.25,321.3,多云
2025-09-19 17:00:00,PV_STATION_P_01,208.95,325.03,186.0,多云
2025-09-19 18:00:00,PV_STATION_P_01,43.79,55.11,28.7,多云
2025-09-19 19:00:00,PV_STATION_P_01,0.0,0.0,0.0,多云
2025-09-19 20:00:00,PV_STATION_P_01,0.0,0.0,0.0,多云
2025-09-19 21:00:00,PV_STATION_P_01,0.0,0.0,0.0,多云
2025-09-19 22:00:00,PV_STATION_P_01,0.0,0.0,0.0,多云
2025-09-19 23:00:00,PV_STATION_P_01,0.0,0.0,0.0,多云
2025-09-20 00:00:00,PV_STATION_P_01,0.0,0.0,0.0,多云
2025-09-20 01:00:00,PV_STATION_P_01,0.0,0.0,0.0,多云
2025-09-20 02:00:00,PV_STATION_P_01,0.0,0.0,0.0,多云
2025-09-20 03:00:00,PV_STATION_P_01,0.0,0.0,0.0,多云
2025-09-20 04:00:00,PV_STATION_P_01,0.0,0.0,0.0,多云
2025-09-20 05:00:00,PV_STATION_P_01,0.0,0.0,0.0,多云
2025-09-20 06:00:00,PV_STATION_P_01,0.0,0.0,0.0,多云
2025-09-20 07:00:00,PV_STATION_P_01,67.55,109.72,55.6,多云
2025-09-20 08:00:00,PV_STATION_P_01,226.39,375.61,192.8,多云
2025-09-20 09:00:00,PV_STATION_P_01,409.33,614.12,336.9,多云
2025-09-20 10:00:00,PV_STATION_P_01,555.61,807.86,488.2,多云
2025-09-20 11:00:00,PV_STATION_P_01,608.95,942.71,537.7,多云
2025-09-20 12:00:00,PV_STATION_P_01,674.68,1008.84,597.9,多云
2025-09-20 13:00:00,PV_STATION_P_01,604.37,1001.42,540.2,多云
2025-09-20 14:00:00,PV_STATION_P_01,531.23,920.99,471.3,多云
2025-09-20 15:00:00,PV_STATION_P_01,476.31,773.43,415.8,多云
2025-09-20 16:00:00,PV_STATION_P_01,355.88,569.48,311.3,多云
2025-09-20 17:00:00,PV_STATION_P_01,195.92,324.02,178.3,多云
2025-09-20 18:00:00,PV_STATION_P_01,33.59,54.94,29.9,多云
2025-09-20 19:00:00,PV_STATION_P_01,0.0,0.0,0.0,多云
2025-09-20 20:00:00,PV_STATION_P_01,0.0,0.0,0.0,多云
2025-09-20 21:00:00,PV_STATION_P_01,0.0,0.0,0.0,多云
2025-09-20 22:00:00,PV_STATION_P_01,0.0,0.0,0.0,多云
2025-09-20 23:00:00,PV_STATION_P_01,0.0,0.0,0.0,多云
2025-09-21 00:00:00,PV_STATION_P_01,0.0,0.0,0.0,雨
2025-09-21 01:00:00,PV_STATION_P_01,0.0,0.0,0.0,雨
2025-09-21 02:00:00,PV_STATION_P_01,0.0,0.0,0.0,雨
2025-09-21 03:00:00,PV_STATION_P_01,0.0,0.0,0.0,雨
2025-09-21 04:00:00,PV_STATION_P_01,0.0,0.0,0.0,雨
2025-09-21 05:00:00,PV_STATION_P_01,0.0,0.0,0.0,雨
2025-09-21 06:00:00,PV_STATION_P_01,0.0,0.0,0.0,雨
2025-09-21 07:00:00,PV_STATION_P_01,19.11,109.38,12.4,雨
2025-09-21 08:00:00,PV_STATION_P_01,61.63,374.45,47.1,雨
2025-09-21 09:00:00,PV_STATION_P_01,82.06,612.22,69.2,雨
2025-09-21 10:00:00,PV_STATION_P_01,105.48,805.36,90.2,雨
2025-09-21 11:00:00,PV_STATION_P_01,123.25,939.79,109.4,雨
2025-09-21 12:00:00,PV_STATION_P_01,135.73,1005.71,122.7,雨
2025-09-21 13:00:00,PV_STATION_P_01,140.68,998.32,114.7,雨
2025-09-21 14:00:00,PV_STATION_P_01,131.32,918.14,107.8,雨
2025-09-21 15:00:00,PV_STATION_P_01,87.35,771.04,79.7,雨
2025-09-21 16:00:00,PV_STATION_P_01,83.46,567.72,68.1,雨
2025-09-21 17:00:00,PV_STATION_P_01,46.93,323.02,38.1,雨
2025-09-21 18:00:00,PV_STATION_P_01,14.55,54.77,6.7,雨
2025-09-21 19:00:00,PV_STATION_P_01,0.0,0.0,0.0,雨
2025-09-21 20:00:00,PV_STATION_P_01,0.0,0.0,0.0,雨
2025-09-21 21:00:00,PV_STATION_P_01,0.0,0.0,0.0,雨
2025-09-21 22:00:00,PV_STATION_P_01,0.0,0.0,0.0,雨
2025-09-21 23:00:00,PV_STATION_P_01,0.0,0.0,0.0,雨
2025-09-22 00:00:00,PV_STATION_P_01,0.0,0.0,0.0,多云
2025-09-22 01:00:00,PV_STATION_P_01,0.0,0.0,0.0,多云
2025-09-22 02:00:00,PV_STATION_P_01,0.0,0.0,0.0,多云
2025-09-22 03:00:00,PV_STATION_P_01,0.0,0.0,0.0,多云
2025-09-22 04:00:00,PV_STATION_P_01,0.0,0.0,0.0,多云
2025-09-22 05:00:00,PV_STATION_P_01,0.0,0.0,0.0,多云
2025-09-22 06:00:00,PV_STATION_P_01,0.0,0.0,0.0,多云
2025-09-22 07:00:00,PV_STATION_P_01,75.92,109.04,59.6,多云
2025-09-22 08:00:00,PV_STATION_P_01,256.61,373.29,215.3,多云
2025-09-22 09:00:00,PV_STATION_P_01,399.67,610.32,334.8,多云
2025-09-22 10:00:00,PV_STATION_P_01,507.23,802.86,444.2,多云
2025-09-22 11:00:00,PV_STATION_P_01,595.81,936.88,517.4,多云
2025-09-22 12:00:00,PV_STATION_P_01,634.83,1002.59,569.5,多云
2025-09-22 13:00:00,PV_STATION_P_01,616.48,995.22,562.2,多云
2025-09-22 14:00:00,PV_STATION_P_01,536.34,915.29,475.4,多云
2025-09-22 15:00:00,PV_STATION_P_01,490.5,768.64,427.3,多云
2025-09-22 16:00:00,PV_STATION_P_01,380.2,565.96,319.7,多云
2025-09-22 17:00:00,PV_STATION_P_01,216.51,322.02,190.1,多云
2025-09-22 18:00:00,PV_STATION_P_01,38.6,54.6,28.5,多云
2025-09-22 19:00:00,PV_STATION_P_01,0.0,0.0,0.0,多云
2025-09-22 20:00:00,PV_STATION_P_01,0.0,0.0,0.0,多云
2025-09-22 21:00:00,PV_STATION_P_01,0.0,0.0,0.0,多云
2025-09-22 22:00:00,PV_STATION_P_01,0.0,0.0,0.0,多云
2025-09-22 23:00:00,PV_STATION_P_01,0.0,0.0,0.0,多云
2025-09-23 00:00:00,PV_STATION_P_01,0.0,0.0,0.0,晴
2025-09-23 01:00:00,PV_STATION_P_01,0.0,0.0,0.0,晴
2025-09-23 02:00:00,PV_STATION_P_01,0.0,0.0,0.0,晴
2025-09-23 03:00:00,PV_STATION_P_01,0.0,0.0,0.0,晴
2025-09-23 04:00:00,PV_STATION_P_01,0.0,0.0,0.0,晴
2025-09-23 05:00:00,PV_STATION_P_01,0.0,0.0,0.0,晴
2025-09-23 06:00:00,PV_STATION_P_01,0.0,0.0,0.0,晴
2025-09-23 07:00:00,PV_STATION_P_01,98.78,108.7,90.6,晴
2025-09-23 08:00:00,PV_STATION_P_01,372.66,372.12,310.1,晴
2025-09-23 09:00:00,PV_STATION_P_01,576.75,608.42,504.3,晴
2025-09-23 10:00:00,PV_STATION_P_01,748.42,800.36,658.9,晴
2025-09-23 11:00:00,PV_STATION_P_01,866.81,933.96,778.3,晴
2025-09-23 12:00:00,PV_STATION_P_01,911.84,999.47,832.9,晴
2025-09-23 13:00:00,PV_STATION_P_01,909.73,992.12,826.8,晴
2025-09-23 14:00:00,PV_STATION_P_01,788.53,912.44,711.3,晴
2025-09-23 15:00:00,PV_STATION_P_01,709.72,766.25,632.1,晴
2025-09-23 16:00:00,PV_STATION_P_01,489.0,564.2,418.6,晴
2025-09-23 17:00:00,PV_STATION_P_01,294.11,321.01,249.2,晴
2025-09-23 18:00:00,PV_STATION_P_01,57.72,54.43,43.8,晴
2025-09-23 19:00:00,PV_STATION_P_01,0.0,0.0,0.0,晴
2025-09-23 20:00:00,PV_STATION_P_01,0.0,0.0,0.0,晴
2025-09-23 21:00:00,PV_STATION_P_01,0.0,0.0,0.0,晴
2025-09-23 22:00:00,PV_STATION_P_01,0.0,0.0,0.0,晴
2025-09-23 23:00:00,PV_STATION_P_01,0.0,0.0,0.0,晴
2025-09-24 00:00:00,PV_STATION_P_01,0.0,0.0,0.0,晴
2025-09-24 01:00:00,PV_STATION_P_01,0.0,0.0,0.0,晴
2025-09-24 02:00:00,PV_STATION_P_01,0.0,0.0,0.0,晴
2025-09-24 03:00:00,PV_STATION_P_01,0.0,0.0,0.0,晴
2025-09-24 04:00:00,PV_STATION_P_01,0.0,0.0,0.0,晴
2025-09-24 05:00:00,PV_STATION_P_01,0.0,0.0,0.0,晴
2025-09-24 06:00:00,PV_STATION_P_01,0.0,0.0,0.0,晴
2025-09-24 07:00:00,PV_STATION_P_01,129.75,108.36,90.3,晴
2025-09-24 08:00:00,PV_STATION_P_01,365.97,370.96,309.1,晴
2025-09-24 09:00:00,PV_STATION_P_01,548.89,606.52,476.7,晴
2025-09-24 10:00:00,PV_STATION_P_01,694.65,797.87,623.5,晴
2025-09-24 11:00:00,PV_STATION_P_01,806.08,931.04,731.2,晴
2025-09-24 12:00:00,PV_STATION_P_01,855.9,996.35,785.7,晴
2025-09-24 13:00:00,PV_STATION_P_01,915.98,989.02,824.2,晴
2025-09-24 14:00:00,PV_STATION_P_01,838.29,909.6,758.0,晴
2025-09-24 15:00:00,PV_STATION_P_01,718.44,763.86,636.5,晴
2025-09-24 16:00:00,PV_STATION_P_01,526.44,562.44,466.7,晴
2025-09-24 17:00:00,PV_STATION_P_01,313.29,320.01,266.7,晴
2025-09-24 18:00:00,PV_STATION_P_01,58.39,54.26,43.3,晴
2025-09-24 19:00:00,PV_STATION_P_01,0.0,0.0,0.0,晴
2025-09-24 20:00:00,PV_STATION_P_01,0.0,0.0,0.0,晴
2025-09-24 21:00:00,PV_STATION_P_01,0.0,0.0,0.0,晴
2025-09-24 22:00:00,PV_STATION_P_01,0.0,0.0,0.0,晴
2025-09-24 23:00:00,PV_STATION_P_01,0.0,0.0,0.0,晴
2025-09-25 00:00:00,PV_STATION_P_01,0.0,0.0,0.0,多云
2025-09-25 01:00:00,PV_STATION_P_01,0.0,0.0,0.0,多云
2025-09-25 02:00:00,PV_STATION_P_01,0.0,0.0,0.0,多云
2025-09-25 03:00:00,PV_STATION_P_01,0.0,0.0,0.0,多云
2025-09-25 04:00:00,PV_STATION_P_01,0.0,0.0,0.0,多云
2025-09-25 05:00:00,PV_STATION_P_01,0.0,0.0,0.0,多云
2025-09-25 06:00:00,PV_STATION_P_01,0.0,0.0,0.0,多云
2025-09-25 07:00:00,PV_STATION_P_01,67.67,108.02,55.9,多云
2025-09-25 08:00:00,PV_STATION_P_01,235.22,369.8,197.6,多云
2025-09-25 09:00:00,PV_STATION_P_01,356.46,604.62,306.0,多云
2025-09-25 10:00:00,PV_STATION_P_01,505.49,795.37,446.5,多云
2025-09-25 11:00:00,PV_STATION_P_01,581.81,928.13,512.5,多云
2025-09-25 12:00:00,PV_STATION_P_01,618.08,993.24,542.9,多云
2025-09-25 13:00:00,PV_STATION_P_01,635.86,985.93,566.3,多云
2025-09-25 14:00:00,PV_STATION_P_01,531.35,906.75,477.2,多云
2025-09-25 15:00:00,PV_STATION_P_01,468.9,761.47,403.9,多云
2025-09-25 16:00:00,PV_STATION_P_01,341.41,560.68,285.5,多云
2025-09-25 17:00:00,PV_STATION_P_01,212.66,319.01,184.4,多云
2025-09-25 18:00:00,PV_STATION_P_01,29.54,54.09,30.7,多云
2025-09-25 19:00:00,PV_STATION_P_01,0.0,0.0,0.0,多云
2025-09-25 20:00:00,PV_STATION_P_01,0.0,0.0,0.0,多云
2025-09-25 21:00:00,PV_STATION_P_01,0.0,0.0,0.0,多云
2025-09-25 22:00:00,PV_STATION_P_01,0.0,0.0,0.0,多云
2025-09-25 23:00:00,PV_STATION_P_01,0.0,0.0,0.0,多云
2025-09-26 00:00:00,PV_STATION_P_01,0.0,0.0,0.0,多云
2025-09-26 01:00:00,PV_STATION_P_01,0.0,0.0,0.0,多云
2025-09-26 02:00:00,PV_STATION_P_01,0.0,0.0,0.0,多云
2025-09-26 03:00:00,PV_STATION_P_01,0.0,0.0,0.0,多云
2025-09-26 04:00:00,PV_STATION_P_01,0.0,0.0,0.0,多云
2025-09-26 05:00:00,PV_STATION_P_01,0.0,0.0,0.0,多云
2025-09-26 06:00:00,PV_STATION_P_01,0.0,0.0,0.0,多云
2025-09-26 07:00:00,PV_STATION_P_01,72.38,107.68,59.6,多云
2025-09-26 08:00:00,PV_STATION_P_01,273.25,368.64,221.6,多云
2025-09-26 09:00:00,PV_STATION_P_01,352.86,602.73,301.6,多云
2025-09-26 10:00:00,PV_STATION_P_01,533.65,792.88,459.8,多云
2025-09-26 11:00:00,PV_STATION_P_01,590.66,925.23,518.6,多云
2025-09-26 12:00:00,PV_STATION_P_01,650.74,990.12,579.1,多云
2025-09-26 13:00:00,PV_STATION_P_01,621.29,982.84,566.7,多云
2025-09-26 14:00:00,PV_STATION_P_01,543.29,903.91,480.7,多云
2025-09-26 15:00:00,PV_STATION_P_01,473.48,759.09,417.5,多云
2025-09-26 16:00:00,PV_STATION_P_01,348.24,558.92,285.0,多云
2025-09-26 17:00:00,PV_STATION_P_01,-18.34,318.01,170.3,多云
2025-09-26 18:00:00,PV_STATION_P_01,44.06,53.92,29.7,多云
2025-09-26 19:00:00,PV_STATION_P_01,0.0,0.0,0.0,多云
2025-09-26 20:00:00,PV_STATION_P_01,0.0,0.0,0.0,多云
2025-09-26 21:00:00,PV_STATION_P_01,0.0,0.0,0.0,多云
2025-09-26 22:00:00,PV_STATION_P_01,0.0,0.0,0.0,多云
2025-09-26 23:00:00,PV_STATION_P_01,0.0,0.0,0.0,多云
2025-09-27 00:00:00,PV_STATION_P_01,0.0,0.0,0.0,晴
2025-09-27 01:00:00,PV_STATION_P_01,0.0,0.0,0.0,晴
2025-09-27 02:00:00,PV_STATION_P_01,0.0,0.0,0.0,晴
2025-09-27 03:00:00,PV_STATION_P_01,0.0,0.0,0.0,晴
2025-09-27 04:00:00,PV_STATION_P_01,0.0,0.0,0.0,晴
2025-09-27 05:00:00,PV_STATION_P_01,0.0,0.0,0.0,晴
2025-09-27 06:00:00,PV_STATION_P_01,0.0,0.0,0.0,晴
2025-09-27 07:00:00,PV_STATION_P_01,95.78,107.34,87.0,晴
2025-09-27 08:00:00,PV_STATION_P_01,349.59,367.49,293.0,晴
2025-09-27 09:00:00,PV_STATION_P_01,580.4,600.84,500.7,晴
2025-09-27 10:00:00,PV_STATION_P_01,,790.39,577.9,晴
2025-09-27 11:00:00,PV_STATION_P_01,854.63,922.32,768.6,晴
2025-09-27 12:00:00,PV_STATION_P_01,909.79,987.02,822.5,晴
2025-09-27 13:00:00,PV_STATION_P_01,853.67,979.76,777.2,晴
2025-09-27 14:00:00,PV_STATION_P_01,817.83,901.08,742.2,晴
2025-09-27 15:00:00,PV_STATION_P_01,696.62,756.7,619.8,晴
2025-09-27 16:00:00,PV_STATION_P_01,536.54,557.17,462.5,晴
2025-09-27 17:00:00,PV_STATION_P_01,311.64,317.02,264.2,晴
2025-09-27 18:00:00,PV_STATION_P_01,52.92,53.75,44.8,晴
2025-09-27 19:00:00,PV_STATION_P_01,0.0,0.0,0.0,晴
2025-09-27 20:00:00,PV_STATION_P_01,0.0,0.0,0.0,晴
2025-09-27 21:00:00,PV_STATION_P_01,0.0,0.0,0.0,晴
2025-09-27 22:00:00,PV_STATION_P_01,0.0,0.0,0.0,晴
2025-09-27 23:00:00,PV_STATION_P_01,0.0,0.0,0.0,晴
2025-09-28 00:00:00,PV_STATION_P_01,0.0,0.0,0.0,多云
2025-09-28 01:00:00,PV_STATION_P_01,0.0,0.0,0.0,多云
2025-09-28 02:00:00,PV_STATION_P_01,0.0,0.0,0.0,多云
2025-09-28 03:00:00,PV_STATION_P_01,0.0,0.0,0.0,多云
2025-09-28 04:00:00,PV_STATION_P_01,0.0,0.0,0.0,多云
2025-09-28 05:00:00,PV_STATION_P_01,0.0,0.0,0.0,多云
2025-09-28 06:00:00,PV_STATION_P_01,0.0,0.0,0.0,多云
2025-09-28 07:00:00,PV_STATION_P_01,62.58,107.01,59.1,多云
2025-09-28 08:00:00,PV_STATION_P_01,246.1,366.33,206.8,多云
2025-09-28 09:00:00,PV_STATION_P_01,404.0,598.95,337.3,多云
2025-09-28 10:00:00,PV_STATION_P_01,528.55,787.91,452.0,多云
2025-09-28 11:00:00,PV_STATION_P_01,570.54,919.43,507.2,多云
2025-09-28 12:00:00,PV_STATION_P_01,581.78,983.92,505.8,多云
2025-09-28 13:00:00,PV_STATION_P_01,569.98,976.68,497.7,多云
2025-09-28 14:00:00,PV_STATION_P_01,568.77,898.25,505.4,多云
2025-09-28 15:00:00,PV_STATION_P_01,456.27,754.33,391.5,多云
2025-09-28 16:00:00,PV_STATION_P_01,357.97,555.42,316.0,多云
2025-09-28 17:00:00,PV_STATION_P_01,213.0,316.02,185.4,多云
2025-09-28 18:00:00,PV_STATION_P_01,30.94,53.58,29.1,多云
2025-09-28 19:00:00,PV_STATION_P_01,0.0,0.0,0.0,多云
2025-09-28 20:00:00,PV_STATION_P_01,0.0,0.0,0.0,多云
2025-09-28 21:00:00,PV_STATION_P_01,0.0,0.0,0.0,多云
2025-09-28 22:00:00,PV_STATION_P_01,0.0,0.0,0.0,多云
2025-09-28 23:00:00,PV_STATION_P_01,0.0,0.0,0.0,多云
2025-09-29 00:00:00,PV_STATION_P_01,0.0,0.0,0.0,阴
2025-09-29 01:00:00,PV_STATION_P_01,0.0,0.0,0.0,阴
2025-09-29 02:00:00,PV_STATION_P_01,0.0,0.0,0.0,阴
2025-09-29 03:00:00,PV_STATION_P_01,0.0,0.0,0.0,阴
2025-09-29 04:00:00,PV_STATION_P_01,0.0,0.0,0.0,阴
2025-09-29 05:00:00,PV_STATION_P_01,0.0,0.0,0.0,阴
2025-09-29 06:00:00,PV_STATION_P_01,0.0,0.0,0.0,阴
2025-09-29 07:00:00,PV_STATION_P_01,28.38,106.67,25.7,阴
2025-09-29 08:00:00,PV_STATION_P_01,108.72,365.18,92.5,阴
2025-09-29 09:00:00,PV_STATION_P_01,166.79,597.07,144.7,阴
2025-09-29 10:00:00,PV_STATION_P_01,241.22,785.43,194.4,阴
2025-09-29 11:00:00,PV_STATION_P_01,248.06,916.54,219.4,阴
2025-09-29 12:00:00,PV_STATION_P_01,272.71,980.83,239.4,阴
2025-09-29 13:00:00,PV_STATION_P_01,293.74,973.61,242.7,阴
2025-09-29 14:00:00,PV_STATION_P_01,258.98,895.42,222.4,阴
2025-09-29 15:00:00,PV_STATION_P_01,241.82,751.96,206.6,阴
2025-09-29 16:00:00,PV_STATION_P_01,158.17,553.67,138.2,阴
2025-09-29 17:00:00,PV_STATION_P_01,94.08,315.03,77.9,阴
2025-09-29 18:00:00,PV_STATION_P_01,11.15,53.41,11.7,阴
2025-09-29 19:00:00,PV_STATION_P_01,0.0,0.0,0.0,阴
2025-09-29 20:00:00,PV_STATION_P_01,0.0,0.0,0.0,阴
2025-09-29 21:00:00,PV_STATION_P_01,0.0,0.0,0.0,阴
2025-09-29 22:00:00,PV_STATION_P_01,0.0,0.0,0.0,阴
2025-09-29 23:00:00,PV_STATION_P_01,0.0,0.0,0.0,阴
2025-09-30 00:00:00,PV_STATION_P_01,0.0,0.0,0.0,多云
2025-09-30 01:00:00,PV_STATION_P_01,0.0,0.0,0.0,多云
2025-09-30 02:00:00,PV_STATION_P_01,0.0,0.0,0.0,多云
2025-09-30 03:00:00,PV_STATION_P_01,0.0,0.0,0.0,多云
2025-09-30 04:00:00,PV_STATION_P_01,0.0,0.0,0.0,多云
2025-09-30 05:00:00,PV_STATION_P_01,0.0,0.0,0.0,多云
2025-09-30 06:00:00,PV_STATION_P_01,0.0,0.0,0.0,多云
2025-09-30 07:00:00,PV_STATION_P_01,75.76,106.34,63.1,多云
2025-09-30 08:00:00,PV_STATION_P_01,253.16,364.03,205.4,多云
2025-09-30 09:00:00,PV_STATION_P_01,350.21,595.19,300.0,多云
2025-09-30 10:00:00,PV_STATION_P_01,518.86,782.97,451.9,多云
2025-09-30 11:00:00,PV_STATION_P_01,555.32,913.66,486.0,多云
2025-09-30 12:00:00,PV_STATION_P_01,632.5,977.74,559.2,多云
2025-09-30 13:00:00,PV_STATION_P_01,607.62,970.55,541.7,多云
2025-09-30 14:00:00,PV_STATION_P_01,488.43,892.61,426.1,多云
2025-09-30 15:00:00,PV_STATION_P_01,484.68,749.59,424.7,多云
2025-09-30 16:00:00,PV_STATION_P_01,358.4,551.93,300.2,多云
2025-09-30 17:00:00,PV_STATION_P_01,200.21,314.04,168.8,多云
2025-09-30 18:00:00,PV_STATION_P_01,29.43,53.25,28.7,多云
2025-09-30 19:00:00,PV_STATION_P_01,0.0,0.0,0.0,多云
2025-09-30 20:00:00,PV_STATION_P_01,0.0,0.0,0.0,多云
2025-09-30 21:00:00,PV_STATION_P_01,0.0,0.0,0.0,多云
2025-09-30 22:00:00,PV_STATION_P_01,0.0,0.0,0.0,多云
2025-09-30 23:00:00,PV_STATION_P_01,0.0,0.0,0.0,多云
2025-10-01 00:00:00,PV_STATION_P_01,0.0,0.0,0.0,多云
2025-10-01 01:00:00,PV_STATION_P_01,0.0,0.0,0.0,多云
2025-10-01 02:00:00,PV_STATION_P_01,0.0,0.0,0.0,多云
2025-10-01 03:00:00,PV_STATION_P_01,0.0,0.0,0.0,多云
2025-10-01 04:00:00,PV_STATION_P_01,0.0,0.0,0.0,多云
2025-10-01 05:00:00,PV_STATION_P_01,0.0,0.0,0.0,多云
2025-10-01 06:00:00,PV_STATION_P_01,0.0,0.0,0.0,多云
2025-10-01 07:00:00,PV_STATION_P_01,55.4,106.0,55.5,多云
2025-10-01 08:00:00,PV_STATION_P_01,222.25,362.89,188.4,多云
2025-10-01 09:00:00,PV_STATION_P_01,410.59,593.32,355.8,多云
2025-10-01 10:00:00,PV_STATION_P_01,471.2,780.5,392.4,多云
2025-10-01 11:00:00,PV_STATION_P_01,608.23,910.78,529.1,多云
2025-10-01 12:00:00,PV_STATION_P_01,571.3,974.67,502.9,多云
2025-10-01 13:00:00,PV_STATION_P_01,570.06,967.5,504.9,多云
2025-10-01 14:00:00,PV_STATION_P_01,,889.8,464.0,多云
2025-10-01 15:00:00,PV_STATION_P_01,445.27,747.24,388.2,多云
2025-10-01 16:00:00,PV_STATION_P_01,366.4,550.2,316.6,多云
2025-10-01 17:00:00,PV_STATION_P_01,210.12,313.05,177.2,多云
2025-10-01 18:00:00,PV_STATION_P_01,36.07,53.08,28.9,多云
2025-10-01 19:00:00,PV_STATION_P_01,0.0,0.0,0.0,多云
2025-10-01 20:00:00,PV_STATION_P_01,0.0,0.0,0.0,多云
2025-10-01 21:00:00,PV_STATION_P_01,0.0,0.0,0.0,多云
2025-10-01 22:00:00,PV_STATION_P_01,0.0,0.0,0.0,多云
2025-10-01 23:00:00,PV_STATION_P_01,0.0,0.0,0.0,多云
2025-10-02 00:00:00,PV_STATION_P_01,0.0,0.0,0.0,多云
2025-10-02 01:00:00,PV_STATION_P_01,0.0,0.0,0.0,多云
2025-10-02 02:00:00,PV_STATION_P_01,0.0,0.0,0.0,多云
2025-10-02 03:00:00,PV_STATION_P_01,0.0,0.0,0.0,多云
2025-10-02 04:00:00,PV_STATION_P_01,0.0,0.0,0.0,多云
2025-10-02 05:00:00,PV_STATION_P_01,0.0,0.0,0.0,多云
2025-10-02 06:00:00,PV_STATION_P_01,0.0,0.0,0.0,多云
2025-10-02 07:00:00,PV_STATION_P_01,71.1,105.67,59.4,多云
2025-10-02 08:00:00,PV_STATION_P_01,222.32,361.75,190.4,多云
2025-10-02 09:00:00,PV_STATION_P_01,360.3,591.46,308.4,多云
2025-10-02 10:00:00,PV_STATION_P_01,517.77,778.05,439.5,多云
2025-10-02 11:00:00,PV_STATION_P_01,600.88,907.92,521.1,多云
2025-10-02 12:00:00,PV_STATION_P_01,600.74,971.6,517.9,多云
2025-10-02 13:00:00,PV_STATION_P_01,622.96,964.46,546.6,多云
2025-10-02 14:00:00,PV_STATION_P_01,588.2,887.0,517.1,多云
2025-10-02 15:00:00,PV_STATION_P_01,450.3,744.89,402.3,多云
2025-10-02 16:00:00,PV_STATION_P_01,327.71,548.47,280.0,多云
2025-10-02 17:00:00,PV_STATION_P_01,183.68,312.06,160.4,多云
2025-10-02 18:00:00,PV_STATION_P_01,32.1,52.91,28.1,多云
2025-10-02 19:00:00,PV_STATION_P_01,0.0,0.0,0.0,多云
2025-10-02 20:00:00,PV_STATION_P_01,0.0,0.0,0.0,多云
2025-10-02 21:00:00,PV_STATION_P_01,0.0,0.0,0.0,多云
2025-10-02 22:00:00,PV_STATION_P_01,0.0,0.0,0.0,多云
2025-10-02 23:00:00,PV_STATION_P_01,0.0,0.0,0.0,多云
2025-10-03 00:00:00,PV_STATION_P_01,0.0,0.0,0.0,多云
2025-10-03 01:00:00,PV_STATION_P_01,0.0,0.0,0.0,多云
2025-10-03 02:00:00,PV_STATION_P_01,0.0,0.0,0.0,多云
2025-10-03 03:00:00,PV_STATION_P_01,0.0,0.0,0.0,多云
2025-10-03 04:00:00,PV_STATION_P_01,0.0,0.0,0.0,多云
2025-10-03 05:00:00,PV_STATION_P_01,0.0,0.0,0.0,多云
2025-10-03 06:00:00,PV_STATION_P_01,0.0,0.0,0.0,多云
2025-10-03 07:00:00,PV_STATION_P_01,77.97,105.34,57.4,多云
2025-10-03 08:00:00,PV_STATION_P_01,230.86,360.61,191.4,多云
2025-10-03 09:00:00,PV_STATION_P_01,379.64,589.6,312.3,多云
2025-10-03 10:00:00,PV_STATION_P_01,485.42,775.6,411.9,多云
2025-10-03 11:00:00,PV_STATION_P_01,521.62,905.07,468.9,多云
2025-10-03 12:00:00,PV_STATION_P_01,682.97,968.55,609.2,多云
2025-10-03 13:00:00,PV_STATION_P_01,547.98,961.43,477.2,多云
2025-10-03 14:00:00,PV_STATION_P_01,532.11,884.22,462.5,多云
2025-10-03 15:00:00,PV_STATION_P_01,482.27,742.54,420.6,多云
2025-10-03 16:00:00,PV_STATION_P_01,340.43,546.74,290.5,多云
2025-10-03 17:00:00,PV_STATION_P_01,193.29,311.08,168.1,多云
2025-10-03 18:00:00,PV_STATION_P_01,46.01,52.75,29.6,多云
2025-10-03 19:00:00,PV_STATION_P_01,0.0,0.0,0.0,多云
2025-10-03 20:00:00,PV_STATION_P_01,0.0,0.0,0.0,多云
2025-10-03 21:00:00,PV_STATION_P_01,0.0,0.0,0.0,多云
2025-10-03 22:00:00,PV_STATION_P_01,0.0,0.0,0.0,多云
2025-10-03 23:00:00,PV_STATION_P_01,0.0,0.0,0.0,多云
2025-10-04 00:00:00,PV_STATION_P_01,0.0,0.0,0.0,晴
2025-10-04 01:00:00,PV_STATION_P_01,0.0,0.0,0.0,晴
2025-10-04 02:00:00,PV_STATION_P_01,0.0,0.0,0.0,晴
2025-10-04 03:00:00,PV_STATION_P_01,0.0,0.0,0.0,晴
2025-10-04 04:00:00,PV_STATION_P_01,0.0,0.0,0.0,晴
2025-10-04 05:00:00,PV_STATION_P_01,0.0,0.0,0.0,晴
2025-10-04 06:00:00,PV_STATION_P_01,0.0,0.0,0.0,晴
2025-10-04 07:00:00,PV_STATION_P_01,102.9,105.01,82.2,晴
2025-10-04 08:00:00,PV_STATION_P_01,346.83,359.48,291.9,晴
2025-10-04 09:00:00,PV_STATION_P_01,586.93,587.75,489.8,晴
2025-10-04 10:00:00,PV_STATION_P_01,738.73,773.17,633.6,晴
2025-10-04 11:00:00,PV_STATION_P_01,842.22,902.22,751.9,晴
2025-10-04 12:00:00,PV_STATION_P_01,884.57,965.51,799.1,晴
2025-10-04 13:00:00,PV_STATION_P_01,885.16,958.41,798.7,晴
2025-10-04 14:00:00,PV_STATION_P_01,818.69,881.44,734.5,晴
2025-10-04 15:00:00,PV_STATION_P_01,681.33,740.21,604.4,晴
2025-10-04 16:00:00,PV_STATION_P_01,506.7,545.03,454.2,晴
2025-10-04 17:00:00,PV_STATION_P_01,280.85,310.11,242.7,晴
2025-10-04 18:00:00,PV_STATION_P_01,53.9,52.58,42.6,晴
2025-10-04 19:00:00,PV_STATION_P_01,0.0,0.0,0.0,晴
2025-10-04 20:00:00,PV_STATION_P_01,0.0,0.0,0.0,晴
2025-10-04 21:00:00,PV_STATION_P_01,0.0,0.0,0.0,晴
2025-10-04 22:00:00,PV_STATION_P_01,0.0,0.0,0.0,晴
2025-10-04 23:00:00,PV_STATION_P_01,0.0,0.0,0.0,晴
2025-10-05 00:00:00,PV_STATION_P_01,0.0,0.0,0.0,晴
2025-10-05 01:00:00,PV_STATION_P_01,0.0,0.0,0.0,晴
2025-10-05 02:00:00,PV_STATION_P_01,0.0,0.0,0.0,晴
2025-10-05 03:00:00,PV_STATION_P_01,0.0,0.0,0.0,晴
2025-10-05 04:00:00,PV_STATION_P_01,0.0,0.0,0.0,晴
2025-10-05 05:00:00,PV_STATION_P_01,0.0,0.0,0.0,晴
2025-10-05 06:00:00,PV_STATION_P_01,0.0,0.0,0.0,晴
2025-10-05 07:00:00,PV_STATION_P_01,114.6,104.68,87.2,晴
2025-10-05 08:00:00,PV_STATION_P_01,350.15,358.35,287.2,晴
2025-10-05 09:00:00,PV_STATION_P_01,561.8,585.9,485.5,晴
2025-10-05 10:00:00,PV_STATION_P_01,700.55,770.74,606.0,晴
2025-10-05 11:00:00,PV_STATION_P_01,818.33,899.39,739.8,晴
2025-10-05 12:00:00,PV_STATION_P_01,877.23,962.48,802.1,晴
2025-10-05 13:00:00,PV_STATION_P_01,877.66,955.4,796.2,晴
2025-10-05 14:00:00,PV_STATION_P_01,811.62,878.67,724.5,晴
2025-10-05 15:00:00,PV_STATION_P_01,707.35,737.89,614.9,晴
2025-10-05 16:00:00,PV_STATION_P_01,524.59,543.31,452.8,晴
2025-10-05 17:00:00,PV_STATION_P_01,281.59,309.13,235.4,晴
2025-10-05 18:00:00,PV_STATION_P_01,30.41,52.41,41.2,晴
2025-10-05 19:00:00,PV_STATION_P_01,0.0,0.0,0.0,晴
2025-10-05 20:00:00,PV_STATION_P_01,0.0,0.0,0.0,晴
2025-10-05 21:00:00,PV_STATION_P_01,0.0,0.0,0.0,晴
2025-10-05 22:00:00,PV_STATION_P_01,0.0,0.0,0.0,晴
2025-10-05 23:00:00,PV_STATION_P_01,0.0,0.0,0.0,晴
2025-10-06 00:00:00,PV_STATION_P_01,0.0,0.0,0.0,晴
2025-10-06 01:00:00,PV_STATION_P_01,0.0,0.0,0.0,晴
2025-10-06 02:00:00,PV_STATION_P_01,0.0,0.0,0.0,晴
2025-10-06 03:00:00,PV_STATION_P_01,0.0,0.0,0.0,晴
2025-10-06 04:00:00,PV_STATION_P_01,0.0,0.0,0.0,晴
2025-10-06 05:00:00,PV_STATION_P_01,0.0,0.0,0.0,晴
2025-10-06 06:00:00,PV_STATION_P_01,0.0,0.0,0.0,晴
2025-10-06 07:00:00,PV_STATION_P_01,113.42,104.35,86.3,晴
2025-10-06 08:00:00,PV_STATION_P_01,355.39,357.23,297.7,晴
2025-10-06 09:00:00,PV_STATION_P_01,555.66,584.06,486.7,晴
2025-10-06 10:00:00,PV_STATION_P_01,676.15,768.32,587.9,晴
2025-10-06 11:00:00,PV_STATION_P_01,825.35,896.57,736.1,晴
2025-10-06 12:00:00,PV_STATION_P_01,884.4,959.46,781.9,晴
2025-10-06 13:00:00,PV_STATION_P_01,853.45,952.4,772.7,晴
2025-10-06 14:00:00,PV_STATION_P_01,765.52,875.92,689.2,晴
2025-10-06 15:00:00,PV_STATION_P_01,670.08,735.58,590.7,晴
2025-10-06 16:00:00,PV_STATION_P_01,493.94,541.61,426.6,晴
2025-10-06 17:00:00,PV_STATION_P_01,308.35,308.16,256.8,晴
2025-10-06 18:00:00,PV_STATION_P_01,58.9,52.25,43.5,晴
2025-10-06 19:00:00,PV_STATION_P_01,0.0,0.0,0.0,晴
2025-10-06 20:00:00,PV_STATION_P_01,0.0,0.0,0.0,晴
2025-10-06 21:00:00,PV_STATION_P_01,0.0,0.0,0.0,晴
2025-10-06 22:00:00,PV_STATION_P_01,0.0,0.0,0.0,晴
2025-10-06 23:00:00,PV_STATION_P_01,0.0,0.0,0.0,晴
2025-10-07 00:00:00,PV_STATION_P_01,0.0,0.0,0.0,雨
2025-10-07 01:00:00,PV_STATION_P_01,0.0,0.0,0.0,雨
2025-10-07 02:00:00,PV_STATION_P_01,0.0,0.0,0.0,雨
2025-10-07 03:00:00,PV_STATION_P_01,,0.0,0.0,雨
2025-10-07 04:00:00,PV_STATION_P_01,0.0,0.0,0.0,雨
2025-10-07 05:00:00,PV_STATION_P_01,0.0,0.0,0.0,雨
2025-10-07 06:00:00,PV_STATION_P_01,0.0,0.0,0.0,雨
2025-10-07 07:00:00,PV_STATION_P_01,0.0,104.02,11.8,雨
2025-10-07 08:00:00,PV_STATION_P_01,45.43,356.11,40.8,雨
2025-10-07 09:00:00,PV_STATION_P_01,82.93,582.24,65.9,雨
2025-10-07 10:00:00,PV_STATION_P_01,113.25,765.92,86.0,雨
2025-10-07 11:00:00,PV_STATION_P_01,128.23,893.77,100.7,雨
2025-10-07 12:00:00,PV_STATION_P_01,138.64,956.46,121.5,雨
2025-10-07 13:00:00,PV_STATION_P_01,144.01,949.42,116.3,雨
2025-10-07 14:00:00,PV_STATION_P_01,129.54,873.18,103.1,雨
2025-10-07 15:00:00,PV_STATION_P_01,103.22,733.28,83.2,雨
2025-10-07 16:00:00,PV_STATION_P_01,58.21,539.92,61.3,雨
2025-10-07 17:00:00,PV_STATION_P_01,38.93,307.2,35.2,雨
2025-10-07 18:00:00,PV_STATION_P_01,8.8,52.09,6.6,雨
2025-10-07 19:00:00,PV_STATION_P_01,0.0,0.0,0.0,雨
2025-10-07 20:00:00,PV_STATION_P_01,0.0,0.0,0.0,雨
2025-10-07 21:00:00,PV_STATION_P_01,0.0,0.0,0.0,雨
2025-10-07 22:00:00,PV_STATION_P_01,0.0,0.0,0.0,雨
2025-10-07 23:00:00,PV_STATION_P_01,0.0,0.0,0.0,雨
2025-10-08 00:00:00,PV_STATION_P_01,0.0,0.0,0.0,晴
2025-10-08 01:00:00,PV_STATION_P_01,0.0,0.0,0.0,晴
2025-10-08 02:00:00,PV_STATION_P_01,0.0,0.0,0.0,晴
2025-10-08 03:00:00,PV_STATION_P_01,0.0,0.0,0.0,晴
2025-10-08 04:00:00,PV_STATION_P_01,0.0,0.0,0.0,晴
2025-10-08 05:00:00,PV_STATION_P_01,0.0,0.0,0.0,晴
2025-10-08 06:00:00,PV_STATION_P_01,0.0,0.0,0.0,晴
2025-10-08 07:00:00,PV_STATION_P_01,87.69,103.7,75.0,晴
2025-10-08 08:00:00,PV_STATION_P_01,354.07,355.0,291.1,晴
2025-10-08 09:00:00,PV_STATION_P_01,571.88,580.42,483.7,晴
2025-10-08 10:00:00,PV_STATION_P_01,701.92,763.53,616.3,晴
2025-10-08 11:00:00,PV_STATION_P_01,847.04,890.98,742.5,晴
2025-10-08 12:00:00,PV_STATION_P_01,889.12,953.47,793.9,晴
2025-10-08 13:00:00,PV_STATION_P_01,893.26,946.46,788.7,晴
2025-10-08 14:00:00,PV_STATION_P_01,787.03,870.45,698.7,晴
2025-10-08 15:00:00,PV_STATION_P_01,682.49,730.99,601.8,晴
2025-10-08 16:00:00,PV_STATION_P_01,482.65,538.23,415.6,晴
2025-10-08 17:00:00,PV_STATION_P_01,296.0,306.24,254.0,晴
2025-10-08 18:00:00,PV_STATION_P_01,46.38,51.92,42.4,晴
2025-10-08 19:00:00,PV_STATION_P_01,0.0,0.0,0.0,晴
2025-10-08 20:00:00,PV_STATION_P_01,0.0,0.0,0.0,晴
2025-10-08 21:00:00,PV_STATION_P_01,0.0,0.0,0.0,晴
2025-10-08 22:00:00,PV_STATION_P_01,0.0,0.0,0.0,晴
2025-10-08 23:00:00,PV_STATION_P_01,0.0,0.0,0.0,晴
2025-10-09 00:00:00,PV_STATION_P_01,0.0,0.0,0.0,晴
2025-10-09 01:00:00,PV_STATION_P_01,0.0,0.0,0.0,晴
2025-10-09 02:00:00,PV_STATION_P_01,0.0,0.0,0.0,晴
2025-10-09 03:00:00,PV_STATION_P_01,0.0,0.0,0.0,晴
2025-10-09 04:00:00,PV_STATION_P_01,0.0,0.0,0.0,晴
2025-10-09 05:00:00,PV_STATION_P_01,0.0,0.0,0.0,晴
2025-10-09 06:00:00,PV_STATION_P_01,0.0,0.0,0.0,晴
2025-10-09 07:00:00,PV_STATION_P_01,111.48,103.37,85.0,晴
2025-10-09 08:00:00,PV_STATION_P_01,338.49,353.89,285.3,晴
2025-10-09 09:00:00,PV_STATION_P_01,578.0,578.61,482.2,晴
2025-10-09 10:00:00,PV_STATION_P_01,735.77,761.15,634.3,晴
2025-10-09 11:00:00,PV_STATION_P_01,843.76,888.2,737.9,晴
2025-10-09 12:00:00,PV_STATION_P_01,890.48,950.5,792.1,晴
2025-10-09 13:00:00,PV_STATION_P_01,875.24,943.51,786.3,晴
2025-10-09 14:00:00,PV_STATION_P_01,805.66,867.74,721.2,晴
2025-10-09 15:00:00,PV_STATION_P_01,684.24,728.71,607.3,晴
2025-10-09 16:00:00,PV_STATION_P_01,514.03,536.55,447.1,晴
2025-10-09 17:00:00,PV_STATION_P_01,293.12,305.29,248.5,晴
2025-10-09 18:00:00,PV_STATION_P_01,55.2,51.76,43.1,晴
2025-10-09 19:00:00,PV_STATION_P_01,0.0,0.0,0.0,晴
2025-10-09 20:00:00,PV_STATION_P_01,0.0,0.0,0.0,晴
2025-10-09 21:00:00,PV_STATION_P_01,0.0,0.0,0.0,晴
2025-10-09 22:00:00,PV_STATION_P_01,0.0,0.0,0.0,晴
2025-10-09 23:00:00,PV_STATION_P_01,0.0,0.0,0.0,晴
2025-10-10 00:00:00,PV_STATION_P_01,0.0,0.0,0.0,晴
2025-10-10 01:00:00,PV_STATION_P_01,0.0,0.0,0.0,晴
2025-10-10 02:00:00,PV_STATION_P_01,0.0,0.0,0.0,晴
2025-10-10 03:00:00,PV_STATION_P_01,0.0,0.0,0.0,晴
2025-10-10 04:00:00,PV_STATION_P_01,0.0,0.0,0.0,晴
2025-10-10 05:00:00,PV_STATION_P_01,0.0,0.0,0.0,晴
2025-10-10 06:00:00,PV_STATION_P_01,0.0,0.0,0.0,晴
2025-10-10 07:00:00,PV_STATION_P_01,100.55,103.05,85.9,晴
2025-10-10 08:00:00,PV_STATION_P_01,368.56,352.79,292.0,晴
2025-10-10 09:00:00,PV_STATION_P_01,556.31,576.81,476.0,晴
2025-10-10 10:00:00,PV_STATION_P_01,731.59,758.78,632.3,晴
2025-10-10 11:00:00,PV_STATION_P_01,778.03,885.44,696.0,晴
2025-10-10 12:00:00,PV_STATION_P_01,868.03,947.55,774.5,晴
2025-10-10 13:00:00,PV_STATION_P_01,835.36,940.58,744.1,晴
2025-10-10 14:00:00,PV_STATION_P_01,771.02,865.04,689.1,晴
2025-10-10 15:00:00,PV_STATION_P_01,679.32,726.44,605.4,晴
2025-10-10 16:00:00,PV_STATION_P_01,514.56,534.89,445.7,晴
2025-10-10 17:00:00,PV_STATION_P_01,287.17,304.34,244.2,晴
2025-10-10 18:00:00,PV_STATION_P_01,47.64,51.6,42.7,晴
2025-10-10 19:00:00,PV_STATION_P_01,0.0,0.0,0.0,晴
2025-10-10 20:00:00,PV_STATION_P_01,0.0,0.0,0.0,晴
2025-10-10 21:00:00,PV_STATION_P_01,0.0,0.0,0.0,晴
2025-10-10 22:00:00,PV_STATION_P_01,0.0,0.0,0.0,晴
2025-10-10 23:00:00,PV_STATION_P_01,0.0,0.0,0.0,晴
2025-10-11 00:00:00,PV_STATION_P_01,0.0,0.0,0.0,多云
2025-10-11 01:00:00,PV_STATION_P_01,0.0,0.0,0.0,多云
2025-10-11 02:00:00,PV_STATION_P_01,0.0,0.0,0.0,多云
2025-10-11 03:00:00,PV_STATION_P_01,0.0,0.0,0.0,多云
2025-10-11 04:00:00,PV_STATION_P_01,0.0,0.0,0.0,多云
2025-10-11 05:00:00,PV_STATION_P_01,0.0,0.0,0.0,多云
2025-10-11 06:00:00,PV_STATION_P_01,0.0,0.0,0.0,多云
2025-10-11 07:00:00,PV_STATION_P_01,73.52,102.73,57.1,多云
2025-10-11 08:00:00,PV_STATION_P_01,233.15,351.7,192.8,多云
2025-10-11 09:00:00,PV_STATION_P_01,365.49,575.03,306.6,多云
2025-10-11 10:00:00,PV_STATION_P_01,520.75,756.43,443.6,多云
2025-10-11 11:00:00,PV_STATION_P_01,629.69,882.7,534.2,多云
2025-10-11 12:00:00,PV_STATION_P_01,553.98,944.61,481.4,多云
2025-10-11 13:00:00,PV_STATION_P_01,625.24,937.67,552.9,多云
2025-10-11 14:00:00,PV_STATION_P_01,536.63,862.36,460.3,多云
2025-10-11 15:00:00,PV_STATION_P_01,454.79,724.19,393.1,多云
2025-10-11 16:00:00,PV_STATION_P_01,355.04,533.23,297.4,多云
2025-10-11 17:00:00,PV_STATION_P_01,221.26,303.39,179.8,多云
2025-10-11 18:00:00,PV_STATION_P_01,33.62,51.44,28.7,多云
2025-10-11 19:00:00,PV_STATION_P_01,0.0,0.0,0.0,多云
2025-10-11 20:00:00,PV_STATION_P_01,0.0,0.0,0.0,多云
2025-10-11 21:00:00,PV_STATION_P_01,0.0,0.0,0.0,多云
2025-10-11 22:00:00,PV_STATION_P_01,0.0,0.0,0.0,多云
2025-10-11 23:00:00,PV_STATION_P_01,0.0,0.0,0.0,多云
2025-10-12 00:00:00,PV_STATION_P_01,0.0,0.0,0.0,多云
2025-10-12 01:00:00,PV_STATION_P_01,0.0,0.0,0.0,多云
2025-10-12 02:00:00,PV_STATION_P_01,0.0,0.0,0.0,多云
2025-10-12 03:00:00,PV_STATION_P_01,0.0,0.0,0.0,多云
2025-10-12 04:00:00,PV_STATION_P_01,0.0,0.0,0.0,多云
2025-10-12 05:00:00,PV_STATION_P_01,0.0,0.0,0.0,多云
2025-10-12 06:00:00,PV_STATION_P_01,0.0,0.0,0.0,多云
2025-10-12 07:00:00,PV_STATION_P_01,62.74,102.42,54.3,多云
2025-10-12 08:00:00,PV_STATION_P_01,238.11,350.61,197.3,多云
2025-10-12 09:00:00,PV_STATION_P_01,384.02,573.25,322.8,多云
2025-10-12 10:00:00,PV_STATION_P_01,494.65,754.1,427.6,多云
2025-10-12 11:00:00,PV_STATION_P_01,591.21,879.97,497.5,多云
2025-10-12 12:00:00,PV_STATION_P_01,602.03,941.7,507.1,多云
2025-10-12 13:00:00,PV_STATION_P_01,586.25,934.77,503.4,多云
2025-10-12 14:00:00,PV_STATION_P_01,573.08,859.7,499.3,多云
2025-10-12 15:00:00,PV_STATION_P_01,450.58,721.96,386.7,多云
2025-10-12 16:00:00,PV_STATION_P_01,328.34,531.58,284.5,多云
2025-10-12 17:00:00,PV_STATION_P_01,215.86,302.46,174.1,多云
2025-10-12 18:00:00,PV_STATION_P_01,35.29,51.28,28.2,多云
2025-10-12 19:00:00,PV_STATION_P_01,0.0,0.0,0.0,多云
2025-10-12 20:00:00,PV_STATION_P_01,0.0,0.0,0.0,多云
2025-10-12 21:00:00,PV_STATION_P_01,0.0,0.0,0.0,多云
2025-10-12 22:00:00,PV_STATION_P_01,0.0,0.0,0.0,多云
2025-10-12 23:00:00,PV_STATION_P_01,0.0,0.0,0.0,多云
2025-10-13 00:00:00,PV_STATION_P_01,0.0,0.0,0.0,晴
2025-10-13 01:00:00,PV_STATION_P_01,0.0,0.0,0.0,晴
2025-10-13 02:00:00,PV_STATION_P_01,0.0,0.0,0.0,晴
2025-10-13 03:00:00,PV_STATION_P_01,0.0,0.0,0.0,晴
2025-10-13 04:00:00,PV_STATION_P_01,0.0,0.0,0.0,晴
2025-10-13 05:00:00,PV_STATION_P_01,0.0,0.0,0.0,晴
2025-10-13 06:00:00,PV_STATION_P_01,0.0,0.0,0.0,晴
2025-10-13 07:00:00,PV_STATION_P_01,100.26,102.1,80.6,晴
2025-10-13 08:00:00,PV_STATION_P_01,317.5,349.53,277.7,晴
2025-10-13 09:00:00,PV_STATION_P_01,575.64,571.49,476.2,晴
2025-10-13 10:00:00,PV_STATION_P_01,694.39,751.78,613.7,晴
2025-10-13 11:00:00,PV_STATION_P_01,820.8,877.26,731.1,晴
2025-10-13 12:00:00,PV_STATION_P_01,848.49,938.8,765.8,晴
2025-10-13 13:00:00,PV_STATION_P_01,888.57,931.89,776.6,晴
2025-10-13 14:00:00,PV_STATION_P_01,739.02,857.05,665.2,晴
2025-10-13 15:00:00,PV_STATION_P_01,677.92,719.74,599.8,晴
2025-10-13 16:00:00,PV_STATION_P_01,473.38,529.95,395.3,晴
2025-10-13 17:00:00,PV_STATION_P_01,297.24,301.53,251.3,晴
2025-10-13 18:00:00,PV_STATION_P_01,55.03,51.13,42.5,晴
2025-10-13 19:00:00,PV_STATION_P_01,0.0,0.0,0.0,晴
2025-10-13 20:00:00,PV_STATION_P_01,0.0,0.0,0.0,晴
2025-10-13 21:00:00,PV_STATION_P_01,0.0,0.0,0.0,晴
2025-10-13 22:00:00,PV_STATION_P_01,0.0,0.0,0.0,晴
2025-10-13 23:00:00,PV_STATION_P_01,0.0,0.0,0.0,晴
2025-10-14 00:00:00,PV_STATION_P_01,0.0,0.0,0.0,晴
2025-10-14 01:00:00,PV_STATION_P_01,0.0,0.0,0.0,晴
2025-10-14 02:00:00,PV_STATION_P_01,0.0,0.0,0.0,晴
2025-10-14 03:00:00,PV_STATION_P_01,0.0,0.0,0.0,晴
2025-10-14 04:00:00,PV_STATION_P_01,0.0,0.0,0.0,晴
2025-10-14 05:00:00,PV_STATION_P_01,0.0,0.0,0.0,晴
2025-10-14 06:00:00,PV_STATION_P_01,0.0,0.0,0.0,晴
2025-10-14 07:00:00,PV_STATION_P_01,109.03,101.79,84.8,晴
2025-10-14 08:00:00,PV_STATION_P_01,359.58,348.46,290.4,晴
2025-10-14 09:00:00,PV_STATION_P_01,541.25,569.74,468.9,晴
2025-10-14 10:00:00,PV_STATION_P_01,709.36,749.47,624.6,晴
2025-10-14 11:00:00,PV_STATION_P_01,834.26,874.58,728.8,晴
2025-10-14 12:00:00,PV_STATION_P_01,831.14,935.92,738.1,晴
2025-10-14 13:00:00,PV_STATION_P_01,836.0,929.04,748.2,晴
2025-10-14 14:00:00,PV_STATION_P_01,804.62,854.43,712.0,晴
2025-10-14 15:00:00,PV_STATION_P_01,672.34,717.53,591.4,晴
2025-10-14 16:00:00,PV_STATION_P_01,477.51,528.32,423.8,晴
2025-10-14 17:00:00,PV_STATION_P_01,282.61,300.6,242.6,晴
2025-10-14 18:00:00,PV_STATION_P_01,45.14,50.97,39.9,晴
2025-10-14 19:00:00,PV_STATION_P_01,0.0,0.0,0.0,晴
2025-10-14 20:00:00,PV_STATION_P_01,0.0,0.0,0.0,晴
2025-10-14 21:00:00,PV_STATION_P_01,0.0,0.0,0.0,晴
2025-10-14 22:00:00,PV_STATION_P_01,0.0,0.0,0.0,晴
2025-10-14 23:00:00,PV_STATION_P_01,0.0,0.0,0.0,晴
2025-10-15 00:00:00,PV_STATION_P_01,0.0,0.0,0.0,晴
2025-10-15 01:00:00,PV_STATION_P_01,0.0,0.0,0.0,晴
2025-10-15 02:00:00,PV_STATION_P_01,0.0,0.0,0.0,晴
2025-10-15 03:00:00,PV_STATION_P_01,0.0,0.0,0.0,晴
2025-10-15 04:00:00,PV_STATION_P_01,0.0,0.0,0.0,晴
2025-10-15 05:00:00,PV_STATION_P_01,0.0,0.0,0.0,晴
2025-10-15 06:00:00,PV_STATION_P_01,0.0,0.0,0.0,晴
2025-10-15 07:00:00,PV_STATION_P_01,109.9,101.48,84.6,晴
2025-10-15 08:00:00,PV_STATION_P_01,357.45,347.4,289.5,晴
2025-10-15 09:00:00,PV_STATION_P_01,531.71,568.0,445.3,晴
2025-10-15 10:00:00,PV_STATION_P_01,637.25,747.19,560.1,晴
2025-10-15 11:00:00,PV_STATION_P_01,820.59,871.91,726.6,晴
2025-10-15 12:00:00,PV_STATION_P_01,885.73,933.07,775.7,晴
2025-10-15 13:00:00,PV_STATION_P_01,856.48,926.2,771.8,晴
2025-10-15 14:00:00,PV_STATION_P_01,719.5,851.82,610.4,晴
2025-10-15 15:00:00,PV_STATION_P_01,665.71,715.34,596.1,晴
2025-10-15 16:00:00,PV_STATION_P_01,506.19,526.71,438.9,晴
2025-10-15 17:00:00,PV_STATION_P_01,277.51,299.69,230.2,晴
2025-10-15 18:00:00,PV_STATION_P_01,51.83,50.81,41.7,晴
2025-10-15 19:00:00,PV_STATION_P_01,0.0,0.0,0.0,晴
2025-10-15 20:00:00,PV_STATION_P_01,0.0,0.0,0.0,晴
2025-10-15 21:00:00,PV_STATION_P_01,0.0,0.0,0.0,晴
2025-10-15 22:00:00,PV_STATION_P_01,0.0,0.0,0.0,晴
2025-10-15 23:00:00,PV_STATION_P_01,0.0,0.0,0.0,晴
2025-10-16 00:00:00,PV_STATION_P_01,0.0,0.0,0.0,晴
2025-10-16 01:00:00,PV_STATION_P_01,0.0,0.0,0.0,晴
2025-10-16 02:00:00,PV_STATION_P_01,0.0,0.0,0.0,晴
2025-10-16 03:00:00,PV_STATION_P_01,0.0,0.0,0.0,晴
2025-10-16 04:00:00,PV_STATION_P_01,0.0,0.0,0.0,晴
2025-10-16 05:00:00,PV_STATION_P_01,0.0,0.0,0.0,晴
2025-10-16 06:00:00,PV_STATION_P_01,0.0,0.0,0.0,晴
2025-10-16 07:00:00,PV_STATION_P_01,118.7,101.17,84.3,晴
2025-10-16 08:00:00,PV_STATION_P_01,325.22,346.35,288.6,晴
2025-10-16 09:00:00,PV_STATION_P_01,556.43,566.27,471.9,晴
2025-10-16 10:00:00,PV_STATION_P_01,722.84,744.92,620.8,晴
2025-10-16 11:00:00,PV_STATION_P_01,807.14,869.26,714.1,晴
2025-10-16 12:00:00,PV_STATION_P_01,853.56,930.23,751.7,晴
2025-10-16 13:00:00,PV_STATION_P_01,826.74,923.39,730.3,晴
2025-10-16 14:00:00,PV_STATION_P_01,798.29,849.24,707.7,晴
2025-10-16 15:00:00,PV_STATION_P_01,677.84,713.17,593.7,晴
2025-10-16 16:00:00,PV_STATION_P_01,466.47,525.11,401.3,晴
2025-10-16 17:00:00,PV_STATION_P_01,310.62,298.78,248.6,晴
2025-10-16 18:00:00,PV_STATION_P_01,52.76,50.66,37.8,晴
2025-10-16 19:00:00,PV_STATION_P_01,0.0,0.0,0.0,晴
2025-10-16 20:00:00,PV_STATION_P_01,0.0,0.0,0.0,晴
2025-10-16 21:00:00,PV_STATION_P_01,0.0,0.0,0.0,晴
2025-10-16 22:00:00,PV_STATION_P_01,0.0,0.0,0.0,晴
2025-10-16 23:00:00,PV_STATION_P_01,0.0,0.0,0.0,晴
2025-10-17 00:00:00,PV_STATION_P_01,0.0,0.0,0.0,多云
2025-10-17 01:00:00,PV_STATION_P_01,0.0,0.0,0.0,多云
2025-10-17 02:00:00,PV_STATION_P_01,0.0,0.0,0.0,多云
2025-10-17 03:00:00,PV_STATION_P_01,0.0,0.0,0.0,多云
2025-10-17 04:00:00,PV_STATION_P_01,0.0,0.0,0.0,多云
2025-10-17 05:00:00,PV_STATION_P_01,0.0,0.0,0.0,多云
2025-10-17 06:00:00,PV_STATION_P_01,0.0,0.0,0.0,多云
2025-10-17 07:00:00,PV_STATION_P_01,63.39,100.86,54.3,多云
2025-10-17 08:00:00,PV_STATION_P_01,203.96,345.3,178.0,多云
2025-10-17 09:00:00,PV_STATION_P_01,352.71,564.56,296.4,多云
2025-10-17 10:00:00,PV_STATION_P_01,461.25,742.67,399.5,多云
2025-10-17 11:00:00,PV_STATION_P_01,582.45,866.64,505.6,多云
2025-10-17 12:00:00,PV_STATION_P_01,636.59,927.42,543.1,多云
2025-10-17 13:00:00,PV_STATION_P_01,577.01,920.6,510.5,多云
2025-10-17 14:00:00,PV_STATION_P_01,554.26,846.67,480.8,多云
2025-10-17 15:00:00,PV_STATION_P_01,464.74,711.01,387.0,多云
2025-10-17 16:00:00,PV_STATION_P_01,331.53,523.53,275.4,多云
2025-10-17 17:00:00,PV_STATION_P_01,184.88,297.87,151.5,多云
2025-10-17 18:00:00,PV_STATION_P_01,43.89,50.51,28.2,多云
2025-10-17 19:00:00,PV_STATION_P_01,0.0,0.0,0.0,多云
2025-10-17 20:00:00,PV_STATION_P_01,0.0,0.0,0.0,多云
2025-10-17 21:00:00,PV_STATION_P_01,0.0,0.0,0.0,多云
2025-10-17 22:00:00,PV_STATION_P_01,0.0,0.0,0.0,多云
2025-10-17 23:00:00,PV_STATION_P_01,0.0,0.0,0.0,多云
2025-10-18 00:00:00,PV_STATION_P_01,0.0,0.0,0.0,多云
2025-10-18 01:00:00,PV_STATION_P_01,0.0,0.0,0.0,多云
2025-10-18 02:00:00,PV_STATION_P_01,0.0,0.0,0.0,多云
2025-10-18 03:00:00,PV_STATION_P_01,0.0,0.0,0.0,多云
2025-10-18 04:00:00,PV_STATION_P_01,0.0,0.0,0.0,多云
2025-10-18 05:00:00,PV_STATION_P_01,0.0,0.0,0.0,多云
2025-10-18 06:00:00,PV_STATION_P_01,0.0,0.0,0.0,多云
2025-10-18 07:00:00,PV_STATION_P_01,65.93,100.56,53.8,多云
2025-10-18 08:00:00,PV_STATION_P_01,229.54,344.26,187.5,多云
2025-10-18 09:00:00,PV_STATION_P_01,383.43,562.87,317.8,多云
2025-10-18 10:00:00,PV_STATION_P_01,474.46,740.44,403.9,多云
2025-10-18 11:00:00,PV_STATION_P_01,538.46,864.03,464.1,多云
2025-10-18 12:00:00,PV_STATION_P_01,510.73,924.64,433.6,多云
2025-10-18 13:00:00,PV_STATION_P_01,600.87,917.84,518.1,多云
2025-10-18 14:00:00,PV_STATION_P_01,533.5,844.13,469.2,多云
2025-10-18 15:00:00,PV_STATION_P_01,469.52,708.88,405.7,多云
2025-10-18 16:00:00,PV_STATION_P_01,332.62,521.95,287.5,多云
2025-10-18 17:00:00,PV_STATION_P_01,211.38,296.98,172.7,多云
2025-10-18 18:00:00,PV_STATION_P_01,32.74,50.35,26.9,多云
2025-10-18 19:00:00,PV_STATION_P_01,0.0,0.0,0.0,多云
2025-10-18 20:00:00,PV_STATION_P_01,0.0,0.0,0.0,多云
2025-10-18 21:00:00,PV_STATION_P_01,0.0,0.0,0.0,多云
2025-10-18 22:00:00,PV_STATION_P_01,0.0,0.0,0.0,多云
2025-10-18 23:00:00,PV_STATION_P_01,0.0,0.0,0.0,多云
2025-10-19 00:00:00,PV_STATION_P_01,0.0,0.0,0.0,多云
2025-10-19 01:00:00,PV_STATION_P_01,0.0,0.0,0.0,多云
2025-10-19 02:00:00,PV_STATION_P_01,0.0,0.0,0.0,多云
2025-10-19 03:00:00,PV_STATION_P_01,0.0,0.0,0.0,多云
2025-10-19 04:00:00,PV_STATION_P_01,0.0,0.0,0.0,多云
2025-10-19 05:00:00,PV_STATION_P_01,0.0,0.0,0.0,多云
2025-10-19 06:00:00,PV_STATION_P_01,0.0,0.0,0.0,多云
2025-10-19 07:00:00,PV_STATION_P_01,62.67,100.26,54.9,多云
2025-10-19 08:00:00,PV_STATION_P_01,240.85,343.23,201.9,多云
2025-10-19 09:00:00,PV_STATION_P_01,364.04,561.19,306.7,多云
2025-10-19 10:00:00,PV_STATION_P_01,460.84,738.23,389.1,多云
2025-10-19 11:00:00,PV_STATION_P_01,582.69,861.45,502.2,多云
2025-10-19 12:00:00,PV_STATION_P_01,585.47,921.88,499.7,多云
2025-10-19 13:00:00,PV_STATION_P_01,587.39,915.1,497.7,多云
2025-10-19 14:00:00,PV_STATION_P_01,510.28,841.61,417.0,多云
2025-10-19 15:00:00,PV_STATION_P_01,452.28,706.76,386.2,多云
2025-10-19 16:00:00,PV_STATION_P_01,354.73,520.4,296.0,多云
2025-10-19 17:00:00,PV_STATION_P_01,193.68,296.09,159.3,多云
2025-10-19 18:00:00,PV_STATION_P_01,36.03,50.2,25.8,多云
2025-10-19 19:00:00,PV_STATION_P_01,0.0,0.0,0.0,多云
2025-10-19 20:00:00,PV_STATION_P_01,0.0,0.0,0.0,多云
2025-10-19 21:00:00,PV_STATION_P_01,0.0,0.0,0.0,多云
2025-10-19 22:00:00,PV_STATION_P_01,0.0,0.0,0.0,多云
2025-10-19 23:00:00,PV_STATION_P_01,0.0,0.0,0.0,多云
2025-10-20 00:00:00,PV_STATION_P_01,0.0,0.0,0.0,晴
2025-10-20 01:00:00,PV_STATION_P_01,0.0,0.0,0.0,晴
2025-10-20 02:00:00,PV_STATION_P_01,0.0,0.0,0.0,晴
2025-10-20 03:00:00,PV_STATION_P_01,0.0,0.0,0.0,晴
2025-10-20 04:00:00,PV_STATION_P_01,0.0,0.0,0.0,晴
2025-10-20 05:00:00,PV_STATION_P_01,0.0,0.0,0.0,晴
2025-10-20 06:00:00,PV_STATION_P_01,0.0,0.0,0.0,晴
2025-10-20 07:00:00,PV_STATION_P_01,118.99,99.96,83.3,晴
2025-10-20 08:00:00,PV_STATION_P_01,327.44,342.21,269.9,晴
2025-10-20 09:00:00,PV_STATION_P_01,564.21,559.52,466.3,晴
2025-10-20 10:00:00,PV_STATION_P_01,707.25,736.04,613.4,晴
2025-10-20 11:00:00,PV_STATION_P_01,812.69,858.89,697.8,晴
2025-10-20 12:00:00,PV_STATION_P_01,823.91,919.14,741.1,晴
2025-10-20 13:00:00,PV_STATION_P_01,860.58,912.38,760.3,晴
2025-10-20 14:00:00,PV_STATION_P_01,801.92,839.11,699.3,晴
2025-10-20 15:00:00,PV_STATION_P_01,681.42,704.66,587.2,晴
2025-10-20 16:00:00,PV_STATION_P_01,506.53,518.85,432.4,晴
2025-10-20 17:00:00,PV_STATION_P_01,285.77,295.21,246.0,晴
2025-10-20 18:00:00,PV_STATION_P_01,45.97,50.05,39.5,晴
2025-10-20 19:00:00,PV_STATION_P_01,0.0,0.0,0.0,晴
2025-10-20 20:00:00,PV_STATION_P_01,0.0,0.0,0.0,晴
2025-10-20 21:00:00,PV_STATION_P_01,0.0,0.0,0.0,晴
2025-10-20 22:00:00,PV_STATION_P_01,0.0,0.0,0.0,晴
2025-10-20 23:00:00,PV_STATION_P_01,0.0,0.0,0.0,晴
2025-10-21 00:00:00,PV_STATION_P_01,0.0,0.0,0.0,多云
2025-10-21 01:00:00,PV_STATION_P_01,0.0,0.0,0.0,多云
2025-10-21 02:00:00,PV_STATION_P_01,0.0,0.0,0.0,多云
2025-10-21 03:00:00,PV_STATION_P_01,0.0,0.0,0.0,多云
2025-10-21 04:00:00,PV_STATION_P_01,0.0,0.0,0.0,多云
2025-10-21 05:00:00,PV_STATION_P_01,0.0,0.0,0.0,多云
2025-10-21 06:00:00,PV_STATION_P_01,0.0,0.0,0.0,多云
2025-10-21 07:00:00,PV_STATION_P_01,42.26,99.67,47.8,多云
2025-10-21 08:00:00,PV_STATION_P_01,266.23,341.21,213.9,多云
2025-10-21 09:00:00,PV_STATION_P_01,369.75,557.87,300.5,多云
2025-10-21 10:00:00,PV_STATION_P_01,520.68,733.87,428.4,多云
2025-10-21 11:00:00,PV_STATION_P_01,569.35,856.36,483.9,多云
2025-10-21 12:00:00,PV_STATION_P_01,594.04,916.43,504.2,多云
2025-10-21 13:00:00,PV_STATION_P_01,571.31,909.69,494.4,多云
2025-10-21 14:00:00,PV_STATION_P_01,506.84,836.63,434.6,多云
2025-10-21 15:00:00,PV_STATION_P_01,419.22,702.59,361.5,多云
2025-10-21 16:00:00,PV_STATION_P_01,333.8,517.32,282.2,多云
2025-10-21 17:00:00,PV_STATION_P_01,178.13,294.34,150.7,多云
2025-10-21 18:00:00,PV_STATION_P_01,36.44,49.91,29.7,多云
2025-10-21 19:00:00,PV_STATION_P_01,0.0,0.0,0.0,多云
2025-10-21 20:00:00,PV_STATION_P_01,0.0,0.0,0.0,多云
2025-10-21 21:00:00,PV_STATION_P_01,0.0,0.0,0.0,多云
2025-10-21 22:00:00,PV_STATION_P_01,0.0,0.0,0.0,多云
2025-10-21 23:00:00,PV_STATION_P_01,0.0,0.0,0.0,多云
2025-10-22 00:00:00,PV_STATION_P_01,0.0,0.0,0.0,雨
2025-10-22 01:00:00,PV_STATION_P_01,0.0,0.0,0.0,雨
2025-10-22 02:00:00,PV_STATION_P_01,0.0,0.0,0.0,雨
2025-10-22 03:00:00,PV_STATION_P_01,0.0,0.0,0.0,雨
2025-10-22 04:00:00,PV_STATION_P_01,0.0,0.0,0.0,雨
2025-10-22 05:00:00,PV_STATION_P_01,0.0,0.0,0.0,雨
2025-10-22 06:00:00,PV_STATION_P_01,0.0,0.0,0.0,雨
2025-10-22 07:00:00,PV_STATION_P_01,17.89,99.38,12.3,雨
2025-10-22 08:00:00,PV_STATION_P_01,39.56,340.21,41.1,雨
2025-10-22 09:00:00,PV_STATION_P_01,90.13,556.24,62.9,雨
2025-10-22 10:00:00,PV_STATION_P_01,102.48,731.72,83.3,雨
2025-10-22 11:00:00,PV_STATION_P_01,99.21,853.86,99.2,雨
2025-10-22 12:00:00,PV_STATION_P_01,136.87,913.75,112.5,雨
2025-10-22 13:00:00,PV_STATION_P_01,125.48,907.03,106.4,雨
2025-10-22 14:00:00,PV_STATION_P_01,110.01,834.19,97.3,雨
2025-10-22 15:00:00,PV_STATION_P_01,107.99,700.53,81.1,雨
2025-10-22 16:00:00,PV_STATION_P_01,78.17,515.81,59.1,雨
2025-10-22 17:00:00,PV_STATION_P_01,41.88,293.48,32.2,雨
2025-10-22 18:00:00,PV_STATION_P_01,7.97,49.76,6.0,雨
2025-10-22 19:00:00,PV_STATION_P_01,0.0,0.0,0.0,雨
2025-10-22 20:00:00,PV_STATION_P_01,0.0,0.0,0.0,雨
2025-10-22 21:00:00,PV_STATION_P_01,0.0,0.0,0.0,雨
2025-10-22 22:00:00,PV_STATION_P_01,0.0,0.0,0.0,雨
2025-10-22 23:00:00,PV_STATION_P_01,0.0,0.0,0.0,雨
2025-10-23 00:00:00,PV_STATION_P_01,0.0,0.0,0.0,多云
2025-10-23 01:00:00,PV_STATION_P_01,0.0,0.0,0.0,多云
2025-10-23 02:00:00,PV_STATION_P_01,0.0,0.0,0.0,多云
2025-10-23 03:00:00,PV_STATION_P_01,0.0,0.0,0.0,多云
2025-10-23 04:00:00,PV_STATION_P_01,0.0,0.0,0.0,多云
2025-10-23 05:00:00,PV_STATION_P_01,0.0,0.0,0.0,多云
2025-10-23 06:00:00,PV_STATION_P_01,0.0,0.0,0.0,多云
2025-10-23 07:00:00,PV_STATION_P_01,61.2,99.09,53.3,多云
2025-10-23 08:00:00,PV_STATION_P_01,225.3,339.22,187.8,多云
2025-10-23 09:00:00,PV_STATION_P_01,367.62,554.62,304.0,多云
2025-10-23 10:00:00,PV_STATION_P_01,483.16,729.59,419.7,多云
2025-10-23 11:00:00,PV_STATION_P_01,530.23,851.38,453.7,多云
2025-10-23 12:00:00,PV_STATION_P_01,607.64,911.09,533.0,多云
2025-10-23 13:00:00,PV_STATION_P_01,612.32,904.39,537.3,多云
2025-10-23 14:00:00,PV_STATION_P_01,549.2,831.76,463.3,多云
2025-10-23 15:00:00,PV_STATION_P_01,433.07,698.5,369.0,多云
2025-10-23 16:00:00,PV_STATION_P_01,330.37,514.31,282.3,多云
2025-10-23 17:00:00,PV_STATION_P_01,197.85,292.63,159.9,多云
2025-10-23 18:00:00,PV_STATION_P_01,47.88,49.62,29.7,多云
2025-10-23 19:00:00,PV_STATION_P_01,0.0,0.0,0.0,多云
2025-10-23 20:00:00,PV_STATION_P_01,0.0,0.0,0.0,多云
2025-10-23 21:00:00,PV_STATION_P_01,0.0,0.0,0.0,多云
2025-10-23 22:00:00,PV_STATION_P_01,0.0,0.0,0.0,多云
2025-10-23 23:00:00,PV_STATION_P_01,0.0,0.0,0.0,多云
2025-10-24 00:00:00,PV_STATION_P_01,0.0,0.0,0.0,阴
2025-10-24 01:00:00,PV_STATION_P_01,0.0,0.0,0.0,阴
2025-10-24 02:00:00,PV_STATION_P_01,0.0,0.0,0.0,阴
2025-10-24 03:00:00,PV_STATION_P_01,0.0,0.0,0.0,阴
2025-10-24 04:00:00,PV_STATION_P_01,0.0,0.0,0.0,阴
2025-10-24 05:00:00,PV_STATION_P_01,0.0,0.0,0.0,阴
2025-10-24 06:00:00,PV_STATION_P_01,0.0,0.0,0.0,阴
2025-10-24 07:00:00,PV_STATION_P_01,34.43,98.8,26.0,阴
2025-10-24 08:00:00,PV_STATION_P_01,109.84,338.24,88.2,阴
2025-10-24 09:00:00,PV_STATION_P_01,162.01,553.02,133.9,阴
2025-10-24 10:00:00,PV_STATION_P_01,229.68,727.49,180.8,阴
2025-10-24 11:00:00,PV_STATION_P_01,258.29,848.92,210.9,阴
2025-10-24 12:00:00,PV_STATION_P_01,297.58,908.47,250.9,阴
2025-10-24 13:00:00,PV_STATION_P_01,268.87,901.79,225.3,阴
2025-10-24 14:00:00,PV_STATION_P_01,248.14,829.37,205.4,阴
2025-10-24 15:00:00,PV_STATION_P_01,196.35,696.48,164.1,阴
2025-10-24 16:00:00,PV_STATION_P_01,141.02,512.83,122.0,阴
2025-10-24 17:00:00,PV_STATION_P_01,97.4,291.79,70.5,阴
2025-10-24 18:00:00,PV_STATION_P_01,18.65,49.47,12.6,阴
2025-10-24 19:00:00,PV_STATION_P_01,0.0,0.0,0.0,阴
2025-10-24 20:00:00,PV_STATION_P_01,0.0,0.0,0.0,阴
2025-10-24 21:00:00,PV_STATION_P_01,0.0,0.0,0.0,阴
2025-10-24 22:00:00,PV_STATION_P_01,0.0,0.0,0.0,阴
2025-10-24 23:00:00,PV_STATION_P_01,0.0,0.0,0.0,阴
2025-10-25 00:00:00,PV_STATION_P_01,0.0,0.0,0.0,阴
2025-10-25 01:00:00,PV_STATION_P_01,0.0,0.0,0.0,阴
2025-10-25 02:00:00,PV_STATION_P_01,0.0,0.0,0.0,阴
2025-10-25 03:00:00,PV_STATION_P_01,0.0,0.0,0.0,阴
2025-10-25 04:00:00,PV_STATION_P_01,0.0,0.0,0.0,阴
2025-10-25 05:00:00,PV_STATION_P_01,0.0,0.0,0.0,阴
2025-10-25 06:00:00,PV_STATION_P_01,0.0,0.0,0.0,阴
2025-10-25 07:00:00,PV_STATION_P_01,30.51,98.52,25.5,阴
2025-10-25 08:00:00,PV_STATION_P_01,104.74,337.27,88.0,阴
2025-10-25 09:00:00,PV_STATION_P_01,176.07,551.44,142.4,阴
2025-10-25 10:00:00,PV_STATION_P_01,228.01,725.41,190.1,阴
2025-10-25 11:00:00,PV_STATION_P_01,244.53,846.5,204.3,阴
2025-10-25 12:00:00,PV_STATION_P_01,284.91,905.87,236.8,阴
2025-10-25 13:00:00,PV_STATION_P_01,258.47,899.21,219.7,阴
2025-10-25 14:00:00,PV_STATION_P_01,223.68,827.0,180.8,阴
2025-10-25 15:00:00,PV_STATION_P_01,202.9,694.49,169.6,阴
2025-10-25 16:00:00,PV_STATION_P_01,151.95,511.36,124.3,阴
2025-10-25 17:00:00,PV_STATION_P_01,90.1,290.95,73.6,阴
2025-10-25 18:00:00,PV_STATION_P_01,26.53,49.33,12.8,阴
2025-10-25 19:00:00,PV_STATION_P_01,0.0,0.0,0.0,阴
2025-10-25 20:00:00,PV_STATION_P_01,0.0,0.0,0.0,阴
2025-10-25 21:00:00,PV_STATION_P_01,0.0,0.0,0.0,阴
2025-10-25 22:00:00,PV_STATION_P_01,0.0,0.0,0.0,阴
2025-10-25 23:00:00,PV_STATION_P_01,0.0,0.0,0.0,阴
2025-10-26 00:00:00,PV_STATION_P_01,0.0,0.0,0.0,阴
2025-10-26 01:00:00,PV_STATION_P_01,0.0,0.0,0.0,阴
2025-10-26 02:00:00,PV_STATION_P_01,0.0,0.0,0.0,阴
2025-10-26 03:00:00,PV_STATION_P_01,0.0,0.0,0.0,阴
2025-10-26 04:00:00,PV_STATION_P_01,0.0,0.0,0.0,阴
2025-10-26 05:00:00,PV_STATION_P_01,0.0,0.0,0.0,阴
2025-10-26 06:00:00,PV_STATION_P_01,0.0,0.0,0.0,阴
2025-10-26 07:00:00,PV_STATION_P_01,35.82,98.24,24.2,阴
2025-10-26 08:00:00,PV_STATION_P_01,117.23,336.32,90.8,阴
2025-10-26 09:00:00,PV_STATION_P_01,171.2,549.88,135.4,阴
2025-10-26 10:00:00,PV_STATION_P_01,209.43,723.36,169.7,阴
2025-10-26 11:00:00,PV_STATION_P_01,238.73,844.1,197.0,阴
2025-10-26 12:00:00,PV_STATION_P_01,271.64,903.31,224.9,阴
2025-10-26 13:00:00,PV_STATION_P_01,228.9,896.66,205.8,阴
2025-10-26 14:00:00,PV_STATION_P_01,246.61,824.65,194.1,阴
2025-10-26 15:00:00,PV_STATION_P_01,202.34,692.53,169.8,阴
2025-10-26 16:00:00,PV_STATION_P_01,155.76,509.91,134.7,阴
2025-10-26 17:00:00,PV_STATION_P_01,91.5,290.13,77.2,阴
2025-10-26 18:00:00,PV_STATION_P_01,27.97,49.19,12.7,阴
2025-10-26 19:00:00,PV_STATION_P_01,0.0,0.0,0.0,阴
2025-10-26 20:00:00,PV_STATION_P_01,0.0,0.0,0.0,阴
2025-10-26 21:00:00,PV_STATION_P_01,0.0,0.0,0.0,阴
2025-10-26 22:00:00,PV_STATION_P_01,0.0,0.0,0.0,阴
2025-10-26 23:00:00,PV_STATION_P_01,0.0,0.0,0.0,阴
2025-10-27 00:00:00,PV_STATION_P_01,0.0,0.0,0.0,多云
2025-10-27 01:00:00,PV_STATION_P_01,0.0,0.0,0.0,多云
2025-10-27 02:00:00,PV_STATION_P_01,0.0,0.0,0.0,多云
2025-10-27 03:00:00,PV_STATION_P_01,0.0,0.0,0.0,多云
2025-10-27 04:00:00,PV_STATION_P_01,0.0,0.0,0.0,多云
2025-10-27 05:00:00,PV_STATION_P_01,0.0,0.0,0.0,多云
2025-10-27 06:00:00,PV_STATION_P_01,0.0,0.0,0.0,多云
2025-10-27 07:00:00,PV_STATION_P_01,56.19,97.96,54.8,多云
2025-10-27 08:00:00,PV_STATION_P_01,215.36,335.38,174.4,多云
2025-10-27 09:00:00,PV_STATION_P_01,362.62,548.34,299.3,多云
2025-10-27 10:00:00,PV_STATION_P_01,460.83,721.33,386.3,多云
2025-10-27 11:00:00,PV_STATION_P_01,540.98,841.73,461.2,多云
2025-10-27 12:00:00,PV_STATION_P_01,558.77,900.77,478.9,多云
2025-10-27 13:00:00,PV_STATION_P_01,601.17,894.15,522.4,多云
2025-10-27 14:00:00,PV_STATION_P_01,518.7,822.34,456.5,多云
2025-10-27 15:00:00,PV_STATION_P_01,405.55,690.58,349.1,多云
2025-10-27 16:00:00,PV_STATION_P_01,314.37,508.48,261.1,多云
2025-10-27 17:00:00,PV_STATION_P_01,207.76,289.31,168.7,多云
2025-10-27 18:00:00,PV_STATION_P_01,30.11,49.05,26.7,多云
2025-10-27 19:00:00,PV_STATION_P_01,0.0,0.0,0.0,多云
2025-10-27 20:00:00,PV_STATION_P_01,0.0,0.0,0.0,多云
2025-10-27 21:00:00,PV_STATION_P_01,0.0,0.0,0.0,多云
2025-10-27 22:00:00,PV_STATION_P_01,0.0,0.0,0.0,多云
2025-10-27 23:00:00,PV_STATION_P_01,0.0,0.0,0.0,多云
2025-10-28 00:00:00,PV_STATION_P_01,0.0,0.0,0.0,雨
2025-10-28 01:00:00,PV_STATION_P_01,0.0,0.0,0.0,雨
2025-10-28 02:00:00,PV_STATION_P_01,0.0,0.0,0.0,雨
2025-10-28 03:00:00,PV_STATION_P_01,0.0,0.0,0.0,雨
2025-10-28 04:00:00,PV_STATION_P_01,0.0,0.0,0.0,雨
2025-10-28 05:00:00,PV_STATION_P_01,0.0,0.0,0.0,雨
2025-10-28 06:00:00,PV_STATION_P_01,0.0,0.0,0.0,雨
2025-10-28 07:00:00,PV_STATION_P_01,15.78,97.69,11.4,雨
2025-10-28 08:00:00,PV_STATION_P_01,57.11,334.44,40.2,雨
2025-10-28 09:00:00,PV_STATION_P_01,80.01,546.81,69.5,雨
2025-10-28 10:00:00,PV_STATION_P_01,110.48,719.32,88.5,雨
2025-10-28 11:00:00,PV_STATION_P_01,129.3,839.39,107.4,雨
2025-10-28 12:00:00,PV_STATION_P_01,139.94,898.27,113.6,雨
2025-10-28 13:00:00,PV_STATION_P_01,143.34,891.66,111.3,雨
2025-10-28 14:00:00,PV_STATION_P_01,127.13,820.05,95.8,雨
2025-10-28 15:00:00,PV_STATION_P_01,107.6,688.66,81.7,雨
2025-10-28 16:00:00,PV_STATION_P_01,58.66,507.07,54.2,雨
2025-10-28 17:00:00,PV_STATION_P_01,38.15,288.51,33.9,雨
2025-10-28 18:00:00,PV_STATION_P_01,14.37,48.92,5.9,雨
2025-10-28 19:00:00,PV_STATION_P_01,0.0,0.0,0.0,雨
2025-10-28 20:00:00,PV_STATION_P_01,0.0,0.0,0.0,雨
2025-10-28 21:00:00,PV_STATION_P_01,0.0,0.0,0.0,雨
2025-10-28 22:00:00,PV_STATION_P_01,0.0,0.0,0.0,雨
2025-10-28 23:00:00,PV_STATION_P_01,0.0,0.0,0.0,雨
2025-10-29 00:00:00,PV_STATION_P_01,0.0,0.0,0.0,晴
2025-10-29 01:00:00,PV_STATION_P_01,0.0,0.0,0.0,晴
2025-10-29 02:00:00,PV_STATION_P_01,0.0,0.0,0.0,晴
2025-10-29 03:00:00,PV_STATION_P_01,0.0,0.0,0.0,晴
2025-10-29 04:00:00,PV_STATION_P_01,0.0,0.0,0.0,晴
2025-10-29 05:00:00,PV_STATION_P_01,0.0,0.0,0.0,晴
2025-10-29 06:00:00,PV_STATION_P_01,0.0,0.0,0.0,晴
2025-10-29 07:00:00,PV_STATION_P_01,94.8,97.42,81.2,晴
2025-10-29 08:00:00,PV_STATION_P_01,-7.48,333.52,277.9,晴
2025-10-29 09:00:00,PV_STATION_P_01,544.99,545.31,454.4,晴
2025-10-29 10:00:00,PV_STATION_P_01,663.61,717.34,558.0,晴
2025-10-29 11:00:00,PV_STATION_P_01,792.54,837.08,697.6,晴
2025-10-29 12:00:00,PV_STATION_P_01,827.91,895.8,731.2,晴
2025-10-29 13:00:00,PV_STATION_P_01,830.34,889.21,741.0,晴
2025-10-29 14:00:00,PV_STATION_P_01,750.2,817.8,658.1,晴
2025-10-29 15:00:00,PV_STATION_P_01,655.67,686.77,572.3,晴
2025-10-29 16:00:00,PV_STATION_P_01,498.71,505.67,421.4,晴
2025-10-29 17:00:00,PV_STATION_P_01,286.11,287.72,234.2,晴
2025-10-29 18:00:00,PV_STATION_P_01,63.72,48.78,40.7,晴
2025-10-29 19:00:00,PV_STATION_P_01,0.0,0.0,0.0,晴
2025-10-29 20:00:00,PV_STATION_P_01,0.0,0.0,0.0,晴
2025-10-29 21:00:00,PV_STATION_P_01,0.0,0.0,0.0,晴
2025-10-29 22:00:00,PV_STATION_P_01,0.0,0.0,0.0,晴
2025-10-29 23:00:00,PV_STATION_P_01,0.0,0.0,0.0,晴
2025-10-30 00:00:00,PV_STATION_P_01,0.0,0.0,0.0,晴
2025-10-30 01:00:00,PV_STATION_P_01,0.0,0.0,0.0,晴
2025-10-30 02:00:00,PV_STATION_P_01,0.0,0.0,0.0,晴
2025-10-30 03:00:00,PV_STATION_P_01,0.0,0.0,0.0,晴
2025-10-30 04:00:00,PV_STATION_P_01,0.0,0.0,0.0,晴
2025-10-30 05:00:00,PV_STATION_P_01,0.0,0.0,0.0,晴
2025-10-30 06:00:00,PV_STATION_P_01,0.0,0.0,0.0,晴
2025-10-30 07:00:00,PV_STATION_P_01,89.56,97.16,71.2,晴
2025-10-30 08:00:00,PV_STATION_P_01,329.12,332.62,277.2,晴
2025-10-30 09:00:00,PV_STATION_P_01,534.71,543.83,453.2,晴
2025-10-30 10:00:00,PV_STATION_P_01,684.52,715.39,587.1,晴
2025-10-30 11:00:00,PV_STATION_P_01,796.31,834.8,695.7,晴
2025-10-30 12:00:00,PV_STATION_P_01,822.34,893.36,734.8,晴
2025-10-30 13:00:00,PV_STATION_P_01,838.63,886.79,739.0,晴
2025-10-30 14:00:00,PV_STATION_P_01,716.2,815.57,613.1,晴
2025-10-30 15:00:00,PV_STATION_P_01,582.73,684.9,506.8,晴
2025-10-30 16:00:00,PV_STATION_P_01,481.19,504.3,415.3,晴
2025-10-30 17:00:00,PV_STATION_P_01,281.74,286.93,239.1,晴
2025-10-30 18:00:00,PV_STATION_P_01,47.65,48.65,40.5,晴
2025-10-30 19:00:00,PV_STATION_P_01,0.0,0.0,0.0,晴
2025-10-30 20:00:00,PV_STATION_P_01,0.0,0.0,0.0,晴
2025-10-30 21:00:00,PV_STATION_P_01,0.0,0.0,0.0,晴
2025-10-30 22:00:00,PV_STATION_P_01,0.0,0.0,0.0,晴
2025-10-30 23:00:00,PV_STATION_P_01,0.0,0.0,0.0,晴
2025-10-31 00:00:00,PV_STATION_P_01,0.0,0.0,0.0,晴
2025-10-31 01:00:00,PV_STATION_P_01,0.0,0.0,0.0,晴
2025-10-31 02:00:00,PV_STATION_P_01,0.0,0.0,0.0,晴
2025-10-31 03:00:00,PV_STATION_P_01,0.0,0.0,5.6,晴
2025-10-31 04:00:00,PV_STATION_P_01,0.0,0.0,0.0,晴
2025-10-31 05:00:00,PV_STATION_P_01,0.0,0.0,0.0,晴
2025-10-31 06:00:00,PV_STATION_P_01,0.0,0.0,0.0,晴
2025-10-31 07:00:00,PV_STATION_P_01,107.5,96.9,78.4,晴
2025-10-31 08:00:00,PV_STATION_P_01,336.43,331.72,276.4,晴
2025-10-31 09:00:00,PV_STATION_P_01,520.79,542.36,436.9,晴
2025-10-31 10:00:00,PV_STATION_P_01,687.39,713.47,579.8,晴
2025-10-31 11:00:00,PV_STATION_P_01,688.55,832.56,603.3,晴
2025-10-31 12:00:00,PV_STATION_P_01,861.4,890.96,742.5,晴
2025-10-31 13:00:00,PV_STATION_P_01,809.66,884.4,732.6,晴
2025-10-31 14:00:00,PV_STATION_P_01,738.93,813.38,645.8,晴
2025-10-31 15:00:00,PV_STATION_P_01,657.58,683.06,569.2,晴
2025-10-31 16:00:00,PV_STATION_P_01,457.99,502.94,402.6,晴
2025-10-31 17:00:00,PV_STATION_P_01,277.19,286.16,232.3,晴
2025-10-31 18:00:00,PV_STATION_P_01,46.83,48.52,38.5,晴
2025-10-31 19:00:00,PV_STATION_P_01,0.0,0.0,0.0,晴
2025-10-31 20:00:00,PV_STATION_P_01,0.0,0.0,0.0,晴
2025-10-31 21:00:00,PV_STATION_P_01,0.0,0.0,0.0,晴
2025-10-31 22:00:00,PV_STATION_P_01,0.0,0.0,0.0,晴
2025-10-31 23:00:00,PV_STATION_P_01,0.0,0.0,0.0,晴
2025-11-01 00:00:00,PV_STATION_P_01,0.0,0.0,0.0,晴
2025-11-01 01:00:00,PV_STATION_P_01,0.0,0.0,0.0,晴
2025-11-01 02:00:00,PV_STATION_P_01,0.0,0.0,0.0,晴
2025-11-01 03:00:00,PV_STATION_P_01,0.0,0.0,0.0,晴
2025-11-01 04:00:00,PV_STATION_P_01,0.0,0.0,0.0,晴
2025-11-01 05:00:00,PV_STATION_P_01,0.0,0.0,0.0,晴
2025-11-01 06:00:00,PV_STATION_P_01,0.0,0.0,0.0,晴
2025-11-01 07:00:00,PV_STATION_P_01,84.41,96.64,80.5,晴
2025-11-01 08:00:00,PV_STATION_P_01,335.72,330.84,275.7,晴
2025-11-01 09:00:00,PV_STATION_P_01,535.3,540.92,450.8,晴
2025-11-01 10:00:00,PV_STATION_P_01,687.22,711.57,587.6,晴
2025-11-01 11:00:00,PV_STATION_P_01,769.42,830.35,666.8,晴
2025-11-01 12:00:00,PV_STATION_P_01,776.45,888.59,686.1,晴
2025-11-01 13:00:00,PV_STATION_P_01,836.78,882.05,731.8,晴
2025-11-01 14:00:00,PV_STATION_P_01,757.92,811.22,657.9,晴
2025-11-01 15:00:00,PV_STATION_P_01,644.88,681.24,564.3,晴
2025-11-01 16:00:00,PV_STATION_P_01,437.48,501.61,374.7,晴
2025-11-01 17:00:00,PV_STATION_P_01,261.46,285.4,219.8,晴
2025-11-01 18:00:00,PV_STATION_P_01,45.6,48.39,40.3,晴
2025-11-01 19:00:00,PV_STATION_P_01,0.0,0.0,0.0,晴
2025-11-01 20:00:00,PV_STATION_P_01,0.0,0.0,0.0,晴
2025-11-01 21:00:00,PV_STATION_P_01,0.0,0.0,0.0,晴
2025-11-01 22:00:00,PV_STATION_P_01,0.0,0.0,0.0,晴
2025-11-01 23:00:00,PV_STATION_P_01,0.0,0.0,0.0,晴
2025-11-02 00:00:00,PV_STATION_P_01,0.0,0.0,0.0,晴
2025-11-02 01:00:00,PV_STATION_P_01,0.0,0.0,0.0,晴
2025-11-02 02:00:00,PV_STATION_P_01,0.0,0.0,0.0,晴
2025-11-02 03:00:00,PV_STATION_P_01,0.0,0.0,0.0,晴
2025-11-02 04:00:00,PV_STATION_P_01,0.0,0.0,0.0,晴
2025-11-02 05:00:00,PV_STATION_P_01,0.0,0.0,0.0,晴
2025-11-02 06:00:00,PV_STATION_P_01,0.0,0.0,18.7,晴
2025-11-02 07:00:00,PV_STATION_P_01,100.45,96.39,78.3,晴
2025-11-02 08:00:00,PV_STATION_P_01,334.11,329.97,275.0,晴
2025-11-02 09:00:00,PV_STATION_P_01,465.73,539.5,393.6,晴
2025-11-02 10:00:00,PV_STATION_P_01,690.96,709.7,591.4,晴
2025-11-02 11:00:00,PV_STATION_P_01,784.77,828.17,674.4,晴
2025-11-02 12:00:00,PV_STATION_P_01,796.2,886.26,692.4,晴
2025-11-02 13:00:00,PV_STATION_P_01,796.42,879.74,694.2,晴
2025-11-02 14:00:00,PV_STATION_P_01,785.88,809.09,665.4,晴
2025-11-02 15:00:00,PV_STATION_P_01,640.05,679.45,563.1,晴
2025-11-02 16:00:00,PV_STATION_P_01,481.03,500.29,416.9,晴
2025-11-02 17:00:00,PV_STATION_P_01,271.52,284.65,223.1,晴
2025-11-02 18:00:00,PV_STATION_P_01,56.75,48.26,40.2,晴
2025-11-02 19:00:00,PV_STATION_P_01,0.0,0.0,0.0,晴
2025-11-02 20:00:00,PV_STATION_P_01,0.0,0.0,0.0,晴
2025-11-02 21:00:00,PV_STATION_P_01,0.0,0.0,0.0,晴
2025-11-02 22:00:00,PV_STATION_P_01,0.0,0.0,0.0,晴
2025-11-02 23:00:00,PV_STATION_P_01,0.0,0.0,0.0,晴
2025-11-03 00:00:00,PV_STATION_P_01,0.0,0.0,0.0,多云
2025-11-03 01:00:00,PV_STATION_P_01,0.0,0.0,0.0,多云
2025-11-03 02:00:00,PV_STATION_P_01,0.0,0.0,0.0,多云
2025-11-03 03:00:00,PV_STATION_P_01,0.0,0.0,0.0,多云
2025-11-03 04:00:00,PV_STATION_P_01,0.0,0.0,0.0,多云
2025-11-03 05:00:00,PV_STATION_P_01,0.0,0.0,0.0,多云
2025-11-03 06:00:00,PV_STATION_P_01,0.0,0.0,0.0,多云
2025-11-03 07:00:00,PV_STATION_P_01,74.14,96.14,54.1,多云
2025-11-03 08:00:00,PV_STATION_P_01,212.68,329.12,182.6,多云
2025-11-03 09:00:00,PV_STATION_P_01,343.99,538.1,293.0,多云
2025-11-03 10:00:00,PV_STATION_P_01,480.77,707.86,396.3,多云
2025-11-03 11:00:00,PV_STATION_P_01,451.13,826.02,385.1,多云
2025-11-03 12:00:00,PV_STATION_P_01,594.54,883.96,511.2,多云
2025-11-03 13:00:00,PV_STATION_P_01,539.13,877.46,451.9,多云
2025-11-03 14:00:00,PV_STATION_P_01,505.64,806.99,427.9,多云
2025-11-03 15:00:00,PV_STATION_P_01,406.52,677.69,346.6,多云
2025-11-03 16:00:00,PV_STATION_P_01,326.91,498.99,264.3,多云
2025-11-03 17:00:00,PV_STATION_P_01,181.62,283.91,153.5,多云
2025-11-03 18:00:00,PV_STATION_P_01,38.12,48.14,27.7,多云
2025-11-03 19:00:00,PV_STATION_P_01,0.0,0.0,0.0,多云
2025-11-03 20:00:00,PV_STATION_P_01,0.0,0.0,0.0,多云
2025-11-03 21:00:00,PV_STATION_P_01,0.0,0.0,0.0,多云
2025-11-03 22:00:00,PV_STATION_P_01,0.0,0.0,0.0,多云
2025-11-03 23:00:00,PV_STATION_P_01,0.0,0.0,0.0,多云
2025-11-04 00:00:00,PV_STATION_P_01,0.0,0.0,0.0,晴
2025-11-04 01:00:00,PV_STATION_P_01,0.0,0.0,0.0,晴
2025-11-04 02:00:00,PV_STATION_P_01,0.0,0.0,0.0,晴
2025-11-04 03:00:00,PV_STATION_P_01,0.0,0.0,0.0,晴
2025-11-04 04:00:00,PV_STATION_P_01,0.0,0.0,0.0,晴
2025-11-04 05:00:00,PV_STATION_P_01,0.0,0.0,0.0,晴
2025-11-04 06:00:00,PV_STATION_P_01,0.0,0.0,0.0,晴
2025-11-04 07:00:00,PV_STATION_P_01,102.51,95.89,79.9,晴
2025-11-04 08:00:00,PV_STATION_P_01,308.36,328.27,252.1,晴
2025-11-04 09:00:00,PV_STATION_P_01,513.13,536.73,432.4,晴
2025-11-04 10:00:00,PV_STATION_P_01,663.68,706.05,567.3,晴
2025-11-04 11:00:00,PV_STATION_P_01,782.42,823.91,679.6,晴
2025-11-04 12:00:00,PV_STATION_P_01,831.21,881.7,733.5,晴
2025-11-04 13:00:00,PV_STATION_P_01,825.58,875.21,729.3,晴
2025-11-04 14:00:00,PV_STATION_P_01,774.59,804.93,670.8,晴
2025-11-04 15:00:00,PV_STATION_P_01,630.42,675.96,542.4,晴
2025-11-04 16:00:00,PV_STATION_P_01,479.42,497.72,414.8,晴
2025-11-04 17:00:00,PV_STATION_P_01,282.69,283.19,232.9,晴
2025-11-04 18:00:00,PV_STATION_P_01,46.13,48.02,38.2,晴
2025-11-04 19:00:00,PV_STATION_P_01,0.0,0.0,0.0,晴
2025-11-04 20:00:00,PV_STATION_P_01,0.0,0.0,0.0,晴
2025-11-04 21:00:00,PV_STATION_P_01,0.0,0.0,0.0,晴
2025-11-04 22:00:00,PV_STATION_P_01,0.0,0.0,0.0,晴
2025-11-04 23:00:00,PV_STATION_P_01,0.0,0.0,0.0,晴
2025-11-05 00:00:00,PV_STATION_P_01,0.0,0.0,0.0,多云
2025-11-05 01:00:00,PV_STATION_P_01,0.0,0.0,0.0,多云
2025-11-05 02:00:00,PV_STATION_P_01,0.0,0.0,0.0,多云
2025-11-05 03:00:00,PV_STATION_P_01,0.0,0.0,0.0,多云
2025-11-05 04:00:00,PV_STATION_P_01,0.0,0.0,0.0,多云
2025-11-05 05:00:00,PV_STATION_P_01,0.0,0.0,0.0,多云
2025-11-05 06:00:00,PV_STATION_P_01,0.0,0.0,0.0,多云
2025-11-05 07:00:00,PV_STATION_P_01,65.54,95.65,49.6,多云
2025-11-05 08:00:00,PV_STATION_P_01,227.01,327.45,182.7,多云
2025-11-05 09:00:00,PV_STATION_P_01,369.3,535.37,297.4,多云
2025-11-05 10:00:00,PV_STATION_P_01,467.72,704.27,386.0,多云
2025-11-05 11:00:00,PV_STATION_P_01,519.26,821.83,440.4,多云
2025-11-05 12:00:00,PV_STATION_P_01,568.12,879.48,480.1,多云
2025-11-05 13:00:00,PV_STATION_P_01,599.78,873.01,502.7,多云
2025-11-05 14:00:00,PV_STATION_P_01,531.6,802.9,450.6,多云
2025-11-05 15:00:00,PV_STATION_P_01,396.26,674.26,335.1,多云
2025-11-05 16:00:00,PV_STATION_P_01,-18.41,496.46,243.8,多云
2025-11-05 17:00:00,PV_STATION_P_01,165.06,282.47,140.9,多云
2025-11-05 18:00:00,PV_STATION_P_01,41.85,47.89,24.6,多云
2025-11-05 19:00:00,PV_STATION_P_01,0.0,0.0,0.0,多云
2025-11-05 20:00:00,PV_STATION_P_01,0.0,0.0,0.0,多云
2025-11-05 21:00:00,PV_STATION_P_01,0.0,0.0,0.0,多云
2025-11-05 22:00:00,PV_STATION_P_01,0.0,0.0,0.0,多云
2025-11-05 23:00:00,PV_STATION_P_01,0.0,0.0,0.0,多云
2025-11-06 00:00:00,PV_STATION_P_01,0.0,0.0,0.0,晴
2025-11-06 01:00:00,PV_STATION_P_01,0.0,0.0,0.0,晴
2025-11-06 02:00:00,PV_STATION_P_01,0.0,0.0,0.0,晴
2025-11-06 03:00:00,PV_STATION_P_01,0.0,0.0,0.0,晴
2025-11-06 04:00:00,PV_STATION_P_01,0.0,0.0,0.0,晴
2025-11-06 05:00:00,PV_STATION_P_01,0.0,0.0,0.0,晴
2025-11-06 06:00:00,PV_STATION_P_01,0.0,0.0,0.0,晴
2025-11-06 07:00:00,PV_STATION_P_01,96.75,95.41,79.3,晴
2025-11-06 08:00:00,PV_STATION_P_01,293.73,326.63,239.3,晴
2025-11-06 09:00:00,PV_STATION_P_01,535.72,534.04,445.0,晴
2025-11-06 10:00:00,PV_STATION_P_01,682.54,702.52,585.4,晴
2025-11-06 11:00:00,PV_STATION_P_01,805.52,819.79,683.2,晴
2025-11-06 12:00:00,PV_STATION_P_01,700.69,877.29,607.1,晴
2025-11-06 13:00:00,PV_STATION_P_01,817.81,870.84,706.4,晴
2025-11-06 14:00:00,PV_STATION_P_01,719.16,800.9,619.6,晴
2025-11-06 15:00:00,PV_STATION_P_01,650.68,672.58,560.5,晴
2025-11-06 16:00:00,PV_STATION_P_01,466.98,495.23,389.9,晴
2025-11-06 17:00:00,PV_STATION_P_01,287.38,281.77,234.8,晴
2025-11-06 18:00:00,PV_STATION_P_01,48.01,47.78,39.8,晴
2025-11-06 19:00:00,PV_STATION_P_01,0.0,0.0,0.0,晴
2025-11-06 20:00:00,PV_STATION_P_01,0.0,0.0,0.0,晴
2025-11-06 21:00:00,PV_STATION_P_01,0.0,0.0,0.0,晴
2025-11-06 22:00:00,PV_STATION_P_01,0.0,0.0,0.0,晴
2025-11-06 23:00:00,PV_STATION_P_01,0.0,0.0,0.0,晴
2025-11-07 00:00:00,PV_STATION_P_01,0.0,0.0,0.0,多云
2025-11-07 01:00:00,PV_STATION_P_01,0.0,0.0,0.0,多云
2025-11-07 02:00:00,PV_STATION_P_01,0.0,0.0,0.0,多云
2025-11-07 03:00:00,PV_STATION_P_01,0.0,0.0,0.0,多云
2025-11-07 04:00:00,PV_STATION_P_01,0.0,0.0,0.0,多云
2025-11-07 05:00:00,PV_STATION_P_01,0.0,0.0,0.0,多云
2025-11-07 06:00:00,PV_STATION_P_01,0.0,0.0,0.0,多云
2025-11-07 07:00:00,PV_STATION_P_01,67.67,95.18,49.7,多云
2025-11-07 08:00:00,PV_STATION_P_01,220.1,325.83,182.2,多云
2025-11-07 09:00:00,PV_STATION_P_01,386.65,532.74,310.4,多云
2025-11-07 10:00:00,PV_STATION_P_01,465.01,700.8,391.0,多云
2025-11-07 11:00:00,PV_STATION_P_01,506.07,817.78,428.4,多云
2025-11-07 12:00:00,PV_STATION_P_01,542.47,875.14,446.8,多云
2025-11-07 13:00:00,PV_STATION_P_01,540.49,868.71,468.8,多云
2025-11-07 14:00:00,PV_STATION_P_01,529.6,798.94,446.4,多云
2025-11-07 15:00:00,PV_STATION_P_01,443.09,670.94,360.3,多云
2025-11-07 16:00:00,PV_STATION_P_01,322.32,494.02,285.4,多云
2025-11-07 17:00:00,PV_STATION_P_01,188.98,281.08,158.7,多云
2025-11-07 18:00:00,PV_STATION_P_01,39.47,47.66,26.5,多云
2025-11-07 19:00:00,PV_STATION_P_01,0.0,0.0,0.0,多云
2025-11-07 20:00:00,PV_STATION_P_01,0.0,0.0,0.0,多云
2025-11-07 21:00:00,PV_STATION_P_01,0.0,0.0,0.0,多云
2025-11-07 22:00:00,PV_STATION_P_01,0.0,0.0,0.0,多云
2025-11-07 23:00:00,PV_STATION_P_01,0.0,0.0,0.0,多云
2025-11-08 00:00:00,PV_STATION_P_01,,0.0,0.0,晴
2025-11-08 01:00:00,PV_STATION_P_01,0.0,0.0,0.0,晴
2025-11-08 02:00:00,PV_STATION_P_01,0.0,0.0,0.0,晴
2025-11-08 03:00:00,PV_STATION_P_01,0.0,0.0,0.0,晴
2025-11-08 04:00:00,PV_STATION_P_01,0.0,0.0,0.0,晴
2025-11-08 05:00:00,PV_STATION_P_01,0.0,0.0,0.0,晴
2025-11-08 06:00:00,PV_STATION_P_01,0.0,0.0,0.0,晴
2025-11-08 07:00:00,PV_STATION_P_01,97.38,94.95,75.3,晴
2025-11-08 08:00:00,PV_STATION_P_01,330.85,325.05,268.9,晴
2025-11-08 09:00:00,PV_STATION_P_01,535.71,531.46,442.9,晴
2025-11-08 10:00:00,PV_STATION_P_01,670.38,699.12,558.1,晴
2025-11-08 11:00:00,PV_STATION_P_01,720.85,815.81,619.4,晴
2025-11-08 12:00:00,PV_STATION_P_01,812.1,873.04,693.1,晴
2025-11-08 13:00:00,PV_STATION_P_01,802.58,866.62,708.3,晴
2025-11-08 14:00:00,PV_STATION_P_01,756.1,797.02,664.2,晴
2025-11-08 15:00:00,PV_STATION_P_01,645.17,669.32,557.8,晴
2025-11-08 16:00:00,PV_STATION_P_01,470.29,492.83,395.2,晴
2025-11-08 17:00:00,PV_STATION_P_01,276.18,280.41,232.0,晴
2025-11-08 18:00:00,PV_STATION_P_01,53.36,47.54,39.6,晴
2025-11-08 19:00:00,PV_STATION_P_01,0.0,0.0,0.0,晴
2025-11-08 20:00:00,PV_STATION_P_01,0.0,0.0,0.0,晴
2025-11-08 21:00:00,PV_STATION_P_01,0.0,0.0,0.0,晴
2025-11-08 22:00:00,PV_STATION_P_01,0.0,0.0,0.0,晴
2025-11-08 23:00:00,PV_STATION_P_01,0.0,0.0,0.0,晴
2025-11-09 00:00:00,PV_STATION_P_01,0.0,0.0,0.0,晴
2025-11-09 01:00:00,PV_STATION_P_01,0.0,0.0,0.0,晴
2025-11-09 02:00:00,PV_STATION_P_01,0.0,0.0,0.0,晴
2025-11-09 03:00:00,PV_STATION_P_01,0.0,0.0,0.0,晴
2025-11-09 04:00:00,PV_STATION_P_01,0.0,0.0,0.0,晴
2025-11-09 05:00:00,PV_STATION_P_01,0.0,0.0,0.0,晴
2025-11-09 06:00:00,PV_STATION_P_01,0.0,0.0,0.0,晴
2025-11-09 07:00:00,PV_STATION_P_01,91.66,94.72,75.9,晴
2025-11-09 08:00:00,PV_STATION_P_01,321.66,324.28,267.0,晴
2025-11-09 09:00:00,PV_STATION_P_01,524.51,530.2,441.8,晴
2025-11-09 10:00:00,PV_STATION_P_01,655.74,697.46,563.1,晴
2025-11-09 11:00:00,PV_STATION_P_01,734.16,813.88,631.6,晴
2025-11-09 12:00:00,PV_STATION_P_01,787.39,870.97,691.0,晴
2025-11-09 13:00:00,PV_STATION_P_01,831.7,864.57,720.5,晴
2025-11-09 14:00:00,PV_STATION_P_01,749.74,795.13,662.6,晴
2025-11-09 15:00:00,PV_STATION_P_01,616.28,667.74,529.8,晴
2025-11-09 16:00:00,PV_STATION_P_01,481.41,491.66,409.7,晴
2025-11-09 17:00:00,PV_STATION_P_01,285.29,279.74,230.3,晴
2025-11-09 18:00:00,PV_STATION_P_01,63.6,47.43,39.5,晴
2025-11-09 19:00:00,PV_STATION_P_01,0.0,0.0,0.0,晴
2025-11-09 20:00:00,PV_STATION_P_01,0.0,0.0,0.0,晴
2025-11-09 21:00:00,PV_STATION_P_01,0.0,0.0,0.0,晴
2025-11-09 22:00:00,PV_STATION_P_01,0.0,0.0,0.0,晴
2025-11-09 23:00:00,PV_STATION_P_01,0.0,0.0,0.0,晴
2025-11-10 00:00:00,PV_STATION_P_01,0.0,0.0,0.0,晴
2025-11-10 01:00:00,PV_STATION_P_01,0.0,0.0,0.0,晴
2025-11-10 02:00:00,PV_STATION_P_01,0.0,0.0,0.0,晴
2025-11-10 03:00:00,PV_STATION_P_01,0.0,0.0,0.0,晴
2025-11-10 04:00:00,PV_STATION_P_01,0.0,0.0,0.0,晴
2025-11-10 05:00:00,PV_STATION_P_01,0.0,0.0,0.0,晴
2025-11-10 06:00:00,PV_STATION_P_01,0.0,0.0,0.0,晴
2025-11-10 07:00:00,PV_STATION_P_01,101.84,94.5,78.8,晴
2025-11-10 08:00:00,PV_STATION_P_01,331.53,323.53,269.6,晴
2025-11-10 09:00:00,PV_STATION_P_01,511.67,528.96,419.5,晴
2025-11-10 10:00:00,PV_STATION_P_01,681.96,695.84,579.9,晴
2025-11-10 11:00:00,PV_STATION_P_01,711.67,811.99,605.8,晴
2025-11-10 12:00:00,PV_STATION_P_01,834.14,868.95,724.1,晴
2025-11-10 13:00:00,PV_STATION_P_01,770.39,862.55,689.2,晴
2025-11-10 14:00:00,PV_STATION_P_01,771.46,793.28,661.1,晴
2025-11-10 15:00:00,PV_STATION_P_01,587.47,666.18,516.7,晴
2025-11-10 16:00:00,PV_STATION_P_01,471.93,490.52,395.2,晴
2025-11-10 17:00:00,PV_STATION_P_01,293.79,279.09,232.6,晴
2025-11-10 18:00:00,PV_STATION_P_01,47.45,47.32,39.4,晴
2025-11-10 19:00:00,PV_STATION_P_01,0.0,0.0,0.0,晴
2025-11-10 20:00:00,PV_STATION_P_01,0.0,0.0,0.0,晴
2025-11-10 21:00:00,PV_STATION_P_01,0.0,0.0,0.0,晴
2025-11-10 22:00:00,PV_STATION_P_01,0.0,0.0,0.0,晴
2025-11-10 23:00:00,PV_STATION_P_01,0.0,0.0,0.0,晴
2025-11-11 00:00:00,PV_STATION_P_01,0.0,0.0,0.0,晴
2025-11-11 01:00:00,PV_STATION_P_01,0.0,0.0,0.0,晴
2025-11-11 02:00:00,PV_STATION_P_01,0.0,0.0,0.0,晴
2025-11-11 03:00:00,PV_STATION_P_01,0.0,0.0,0.0,晴
2025-11-11 04:00:00,PV_STATION_P_01,0.0,0.0,0.0,晴
2025-11-11 05:00:00,PV_STATION_P_01,0.0,0.0,0.0,晴
2025-11-11 06:00:00,PV_STATION_P_01,0.0,0.0,0.0,晴
2025-11-11 07:00:00,PV_STATION_P_01,85.53,94.29,70.3,晴
2025-11-11 08:00:00,PV_STATION_P_01,332.54,322.79,269.0,晴
2025-11-11 09:00:00,PV_STATION_P_01,518.77,527.76,439.8,晴
2025-11-11 10:00:00,PV_STATION_P_01,683.84,694.25,578.5,晴
2025-11-11 11:00:00,PV_STATION_P_01,761.78,810.14,648.6,晴
2025-11-11 12:00:00,PV_STATION_P_01,825.19,866.96,717.0,晴
2025-11-11 13:00:00,PV_STATION_P_01,844.91,860.58,717.2,晴
2025-11-11 14:00:00,PV_STATION_P_01,753.96,791.47,656.7,晴
2025-11-11 15:00:00,PV_STATION_P_01,585.7,664.66,504.2,晴
2025-11-11 16:00:00,PV_STATION_P_01,484.37,489.4,407.8,晴
2025-11-11 17:00:00,PV_STATION_P_01,286.14,278.45,232.0,晴
2025-11-11 18:00:00,PV_STATION_P_01,56.99,47.21,39.3,晴
2025-11-11 19:00:00,PV_STATION_P_01,0.0,0.0,0.0,晴
2025-11-11 20:00:00,PV_STATION_P_01,0.0,0.0,0.0,晴
2025-11-11 21:00:00,PV_STATION_P_01,0.0,0.0,0.0,晴
2025-11-11 22:00:00,PV_STATION_P_01,0.0,0.0,0.0,晴
2025-11-11 23:00:00,PV_STATION_P_01,0.0,0.0,0.0,晴
2025-11-12 00:00:00,PV_STATION_P_01,0.0,0.0,0.0,多云
2025-11-12 01:00:00,PV_STATION_P_01,0.0,0.0,0.0,多云
2025-11-12 02:00:00,PV_STATION_P_01,0.0,0.0,0.0,多云
2025-11-12 03:00:00,PV_STATION_P_01,0.0,0.0,0.0,多云
2025-11-12 04:00:00,PV_STATION_P_01,0.0,0.0,0.0,多云
2025-11-12 05:00:00,PV_STATION_P_01,0.0,0.0,0.0,多云
2025-11-12 06:00:00,PV_STATION_P_01,0.0,0.0,0.0,多云
2025-11-12 07:00:00,PV_STATION_P_01,72.05,94.08,51.5,多云
2025-11-12 08:00:00,PV_STATION_P_01,221.92,322.06,180.5,多云
2025-11-12 09:00:00,PV_STATION_P_01,364.11,526.57,298.7,多云
2025-11-12 10:00:00,PV_STATION_P_01,481.88,692.7,398.4,多云
2025-11-12 11:00:00,PV_STATION_P_01,535.95,808.32,447.0,多云
2025-11-12 12:00:00,PV_STATION_P_01,555.28,865.02,469.3,多云
2025-11-12 13:00:00,PV_STATION_P_01,557.94,858.66,477.9,多云
2025-11-12 14:00:00,PV_STATION_P_01,538.25,789.7,460.2,多云
2025-11-12 15:00:00,PV_STATION_P_01,450.02,663.17,376.2,多云
2025-11-12 16:00:00,PV_STATION_P_01,321.11,488.3,264.2,多云
2025-11-12 17:00:00,PV_STATION_P_01,186.98,277.83,153.2,多云
2025-11-12 18:00:00,PV_STATION_P_01,25.47,47.11,28.1,多云
2025-11-12 19:00:00,PV_STATION_P_01,0.0,0.0,0.0,多云
2025-11-12 20:00:00,PV_STATION_P_01,0.0,0.0,0.0,多云
2025-11-12 21:00:00,PV_STATION_P_01,0.0,0.0,0.0,多云
2025-11-12 22:00:00,PV_STATION_P_01,0.0,0.0,0.0,多云
2025-11-12 23:00:00,PV_STATION_P_01,0.0,0.0,0.0,多云
2025-11-13 00:00:00,PV_STATION_P_01,0.0,0.0,0.0,雨
2025-11-13 01:00:00,PV_STATION_P_01,0.0,0.0,0.0,雨
2025-11-13 02:00:00,PV_STATION_P_01,0.0,0.0,0.0,雨
2025-11-13 03:00:00,PV_STATION_P_01,0.0,0.0,0.0,雨
2025-11-13 04:00:00,PV_STATION_P_01,0.0,0.0,0.0,雨
2025-11-13 05:00:00,PV_STATION_P_01,0.0,0.0,0.0,雨
2025-11-13 06:00:00,PV_STATION_P_01,0.0,0.0,0.0,雨
2025-11-13 07:00:00,PV_STATION_P_01,16.16,93.87,11.1,雨
2025-11-13 08:00:00,PV_STATION_P_01,46.82,321.36,39.4,雨
2025-11-13 09:00:00,PV_STATION_P_01,77.23,525.42,63.0,雨
2025-11-13 10:00:00,PV_STATION_P_01,90.45,691.17,72.2,雨
2025-11-13 11:00:00,PV_STATION_P_01,119.14,806.54,87.8,雨
2025-11-13 12:00:00,PV_STATION_P_01,120.82,863.12,100.1,雨
2025-11-13 13:00:00,PV_STATION_P_01,115.29,856.77,102.3,雨
2025-11-13 14:00:00,PV_STATION_P_01,110.81,787.96,94.3,雨
2025-11-13 15:00:00,PV_STATION_P_01,107.53,661.71,77.2,雨
2025-11-13 16:00:00,PV_STATION_P_01,82.11,487.23,58.9,雨
2025-11-13 17:00:00,PV_STATION_P_01,46.81,277.22,33.0,雨
2025-11-13 18:00:00,PV_STATION_P_01,11.64,47.0,5.4,雨
2025-11-13 19:00:00,PV_STATION_P_01,0.0,0.0,0.0,雨
2025-11-13 20:00:00,PV_STATION_P_01,0.0,0.0,0.0,雨
2025-11-13 21:00:00,PV_STATION_P_01,0.0,0.0,0.0,雨
2025-11-13 22:00:00,PV_STATION_P_01,0.0,0.0,0.0,雨
2025-11-13 23:00:00,PV_STATION_P_01,0.0,0.0,0.0,雨
2025-11-14 00:00:00,PV_STATION_P_01,0.0,0.0,0.0,阴
2025-11-14 01:00:00,PV_STATION_P_01,0.0,0.0,0.0,阴
2025-11-14 02:00:00,PV_STATION_P_01,0.0,0.0,0.0,阴
2025-11-14 03:00:00,PV_STATION_P_01,0.0,0.0,0.0,阴
2025-11-14 04:00:00,PV_STATION_P_01,0.0,0.0,0.0,阴
2025-11-14 05:00:00,PV_STATION_P_01,0.0,0.0,0.0,阴
2025-11-14 06:00:00,PV_STATION_P_01,0.0,0.0,0.0,阴
2025-11-14 07:00:00,PV_STATION_P_01,19.48,93.67,23.2,阴
2025-11-14 08:00:00,PV_STATION_P_01,110.94,320.66,83.4,阴
2025-11-14 09:00:00,PV_STATION_P_01,157.92,524.29,129.4,阴
2025-11-14 10:00:00,PV_STATION_P_01,223.96,689.69,183.3,阴
2025-11-14 11:00:00,PV_STATION_P_01,207.45,804.81,173.6,阴
2025-11-14 12:00:00,PV_STATION_P_01,282.84,861.26,230.9,阴
2025-11-14 13:00:00,PV_STATION_P_01,243.7,854.93,201.8,阴
2025-11-14 14:00:00,PV_STATION_P_01,230.23,786.27,197.5,阴
2025-11-14 15:00:00,PV_STATION_P_01,182.74,660.29,158.4,阴
2025-11-14 16:00:00,PV_STATION_P_01,158.19,486.18,130.6,阴
2025-11-14 17:00:00,PV_STATION_P_01,89.78,276.62,68.4,阴
2025-11-14 18:00:00,PV_STATION_P_01,19.06,46.9,11.4,阴
2025-11-14 19:00:00,PV_STATION_P_01,0.0,0.0,0.0,阴
2025-11-14 20:00:00,PV_STATION_P_01,0.0,0.0,0.0,阴
2025-11-14 21:00:00,PV_STATION_P_01,0.0,0.0,0.0,阴
2025-11-14 22:00:00,PV_STATION_P_01,0.0,0.0,0.0,阴
2025-11-14 23:00:00,PV_STATION_P_01,0.0,0.0,0.0,阴
2025-11-15 00:00:00,PV_STATION_P_01,0.0,0.0,0.0,多云
2025-11-15 01:00:00,PV_STATION_P_01,0.0,0.0,0.0,多云
2025-11-15 02:00:00,PV_STATION_P_01,0.0,0.0,0.0,多云
2025-11-15 03:00:00,PV_STATION_P_01,0.0,0.0,0.0,多云
2025-11-15 04:00:00,PV_STATION_P_01,0.0,0.0,0.0,多云
2025-11-15 05:00:00,PV_STATION_P_01,0.0,0.0,0.0,多云
2025-11-15 06:00:00,PV_STATION_P_01,0.0,0.0,0.0,多云
2025-11-15 07:00:00,PV_STATION_P_01,63.05,93.47,53.9,多云
2025-11-15 08:00:00,PV_STATION_P_01,208.52,319.99,163.1,多云
2025-11-15 09:00:00,PV_STATION_P_01,376.35,523.18,302.9,多云
2025-11-15 10:00:00,PV_STATION_P_01,492.25,688.23,412.5,多云
2025-11-15 11:00:00,PV_STATION_P_01,489.04,803.11,403.7,多云
2025-11-15 12:00:00,PV_STATION_P_01,564.5,859.45,473.1,多云
2025-11-15 13:00:00,PV_STATION_P_01,564.83,853.12,480.9,多云
2025-11-15 14:00:00,PV_STATION_P_01,536.14,784.61,450.4,多云
2025-11-15 15:00:00,PV_STATION_P_01,378.94,658.9,323.2,多云
2025-11-15 16:00:00,PV_STATION_P_01,331.87,485.15,271.3,多云
2025-11-15 17:00:00,PV_STATION_P_01,184.54,276.04,150.2,多云
2025-11-15 18:00:00,PV_STATION_P_01,28.56,46.8,25.4,多云
2025-11-15 19:00:00,PV_STATION_P_01,0.0,0.0,0.0,多云
2025-11-15 20:00:00,PV_STATION_P_01,0.0,0.0,0.0,多云
2025-11-15 21:00:00,PV_STATION_P_01,0.0,0.0,0.0,多云
2025-11-15 22:00:00,PV_STATION_P_01,0.0,0.0,0.0,多云
2025-11-15 23:00:00,PV_STATION_P_01,0.0,0.0,0.0,多云
2025-11-16 00:00:00,PV_STATION_P_01,0.0,0.0,0.0,晴
2025-11-16 01:00:00,PV_STATION_P_01,0.0,0.0,0.0,晴
2025-11-16 02:00:00,PV_STATION_P_01,0.0,0.0,0.0,晴
2025-11-16 03:00:00,PV_STATION_P_01,0.0,0.0,0.0,晴
2025-11-16 04:00:00,PV_STATION_P_01,0.0,0.0,0.0,晴
2025-11-16 05:00:00,PV_STATION_P_01,0.0,0.0,0.0,晴
2025-11-16 06:00:00,PV_STATION_P_01,0.0,0.0,0.0,晴
2025-11-16 07:00:00,PV_STATION_P_01,93.87,93.28,77.7,晴
2025-11-16 08:00:00,PV_STATION_P_01,318.94,319.33,260.0,晴
2025-11-16 09:00:00,PV_STATION_P_01,529.87,522.1,435.1,晴
2025-11-16 10:00:00,PV_STATION_P_01,667.41,686.82,572.3,晴
2025-11-16 11:00:00,PV_STATION_P_01,782.93,801.46,667.9,晴
2025-11-16 12:00:00,PV_STATION_P_01,820.05,857.68,714.7,晴
2025-11-16 13:00:00,PV_STATION_P_01,809.95,851.37,709.5,晴
2025-11-16 14:00:00,PV_STATION_P_01,741.38,783.0,652.5,晴
2025-11-16 15:00:00,PV_STATION_P_01,599.73,657.54,509.2,晴
2025-11-16 16:00:00,PV_STATION_P_01,472.0,484.15,403.5,晴
2025-11-16 17:00:00,PV_STATION_P_01,272.48,275.47,229.6,晴
2025-11-16 18:00:00,PV_STATION_P_01,45.89,46.71,37.8,晴
2025-11-16 19:00:00,PV_STATION_P_01,0.0,0.0,0.0,晴
2025-11-16 20:00:00,PV_STATION_P_01,0.0,0.0,0.0,晴
2025-11-16 21:00:00,PV_STATION_P_01,0.0,0.0,0.0,晴
2025-11-16 22:00:00,PV_STATION_P_01,0.0,0.0,0.0,晴
2025-11-16 23:00:00,PV_STATION_P_01,0.0,0.0,0.0,晴
2025-11-17 00:00:00,PV_STATION_P_01,0.0,0.0,0.0,多云
2025-11-17 01:00:00,PV_STATION_P_01,0.0,0.0,0.0,多云
2025-11-17 02:00:00,PV_STATION_P_01,0.0,0.0,0.0,多云
2025-11-17 03:00:00,PV_STATION_P_01,0.0,0.0,0.0,多云
2025-11-17 04:00:00,PV_STATION_P_01,0.0,0.0,0.0,多云
2025-11-17 05:00:00,PV_STATION_P_01,0.0,0.0,0.0,多云
2025-11-17 06:00:00,PV_STATION_P_01,0.0,0.0,0.0,多云
2025-11-17 07:00:00,PV_STATION_P_01,71.24,93.09,53.2,多云
2025-11-17 08:00:00,PV_STATION_P_01,226.26,318.69,179.2,多云
2025-11-17 09:00:00,PV_STATION_P_01,359.28,521.05,293.5,多云
2025-11-17 10:00:00,PV_STATION_P_01,443.72,685.43,365.4,多云
2025-11-17 11:00:00,PV_STATION_P_01,485.13,799.85,403.3,多云
2025-11-17 12:00:00,PV_STATION_P_01,531.84,855.95,451.2,多云
2025-11-17 13:00:00,PV_STATION_P_01,533.44,849.65,449.9,多云
2025-11-17 14:00:00,PV_STATION_P_01,513.21,781.42,436.1,多云
2025-11-17 15:00:00,PV_STATION_P_01,412.95,656.22,346.2,多云
2025-11-17 16:00:00,PV_STATION_P_01,296.47,483.18,246.3,多云
2025-11-17 17:00:00,PV_STATION_P_01,176.93,274.92,142.5,多云
2025-11-17 18:00:00,PV_STATION_P_01,41.77,46.61,26.1,多云
2025-11-17 19:00:00,PV_STATION_P_01,0.0,0.0,0.0,多云
2025-11-17 20:00:00,PV_STATION_P_01,0.0,0.0,0.0,多云
2025-11-17 21:00:00,PV_STATION_P_01,0.0,0.0,0.0,多云
2025-11-17 22:00:00,PV_STATION_P_01,0.0,0.0,0.0,多云
2025-11-17 23:00:00,PV_STATION_P_01,0.0,0.0,0.0,多云
2025-11-18 00:00:00,PV_STATION_P_01,0.0,0.0,0.0,多云
2025-11-18 01:00:00,PV_STATION_P_01,0.0,0.0,0.0,多云
2025-11-18 02:00:00,PV_STATION_P_01,0.0,0.0,0.0,多云
2025-11-18 03:00:00,PV_STATION_P_01,0.0,0.0,0.0,多云
2025-11-18 04:00:00,PV_STATION_P_01,0.0,0.0,0.0,多云
2025-11-18 05:00:00,PV_STATION_P_01,0.0,0.0,0.0,多云
2025-11-18 06:00:00,PV_STATION_P_01,0.0,0.0,0.0,多云
2025-11-18 07:00:00,PV_STATION_P_01,65.56,92.91,54.8,多云
2025-11-18 08:00:00,PV_STATION_P_01,209.03,318.06,176.5,多云
2025-11-18 09:00:00,PV_STATION_P_01,342.86,520.03,271.7,多云
2025-11-18 10:00:00,PV_STATION_P_01,479.47,684.09,405.1,多云
2025-11-18 11:00:00,PV_STATION_P_01,536.73,798.28,447.3,多云
2025-11-18 12:00:00,PV_STATION_P_01,555.76,854.27,475.0,多云
2025-11-18 13:00:00,PV_STATION_P_01,538.64,847.99,457.0,多云
2025-11-18 14:00:00,PV_STATION_P_01,549.72,779.89,453.2,多云
2025-11-18 15:00:00,PV_STATION_P_01,406.81,654.93,340.2,多云
2025-11-18 16:00:00,PV_STATION_P_01,316.27,482.23,249.3,多云
2025-11-18 17:00:00,PV_STATION_P_01,210.29,274.38,165.2,多云
2025-11-18 18:00:00,PV_STATION_P_01,30.32,46.52,24.5,多云
2025-11-18 19:00:00,PV_STATION_P_01,0.0,0.0,0.0,多云
2025-11-18 20:00:00,PV_STATION_P_01,0.0,0.0,0.0,多云
2025-11-18 21:00:00,PV_STATION_P_01,0.0,0.0,0.0,多云
2025-11-18 22:00:00,PV_STATION_P_01,0.0,0.0,0.0,多云
2025-11-18 23:00:00,PV_STATION_P_01,0.0,0.0,0.0,多云
2025-11-19 00:00:00,PV_STATION_P_01,0.0,0.0,0.0,阴
2025-11-19 01:00:00,PV_STATION_P_01,0.0,0.0,0.0,阴
2025-11-19 02:00:00,PV_STATION_P_01,0.0,0.0,0.0,阴
2025-11-19 03:00:00,PV_STATION_P_01,0.0,0.0,0.0,阴
2025-11-19 04:00:00,PV_STATION_P_01,0.0,0.0,0.0,阴
2025-11-19 05:00:00,PV_STATION_P_01,0.0,0.0,0.0,阴
2025-11-19 06:00:00,PV_STATION_P_01,0.0,0.0,0.0,阴
2025-11-19 07:00:00,PV_STATION_P_01,18.3,92.73,23.3,阴
2025-11-19 08:00:00,PV_STATION_P_01,87.22,317.45,74.6,阴
2025-11-19 09:00:00,PV_STATION_P_01,160.15,519.04,131.4,阴
2025-11-19 10:00:00,PV_STATION_P_01,213.44,682.78,175.1,阴
2025-11-19 11:00:00,PV_STATION_P_01,251.48,796.75,197.0,阴
2025-11-19 12:00:00,PV_STATION_P_01,247.98,852.63,190.2,阴
2025-11-19 13:00:00,PV_STATION_P_01,260.29,846.36,212.7,阴
2025-11-19 14:00:00,PV_STATION_P_01,262.16,778.39,212.3,阴
2025-11-19 15:00:00,PV_STATION_P_01,194.22,653.68,167.2,阴
2025-11-19 16:00:00,PV_STATION_P_01,145.55,481.31,120.4,阴
2025-11-19 17:00:00,PV_STATION_P_01,79.09,273.85,67.2,阴
2025-11-19 18:00:00,PV_STATION_P_01,10.51,46.43,11.9,阴
2025-11-19 19:00:00,PV_STATION_P_01,0.0,0.0,0.0,阴
2025-11-19 20:00:00,PV_STATION_P_01,0.0,0.0,0.0,阴
2025-11-19 21:00:00,PV_STATION_P_01,0.0,0.0,0.0,阴
2025-11-19 22:00:00,PV_STATION_P_01,0.0,0.0,0.0,阴
2025-11-19 23:00:00,PV_STATION_P_01,0.0,0.0,0.0,阴
2025-11-20 00:00:00,PV_STATION_P_01,0.0,0.0,0.0,阴
2025-11-20 01:00:00,PV_STATION_P_01,0.0,0.0,0.0,阴
2025-11-20 02:00:00,PV_STATION_P_01,0.0,0.0,0.0,阴
2025-11-20 03:00:00,PV_STATION_P_01,0.0,0.0,0.0,阴
2025-11-20 04:00:00,PV_STATION_P_01,0.0,0.0,0.0,阴
2025-11-20 05:00:00,PV_STATION_P_01,0.0,0.0,0.0,阴
2025-11-20 06:00:00,PV_STATION_P_01,0.0,0.0,0.0,阴
2025-11-20 07:00:00,PV_STATION_P_01,37.04,92.56,23.9,阴
2025-11-20 08:00:00,PV_STATION_P_01,110.4,316.86,85.5,阴
2025-11-20 09:00:00,PV_STATION_P_01,174.63,518.07,124.1,阴
2025-11-20 10:00:00,PV_STATION_P_01,216.97,681.51,166.7,阴
2025-11-20 11:00:00,PV_STATION_P_01,250.86,795.26,206.8,阴
2025-11-20 12:00:00,PV_STATION_P_01,261.92,851.05,221.6,阴
2025-11-20 13:00:00,PV_STATION_P_01,269.32,844.79,222.8,阴
2025-11-20 14:00:00,PV_STATION_P_01,248.49,776.94,204.1,阴
2025-11-20 15:00:00,PV_STATION_P_01,179.98,652.46,150.6,阴
2025-11-20 16:00:00,PV_STATION_P_01,137.21,480.41,117.2,阴
2025-11-20 17:00:00,PV_STATION_P_01,89.01,273.34,70.5,阴
2025-11-20 18:00:00,PV_STATION_P_01,20.59,46.35,11.5,阴
2025-11-20 19:00:00,PV_STATION_P_01,0.0,0.0,0.0,阴
2025-11-20 20:00:00,PV_STATION_P_01,0.0,0.0,0.0,阴
2025-11-20 21:00:00,PV_STATION_P_01,0.0,0.0,0.0,阴
2025-11-20 22:00:00,PV_STATION_P_01,0.0,0.0,0.0,阴
2025-11-20 23:00:00,PV_STATION_P_01,0.0,0.0,0.0,阴
2025-11-21 00:00:00,PV_STATION_P_01,0.0,0.0,0.0,多云
2025-11-21 01:00:00,PV_STATION_P_01,0.0,0.0,0.0,多云
2025-11-21 02:00:00,PV_STATION_P_01,0.0,0.0,0.0,多云
2025-11-21 03:00:00,PV_STATION_P_01,0.0,0.0,0.0,多云
2025-11-21 04:00:00,PV_STATION_P_01,0.0,0.0,0.0,多云
2025-11-21 05:00:00,PV_STATION_P_01,0.0,0.0,0.0,多云
2025-11-21 06:00:00,PV_STATION_P_01,0.0,0.0,0.0,多云
2025-11-21 07:00:00,PV_STATION_P_01,58.39,92.39,49.5,多云
2025-11-21 08:00:00,PV_STATION_P_01,227.4,316.29,175.7,多云
2025-11-21 09:00:00,PV_STATION_P_01,369.86,517.13,301.7,多云
2025-11-21 10:00:00,PV_STATION_P_01,435.53,680.27,362.2,多云
2025-11-21 11:00:00,PV_STATION_P_01,510.31,793.82,420.3,多云
2025-11-21 12:00:00,PV_STATION_P_01,598.82,849.5,497.6,多云
2025-11-21 13:00:00,PV_STATION_P_01,581.52,843.26,479.8,多云
2025-11-21 14:00:00,PV_STATION_P_01,538.48,775.53,449.4,多云
2025-11-21 15:00:00,PV_STATION_P_01,419.53,651.28,363.9,多云
2025-11-21 16:00:00,PV_STATION_P_01,318.14,479.54,260.4,多云
2025-11-21 17:00:00,PV_STATION_P_01,175.83,272.85,140.0,多云
2025-11-21 18:00:00,PV_STATION_P_01,43.7,46.26,25.6,多云
2025-11-21 19:00:00,PV_STATION_P_01,0.0,0.0,0.0,多云
2025-11-21 20:00:00,PV_STATION_P_01,0.0,0.0,0.0,多云
2025-11-21 21:00:00,PV_STATION_P_01,0.0,0.0,0.0,多云
2025-11-21 22:00:00,PV_STATION_P_01,0.0,0.0,0.0,多云
2025-11-21 23:00:00,PV_STATION_P_01,0.0,0.0,0.0,多云
2025-11-22 00:00:00,PV_STATION_P_01,0.0,0.0,0.0,雨
2025-11-22 01:00:00,PV_STATION_P_01,0.0,0.0,0.0,雨
2025-11-22 02:00:00,PV_STATION_P_01,0.0,0.0,0.0,雨
2025-11-22 03:00:00,PV_STATION_P_01,0.0,0.0,0.0,雨
2025-11-22 04:00:00,PV_STATION_P_01,0.0,0.0,0.0,雨
2025-11-22 05:00:00,PV_STATION_P_01,0.0,0.0,0.0,雨
2025-11-22 06:00:00,PV_STATION_P_01,0.0,0.0,0.0,雨
2025-11-22 07:00:00,PV_STATION_P_01,2.26,92.23,11.0,雨
2025-11-22 08:00:00,PV_STATION_P_01,55.15,315.73,36.6,雨
2025-11-22 09:00:00,PV_STATION_P_01,73.58,516.22,60.2,雨
2025-11-22 10:00:00,PV_STATION_P_01,101.5,679.07,80.5,雨
2025-11-22 11:00:00,PV_STATION_P_01,122.94,792.43,96.7,雨
2025-11-22 12:00:00,PV_STATION_P_01,127.59,848.01,98.4,雨
2025-11-22 13:00:00,PV_STATION_P_01,131.1,841.77,102.6,雨
2025-11-22 14:00:00,PV_STATION_P_01,122.57,774.17,95.0,雨
2025-11-22 15:00:00,PV_STATION_P_01,89.88,650.13,74.3,雨
2025-11-22 16:00:00,PV_STATION_P_01,81.1,478.7,61.1,雨
2025-11-22 17:00:00,PV_STATION_P_01,36.23,272.37,33.0,雨
2025-11-22 18:00:00,PV_STATION_P_01,3.79,46.18,5.3,雨
2025-11-22 19:00:00,PV_STATION_P_01,0.0,0.0,0.0,雨
2025-11-22 20:00:00,PV_STATION_P_01,0.0,0.0,0.0,雨
2025-11-22 21:00:00,PV_STATION_P_01,0.0,0.0,0.0,雨
2025-11-22 22:00:00,PV_STATION_P_01,0.0,0.0,0.0,雨
2025-11-22 23:00:00,PV_STATION_P_01,0.0,0.0,0.0,雨
2025-11-23 00:00:00,PV_STATION_P_01,0.0,0.0,0.0,晴
2025-11-23 01:00:00,PV_STATION_P_01,0.0,0.0,0.0,晴
2025-11-23 02:00:00,PV_STATION_P_01,0.0,0.0,0.0,晴
2025-11-23 03:00:00,PV_STATION_P_01,0.0,0.0,0.0,晴
2025-11-23 04:00:00,PV_STATION_P_01,0.0,0.0,0.0,晴
2025-11-23 05:00:00,PV_STATION_P_01,0.0,0.0,0.0,晴
2025-11-23 06:00:00,PV_STATION_P_01,0.0,0.0,0.0,晴
2025-11-23 07:00:00,PV_STATION_P_01,83.81,92.07,73.9,晴
2025-11-23 08:00:00,PV_STATION_P_01,342.58,315.19,262.7,晴
2025-11-23 09:00:00,PV_STATION_P_01,518.37,515.34,429.4,晴
2025-11-23 10:00:00,PV_STATION_P_01,613.89,677.91,506.1,晴
2025-11-23 11:00:00,PV_STATION_P_01,752.07,791.07,659.2,晴
2025-11-23 12:00:00,PV_STATION_P_01,770.35,846.56,653.7,晴
2025-11-23 13:00:00,PV_STATION_P_01,815.62,840.33,700.3,晴
2025-11-23 14:00:00,PV_STATION_P_01,739.46,772.85,639.0,晴
2025-11-23 15:00:00,PV_STATION_P_01,630.46,649.02,540.9,晴
2025-11-23 16:00:00,PV_STATION_P_01,466.37,477.88,387.5,晴
2025-11-23 17:00:00,PV_STATION_P_01,283.73,271.9,226.6,晴
2025-11-23 18:00:00,PV_STATION_P_01,38.6,46.1,38.4,晴
2025-11-23 19:00:00,PV_STATION_P_01,0.0,0.0,0.0,晴
2025-11-23 20:00:00,PV_STATION_P_01,0.0,0.0,0.0,晴
2025-11-23 21:00:00,PV_STATION_P_01,0.0,0.0,0.0,晴
2025-11-23 22:00:00,PV_STATION_P_01,0.0,0.0,0.0,晴
2025-11-23 23:00:00,PV_STATION_P_01,0.0,0.0,0.0,晴
2025-11-24 00:00:00,PV_STATION_P_01,0.0,0.0,0.0,多云
2025-11-24 01:00:00,PV_STATION_P_01,0.0,0.0,0.0,多云
2025-11-24 02:00:00,PV_STATION_P_01,0.0,0.0,0.0,多云
2025-11-24 03:00:00,PV_STATION_P_01,0.0,0.0,0.0,多云
2025-11-24 04:00:00,PV_STATION_P_01,0.0,0.0,0.0,多云
2025-11-24 05:00:00,PV_STATION_P_01,0.0,0.0,0.0,多云
2025-11-24 06:00:00,PV_STATION_P_01,0.0,0.0,0.0,多云
2025-11-24 07:00:00,PV_STATION_P_01,57.88,91.92,48.6,多云
2025-11-24 08:00:00,PV_STATION_P_01,207.16,314.67,176.8,多云
2025-11-24 09:00:00,PV_STATION_P_01,367.56,514.49,294.2,多云
2025-11-24 10:00:00,PV_STATION_P_01,447.08,676.79,363.2,多云
2025-11-24 11:00:00,PV_STATION_P_01,489.17,789.76,413.0,多云
2025-11-24 12:00:00,PV_STATION_P_01,551.88,845.16,454.5,多云
2025-11-24 13:00:00,PV_STATION_P_01,553.37,838.94,457.2,多云
2025-11-24 14:00:00,PV_STATION_P_01,528.77,771.57,448.7,多云
2025-11-24 15:00:00,PV_STATION_P_01,441.59,647.95,368.7,多云
2025-11-24 16:00:00,PV_STATION_P_01,312.45,477.09,262.4,多云
2025-11-24 17:00:00,PV_STATION_P_01,210.15,271.45,163.5,多云
2025-11-24 18:00:00,PV_STATION_P_01,24.88,46.03,25.3,多云
2025-11-24 19:00:00,PV_STATION_P_01,0.0,0.0,0.0,多云
2025-11-24 20:00:00,PV_STATION_P_01,0.0,0.0,0.0,多云
2025-11-24 21:00:00,PV_STATION_P_01,0.0,0.0,0.0,多云
2025-11-24 22:00:00,PV_STATION_P_01,0.0,0.0,0.0,多云
2025-11-24 23:00:00,PV_STATION_P_01,0.0,0.0,0.0,多云
2025-11-25 00:00:00,PV_STATION_P_01,0.0,0.0,0.0,多云
2025-11-25 01:00:00,PV_STATION_P_01,0.0,0.0,0.0,多云
2025-11-25 02:00:00,PV_STATION_P_01,0.0,0.0,0.0,多云
2025-11-25 03:00:00,PV_STATION_P_01,0.0,0.0,0.0,多云
2025-11-25 04:00:00,PV_STATION_P_01,0.0,0.0,0.0,多云
2025-11-25 05:00:00,PV_STATION_P_01,0.0,0.0,0.0,多云
2025-11-25 06:00:00,PV_STATION_P_01,0.0,0.0,0.0,多云
2025-11-25 07:00:00,PV_STATION_P_01,59.89,91.77,47.4,多云
2025-11-25 08:00:00,PV_STATION_P_01,204.71,314.17,169.1,多云
2025-11-25 09:00:00,PV_STATION_P_01,360.41,513.66,287.2,多云
2025-11-25 10:00:00,PV_STATION_P_01,450.12,675.71,370.9,多云
2025-11-25 11:00:00,PV_STATION_P_01,489.88,788.5,407.1,多云
2025-11-25 12:00:00,PV_STATION_P_01,575.22,843.81,481.7,多云
2025-11-25 13:00:00,PV_STATION_P_01,583.81,837.6,485.5,多云
2025-11-25 14:00:00,PV_STATION_P_01,497.04,770.34,417.6,多云
2025-11-25 15:00:00,PV_STATION_P_01,434.94,646.91,370.0,多云
2025-11-25 16:00:00,PV_STATION_P_01,360.97,476.33,288.6,多云
2025-11-25 17:00:00,PV_STATION_P_01,197.67,271.02,160.4,多云
2025-11-25 18:00:00,PV_STATION_P_01,27.63,45.95,25.0,多云
2025-11-25 19:00:00,PV_STATION_P_01,0.0,0.0,0.0,多云
2025-11-25 20:00:00,PV_STATION_P_01,0.0,0.0,0.0,多云
2025-11-25 21:00:00,PV_STATION_P_01,0.0,0.0,0.0,多云
2025-11-25 22:00:00,PV_STATION_P_01,0.0,0.0,0.0,多云
2025-11-25 23:00:00,PV_STATION_P_01,0.0,0.0,0.0,多云
2025-11-26 00:00:00,PV_STATION_P_01,0.0,0.0,0.0,晴
2025-11-26 01:00:00,PV_STATION_P_01,0.0,0.0,0.0,晴
2025-11-26 02:00:00,PV_STATION_P_01,0.0,0.0,0.0,晴
2025-11-26 03:00:00,PV_STATION_P_01,0.0,0.0,0.0,晴
2025-11-26 04:00:00,PV_STATION_P_01,0.0,0.0,0.0,晴
2025-11-26 05:00:00,PV_STATION_P_01,0.0,0.0,0.0,晴
2025-11-26 06:00:00,PV_STATION_P_01,0.0,0.0,0.0,晴
2025-11-26 07:00:00,PV_STATION_P_01,93.23,91.63,76.4,晴
2025-11-26 08:00:00,PV_STATION_P_01,325.57,313.68,251.0,晴
2025-11-26 09:00:00,PV_STATION_P_01,507.21,512.87,424.8,晴
2025-11-26 10:00:00,PV_STATION_P_01,667.3,674.67,552.9,晴
2025-11-26 11:00:00,PV_STATION_P_01,784.16,787.28,656.1,晴
2025-11-26 12:00:00,PV_STATION_P_01,804.74,842.51,691.5,晴
2025-11-26 13:00:00,PV_STATION_P_01,746.14,836.31,637.7,晴
2025-11-26 14:00:00,PV_STATION_P_01,740.49,769.15,626.6,晴
2025-11-26 15:00:00,PV_STATION_P_01,612.36,645.91,512.8,晴
2025-11-26 16:00:00,PV_STATION_P_01,448.65,475.59,370.7,晴
2025-11-26 17:00:00,PV_STATION_P_01,277.72,270.6,225.5,晴
2025-11-26 18:00:00,PV_STATION_P_01,46.75,45.88,38.2,晴
2025-11-26 19:00:00,PV_STATION_P_01,0.0,0.0,0.0,晴
2025-11-26 20:00:00,PV_STATION_P_01,0.0,0.0,0.0,晴
2025-11-26 21:00:00,PV_STATION_P_01,0.0,0.0,0.0,晴
2025-11-26 22:00:00,PV_STATION_P_01,0.0,0.0,0.0,晴
2025-11-26 23:00:00,PV_STATION_P_01,0.0,0.0,0.0,晴
2025-11-27 00:00:00,PV_STATION_P_01,0.0,0.0,0.0,晴
2025-11-27 01:00:00,PV_STATION_P_01,0.0,0.0,0.0,晴
2025-11-27 02:00:00,PV_STATION_P_01,0.0,0.0,0.0,晴
2025-11-27 03:00:00,PV_STATION_P_01,0.0,0.0,0.0,晴
2025-11-27 04:00:00,PV_STATION_P_01,0.0,0.0,0.0,晴
2025-11-27 05:00:00,PV_STATION_P_01,0.0,0.0,0.0,晴
2025-11-27 06:00:00,PV_STATION_P_01,0.0,0.0,0.0,晴
2025-11-27 07:00:00,PV_STATION_P_01,100.37,91.49,76.2,晴
2025-11-27 08:00:00,PV_STATION_P_01,294.47,313.22,245.6,晴
2025-11-27 09:00:00,PV_STATION_P_01,521.86,512.11,426.8,晴
2025-11-27 10:00:00,PV_STATION_P_01,653.07,673.66,561.4,晴
2025-11-27 11:00:00,PV_STATION_P_01,768.21,786.11,655.1,晴
2025-11-27 12:00:00,PV_STATION_P_01,797.66,841.25,671.1,晴
2025-11-27 13:00:00,PV_STATION_P_01,816.24,835.06,695.9,晴
2025-11-27 14:00:00,PV_STATION_P_01,731.78,768.0,640.0,晴
2025-11-27 15:00:00,PV_STATION_P_01,574.57,644.95,473.7,晴
2025-11-27 16:00:00,PV_STATION_P_01,488.81,474.88,395.7,晴
2025-11-27 17:00:00,PV_STATION_P_01,279.85,270.2,225.2,晴
2025-11-27 18:00:00,PV_STATION_P_01,54.06,45.81,35.5,晴
2025-11-27 19:00:00,PV_STATION_P_01,0.0,0.0,0.0,晴
2025-11-27 20:00:00,PV_STATION_P_01,0.0,0.0,0.0,晴
2025-11-27 21:00:00,PV_STATION_P_01,0.0,0.0,0.0,晴
2025-11-27 22:00:00,PV_STATION_P_01,0.0,0.0,0.0,晴
2025-11-27 23:00:00,PV_STATION_P_01,0.0,0.0,0.0,晴
2025-11-28 00:00:00,PV_STATION_P_01,0.0,0.0,0.0,多云
2025-11-28 01:00:00,PV_STATION_P_01,0.0,0.0,0.0,多云
2025-11-28 02:00:00,PV_STATION_P_01,0.0,0.0,0.0,多云
2025-11-28 03:00:00,PV_STATION_P_01,0.0,0.0,0.0,多云
2025-11-28 04:00:00,PV_STATION_P_01,0.0,0.0,0.0,多云
2025-11-28 05:00:00,PV_STATION_P_01,0.0,0.0,0.0,多云
2025-11-28 06:00:00,PV_STATION_P_01,0.0,0.0,0.0,多云
2025-11-28 07:00:00,PV_STATION_P_01,85.32,91.36,50.4,多云
2025-11-28 08:00:00,PV_STATION_P_01,226.15,312.77,178.2,多云
2025-11-28 09:00:00,PV_STATION_P_01,351.6,511.37,275.5,多云
2025-11-28 10:00:00,PV_STATION_P_01,450.23,672.7,370.8,多云
2025-11-28 11:00:00,PV_STATION_P_01,538.77,784.99,450.4,多云
2025-11-28 12:00:00,PV_STATION_P_01,551.17,840.05,463.3,多云
2025-11-28 13:00:00,PV_STATION_P_01,496.7,833.87,416.3,多云
2025-11-28 14:00:00,PV_STATION_P_01,508.47,766.9,422.9,多云
2025-11-28 15:00:00,PV_STATION_P_01,421.73,644.03,355.3,多云
2025-11-28 16:00:00,PV_STATION_P_01,324.38,474.2,272.6,多云
2025-11-28 17:00:00,PV_STATION_P_01,188.69,269.81,145.8,多云
2025-11-28 18:00:00,PV_STATION_P_01,35.86,45.75,23.9,多云
2025-11-28 19:00:00,PV_STATION_P_01,0.0,0.0,0.0,多云
2025-11-28 20:00:00,PV_STATION_P_01,0.0,0.0,0.0,多云
2025-11-28 21:00:00,PV_STATION_P_01,0.0,0.0,0.0,多云
2025-11-28 22:00:00,PV_STATION_P_01,0.0,0.0,0.0,多云
2025-11-28 23:00:00,PV_STATION_P_01,0.0,0.0,0.0,多云
2025-11-29 00:00:00,PV_STATION_P_01,0.0,0.0,0.0,晴
2025-11-29 01:00:00,PV_STATION_P_01,0.0,0.0,0.0,晴
2025-11-29 02:00:00,PV_STATION_P_01,0.0,0.0,0.0,晴
2025-11-29 03:00:00,PV_STATION_P_01,0.0,0.0,0.0,晴
2025-11-29 04:00:00,PV_STATION_P_01,0.0,0.0,0.0,晴
2025-11-29 05:00:00,PV_STATION_P_01,0.0,0.0,0.0,晴
2025-11-29 06:00:00,PV_STATION_P_01,0.0,0.0,0.0,晴
2025-11-29 07:00:00,PV_STATION_P_01,90.16,91.23,71.8,晴
2025-11-29 08:00:00,PV_STATION_P_01,305.46,312.34,246.1,晴
2025-11-29 09:00:00,PV_STATION_P_01,528.63,510.67,425.6,晴
2025-11-29 10:00:00,PV_STATION_P_01,664.7,671.77,559.8,晴
2025-11-29 11:00:00,PV_STATION_P_01,762.75,783.91,643.6,晴
2025-11-29 12:00:00,PV_STATION_P_01,815.01,838.89,699.1,晴
2025-11-29 13:00:00,PV_STATION_P_01,763.66,832.72,672.9,晴
2025-11-29 14:00:00,PV_STATION_P_01,753.24,765.85,638.2,晴
2025-11-29 15:00:00,PV_STATION_P_01,611.78,643.14,519.2,晴
2025-11-29 16:00:00,PV_STATION_P_01,,473.55,389.5,晴
2025-11-29 17:00:00,PV_STATION_P_01,292.5,269.44,224.5,晴
2025-11-29 18:00:00,PV_STATION_P_01,50.71,45.68,38.1,晴
2025-11-29 19:00:00,PV_STATION_P_01,0.0,0.0,0.0,晴
2025-11-29 20:00:00,PV_STATION_P_01,0.0,0.0,0.0,晴
2025-11-29 21:00:00,PV_STATION_P_01,0.0,0.0,0.0,晴
2025-11-29 22:00:00,PV_STATION_P_01,0.0,0.0,0.0,晴
2025-11-29 23:00:00,PV_STATION_P_01,0.0,0.0,0.0,晴
2025-11-30 00:00:00,PV_STATION_P_01,0.0,0.0,0.0,多云
2025-11-30 01:00:00,PV_STATION_P_01,0.0,0.0,0.0,多云
2025-11-30 02:00:00,PV_STATION_P_01,0.0,0.0,0.0,多云
2025-11-30 03:00:00,PV_STATION_P_01,0.0,0.0,0.0,多云
2025-11-30 04:00:00,PV_STATION_P_01,0.0,0.0,0.0,多云
2025-11-30 05:00:00,PV_STATION_P_01,0.0,0.0,0.0,多云
2025-11-30 06:00:00,PV_STATION_P_01,0.0,0.0,0.0,多云
2025-11-30 07:00:00,PV_STATION_P_01,68.32,91.11,53.3,多云
2025-11-30 08:00:00,PV_STATION_P_01,215.0,311.93,164.8,多云
2025-11-30 09:00:00,PV_STATION_P_01,330.88,510.0,267.6,多云
2025-11-30 10:00:00,PV_STATION_P_01,448.33,670.89,370.4,多云
2025-11-30 11:00:00,PV_STATION_P_01,521.94,782.87,439.5,多云
2025-11-30 12:00:00,PV_STATION_P_01,559.81,837.79,462.4,多云
2025-11-30 13:00:00,PV_STATION_P_01,557.34,831.63,465.3,多云
2025-11-30 14:00:00,PV_STATION_P_01,541.06,764.84,454.0,多云
2025-11-30 15:00:00,PV_STATION_P_01,421.46,642.29,349.4,多云
2025-11-30 16:00:00,PV_STATION_P_01,323.69,472.93,270.6,多云
2025-11-30 17:00:00,PV_STATION_P_01,192.11,269.08,151.8,多云
2025-11-30 18:00:00,PV_STATION_P_01,43.14,45.62,25.2,多云
2025-11-30 19:00:00,PV_STATION_P_01,0.0,0.0,0.0,多云
2025-11-30 20:00:00,PV_STATION_P_01,0.0,0.0,0.0,多云
2025-11-30 21:00:00,PV_STATION_P_01,0.0,0.0,0.0,多云
2025-11-30 22:00:00,PV_STATION_P_01,0.0,0.0,0.0,多云
2025-11-30 23:00:00,PV_STATION_P_01,0.0,0.0,0.0,多云
2025-12-01 00:00:00,PV_STATION_P_01,0.0,0.0,0.0,晴
2025-12-01 01:00:00,PV_STATION_P_01,0.0,0.0,0.0,晴
2025-12-01 02:00:00,PV_STATION_P_01,0.0,0.0,0.0,晴
2025-12-01 03:00:00,PV_STATION_P_01,0.0,0.0,0.0,晴
2025-12-01 04:00:00,PV_STATION_P_01,0.0,0.0,0.0,晴
2025-12-01 05:00:00,PV_STATION_P_01,0.0,0.0,0.0,晴
2025-12-01 06:00:00,PV_STATION_P_01,0.0,0.0,0.0,晴
2025-12-01 07:00:00,PV_STATION_P_01,97.08,91.0,75.8,晴
2025-12-01 08:00:00,PV_STATION_P_01,324.06,311.53,259.6,晴
2025-12-01 09:00:00,PV_STATION_P_01,520.03,509.36,423.0,晴
2025-12-01 10:00:00,PV_STATION_P_01,652.42,670.05,547.1,晴
2025-12-01 11:00:00,PV_STATION_P_01,758.07,781.89,638.7,晴
2025-12-01 12:00:00,PV_STATION_P_01,810.24,836.73,697.3,晴
2025-12-01 13:00:00,PV_STATION_P_01,742.11,830.58,634.2,晴
2025-12-01 14:00:00,PV_STATION_P_01,692.78,763.88,598.3,晴
2025-12-01 15:00:00,PV_STATION_P_01,631.5,641.49,534.6,晴
2025-12-01 16:00:00,PV_STATION_P_01,464.05,472.33,393.6,晴
2025-12-01 17:00:00,PV_STATION_P_01,247.35,268.75,213.6,晴
2025-12-01 18:00:00,PV_STATION_P_01,32.35,45.57,34.6,晴
2025-12-01 19:00:00,PV_STATION_P_01,0.0,0.0,0.0,晴
2025-12-01 20:00:00,PV_STATION_P_01,0.0,0.0,0.0,晴
2025-12-01 21:00:00,PV_STATION_P_01,0.0,0.0,0.0,晴
2025-12-01 22:00:00,PV_STATION_P_01,0.0,0.0,0.0,晴
2025-12-01 23:00:00,PV_STATION_P_01,0.0,0.0,0.0,晴
2025-12-02 00:00:00,PV_STATION_P_01,0.0,0.0,0.0,晴
2025-12-02 01:00:00,PV_STATION_P_01,0.0,0.0,0.0,晴
2025-12-02 02:00:00,PV_STATION_P_01,0.0,0.0,0.0,晴
2025-12-02 03:00:00,PV_STATION_P_01,0.0,0.0,0.0,晴
2025-12-02 04:00:00,PV_STATION_P_01,0.0,0.0,0.0,晴
2025-12-02 05:00:00,PV_STATION_P_01,0.0,0.0,0.0,晴
2025-12-02 06:00:00,PV_STATION_P_01,0.0,0.0,0.0,晴
2025-12-02 07:00:00,PV_STATION_P_01,104.22,90.89,75.7,晴
2025-12-02 08:00:00,PV_STATION_P_01,308.06,311.16,236.6,晴
2025-12-02 09:00:00,PV_STATION_P_01,509.08,508.74,424.0,晴
2025-12-02 10:00:00,PV_STATION_P_01,665.3,669.24,557.7,晴
2025-12-02 11:00:00,PV_STATION_P_01,757.74,780.95,650.8,晴
2025-12-02 12:00:00,PV_STATION_P_01,738.41,835.73,630.3,晴
2025-12-02 13:00:00,PV_STATION_P_01,699.45,829.58,582.1,晴
2025-12-02 14:00:00,PV_STATION_P_01,737.22,762.96,635.8,晴
2025-12-02 15:00:00,PV_STATION_P_01,627.01,640.72,517.9,晴
2025-12-02 16:00:00,PV_STATION_P_01,440.42,471.77,365.0,晴
2025-12-02 17:00:00,PV_STATION_P_01,286.01,268.42,223.7,晴
2025-12-02 18:00:00,PV_STATION_P_01,29.7,45.51,37.1,晴
2025-12-02 19:00:00,PV_STATION_P_01,0.0,0.0,0.0,晴
2025-12-02 20:00:00,PV_STATION_P_01,0.0,0.0,0.0,晴
2025-12-02 21:00:00,PV_STATION_P_01,0.0,0.0,0.0,晴
2025-12-02 22:00:00,PV_STATION_P_01,0.0,0.0,0.0,晴
2025-12-02 23:00:00,PV_STATION_P_01,0.0,0.0,0.0,晴
2025-12-03 00:00:00,PV_STATION_P_01,0.0,0.0,0.0,多云
2025-12-03 01:00:00,PV_STATION_P_01,0.0,0.0,0.0,多云
2025-12-03 02:00:00,PV_STATION_P_01,0.0,0.0,0.0,多云
2025-12-03 03:00:00,PV_STATION_P_01,0.0,0.0,0.0,多云
2025-12-03 04:00:00,PV_STATION_P_01,0.0,0.0,0.0,多云
2025-12-03 05:00:00,PV_STATION_P_01,0.0,0.0,0.0,多云
2025-12-03 06:00:00,PV_STATION_P_01,0.0,0.0,0.0,多云
2025-12-03 07:00:00,PV_STATION_P_01,63.41,90.79,49.2,多云
2025-12-03 08:00:00,PV_STATION_P_01,227.07,310.8,178.8,多云
2025-12-03 09:00:00,PV_STATION_P_01,369.64,508.16,300.8,多云
2025-12-03 10:00:00,PV_STATION_P_01,467.47,668.48,392.0,多云
2025-12-03 11:00:00,PV_STATION_P_01,489.93,780.06,395.6,多云
2025-12-03 12:00:00,PV_STATION_P_01,534.11,834.78,437.6,多云
2025-12-03 13:00:00,PV_STATION_P_01,566.03,828.64,470.7,多云
2025-12-03 14:00:00,PV_STATION_P_01,547.2,762.09,446.4,多云
2025-12-03 15:00:00,PV_STATION_P_01,402.03,639.99,335.0,多云
2025-12-03 16:00:00,PV_STATION_P_01,324.17,471.23,261.6,多云
2025-12-03 17:00:00,PV_STATION_P_01,184.7,268.12,139.1,多云
2025-12-03 18:00:00,PV_STATION_P_01,30.24,45.46,25.3,多云
2025-12-03 19:00:00,PV_STATION_P_01,0.0,0.0,0.0,多云
2025-12-03 20:00:00,PV_STATION_P_01,0.0,0.0,0.0,多云
2025-12-03 21:00:00,PV_STATION_P_01,0.0,0.0,0.0,多云
2025-12-03 22:00:00,PV_STATION_P_01,0.0,0.0,0.0,多云
2025-12-03 23:00:00,PV_STATION_P_01,0.0,0.0,0.0,多云
2025-12-04 00:00:00,PV_STATION_P_01,0.0,0.0,0.0,晴
2025-12-04 01:00:00,PV_STATION_P_01,0.0,0.0,0.0,晴
2025-12-04 02:00:00,PV_STATION_P_01,0.0,0.0,0.0,晴
2025-12-04 03:00:00,PV_STATION_P_01,0.0,0.0,0.0,晴
2025-12-04 04:00:00,PV_STATION_P_01,0.0,0.0,0.0,晴
2025-12-04 05:00:00,PV_STATION_P_01,0.0,0.0,0.0,晴
2025-12-04 06:00:00,PV_STATION_P_01,0.0,0.0,0.0,晴
2025-12-04 07:00:00,PV_STATION_P_01,90.91,90.69,68.5,晴
2025-12-04 08:00:00,PV_STATION_P_01,305.18,310.47,238.4,晴
2025-12-04 09:00:00,PV_STATION_P_01,490.03,507.62,404.9,晴
2025-12-04 10:00:00,PV_STATION_P_01,641.92,667.76,541.3,晴
2025-12-04 11:00:00,PV_STATION_P_01,774.91,779.22,649.3,晴
2025-12-04 12:00:00,PV_STATION_P_01,755.95,833.88,658.9,晴
2025-12-04 13:00:00,PV_STATION_P_01,789.28,827.74,689.8,晴
2025-12-04 14:00:00,PV_STATION_P_01,727.4,761.27,634.4,晴
2025-12-04 15:00:00,PV_STATION_P_01,640.1,639.3,532.7,晴
2025-12-04 16:00:00,PV_STATION_P_01,468.95,470.72,390.9,晴
2025-12-04 17:00:00,PV_STATION_P_01,277.33,267.83,223.2,晴
2025-12-04 18:00:00,PV_STATION_P_01,46.91,45.41,35.1,晴
2025-12-04 19:00:00,PV_STATION_P_01,0.0,0.0,0.0,晴
2025-12-04 20:00:00,PV_STATION_P_01,0.0,0.0,0.0,晴
2025-12-04 21:00:00,PV_STATION_P_01,0.0,0.0,0.0,晴
2025-12-04 22:00:00,PV_STATION_P_01,0.0,0.0,0.0,晴
2025-12-04 23:00:00,PV_STATION_P_01,0.0,0.0,0.0,晴
2025-12-05 00:00:00,PV_STATION_P_01,0.0,0.0,0.0,晴
2025-12-05 01:00:00,PV_STATION_P_01,0.0,0.0,0.0,晴
2025-12-05 02:00:00,PV_STATION_P_01,0.0,0.0,0.0,晴
2025-12-05 03:00:00,PV_STATION_P_01,0.0,0.0,0.0,晴
2025-12-05 04:00:00,PV_STATION_P_01,0.0,0.0,0.0,晴
2025-12-05 05:00:00,PV_STATION_P_01,0.0,0.0,0.0,晴
2025-12-05 06:00:00,PV_STATION_P_01,0.0,0.0,0.0,晴
2025-12-05 07:00:00,PV_STATION_P_01,94.0,90.6,75.5,晴
2025-12-05 08:00:00,PV_STATION_P_01,324.78,310.15,258.5,晴
2025-12-05 09:00:00,PV_STATION_P_01,502.85,507.1,415.6,晴
2025-12-05 10:00:00,PV_STATION_P_01,646.76,667.08,530.9,晴
2025-12-05 11:00:00,PV_STATION_P_01,783.24,778.43,648.7,晴
2025-12-05 12:00:00,PV_STATION_P_01,819.06,833.03,694.2,晴
2025-12-05 13:00:00,PV_STATION_P_01,807.3,826.9,689.1,晴
2025-12-05 14:00:00,PV_STATION_P_01,737.84,760.49,633.7,晴
2025-12-05 15:00:00,PV_STATION_P_01,605.88,638.65,511.4,晴
2025-12-05 16:00:00,PV_STATION_P_01,463.64,470.24,391.9,晴
2025-12-05 17:00:00,PV_STATION_P_01,273.92,267.56,215.9,晴
2025-12-05 18:00:00,PV_STATION_P_01,35.06,45.37,35.4,晴
2025-12-05 19:00:00,PV_STATION_P_01,0.0,0.0,0.0,晴
2025-12-05 20:00:00,PV_STATION_P_01,0.0,0.0,0.0,晴
2025-12-05 21:00:00,PV_STATION_P_01,0.0,0.0,0.0,晴
2025-12-05 22:00:00,PV_STATION_P_01,0.0,0.0,0.0,晴
2025-12-05 23:00:00,PV_STATION_P_01,0.0,0.0,0.0,晴
2025-12-06 00:00:00,PV_STATION_P_01,0.0,0.0,0.0,晴
2025-12-06 01:00:00,PV_STATION_P_01,0.0,0.0,0.0,晴
2025-12-06 02:00:00,PV_STATION_P_01,0.0,0.0,0.0,晴
2025-12-06 03:00:00,PV_STATION_P_01,0.0,0.0,0.0,晴
2025-12-06 04:00:00,PV_STATION_P_01,0.0,0.0,0.0,晴
2025-12-06 05:00:00,PV_STATION_P_01,0.0,0.0,0.0,晴
2025-12-06 06:00:00,PV_STATION_P_01,0.0,0.0,0.0,晴
2025-12-06 07:00:00,PV_STATION_P_01,90.15,90.51,73.0,晴
2025-12-06 08:00:00,PV_STATION_P_01,315.51,309.86,258.2,晴
2025-12-06 09:00:00,PV_STATION_P_01,513.61,506.61,422.2,晴
2025-12-06 10:00:00,PV_STATION_P_01,660.52,666.44,555.4,晴
2025-12-06 11:00:00,PV_STATION_P_01,743.61,777.68,624.6,晴
2025-12-06 12:00:00,PV_STATION_P_01,804.37,832.23,693.5,晴
2025-12-06 13:00:00,PV_STATION_P_01,802.29,826.11,688.1,晴
2025-12-06 14:00:00,PV_STATION_P_01,739.28,759.76,633.1,晴
2025-12-06 15:00:00,PV_STATION_P_01,613.22,638.03,517.3,晴
2025-12-06 16:00:00,PV_STATION_P_01,461.74,469.79,391.5,晴
2025-12-06 17:00:00,PV_STATION_P_01,282.9,267.3,222.7,晴
2025-12-06 18:00:00,PV_STATION_P_01,55.05,45.32,37.5,晴
2025-12-06 19:00:00,PV_STATION_P_01,0.0,0.0,0.0,晴
2025-12-06 20:00:00,PV_STATION_P_01,0.0,0.0,0.0,晴
2025-12-06 21:00:00,PV_STATION_P_01,0.0,0.0,0.0,晴
2025-12-06 22:00:00,PV_STATION_P_01,0.0,0.0,0.0,晴
2025-12-06 23:00:00,PV_STATION_P_01,0.0,0.0,0.0,晴
2025-12-07 00:00:00,PV_STATION_P_01,0.0,0.0,0.0,晴
2025-12-07 01:00:00,PV_STATION_P_01,0.0,0.0,0.0,晴
2025-12-07 02:00:00,PV_STATION_P_01,0.0,0.0,0.0,晴
2025-12-07 03:00:00,PV_STATION_P_01,0.0,0.0,0.0,晴
2025-12-07 04:00:00,PV_STATION_P_01,0.0,0.0,0.0,晴
2025-12-07 05:00:00,PV_STATION_P_01,0.0,0.0,0.0,晴
2025-12-07 06:00:00,PV_STATION_P_01,0.0,0.0,0.0,晴
2025-12-07 07:00:00,PV_STATION_P_01,98.1,90.43,75.4,晴
2025-12-07 08:00:00,PV_STATION_P_01,288.29,309.58,243.4,晴
2025-12-07 09:00:00,PV_STATION_P_01,517.66,506.16,421.8,晴
2025-12-07 10:00:00,PV_STATION_P_01,651.14,665.84,529.1,晴
2025-12-07 11:00:00,PV_STATION_P_01,783.66,776.98,647.5,晴
2025-12-07 12:00:00,PV_STATION_P_01,811.61,831.48,692.9,晴
2025-12-07 13:00:00,PV_STATION_P_01,777.28,825.37,674.9,晴
2025-12-07 14:00:00,PV_STATION_P_01,734.19,759.08,632.6,晴
2025-12-07 15:00:00,PV_STATION_P_01,612.31,637.46,522.1,晴
2025-12-07 16:00:00,PV_STATION_P_01,467.49,469.37,390.1,晴
2025-12-07 17:00:00,PV_STATION_P_01,260.18,267.06,222.5,晴
2025-12-07 18:00:00,PV_STATION_P_01,45.4,45.28,36.9,晴
2025-12-07 19:00:00,PV_STATION_P_01,0.0,0.0,0.0,晴
2025-12-07 20:00:00,PV_STATION_P_01,0.0,0.0,0.0,晴
2025-12-07 21:00:00,PV_STATION_P_01,0.0,0.0,0.0,晴
2025-12-07 22:00:00,PV_STATION_P_01,0.0,0.0,0.0,晴
2025-12-07 23:00:00,PV_STATION_P_01,0.0,0.0,0.0,晴
2025-12-08 00:00:00,PV_STATION_P_01,0.0,0.0,0.0,晴
2025-12-08 01:00:00,PV_STATION_P_01,0.0,0.0,0.0,晴
2025-12-08 02:00:00,PV_STATION_P_01,0.0,0.0,0.0,晴
2025-12-08 03:00:00,PV_STATION_P_01,0.0,0.0,0.0,晴
2025-12-08 04:00:00,PV_STATION_P_01,0.0,0.0,0.0,晴
2025-12-08 05:00:00,PV_STATION_P_01,0.0,0.0,0.0,晴
2025-12-08 06:00:00,PV_STATION_P_01,0.0,0.0,0.0,晴
2025-12-08 07:00:00,PV_STATION_P_01,95.04,90.35,71.5,晴
2025-12-08 08:00:00,PV_STATION_P_01,318.34,309.32,257.8,晴
2025-12-08 09:00:00,PV_STATION_P_01,472.87,505.74,388.7,晴
2025-12-08 10:00:00,PV_STATION_P_01,663.86,665.29,554.4,晴
2025-12-08 11:00:00,PV_STATION_P_01,773.46,776.34,646.9,晴
2025-12-08 12:00:00,PV_STATION_P_01,822.71,830.79,692.3,晴
2025-12-08 13:00:00,PV_STATION_P_01,728.23,824.68,606.7,晴
2025-12-08 14:00:00,PV_STATION_P_01,681.0,758.45,568.1,晴
2025-12-08 15:00:00,PV_STATION_P_01,619.86,636.93,530.8,晴
2025-12-08 16:00:00,PV_STATION_P_01,448.98,468.98,372.8,晴
2025-12-08 17:00:00,PV_STATION_P_01,265.74,266.84,215.2,晴
2025-12-08 18:00:00,PV_STATION_P_01,51.9,45.24,36.9,晴
2025-12-08 19:00:00,PV_STATION_P_01,0.0,0.0,0.0,晴
2025-12-08 20:00:00,PV_STATION_P_01,0.0,0.0,0.0,晴
2025-12-08 21:00:00,PV_STATION_P_01,0.0,0.0,0.0,晴
2025-12-08 22:00:00,PV_STATION_P_01,0.0,0.0,0.0,晴
2025-12-08 23:00:00,PV_STATION_P_01,0.0,0.0,0.0,晴
2025-12-09 00:00:00,PV_STATION_P_01,0.0,0.0,0.0,晴
2025-12-09 01:00:00,PV_STATION_P_01,0.0,0.0,0.0,晴
2025-12-09 02:00:00,PV_STATION_P_01,0.0,0.0,0.0,晴
2025-12-09 03:00:00,PV_STATION_P_01,0.0,0.0,0.0,晴
2025-12-09 04:00:00,PV_STATION_P_01,0.0,0.0,0.0,晴
2025-12-09 05:00:00,PV_STATION_P_01,0.0,0.0,0.0,晴
2025-12-09 06:00:00,PV_STATION_P_01,0.0,0.0,0.0,晴
2025-12-09 07:00:00,PV_STATION_P_01,86.49,90.28,74.4,晴
2025-12-09 08:00:00,PV_STATION_P_01,321.9,309.08,257.6,晴
2025-12-09 09:00:00,PV_STATION_P_01,502.24,505.35,421.1,晴
2025-12-09 10:00:00,PV_STATION_P_01,666.26,664.77,554.0,晴
2025-12-09 11:00:00,PV_STATION_P_01,696.13,775.74,600.7,晴
2025-12-09 12:00:00,PV_STATION_P_01,798.12,830.15,691.8,晴
2025-12-09 13:00:00,PV_STATION_P_01,784.66,824.04,669.2,晴
2025-12-09 14:00:00,PV_STATION_P_01,708.68,757.87,604.3,晴
2025-12-09 15:00:00,PV_STATION_P_01,612.84,636.44,513.8,晴
2025-12-09 16:00:00,PV_STATION_P_01,474.16,468.62,389.4,晴
2025-12-09 17:00:00,PV_STATION_P_01,274.39,266.63,222.2,晴
2025-12-09 18:00:00,PV_STATION_P_01,43.0,45.21,37.7,晴
2025-12-09 19:00:00,PV_STATION_P_01,0.0,0.0,0.0,晴
2025-12-09 20:00:00,PV_STATION_P_01,0.0,0.0,0.0,晴
2025-12-09 21:00:00,PV_STATION_P_01,0.0,0.0,0.0,晴
2025-12-09 22:00:00,PV_STATION_P_01,0.0,0.0,0.0,晴
2025-12-09 23:00:00,PV_STATION_P_01,0.0,0.0,0.0,晴
2025-12-10 00:00:00,PV_STATION_P_01,0.0,0.0,0.0,多云
2025-12-10 01:00:00,PV_STATION_P_01,0.0,0.0,0.0,多云
2025-12-10 02:00:00,PV_STATION_P_01,0.0,0.0,0.0,多云
2025-12-10 03:00:00,PV_STATION_P_01,0.0,0.0,0.0,多云
2025-12-10 04:00:00,PV_STATION_P_01,0.0,0.0,0.0,多云
2025-12-10 05:00:00,PV_STATION_P_01,0.0,0.0,0.0,多云
2025-12-10 06:00:00,PV_STATION_P_01,0.0,0.0,0.0,多云
2025-12-10 07:00:00,PV_STATION_P_01,59.44,90.22,44.7,多云
2025-12-10 08:00:00,PV_STATION_P_01,238.9,308.86,178.7,多云
2025-12-10 09:00:00,PV_STATION_P_01,308.28,504.99,257.8,多云
2025-12-10 10:00:00,PV_STATION_P_01,465.52,664.3,377.4,多云
2025-12-10 11:00:00,PV_STATION_P_01,503.28,775.19,416.2,多云
2025-12-10 12:00:00,PV_STATION_P_01,560.4,829.56,463.6,多云
2025-12-10 13:00:00,PV_STATION_P_01,606.71,823.46,500.1,多云
2025-12-10 14:00:00,PV_STATION_P_01,490.3,757.33,399.1,多云
2025-12-10 15:00:00,PV_STATION_P_01,401.06,635.99,332.3,多云
2025-12-10 16:00:00,PV_STATION_P_01,304.65,468.28,258.6,多云
2025-12-10 17:00:00,PV_STATION_P_01,212.97,266.44,157.7,多云
2025-12-10 18:00:00,PV_STATION_P_01,31.69,45.18,25.1,多云
2025-12-10 19:00:00,PV_STATION_P_01,0.0,0.0,0.0,多云
2025-12-10 20:00:00,PV_STATION_P_01,0.0,0.0,0.0,多云
2025-12-10 21:00:00,PV_STATION_P_01,0.0,0.0,0.0,多云
2025-12-10 22:00:00,PV_STATION_P_01,0.0,0.0,0.0,多云
2025-12-10 23:00:00,PV_STATION_P_01,0.0,0.0,0.0,多云
2025-12-11 00:00:00,PV_STATION_P_01,0.0,0.0,0.0,阴
2025-12-11 01:00:00,PV_STATION_P_01,0.0,0.0,0.0,阴
2025-12-11 02:00:00,PV_STATION_P_01,0.0,0.0,0.0,阴
2025-12-11 03:00:00,PV_STATION_P_01,0.0,0.0,0.0,阴
2025-12-11 04:00:00,PV_STATION_P_01,0.0,0.0,0.0,阴
2025-12-11 05:00:00,PV_STATION_P_01,0.0,0.0,0.0,阴
2025-12-11 06:00:00,PV_STATION_P_01,0.0,0.0,0.0,阴
2025-12-11 07:00:00,PV_STATION_P_01,33.35,90.16,22.0,阴
2025-12-11 08:00:00,PV_STATION_P_01,110.08,308.66,78.5,阴
2025-12-11 09:00:00,PV_STATION_P_01,172.14,504.66,132.7,阴
2025-12-11 10:00:00,PV_STATION_P_01,212.98,663.87,167.9,阴
2025-12-11 11:00:00,PV_STATION_P_01,279.47,774.69,217.5,阴
2025-12-11 12:00:00,PV_STATION_P_01,251.0,829.03,200.2,阴
2025-12-11 13:00:00,PV_STATION_P_01,257.3,822.93,213.3,阴
2025-12-11 14:00:00,PV_STATION_P_01,217.14,756.84,178.7,阴
2025-12-11 15:00:00,PV_STATION_P_01,215.16,635.58,171.7,阴
2025-12-11 16:00:00,PV_STATION_P_01,157.82,467.98,124.9,阴
2025-12-11 17:00:00,PV_STATION_P_01,95.12,266.27,68.9,阴
2025-12-11 18:00:00,PV_STATION_P_01,15.56,45.15,10.3,阴
2025-12-11 19:00:00,PV_STATION_P_01,0.0,0.0,0.0,阴
2025-12-11 20:00:00,PV_STATION_P_01,0.0,0.0,0.0,阴
2025-12-11 21:00:00,PV_STATION_P_01,0.0,0.0,0.0,阴
2025-12-11 22:00:00,PV_STATION_P_01,0.0,0.0,0.0,阴
2025-12-11 23:00:00,PV_STATION_P_01,0.0,0.0,0.0,阴
2025-12-12 00:00:00,PV_STATION_P_01,0.0,0.0,0.0,多云
2025-12-12 01:00:00,PV_STATION_P_01,0.0,0.0,0.0,多云
2025-12-12 02:00:00,PV_STATION_P_01,0.0,0.0,0.0,多云
2025-12-12 03:00:00,PV_STATION_P_01,0.0,0.0,0.0,多云
2025-12-12 04:00:00,PV_STATION_P_01,0.0,0.0,0.0,多云
2025-12-12 05:00:00,PV_STATION_P_01,0.0,0.0,0.0,多云
2025-12-12 06:00:00,PV_STATION_P_01,0.0,0.0,0.0,多云
2025-12-12 07:00:00,PV_STATION_P_01,62.8,90.11,50.2,多云
2025-12-12 08:00:00,PV_STATION_P_01,197.57,308.48,154.3,多云
2025-12-12 09:00:00,PV_STATION_P_01,312.58,504.37,255.8,多云
2025-12-12 10:00:00,PV_STATION_P_01,452.08,663.49,366.2,多云
2025-12-12 11:00:00,PV_STATION_P_01,539.7,774.24,447.7,多云
2025-12-12 12:00:00,PV_STATION_P_01,555.63,828.54,458.8,多云
2025-12-12 13:00:00,PV_STATION_P_01,563.96,822.45,463.9,多云
2025-12-12 14:00:00,PV_STATION_P_01,486.2,756.4,414.8,多云
2025-12-12 15:00:00,PV_STATION_P_01,450.78,635.21,366.2,多云
2025-12-12 16:00:00,PV_STATION_P_01,333.98,467.71,265.2,多云
2025-12-12 17:00:00,PV_STATION_P_01,170.56,266.12,138.9,多云
2025-12-12 18:00:00,PV_STATION_P_01,32.85,45.12,25.4,多云
2025-12-12 19:00:00,PV_STATION_P_01,0.0,0.0,0.0,多云
2025-12-12 20:00:00,PV_STATION_P_01,0.0,0.0,0.0,多云
2025-12-12 21:00:00,PV_STATION_P_01,0.0,0.0,0.0,多云
2025-12-12 22:00:00,PV_STATION_P_01,0.0,0.0,0.0,多云
2025-12-12 23:00:00,PV_STATION_P_01,0.0,0.0,0.0,多云
2025-12-13 00:00:00,PV_STATION_P_01,0.0,0.0,0.0,阴
2025-12-13 01:00:00,PV_STATION_P_01,0.0,0.0,0.0,阴
2025-12-13 02:00:00,PV_STATION_P_01,0.0,0.0,0.0,阴
2025-12-13 03:00:00,PV_STATION_P_01,0.0,0.0,0.0,阴
2025-12-13 04:00:00,PV_STATION_P_01,0.0,0.0,0.0,阴
2025-12-13 05:00:00,PV_STATION_P_01,0.0,0.0,0.0,阴
2025-12-13 06:00:00,PV_STATION_P_01,0.0,0.0,0.0,阴
2025-12-13 07:00:00,PV_STATION_P_01,26.83,90.06,21.9,阴
2025-12-13 08:00:00,PV_STATION_P_01,91.91,308.32,75.3,阴
2025-12-13 09:00:00,PV_STATION_P_01,178.03,504.11,128.9,阴
2025-12-13 10:00:00,PV_STATION_P_01,200.38,663.14,164.1,阴
2025-12-13 11:00:00,PV_STATION_P_01,221.02,773.84,176.5,阴
2025-12-13 12:00:00,PV_STATION_P_01,279.45,828.12,218.7,阴
2025-12-13 13:00:00,PV_STATION_P_01,267.51,822.03,213.9,阴
2025-12-13 14:00:00,PV_STATION_P_01,244.59,756.01,199.8,阴
2025-12-13 15:00:00,PV_STATION_P_01,207.92,634.88,169.4,阴
2025-12-13 16:00:00,PV_STATION_P_01,137.56,467.47,118.0,阴
2025-12-13 17:00:00,PV_STATION_P_01,84.95,265.98,67.4,阴
2025-12-13 18:00:00,PV_STATION_P_01,15.85,45.1,11.8,阴
2025-12-13 19:00:00,PV_STATION_P_01,0.0,0.0,0.0,阴
2025-12-13 20:00:00,PV_STATION_P_01,0.0,0.0,0.0,阴
2025-12-13 21:00:00,PV_STATION_P_01,0.0,0.0,0.0,阴
2025-12-13 22:00:00,PV_STATION_P_01,0.0,0.0,0.0,阴
2025-12-13 23:00:00,PV_STATION_P_01,0.0,0.0,0.0,阴
2025-12-14 00:00:00,PV_STATION_P_01,0.0,0.0,0.0,晴
2025-12-14 01:00:00,PV_STATION_P_01,0.0,0.0,0.0,晴
2025-12-14 02:00:00,PV_STATION_P_01,0.0,0.0,0.0,晴
2025-12-14 03:00:00,PV_STATION_P_01,0.0,0.0,0.0,晴
2025-12-14 04:00:00,PV_STATION_P_01,0.0,0.0,0.0,晴
2025-12-14 05:00:00,PV_STATION_P_01,0.0,0.0,0.0,晴
2025-12-14 06:00:00,PV_STATION_P_01,0.0,0.0,0.0,晴
2025-12-14 07:00:00,PV_STATION_P_01,82.06,90.02,75.0,晴
2025-12-14 08:00:00,PV_STATION_P_01,311.12,308.18,256.8,晴
2025-12-14 09:00:00,PV_STATION_P_01,526.57,503.88,410.0,晴
2025-12-14 10:00:00,PV_STATION_P_01,670.8,662.84,552.4,晴
2025-12-14 11:00:00,PV_STATION_P_01,766.0,773.49,644.6,晴
2025-12-14 12:00:00,PV_STATION_P_01,830.49,827.74,689.8,晴
2025-12-14 13:00:00,PV_STATION_P_01,802.16,821.65,684.7,晴
2025-12-14 14:00:00,PV_STATION_P_01,739.89,755.67,629.7,晴
2025-12-14 15:00:00,PV_STATION_P_01,585.39,634.59,501.7,晴
2025-12-14 16:00:00,PV_STATION_P_01,455.44,467.26,381.2,晴
2025-12-14 17:00:00,PV_STATION_P_01,266.4,265.86,217.8,晴
2025-12-14 18:00:00,PV_STATION_P_01,44.94,45.08,37.6,晴
2025-12-14 19:00:00,PV_STATION_P_01,0.0,0.0,0.0,晴
2025-12-14 20:00:00,PV_STATION_P_01,0.0,0.0,0.0,晴
2025-12-14 21:00:00,PV_STATION_P_01,0.0,0.0,0.0,晴
2025-12-14 22:00:00,PV_STATION_P_01,0.0,0.0,0.0,晴
2025-12-14 23:00:00,PV_STATION_P_01,0.0,0.0,0.0,晴
2025-12-15 00:00:00,PV_STATION_P_01,0.0,0.0,0.0,晴
2025-12-15 01:00:00,PV_STATION_P_01,0.0,0.0,0.0,晴
2025-12-15 02:00:00,PV_STATION_P_01,0.0,0.0,0.0,晴
2025-12-15 03:00:00,PV_STATION_P_01,0.0,0.0,0.0,晴
2025-12-15 04:00:00,PV_STATION_P_01,0.0,0.0,0.0,晴
2025-12-15 05:00:00,PV_STATION_P_01,0.0,0.0,0.0,晴
2025-12-15 06:00:00,PV_STATION_P_01,0.0,0.0,0.0,晴
2025-12-15 07:00:00,PV_STATION_P_01,99.23,89.99,75.0,晴
2025-12-15 08:00:00,PV_STATION_P_01,319.49,308.07,256.7,晴
2025-12-15 09:00:00,PV_STATION_P_01,513.2,503.68,419.7,晴
2025-12-15 10:00:00,PV_STATION_P_01,667.91,662.59,552.2,晴
2025-12-15 11:00:00,PV_STATION_P_01,765.65,773.18,644.3,晴
2025-12-15 12:00:00,PV_STATION_P_01,807.65,827.42,689.5,晴
2025-12-15 13:00:00,PV_STATION_P_01,802.62,821.33,672.4,晴
2025-12-15 14:00:00,PV_STATION_P_01,741.31,755.37,629.5,晴
2025-12-15 15:00:00,PV_STATION_P_01,621.71,634.35,528.6,晴
2025-12-15 16:00:00,PV_STATION_P_01,467.7,467.07,389.2,晴
2025-12-15 17:00:00,PV_STATION_P_01,275.0,265.75,221.5,晴
2025-12-15 18:00:00,PV_STATION_P_01,57.92,45.06,36.3,晴
2025-12-15 19:00:00,PV_STATION_P_01,0.0,0.0,0.0,晴
2025-12-15 20:00:00,PV_STATION_P_01,0.0,0.0,0.0,晴
2025-12-15 21:00:00,PV_STATION_P_01,0.0,0.0,0.0,晴
2025-12-15 22:00:00,PV_STATION_P_01,0.0,0.0,0.0,晴
2025-12-15 23:00:00,PV_STATION_P_01,0.0,0.0,0.0,晴
2025-12-16 00:00:00,PV_STATION_P_01,0.0,0.0,0.0,晴
2025-12-16 01:00:00,PV_STATION_P_01,0.0,0.0,0.0,晴
2025-12-16 02:00:00,PV_STATION_P_01,0.0,0.0,0.0,晴
2025-12-16 03:00:00,PV_STATION_P_01,0.0,0.0,0.0,晴
2025-12-16 04:00:00,PV_STATION_P_01,0.0,0.0,0.0,晴
2025-12-16 05:00:00,PV_STATION_P_01,0.0,0.0,0.0,晴
2025-12-16 06:00:00,PV_STATION_P_01,0.0,0.0,0.0,晴
2025-12-16 07:00:00,PV_STATION_P_01,78.44,89.96,72.9,晴
2025-12-16 08:00:00,PV_STATION_P_01,301.75,307.97,245.3,晴
2025-12-16 09:00:00,PV_STATION_P_01,489.78,503.52,388.8,晴
2025-12-16 10:00:00,PV_STATION_P_01,619.13,662.37,509.5,晴
2025-12-16 11:00:00,PV_STATION_P_01,760.94,772.93,644.1,晴
2025-12-16 12:00:00,PV_STATION_P_01,806.26,827.15,689.3,晴
2025-12-16 13:00:00,PV_STATION_P_01,785.07,821.07,664.2,晴
2025-12-16 14:00:00,PV_STATION_P_01,744.06,755.13,629.3,晴
2025-12-16 15:00:00,PV_STATION_P_01,633.86,634.14,528.4,晴
2025-12-16 16:00:00,PV_STATION_P_01,482.77,466.92,389.1,晴
2025-12-16 17:00:00,PV_STATION_P_01,269.23,265.67,221.4,晴
2025-12-16 18:00:00,PV_STATION_P_01,59.63,45.05,37.5,晴
2025-12-16 19:00:00,PV_STATION_P_01,0.0,0.0,0.0,晴
2025-12-16 20:00:00,PV_STATION_P_01,0.0,0.0,0.0,晴
2025-12-16 21:00:00,PV_STATION_P_01,0.0,0.0,0.0,晴
2025-12-16 22:00:00,PV_STATION_P_01,0.0,0.0,0.0,晴
2025-12-16 23:00:00,PV_STATION_P_01,0.0,0.0,0.0,晴
2025-12-17 00:00:00,PV_STATION_P_01,0.0,0.0,0.0,晴
2025-12-17 01:00:00,PV_STATION_P_01,0.0,0.0,0.0,晴
2025-12-17 02:00:00,PV_STATION_P_01,0.0,0.0,0.0,晴
2025-12-17 03:00:00,PV_STATION_P_01,0.0,0.0,0.0,晴
2025-12-17 04:00:00,PV_STATION_P_01,0.0,0.0,0.0,晴
2025-12-17 05:00:00,PV_STATION_P_01,0.0,0.0,0.0,晴
2025-12-17 06:00:00,PV_STATION_P_01,0.0,0.0,0.0,晴
2025-12-17 07:00:00,PV_STATION_P_01,99.53,89.93,74.9,晴
2025-12-17 08:00:00,PV_STATION_P_01,326.52,307.89,256.6,晴
2025-12-17 09:00:00,PV_STATION_P_01,516.25,503.39,408.6,晴
2025-12-17 10:00:00,PV_STATION_P_01,672.44,662.2,551.8,晴
2025-12-17 11:00:00,PV_STATION_P_01,755.68,772.73,643.9,晴
2025-12-17 12:00:00,PV_STATION_P_01,802.06,826.94,669.2,晴
2025-12-17 13:00:00,PV_STATION_P_01,803.42,820.85,684.0,晴
2025-12-17 14:00:00,PV_STATION_P_01,757.45,754.93,629.1,晴
2025-12-17 15:00:00,PV_STATION_P_01,582.67,633.97,495.5,晴
2025-12-17 16:00:00,PV_STATION_P_01,467.01,466.8,389.0,晴
2025-12-17 17:00:00,PV_STATION_P_01,254.77,265.6,208.2,晴
2025-12-17 18:00:00,PV_STATION_P_01,32.4,45.03,36.2,晴
2025-12-17 19:00:00,PV_STATION_P_01,0.0,0.0,0.0,晴
2025-12-17 20:00:00,PV_STATION_P_01,0.0,0.0,0.0,晴
2025-12-17 21:00:00,PV_STATION_P_01,0.0,0.0,0.0,晴
2025-12-17 22:00:00,PV_STATION_P_01,0.0,0.0,0.0,晴
2025-12-17 23:00:00,PV_STATION_P_01,0.0,0.0,0.0,晴
2025-12-18 00:00:00,PV_STATION_P_01,0.0,0.0,0.0,晴
2025-12-18 01:00:00,PV_STATION_P_01,0.0,0.0,0.0,晴
2025-12-18 02:00:00,PV_STATION_P_01,0.0,0.0,0.0,晴
2025-12-18 03:00:00,PV_STATION_P_01,0.0,0.0,0.0,晴
2025-12-18 04:00:00,PV_STATION_P_01,0.0,0.0,0.0,晴
2025-12-18 05:00:00,PV_STATION_P_01,0.0,0.0,0.0,晴
2025-12-18 06:00:00,PV_STATION_P_01,0.0,0.0,0.0,晴
2025-12-18 07:00:00,PV_STATION_P_01,101.2,89.92,70.7,晴
2025-12-18 08:00:00,PV_STATION_P_01,302.84,307.83,234.1,晴
2025-12-18 09:00:00,PV_STATION_P_01,503.71,503.29,419.4,晴
2025-12-18 10:00:00,PV_STATION_P_01,641.13,662.07,524.1,晴
2025-12-18 11:00:00,PV_STATION_P_01,717.59,772.58,601.7,晴
2025-12-18 12:00:00,PV_STATION_P_01,802.05,826.77,689.0,晴
2025-12-18 13:00:00,PV_STATION_P_01,806.57,820.69,683.9,晴
2025-12-18 14:00:00,PV_STATION_P_01,740.1,754.78,629.0,晴
2025-12-18 15:00:00,PV_STATION_P_01,621.35,633.85,528.2,晴
2025-12-18 16:00:00,PV_STATION_P_01,481.4,466.71,388.9,晴
2025-12-18 17:00:00,PV_STATION_P_01,276.55,265.55,221.3,晴
2025-12-18 18:00:00,PV_STATION_P_01,52.57,45.02,36.9,晴
2025-12-18 19:00:00,PV_STATION_P_01,0.0,0.0,0.0,晴
2025-12-18 20:00:00,PV_STATION_P_01,0.0,0.0,0.0,晴
2025-12-18 21:00:00,PV_STATION_P_01,0.0,0.0,0.0,晴
2025-12-18 22:00:00,PV_STATION_P_01,0.0,0.0,0.0,晴
2025-12-18 23:00:00,PV_STATION_P_01,0.0,0.0,0.0,晴
2025-12-19 00:00:00,PV_STATION_P_01,0.0,0.0,0.0,晴
2025-12-19 01:00:00,PV_STATION_P_01,0.0,0.0,0.0,晴
2025-12-19 02:00:00,PV_STATION_P_01,0.0,0.0,0.0,晴
2025-12-19 03:00:00,PV_STATION_P_01,0.0,0.0,0.0,晴
2025-12-19 04:00:00,PV_STATION_P_01,0.0,0.0,0.0,晴
2025-12-19 05:00:00,PV_STATION_P_01,0.0,0.0,0.0,晴
2025-12-19 06:00:00,PV_STATION_P_01,0.0,0.0,0.0,晴
2025-12-19 07:00:00,PV_STATION_P_01,98.15,89.91,71.7,晴
2025-12-19 08:00:00,PV_STATION_P_01,313.16,307.78,253.1,晴
2025-12-19 09:00:00,PV_STATION_P_01,513.87,503.23,419.4,晴
2025-12-19 10:00:00,PV_STATION_P_01,658.46,661.98,551.7,晴
2025-12-19 11:00:00,PV_STATION_P_01,746.03,772.48,626.1,晴
2025-12-19 12:00:00,PV_STATION_P_01,808.03,826.67,688.9,晴
2025-12-19 13:00:00,PV_STATION_P_01,796.19,820.59,668.6,晴
2025-12-19 14:00:00,PV_STATION_P_01,740.54,754.69,628.9,晴
2025-12-19 15:00:00,PV_STATION_P_01,626.63,633.77,523.1,晴
2025-12-19 16:00:00,PV_STATION_P_01,468.57,466.65,388.9,晴
2025-12-19 17:00:00,PV_STATION_P_01,267.32,265.51,221.3,晴
2025-12-19 18:00:00,PV_STATION_P_01,38.37,45.02,37.0,晴
2025-12-19 19:00:00,PV_STATION_P_01,0.0,0.0,0.0,晴
2025-12-19 20:00:00,PV_STATION_P_01,0.0,0.0,0.0,晴
2025-12-19 21:00:00,PV_STATION_P_01,0.0,0.0,0.0,晴
2025-12-19 22:00:00,PV_STATION_P_01,0.0,0.0,0.0,晴
2025-12-19 23:00:00,PV_STATION_P_01,0.0,0.0,0.0,晴
2025-12-20 00:00:00,PV_STATION_P_01,0.0,0.0,0.0,晴
2025-12-20 01:00:00,PV_STATION_P_01,0.0,0.0,0.0,晴
2025-12-20 02:00:00,PV_STATION_P_01,0.0,0.0,0.0,晴
2025-12-20 03:00:00,PV_STATION_P_01,0.0,0.0,0.0,晴
2025-12-20 04:00:00,PV_STATION_P_01,0.0,0.0,0.0,晴
2025-12-20 05:00:00,PV_STATION_P_01,0.0,0.0,0.0,晴
2025-12-20 06:00:00,PV_STATION_P_01,0.0,0.0,0.0,晴
2025-12-20 07:00:00,PV_STATION_P_01,93.16,89.9,70.2,晴
2025-12-20 08:00:00,PV_STATION_P_01,299.99,307.76,236.4,晴
2025-12-20 09:00:00,PV_STATION_P_01,506.76,503.19,419.3,晴
2025-12-20 10:00:00,PV_STATION_P_01,669.12,661.94,551.6,晴
2025-12-20 11:00:00,PV_STATION_P_01,760.03,772.43,643.7,晴
2025-12-20 12:00:00,PV_STATION_P_01,801.98,826.61,688.8,晴
2025-12-20 13:00:00,PV_STATION_P_01,798.72,820.53,683.8,晴
2025-12-20 14:00:00,PV_STATION_P_01,704.04,754.64,604.6,晴
2025-12-20 15:00:00,PV_STATION_P_01,624.74,633.73,528.1,晴
2025-12-20 16:00:00,PV_STATION_P_01,471.16,466.62,388.8,晴
2025-12-20 17:00:00,PV_STATION_P_01,269.92,265.49,210.3,晴
2025-12-20 18:00:00,PV_STATION_P_01,42.69,45.02,37.5,晴
2025-12-20 19:00:00,PV_STATION_P_01,0.0,0.0,0.0,晴
2025-12-20 20:00:00,PV_STATION_P_01,0.0,0.0,0.0,晴
2025-12-20 21:00:00,PV_STATION_P_01,0.0,0.0,0.0,晴
2025-12-20 22:00:00,PV_STATION_P_01,0.0,0.0,0.0,晴
2025-12-20 23:00:00,PV_STATION_P_01,0.0,0.0,0.0,晴
2025-12-21 00:00:00,PV_STATION_P_01,0.0,0.0,0.0,晴
2025-12-21 01:00:00,PV_STATION_P_01,0.0,0.0,0.0,晴
2025-12-21 02:00:00,PV_STATION_P_01,0.0,0.0,0.0,晴
2025-12-21 03:00:00,PV_STATION_P_01,0.0,0.0,0.0,晴
2025-12-21 04:00:00,PV_STATION_P_01,0.0,0.0,0.0,晴
2025-12-21 05:00:00,PV_STATION_P_01,0.0,0.0,0.0,晴
2025-12-21 06:00:00,PV_STATION_P_01,0.0,0.0,0.0,晴
2025-12-21 07:00:00,PV_STATION_P_01,97.24,89.9,73.9,晴
2025-12-21 08:00:00,PV_STATION_P_01,329.29,307.76,256.5,晴
2025-12-21 09:00:00,PV_STATION_P_01,511.76,503.19,410.3,晴
2025-12-21 10:00:00,PV_STATION_P_01,658.47,661.94,538.6,晴
2025-12-21 11:00:00,PV_STATION_P_01,703.31,772.43,583.3,晴
2025-12-21 12:00:00,PV_STATION_P_01,802.13,826.61,681.4,晴
2025-12-21 13:00:00,PV_STATION_P_01,776.66,820.53,651.7,晴
2025-12-21 14:00:00,PV_STATION_P_01,727.7,754.64,621.0,晴
2025-12-21 15:00:00,PV_STATION_P_01,636.65,633.73,528.1,晴
2025-12-21 16:00:00,PV_STATION_P_01,446.59,466.62,367.8,晴
2025-12-21 17:00:00,PV_STATION_P_01,271.4,265.49,212.1,晴
2025-12-21 18:00:00,PV_STATION_P_01,46.49,45.02,34.5,晴
2025-12-21 19:00:00,PV_STATION_P_01,0.0,0.0,0.0,晴
2025-12-21 20:00:00,PV_STATION_P_01,0.0,0.0,0.0,晴
2025-12-21 21:00:00,PV_STATION_P_01,0.0,0.0,0.0,晴
2025-12-21 22:00:00,PV_STATION_P_01,0.0,0.0,0.0,晴
2025-12-21 23:00:00,PV_STATION_P_01,0.0,0.0,0.0,晴
2025-12-22 00:00:00,PV_STATION_P_01,0.0,0.0,0.0,晴
2025-12-22 01:00:00,PV_STATION_P_01,0.0,0.0,0.0,晴
2025-12-22 02:00:00,PV_STATION_P_01,0.0,0.0,0.0,晴
2025-12-22 03:00:00,PV_STATION_P_01,0.0,0.0,0.0,晴
2025-12-22 04:00:00,PV_STATION_P_01,0.0,0.0,0.0,晴
2025-12-22 05:00:00,PV_STATION_P_01,0.0,0.0,0.0,晴
2025-12-22 06:00:00,PV_STATION_P_01,0.0,0.0,0.0,晴
2025-12-22 07:00:00,PV_STATION_P_01,88.68,89.91,69.4,晴
2025-12-22 08:00:00,PV_STATION_P_01,319.08,307.78,254.7,晴
2025-12-22 09:00:00,PV_STATION_P_01,511.41,503.23,415.7,晴
2025-12-22 10:00:00,PV_STATION_P_01,674.59,661.98,551.7,晴
2025-12-22 11:00:00,PV_STATION_P_01,775.22,772.48,643.7,晴
2025-12-22 12:00:00,PV_STATION_P_01,820.57,826.67,688.9,晴
2025-12-22 13:00:00,PV_STATION_P_01,800.34,820.59,676.2,晴
2025-12-22 14:00:00,PV_STATION_P_01,625.54,754.69,527.2,晴
2025-12-22 15:00:00,PV_STATION_P_01,637.23,633.77,528.1,晴
2025-12-22 16:00:00,PV_STATION_P_01,446.88,466.65,376.1,晴
2025-12-22 17:00:00,PV_STATION_P_01,281.45,265.51,221.3,晴
2025-12-22 18:00:00,PV_STATION_P_01,52.82,45.02,37.5,晴
2025-12-22 19:00:00,PV_STATION_P_01,0.0,0.0,0.0,晴
2025-12-22 20:00:00,PV_STATION_P_01,0.0,0.0,0.0,晴
2025-12-22 21:00:00,PV_STATION_P_01,0.0,0.0,0.0,晴
2025-12-22 22:00:00,PV_STATION_P_01,0.0,0.0,0.0,晴
2025-12-22 23:00:00,PV_STATION_P_01,0.0,0.0,0.0,晴
2025-12-23 00:00:00,PV_STATION_P_01,0.0,0.0,0.0,晴
2025-12-23 01:00:00,PV_STATION_P_01,0.0,0.0,0.0,晴
2025-12-23 02:00:00,PV_STATION_P_01,0.0,0.0,0.0,晴
2025-12-23 03:00:00,PV_STATION_P_01,0.0,0.0,0.0,晴
2025-12-23 04:00:00,PV_STATION_P_01,0.0,0.0,0.0,晴
2025-12-23 05:00:00,PV_STATION_P_01,0.0,0.0,0.0,晴
2025-12-23 06:00:00,PV_STATION_P_01,0.0,0.0,0.0,晴
2025-12-23 07:00:00,PV_STATION_P_01,79.49,89.92,73.8,晴
2025-12-23 08:00:00,PV_STATION_P_01,304.85,307.83,240.0,晴
2025-12-23 09:00:00,PV_STATION_P_01,516.76,503.29,410.2,晴
2025-12-23 10:00:00,PV_STATION_P_01,671.22,662.07,551.7,晴
2025-12-23 11:00:00,PV_STATION_P_01,759.02,772.58,643.8,晴
2025-12-23 12:00:00,PV_STATION_P_01,821.24,826.77,689.0,晴
2025-12-23 13:00:00,PV_STATION_P_01,748.54,820.69,629.2,晴
2025-12-23 14:00:00,PV_STATION_P_01,728.2,754.78,629.0,晴
2025-12-23 15:00:00,PV_STATION_P_01,616.34,633.85,526.6,晴
2025-12-23 16:00:00,PV_STATION_P_01,485.22,466.71,388.9,晴
2025-12-23 17:00:00,PV_STATION_P_01,266.23,265.55,221.3,晴
2025-12-23 18:00:00,PV_STATION_P_01,43.88,45.02,36.8,晴
2025-12-23 19:00:00,PV_STATION_P_01,0.0,0.0,0.0,晴
2025-12-23 20:00:00,PV_STATION_P_01,0.0,0.0,0.0,晴
2025-12-23 21:00:00,PV_STATION_P_01,0.0,0.0,0.0,晴
2025-12-23 22:00:00,PV_STATION_P_01,0.0,0.0,0.0,晴
2025-12-23 23:00:00,PV_STATION_P_01,0.0,0.0,0.0,晴
2025-12-24 00:00:00,PV_STATION_P_01,0.0,0.0,0.0,晴
2025-12-24 01:00:00,PV_STATION_P_01,0.0,0.0,0.0,晴
2025-12-24 02:00:00,PV_STATION_P_01,0.0,0.0,0.0,晴
2025-12-24 03:00:00,PV_STATION_P_01,0.0,0.0,0.0,晴
2025-12-24 04:00:00,PV_STATION_P_01,0.0,0.0,0.0,晴
2025-12-24 05:00:00,PV_STATION_P_01,0.0,0.0,0.0,晴
2025-12-24 06:00:00,PV_STATION_P_01,0.0,0.0,0.0,晴
2025-12-24 07:00:00,PV_STATION_P_01,92.54,89.93,74.9,晴
2025-12-24 08:00:00,PV_STATION_P_01,324.36,307.89,256.6,晴
2025-12-24 09:00:00,PV_STATION_P_01,504.59,503.39,418.9,晴
2025-12-24 10:00:00,PV_STATION_P_01,620.34,662.2,515.4,晴
2025-12-24 11:00:00,PV_STATION_P_01,747.16,772.73,624.8,晴
2025-12-24 12:00:00,PV_STATION_P_01,814.21,826.94,689.1,晴
2025-12-24 13:00:00,PV_STATION_P_01,739.95,820.85,627.2,晴
2025-12-24 14:00:00,PV_STATION_P_01,727.0,754.93,605.1,晴
2025-12-24 15:00:00,PV_STATION_P_01,627.81,633.97,519.6,晴
2025-12-24 16:00:00,PV_STATION_P_01,471.5,466.8,389.0,晴
2025-12-24 17:00:00,PV_STATION_P_01,275.75,265.6,221.3,晴
2025-12-24 18:00:00,PV_STATION_P_01,51.8,45.03,37.5,晴
2025-12-24 19:00:00,PV_STATION_P_01,0.0,0.0,0.0,晴
2025-12-24 20:00:00,PV_STATION_P_01,0.0,0.0,0.0,晴
2025-12-24 21:00:00,PV_STATION_P_01,0.0,0.0,0.0,晴
2025-12-24 22:00:00,PV_STATION_P_01,0.0,0.0,0.0,晴
2025-12-24 23:00:00,PV_STATION_P_01,0.0,0.0,0.0,晴
2025-12-25 00:00:00,PV_STATION_P_01,0.0,0.0,0.0,晴
2025-12-25 01:00:00,PV_STATION_P_01,0.0,0.0,0.0,晴
2025-12-25 02:00:00,PV_STATION_P_01,0.0,0.0,0.0,晴
2025-12-25 03:00:00,PV_STATION_P_01,0.0,0.0,0.0,晴
2025-12-25 04:00:00,PV_STATION_P_01,0.0,0.0,0.0,晴
2025-12-25 05:00:00,PV_STATION_P_01,0.0,0.0,0.0,晴
2025-12-25 06:00:00,PV_STATION_P_01,0.0,0.0,0.0,晴
2025-12-25 07:00:00,PV_STATION_P_01,86.17,89.96,75.0,晴
2025-12-25 08:00:00,PV_STATION_P_01,303.5,307.97,242.6,晴
2025-12-25 09:00:00,PV_STATION_P_01,487.4,503.52,401.9,晴
2025-12-25 10:00:00,PV_STATION_P_01,659.75,662.37,552.0,晴
2025-12-25 11:00:00,PV_STATION_P_01,762.3,772.93,637.4,晴
2025-12-25 12:00:00,PV_STATION_P_01,774.18,827.15,667.7,晴
2025-12-25 13:00:00,PV_STATION_P_01,790.28,821.07,680.3,晴
2025-12-25 14:00:00,PV_STATION_P_01,761.9,755.13,629.3,晴
2025-12-25 15:00:00,PV_STATION_P_01,634.64,634.14,528.4,晴
2025-12-25 16:00:00,PV_STATION_P_01,476.62,466.92,389.1,晴
2025-12-25 17:00:00,PV_STATION_P_01,269.81,265.67,217.5,晴
2025-12-25 18:00:00,PV_STATION_P_01,39.37,45.05,37.5,晴
2025-12-25 19:00:00,PV_STATION_P_01,0.0,0.0,0.0,晴
2025-12-25 20:00:00,PV_STATION_P_01,0.0,0.0,0.0,晴
2025-12-25 21:00:00,PV_STATION_P_01,0.0,0.0,0.0,晴
2025-12-25 22:00:00,PV_STATION_P_01,0.0,0.0,0.0,晴
2025-12-25 23:00:00,PV_STATION_P_01,0.0,0.0,0.0,晴
2025-12-26 00:00:00,PV_STATION_P_01,,0.0,0.0,晴
2025-12-26 01:00:00,PV_STATION_P_01,0.0,0.0,0.0,晴
2025-12-26 02:00:00,PV_STATION_P_01,0.0,0.0,0.0,晴
2025-12-26 03:00:00,PV_STATION_P_01,0.0,0.0,0.0,晴
2025-12-26 04:00:00,PV_STATION_P_01,0.0,0.0,0.0,晴
2025-12-26 05:00:00,PV_STATION_P_01,0.0,0.0,0.0,晴
2025-12-26 06:00:00,PV_STATION_P_01,0.0,0.0,0.0,晴
2025-12-26 07:00:00,PV_STATION_P_01,96.31,89.99,75.0,晴
2025-12-26 08:00:00,PV_STATION_P_01,314.57,308.07,250.1,晴
2025-12-26 09:00:00,PV_STATION_P_01,512.4,503.68,419.7,晴
2025-12-26 10:00:00,PV_STATION_P_01,682.37,662.59,550.7,晴
2025-12-26 11:00:00,PV_STATION_P_01,750.48,773.18,640.9,晴
2025-12-26 12:00:00,PV_STATION_P_01,806.41,827.42,689.5,晴
2025-12-26 13:00:00,PV_STATION_P_01,757.83,821.33,638.5,晴
2025-12-26 14:00:00,PV_STATION_P_01,736.12,755.37,629.3,晴
2025-12-26 15:00:00,PV_STATION_P_01,640.26,634.35,528.6,晴
2025-12-26 16:00:00,PV_STATION_P_01,475.89,467.07,389.2,晴
2025-12-26 17:00:00,PV_STATION_P_01,262.52,265.75,209.3,晴
2025-12-26 18:00:00,PV_STATION_P_01,48.8,45.06,37.0,晴
2025-12-26 19:00:00,PV_STATION_P_01,0.0,0.0,0.0,晴
2025-12-26 20:00:00,PV_STATION_P_01,0.0,0.0,0.0,晴
2025-12-26 21:00:00,PV_STATION_P_01,0.0,0.0,0.0,晴
2025-12-26 22:00:00,PV_STATION_P_01,0.0,0.0,0.0,晴
2025-12-26 23:00:00,PV_STATION_P_01,0.0,0.0,0.0,晴
2025-12-27 00:00:00,PV_STATION_P_01,0.0,0.0,0.0,晴
2025-12-27 01:00:00,PV_STATION_P_01,0.0,0.0,0.0,晴
2025-12-27 02:00:00,PV_STATION_P_01,0.0,0.0,0.0,晴
2025-12-27 03:00:00,PV_STATION_P_01,0.0,0.0,0.0,晴
2025-12-27 04:00:00,PV_STATION_P_01,0.0,0.0,0.0,晴
2025-12-27 05:00:00,PV_STATION_P_01,0.0,0.0,0.0,晴
2025-12-27 06:00:00,PV_STATION_P_01,0.0,0.0,0.0,晴
2025-12-27 07:00:00,PV_STATION_P_01,85.85,90.02,70.7,晴
2025-12-27 08:00:00,PV_STATION_P_01,331.87,308.18,256.8,晴
2025-12-27 09:00:00,PV_STATION_P_01,524.54,503.88,419.9,晴
2025-12-27 10:00:00,PV_STATION_P_01,672.19,662.84,552.4,晴
2025-12-27 11:00:00,PV_STATION_P_01,718.36,773.49,594.6,晴
2025-12-27 12:00:00,PV_STATION_P_01,803.34,827.74,679.6,晴
2025-12-27 13:00:00,PV_STATION_P_01,805.47,821.65,684.7,晴
2025-12-27 14:00:00,PV_STATION_P_01,763.34,755.67,629.7,晴
2025-12-27 15:00:00,PV_STATION_P_01,617.4,634.59,523.6,晴
2025-12-27 16:00:00,PV_STATION_P_01,481.55,467.26,389.4,晴
2025-12-27 17:00:00,PV_STATION_P_01,268.37,265.86,221.5,晴
2025-12-27 18:00:00,PV_STATION_P_01,54.09,45.08,36.9,晴
2025-12-27 19:00:00,PV_STATION_P_01,0.0,0.0,0.0,晴
2025-12-27 20:00:00,PV_STATION_P_01,0.0,0.0,0.0,晴
2025-12-27 21:00:00,PV_STATION_P_01,0.0,0.0,0.0,晴
2025-12-27 22:00:00,PV_STATION_P_01,0.0,0.0,0.0,晴
2025-12-27 23:00:00,PV_STATION_P_01,0.0,0.0,0.0,晴
2025-12-28 00:00:00,PV_STATION_P_01,0.0,0.0,0.0,晴
2025-12-28 01:00:00,PV_STATION_P_01,0.0,0.0,0.0,晴
2025-12-28 02:00:00,PV_STATION_P_01,0.0,0.0,0.0,晴
2025-12-28 03:00:00,PV_STATION_P_01,0.0,0.0,0.0,晴
2025-12-28 04:00:00,PV_STATION_P_01,0.0,0.0,0.0,晴
2025-12-28 05:00:00,PV_STATION_P_01,0.0,0.0,0.0,晴
2025-12-28 06:00:00,PV_STATION_P_01,0.0,0.0,0.0,晴
2025-12-28 07:00:00,PV_STATION_P_01,89.71,90.06,75.1,晴
2025-12-28 08:00:00,PV_STATION_P_01,322.2,308.32,243.3,晴
2025-12-28 09:00:00,PV_STATION_P_01,524.47,504.11,409.8,晴
2025-12-28 10:00:00,PV_STATION_P_01,675.29,663.14,541.1,晴
2025-12-28 11:00:00,PV_STATION_P_01,752.45,773.84,644.9,晴
2025-12-28 12:00:00,PV_STATION_P_01,804.67,828.12,690.1,晴
2025-12-28 13:00:00,PV_STATION_P_01,801.17,822.03,685.0,晴
2025-12-28 14:00:00,PV_STATION_P_01,740.78,756.01,612.7,晴
2025-12-28 15:00:00,PV_STATION_P_01,643.73,634.88,529.1,晴
2025-12-28 16:00:00,PV_STATION_P_01,472.05,467.47,381.0,晴
2025-12-28 17:00:00,PV_STATION_P_01,275.58,265.98,221.6,晴
2025-12-28 18:00:00,PV_STATION_P_01,41.05,45.1,37.5,晴
2025-12-28 19:00:00,PV_STATION_P_01,0.0,0.0,0.0,晴
2025-12-28 20:00:00,PV_STATION_P_01,0.0,0.0,0.0,晴
2025-12-28 21:00:00,PV_STATION_P_01,0.0,0.0,0.0,晴
2025-12-28 22:00:00,PV_STATION_P_01,0.0,0.0,0.0,晴
2025-12-28 23:00:00,PV_STATION_P_01,0.0,0.0,0.0,晴
2025-12-29 00:00:00,PV_STATION_P_01,0.0,0.0,0.0,晴
2025-12-29 01:00:00,PV_STATION_P_01,0.0,0.0,0.0,晴
2025-12-29 02:00:00,PV_STATION_P_01,0.0,0.0,0.0,晴
2025-12-29 03:00:00,PV_STATION_P_01,0.0,0.0,0.0,晴
2025-12-29 04:00:00,PV_STATION_P_01,0.0,0.0,0.0,晴
2025-12-29 05:00:00,PV_STATION_P_01,0.0,0.0,0.0,晴
2025-12-29 06:00:00,PV_STATION_P_01,0.0,0.0,0.0,晴
2025-12-29 07:00:00,PV_STATION_P_01,108.73,90.11,75.1,晴
2025-12-29 08:00:00,PV_STATION_P_01,324.67,308.48,257.1,晴
2025-12-29 09:00:00,PV_STATION_P_01,522.72,504.37,420.3,晴
2025-12-29 10:00:00,PV_STATION_P_01,668.21,663.49,542.9,晴
2025-12-29 11:00:00,PV_STATION_P_01,754.6,774.24,633.7,晴
2025-12-29 12:00:00,PV_STATION_P_01,824.3,828.54,690.5,晴
2025-12-29 13:00:00,PV_STATION_P_01,786.79,822.45,655.6,晴
2025-12-29 14:00:00,PV_STATION_P_01,733.47,756.4,612.2,晴
2025-12-29 15:00:00,PV_STATION_P_01,644.43,635.21,529.3,晴
2025-12-29 16:00:00,PV_STATION_P_01,484.5,467.71,389.8,晴
2025-12-29 17:00:00,PV_STATION_P_01,274.26,266.12,221.8,晴
2025-12-29 18:00:00,PV_STATION_P_01,55.09,45.12,37.6,晴
2025-12-29 19:00:00,PV_STATION_P_01,0.0,0.0,0.0,晴
2025-12-29 20:00:00,PV_STATION_P_01,0.0,0.0,0.0,晴
2025-12-29 21:00:00,PV_STATION_P_01,0.0,0.0,0.0,晴
2025-12-29 22:00:00,PV_STATION_P_01,0.0,0.0,0.0,晴
2025-12-29 23:00:00,PV_STATION_P_01,0.0,0.0,0.0,晴
2025-12-30 00:00:00,PV_STATION_P_01,0.0,0.0,0.0,晴
2025-12-30 01:00:00,PV_STATION_P_01,0.0,0.0,0.0,晴
2025-12-30 02:00:00,PV_STATION_P_01,0.0,0.0,0.0,晴
2025-12-30 03:00:00,PV_STATION_P_01,0.0,0.0,0.0,晴
2025-12-30 04:00:00,PV_STATION_P_01,0.0,0.0,0.0,晴
2025-12-30 05:00:00,PV_STATION_P_01,0.0,0.0,0.0,晴
2025-12-30 06:00:00,PV_STATION_P_01,0.0,0.0,0.0,晴
2025-12-30 07:00:00,PV_STATION_P_01,101.88,90.16,72.7,晴
2025-12-30 08:00:00,PV_STATION_P_01,317.86,308.66,257.2,晴
2025-12-30 09:00:00,PV_STATION_P_01,500.94,504.66,415.5,晴
2025-12-30 10:00:00,PV_STATION_P_01,665.98,663.87,553.2,晴
2025-12-30 11:00:00,PV_STATION_P_01,733.17,774.69,612.5,晴
2025-12-30 12:00:00,PV_STATION_P_01,822.5,829.03,690.6,晴
2025-12-30 13:00:00,PV_STATION_P_01,815.42,822.93,685.8,晴
2025-12-30 14:00:00,PV_STATION_P_01,737.14,756.84,630.7,晴
2025-12-30 15:00:00,PV_STATION_P_01,639.36,635.58,529.6,晴
2025-12-30 16:00:00,PV_STATION_P_01,467.17,467.98,390.0,晴
2025-12-30 17:00:00,PV_STATION_P_01,274.91,266.27,216.2,晴
2025-12-30 18:00:00,PV_STATION_P_01,40.89,45.15,37.6,晴
2025-12-30 19:00:00,PV_STATION_P_01,0.0,0.0,0.0,晴
2025-12-30 20:00:00,PV_STATION_P_01,0.0,0.0,0.0,晴
2025-12-30 21:00:00,PV_STATION_P_01,0.0,0.0,0.0,晴
2025-12-30 22:00:00,PV_STATION_P_01,0.0,0.0,0.0,晴
2025-12-30 23:00:00,PV_STATION_P_01,0.0,0.0,0.0,晴
2025-12-31 00:00:00,PV_STATION_P_01,0.0,0.0,0.0,多云
2025-12-31 01:00:00,PV_STATION_P_01,0.0,0.0,0.0,多云
2025-12-31 02:00:00,PV_STATION_P_01,0.0,0.0,0.0,多云
2025-12-31 03:00:00,PV_STATION_P_01,0.0,0.0,0.0,多云
2025-12-31 04:00:00,PV_STATION_P_01,0.0,0.0,0.0,多云
2025-12-31 05:00:00,PV_STATION_P_01,0.0,0.0,0.0,多云
2025-12-31 06:00:00,PV_STATION_P_01,0.0,0.0,0.0,多云
2025-12-31 07:00:00,PV_STATION_P_01,60.25,90.22,48.5,多云
2025-12-31 08:00:00,PV_STATION_P_01,200.18,308.86,165.8,多云
2025-12-31 09:00:00,PV_STATION_P_01,336.16,504.99,269.5,多云
2025-12-31 10:00:00,PV_STATION_P_01,489.4,664.3,396.1,多云
2025-12-31 11:00:00,PV_STATION_P_01,522.84,775.19,416.1,多云
2025-12-31 12:00:00,PV_STATION_P_01,567.05,829.56,482.3,多云
2025-12-31 13:00:00,PV_STATION_P_01,548.1,823.46,443.1,多云
2025-12-31 14:00:00,PV_STATION_P_01,497.05,757.33,405.2,多云
2025-12-31 15:00:00,PV_STATION_P_01,432.95,635.99,356.6,多云
2025-12-31 16:00:00,PV_STATION_P_01,290.74,468.28,240.8,多云
2025-12-31 17:00:00,PV_STATION_P_01,184.58,266.44,151.4,多云
2025-12-31 18:00:00,PV_STATION_P_01,35.46,45.18,24.7,多云
2025-12-31 19:00:00,PV_STATION_P_01,0.0,0.0,0.0,多云
2025-12-31 20:00:00,PV_STATION_P_01,0.0,0.0,0.0,多云
2025-12-31 21:00:00,PV_STATION_P_01,0.0,0.0,0.0,多云
2025-12-31 22:00:00,PV_STATION_P_01,0.0,0.0,0.0,多云
2025-12-31 23:00:00,PV_STATION_P_01,0.0,0.0,0.0,多云
2025-07-17 11:00:00,PV_STATION_P_01,323.31,1094.84,273.2,阴
2025-09-21 05:00:00,PV_STATION_P_01,0.0,0.0,0.0,雨
2025-12-13 23:00:00,PV_STATION_P_01,0.0,0.0,0.0,阴
